# comment: ОДМР Sic 4h, Тут ОДМР более узкая линия, но она не слишком контрастная
# name: ODMR Spectrum measurement
# metadata: {'created': '2026-04-08T17_47_07', 'description': 'ODMR Spectrum measurement'}
# parameters: {'start_nm': 1000.0, 'end_nm': 1600.0, 'step_nm': 5.0, 'accum_time_ms': 1000, 'number_repetitions': 999999, 'data_points': 121}
# units: {'start_nm': 'nanometers', 'end_nm': 'nanometers', 'step_nm': 'nanometers', 'accum_time_ms': 'milliseconds'}
X1	Y1	X2	Y2	X3	Y3	X4	Y4	X5	Y5	X6	Y6	X7	Y7	X8	Y8	X9	Y9	X10	Y10	X11	Y11	X12	Y12	X13	Y13	X14	Y14	X15	Y15	X16	Y16	X17	Y17	X18	Y18	X19	Y19	X20	Y20	X21	Y21	X22	Y22	X23	Y23	X24	Y24	X25	Y25	X26	Y26	X27	Y27	X28	Y28	X29	Y29	X30	Y30	X31	Y31	X32	Y32	X33	Y33	X34	Y34	X35	Y35	X36	Y36	X37	Y37	X38	Y38	X39	Y39	X40	Y40	X41	Y41	X42	Y42	X43	Y43	X44	Y44	X45	Y45	X46	Y46	X47	Y47	X48	Y48	X49	Y49	X50	Y50	X51	Y51	X52	Y52	X53	Y53	X54	Y54	X55	Y55	X56	Y56	X57	Y57	X58	Y58	X59	Y59	X60	Y60	X61	Y61	X62	Y62	X63	Y63	X64	Y64	X65	Y65	X66	Y66	X67	Y67	X68	Y68	X69	Y69	X70	Y70	X71	Y71	X72	Y72	X73	Y73	X74	Y74	X75	Y75	X76	Y76	X77	Y77	X78	Y78	X79	Y79	X80	Y80	X81	Y81	X82	Y82	X83	Y83	X84	Y84	X85	Y85	X86	Y86	X87	Y87	X88	Y88	X89	Y89	X90	Y90	X91	Y91	X92	Y92	X93	Y93	X94	Y94	X95	Y95	X96	Y96	X97	Y97	X98	Y98	X99	Y99	X100	Y100	X101	Y101	X102	Y102	X103	Y103	X104	Y104	X105	Y105	X106	Y106	X107	Y107	X108	Y108	X109	Y109	X110	Y110	X111	Y111	X112	Y112	X113	Y113	X114	Y114	X115	Y115	X116	Y116	X117	Y117	X118	Y118	X119	Y119	X120	Y120	X121	Y121	X122	Y122	X123	Y123	X124	Y124	X125	Y125	X126	Y126	X127	Y127	X128	Y128	X129	Y129	X130	Y130	X131	Y131	X132	Y132	X133	Y133	X134	Y134	X135	Y135	X136	Y136	X137	Y137	X138	Y138	X139	Y139	X140	Y140	X141	Y141	X142	Y142	X143	Y143	X144	Y144	X145	Y145	X146	Y146	X147	Y147	X148	Y148	X149	Y149	X150	Y150	X151	Y151	X152	Y152	X153	Y153	X154	Y154	X155	Y155	X156	Y156	X157	Y157	X158	Y158	X159	Y159	X160	Y160	X161	Y161	X162	Y162	X163	Y163	X164	Y164	X165	Y165	X166	Y166	X167	Y167	X168	Y168	X169	Y169	X170	Y170	X171	Y171	X172	Y172	X173	Y173	X174	Y174	X175	Y175	X176	Y176	X177	Y177	X178	Y178	X179	Y179	X180	Y180	X181	Y181	X182	Y182	X183	Y183	X184	Y184	X185	Y185	X186	Y186	X187	Y187	X188	Y188	X189	Y189	X190	Y190	X191	Y191	X192	Y192	X193	Y193	X194	Y194	X195	Y195	X196	Y196	X197	Y197	X198	Y198	X199	Y199	X200	Y200	X201	Y201	X202	Y202	X203	Y203	X204	Y204	X205	Y205	X206	Y206	X207	Y207	X208	Y208	X209	Y209	X210	Y210	X211	Y211	X212	Y212	X213	Y213	X214	Y214	X215	Y215	X216	Y216	X217	Y217	X218	Y218	X219	Y219	X220	Y220	X221	Y221	X222	Y222	X223	Y223	X224	Y224	X225	Y225	X226	Y226	X227	Y227	X228	Y228	X229	Y229	X230	Y230	X231	Y231	X232	Y232	X233	Y233	X234	Y234	X235	Y235	X236	Y236	X237	Y237	X238	Y238	X239	Y239	X240	Y240	X241	Y241	X242	Y242	X243	Y243	X244	Y244	X245	Y245	X246	Y246	X247	Y247	X248	Y248	X249	Y249	X250	Y250	X251	Y251	X252	Y252	X253	Y253	X254	Y254	X255	Y255	X256	Y256	X257	Y257	X258	Y258	X259	Y259	X260	Y260	X261	Y261	X262	Y262	X263	Y263	X264	Y264	X265	Y265	X266	Y266	X267	Y267	X268	Y268	X269	Y269	X270	Y270	X271	Y271	X272	Y272	X273	Y273	X274	Y274	X275	Y275	X276	Y276	X277	Y277	X278	Y278	X279	Y279	X280	Y280	X281	Y281	X282	Y282	X283	Y283	X284	Y284	X285	Y285	X286	Y286	X287	Y287	X288	Y288	X289	Y289	X290	Y290	X291	Y291	X292	Y292	X293	Y293	X294	Y294	X295	Y295	X296	Y296	X297	Y297	X298	Y298	X299	Y299	X300	Y300	X301	Y301	X302	Y302	X303	Y303	X304	Y304	X305	Y305	X306	Y306	X307	Y307	X308	Y308	X309	Y309	X310	Y310	X311	Y311	X312	Y312	X313	Y313	X314	Y314
1.000000e+03	3.125597e+06	1.000000e+03	3.104786e+06	1.000000e+03	3.077354e+06	1.000000e+03	3.075286e+06	1.000000e+03	3.065201e+06	1.000000e+03	3.077396e+06	1.000000e+03	3.041371e+06	1.000000e+03	3.047120e+06	1.000000e+03	3.030834e+06	1.000000e+03	3.036138e+06	1.000000e+03	3.029157e+06	1.000000e+03	3.020467e+06	1.000000e+03	3.022315e+06	1.000000e+03	3.039651e+06	1.000000e+03	3.022914e+06	1.000000e+03	3.046213e+06	1.000000e+03	3.029063e+06	1.000000e+03	3.037775e+06	1.000000e+03	3.032311e+06	1.000000e+03	3.012225e+06	1.000000e+03	3.020290e+06	1.000000e+03	2.997886e+06	1.000000e+03	3.011537e+06	1.000000e+03	3.030366e+06	1.000000e+03	3.022354e+06	1.000000e+03	3.009195e+06	1.000000e+03	3.020583e+06	1.000000e+03	3.015524e+06	1.000000e+03	3.015187e+06	1.000000e+03	3.018724e+06	1.000000e+03	3.039230e+06	1.000000e+03	3.027245e+06	1.000000e+03	3.007905e+06	1.000000e+03	3.008709e+06	1.000000e+03	3.012328e+06	1.000000e+03	3.026923e+06	1.000000e+03	3.004502e+06	1.000000e+03	3.021704e+06	1.000000e+03	3.043959e+06	1.000000e+03	3.029876e+06	1.000000e+03	3.048307e+06	1.000000e+03	3.047275e+06	1.000000e+03	3.048761e+06	1.000000e+03	3.033240e+06	1.000000e+03	3.038401e+06	1.000000e+03	3.041254e+06	1.000000e+03	3.052368e+06	1.000000e+03	3.071944e+06	1.000000e+03	3.067714e+06	1.000000e+03	3.105938e+06	1.000000e+03	3.068244e+06	1.000000e+03	3.074686e+06	1.000000e+03	3.063813e+06	1.000000e+03	3.072253e+06	1.000000e+03	3.083289e+06	1.000000e+03	3.077126e+06	1.000000e+03	3.077227e+06	1.000000e+03	3.082849e+06	1.000000e+03	3.091421e+06	1.000000e+03	3.101170e+06	1.000000e+03	3.100275e+06	1.000000e+03	3.083108e+06	1.000000e+03	3.096461e+06	1.000000e+03	3.089317e+06	1.000000e+03	3.060288e+06	1.000000e+03	3.075869e+06	1.000000e+03	3.086238e+06	1.000000e+03	3.085926e+06	1.000000e+03	3.099467e+06	1.000000e+03	3.100503e+06	1.000000e+03	3.105653e+06	1.000000e+03	3.078297e+06	1.000000e+03	3.108441e+06	1.000000e+03	3.112656e+06	1.000000e+03	3.102827e+06	1.000000e+03	3.106066e+06	1.000000e+03	3.119920e+06	1.000000e+03	3.103249e+06	1.000000e+03	3.102165e+06	1.000000e+03	3.090929e+06	1.000000e+03	3.105491e+06	1.000000e+03	3.094752e+06	1.000000e+03	3.103251e+06	1.000000e+03	3.108504e+06	1.000000e+03	3.115140e+06	1.000000e+03	3.112822e+06	1.000000e+03	3.100863e+06	1.000000e+03	3.115697e+06	1.000000e+03	3.125967e+06	1.000000e+03	3.121811e+06	1.000000e+03	3.109458e+06	1.000000e+03	3.120678e+06	1.000000e+03	3.128567e+06	1.000000e+03	3.119456e+06	1.000000e+03	3.141597e+06	1.000000e+03	3.114041e+06	1.000000e+03	3.121609e+06	1.000000e+03	3.101208e+06	1.000000e+03	3.114452e+06	1.000000e+03	3.139293e+06	1.000000e+03	3.121272e+06	1.000000e+03	3.154979e+06	1.000000e+03	3.132548e+06	1.000000e+03	3.116236e+06	1.000000e+03	3.133008e+06	1.000000e+03	3.123869e+06	1.000000e+03	3.123877e+06	1.000000e+03	3.103047e+06	1.000000e+03	3.119787e+06	1.000000e+03	3.132513e+06	1.000000e+03	3.133088e+06	1.000000e+03	3.140390e+06	1.000000e+03	3.127630e+06	1.000000e+03	3.115003e+06	1.000000e+03	3.128838e+06	1.000000e+03	3.165783e+06	1.000000e+03	3.141364e+06	1.000000e+03	3.123413e+06	1.000000e+03	3.099043e+06	1.000000e+03	3.103256e+06	1.000000e+03	3.123541e+06	1.000000e+03	3.113879e+06	1.000000e+03	3.134974e+06	1.000000e+03	3.125536e+06	1.000000e+03	3.120962e+06	1.000000e+03	3.133829e+06	1.000000e+03	3.120396e+06	1.000000e+03	3.125044e+06	1.000000e+03	3.135165e+06	1.000000e+03	3.147571e+06	1.000000e+03	3.114503e+06	1.000000e+03	3.105872e+06	1.000000e+03	3.121956e+06	1.000000e+03	3.117610e+06	1.000000e+03	3.121410e+06	1.000000e+03	3.124188e+06	1.000000e+03	3.106815e+06	1.000000e+03	3.135555e+06	1.000000e+03	3.120457e+06	1.000000e+03	3.115389e+06	1.000000e+03	3.096579e+06	1.000000e+03	3.124935e+06	1.000000e+03	3.140443e+06	1.000000e+03	3.136105e+06	1.000000e+03	3.146137e+06	1.000000e+03	3.145286e+06	1.000000e+03	3.141445e+06	1.000000e+03	3.125820e+06	1.000000e+03	3.148424e+06	1.000000e+03	3.130172e+06	1.000000e+03	3.136154e+06	1.000000e+03	3.127284e+06	1.000000e+03	3.150282e+06	1.000000e+03	3.129581e+06	1.000000e+03	3.130106e+06	1.000000e+03	3.147333e+06	1.000000e+03	3.146077e+06	1.000000e+03	3.140392e+06	1.000000e+03	3.142505e+06	1.000000e+03	3.142810e+06	1.000000e+03	3.159207e+06	1.000000e+03	3.164498e+06	1.000000e+03	3.144102e+06	1.000000e+03	3.132523e+06	1.000000e+03	3.155096e+06	1.000000e+03	3.147391e+06	1.000000e+03	3.157376e+06	1.000000e+03	3.129870e+06	1.000000e+03	3.172155e+06	1.000000e+03	3.156426e+06	1.000000e+03	3.154044e+06	1.000000e+03	3.153452e+06	1.000000e+03	3.157545e+06	1.000000e+03	3.150973e+06	1.000000e+03	3.153640e+06	1.000000e+03	3.138544e+06	1.000000e+03	3.150322e+06	1.000000e+03	3.144696e+06	1.000000e+03	3.145843e+06	1.000000e+03	3.155288e+06	1.000000e+03	3.153629e+06	1.000000e+03	3.159108e+06	1.000000e+03	3.148373e+06	1.000000e+03	3.151560e+06	1.000000e+03	3.186908e+06	1.000000e+03	3.165342e+06	1.000000e+03	3.151785e+06	1.000000e+03	3.162268e+06	1.000000e+03	3.158470e+06	1.000000e+03	3.157269e+06	1.000000e+03	3.159774e+06	1.000000e+03	3.154490e+06	1.000000e+03	3.177541e+06	1.000000e+03	3.149551e+06	1.000000e+03	3.159160e+06	1.000000e+03	3.159190e+06	1.000000e+03	3.156923e+06	1.000000e+03	3.169462e+06	1.000000e+03	3.164854e+06	1.000000e+03	3.151249e+06	1.000000e+03	3.168011e+06	1.000000e+03	3.158778e+06	1.000000e+03	3.181768e+06	1.000000e+03	3.160191e+06	1.000000e+03	3.175482e+06	1.000000e+03	3.142012e+06	1.000000e+03	3.179662e+06	1.000000e+03	3.128667e+06	1.000000e+03	3.160743e+06	1.000000e+03	3.166952e+06	1.000000e+03	3.169124e+06	1.000000e+03	3.147274e+06	1.000000e+03	3.166373e+06	1.000000e+03	3.141493e+06	1.000000e+03	3.135273e+06	1.000000e+03	3.157131e+06	1.000000e+03	3.158557e+06	1.000000e+03	3.179505e+06	1.000000e+03	3.162857e+06	1.000000e+03	3.155850e+06	1.000000e+03	3.164715e+06	1.000000e+03	3.151135e+06	1.000000e+03	3.169608e+06	1.000000e+03	3.158059e+06	1.000000e+03	3.156998e+06	1.000000e+03	3.145258e+06	1.000000e+03	3.158562e+06	1.000000e+03	3.151558e+06	1.000000e+03	3.142082e+06	1.000000e+03	3.146462e+06	1.000000e+03	3.168649e+06	1.000000e+03	3.147375e+06	1.000000e+03	3.146120e+06	1.000000e+03	3.162603e+06	1.000000e+03	3.147145e+06	1.000000e+03	3.154909e+06	1.000000e+03	3.173185e+06	1.000000e+03	3.171988e+06	1.000000e+03	3.165731e+06	1.000000e+03	3.141101e+06	1.000000e+03	3.171464e+06	1.000000e+03	3.176790e+06	1.000000e+03	3.159539e+06	1.000000e+03	3.161579e+06	1.000000e+03	3.156065e+06	1.000000e+03	3.167126e+06	1.000000e+03	3.156015e+06	1.000000e+03	3.159399e+06	1.000000e+03	3.151904e+06	1.000000e+03	3.130205e+06	1.000000e+03	3.166102e+06	1.000000e+03	3.151799e+06	1.000000e+03	3.165826e+06	1.000000e+03	3.177485e+06	1.000000e+03	3.176955e+06	1.000000e+03	3.167029e+06	1.000000e+03	3.177686e+06	1.000000e+03	3.167622e+06	1.000000e+03	3.183141e+06	1.000000e+03	3.144088e+06	1.000000e+03	3.158509e+06	1.000000e+03	3.162921e+06	1.000000e+03	3.171456e+06	1.000000e+03	3.169109e+06	1.000000e+03	3.182136e+06	1.000000e+03	3.176430e+06	1.000000e+03	3.184574e+06	1.000000e+03	3.186250e+06	1.000000e+03	3.179403e+06	1.000000e+03	3.182475e+06	1.000000e+03	3.181677e+06	1.000000e+03	3.180404e+06	1.000000e+03	3.164323e+06	1.000000e+03	3.169733e+06	1.000000e+03	3.195388e+06	1.000000e+03	3.185475e+06	1.000000e+03	3.188266e+06	1.000000e+03	3.189379e+06	1.000000e+03	3.179853e+06	1.000000e+03	3.172546e+06	1.000000e+03	3.187034e+06	1.000000e+03	3.195809e+06	1.000000e+03	3.184209e+06	1.000000e+03	3.178916e+06	1.000000e+03	3.196957e+06	1.000000e+03	3.170562e+06	1.000000e+03	3.186020e+06	1.000000e+03	3.193432e+06	1.000000e+03	3.204602e+06	1.000000e+03	3.200342e+06	1.000000e+03	3.175636e+06	1.000000e+03	3.208503e+06	1.000000e+03	3.191956e+06	1.000000e+03	3.188415e+06	1.000000e+03	3.203466e+06	1.000000e+03	3.191676e+06	1.000000e+03	3.191364e+06	1.000000e+03	3.205902e+06	1.000000e+03	3.197253e+06	1.000000e+03	3.187612e+06	1.000000e+03	3.192472e+06	1.000000e+03	3.191386e+06	1.000000e+03	3.205166e+06	1.000000e+03	3.207372e+06	1.000000e+03	3.201392e+06	1.000000e+03	3.167494e+06	1.000000e+03	3.188271e+06	1.000000e+03	3.194005e+06	1.000000e+03	3.165771e+06	1.000000e+03	3.203880e+06	1.000000e+03	3.170166e+06	1.000000e+03	3.188066e+06	1.000000e+03	3.215915e+06	1.000000e+03	3.190587e+06
1.005000e+03	3.126502e+06	1.005000e+03	3.100048e+06	1.005000e+03	3.075085e+06	1.005000e+03	3.077449e+06	1.005000e+03	3.061306e+06	1.005000e+03	3.078701e+06	1.005000e+03	3.033016e+06	1.005000e+03	3.037942e+06	1.005000e+03	3.031884e+06	1.005000e+03	3.030429e+06	1.005000e+03	3.033829e+06	1.005000e+03	3.020416e+06	1.005000e+03	3.023073e+06	1.005000e+03	3.032686e+06	1.005000e+03	3.018050e+06	1.005000e+03	3.051280e+06	1.005000e+03	3.010165e+06	1.005000e+03	3.066547e+06	1.005000e+03	3.028592e+06	1.005000e+03	3.017781e+06	1.005000e+03	3.024203e+06	1.005000e+03	3.000806e+06	1.005000e+03	3.023635e+06	1.005000e+03	3.012274e+06	1.005000e+03	3.022687e+06	1.005000e+03	3.008014e+06	1.005000e+03	3.018635e+06	1.005000e+03	3.019232e+06	1.005000e+03	3.013896e+06	1.005000e+03	3.014526e+06	1.005000e+03	3.035415e+06	1.005000e+03	3.027718e+06	1.005000e+03	3.008498e+06	1.005000e+03	3.010705e+06	1.005000e+03	3.021299e+06	1.005000e+03	3.031700e+06	1.005000e+03	3.006538e+06	1.005000e+03	3.023902e+06	1.005000e+03	3.046854e+06	1.005000e+03	3.020160e+06	1.005000e+03	3.049301e+06	1.005000e+03	3.055721e+06	1.005000e+03	3.046296e+06	1.005000e+03	3.031782e+06	1.005000e+03	3.040341e+06	1.005000e+03	3.038216e+06	1.005000e+03	3.040184e+06	1.005000e+03	3.064527e+06	1.005000e+03	3.059013e+06	1.005000e+03	3.104176e+06	1.005000e+03	3.071651e+06	1.005000e+03	3.073925e+06	1.005000e+03	3.065458e+06	1.005000e+03	3.066673e+06	1.005000e+03	3.085269e+06	1.005000e+03	3.070352e+06	1.005000e+03	3.084874e+06	1.005000e+03	3.082722e+06	1.005000e+03	3.086488e+06	1.005000e+03	3.100101e+06	1.005000e+03	3.103397e+06	1.005000e+03	3.077780e+06	1.005000e+03	3.098119e+06	1.005000e+03	3.085980e+06	1.005000e+03	3.090832e+06	1.005000e+03	3.071190e+06	1.005000e+03	3.082567e+06	1.005000e+03	3.083369e+06	1.005000e+03	3.099106e+06	1.005000e+03	3.095665e+06	1.005000e+03	3.112827e+06	1.005000e+03	3.071225e+06	1.005000e+03	3.109965e+06	1.005000e+03	3.112710e+06	1.005000e+03	3.099140e+06	1.005000e+03	3.107620e+06	1.005000e+03	3.114346e+06	1.005000e+03	3.109795e+06	1.005000e+03	3.111497e+06	1.005000e+03	3.099699e+06	1.005000e+03	3.105248e+06	1.005000e+03	3.095270e+06	1.005000e+03	3.106438e+06	1.005000e+03	3.105589e+06	1.005000e+03	3.113275e+06	1.005000e+03	3.117673e+06	1.005000e+03	3.097088e+06	1.005000e+03	3.122070e+06	1.005000e+03	3.124429e+06	1.005000e+03	3.105165e+06	1.005000e+03	3.108706e+06	1.005000e+03	3.120078e+06	1.005000e+03	3.129892e+06	1.005000e+03	3.114318e+06	1.005000e+03	3.125394e+06	1.005000e+03	3.125354e+06	1.005000e+03	3.121265e+06	1.005000e+03	3.099522e+06	1.005000e+03	3.116897e+06	1.005000e+03	3.135550e+06	1.005000e+03	3.123386e+06	1.005000e+03	3.147448e+06	1.005000e+03	3.145036e+06	1.005000e+03	3.107075e+06	1.005000e+03	3.118038e+06	1.005000e+03	3.126969e+06	1.005000e+03	3.130587e+06	1.005000e+03	3.094952e+06	1.005000e+03	3.115504e+06	1.005000e+03	3.143908e+06	1.005000e+03	3.140891e+06	1.005000e+03	3.136646e+06	1.005000e+03	3.122758e+06	1.005000e+03	3.113849e+06	1.005000e+03	3.127900e+06	1.005000e+03	3.142041e+06	1.005000e+03	3.139642e+06	1.005000e+03	3.128082e+06	1.005000e+03	3.102403e+06	1.005000e+03	3.105557e+06	1.005000e+03	3.122713e+06	1.005000e+03	3.110786e+06	1.005000e+03	3.136499e+06	1.005000e+03	3.121167e+06	1.005000e+03	3.130209e+06	1.005000e+03	3.132835e+06	1.005000e+03	3.115645e+06	1.005000e+03	3.127490e+06	1.005000e+03	3.142692e+06	1.005000e+03	3.143735e+06	1.005000e+03	3.114598e+06	1.005000e+03	3.100715e+06	1.005000e+03	3.121281e+06	1.005000e+03	3.119848e+06	1.005000e+03	3.122814e+06	1.005000e+03	3.122034e+06	1.005000e+03	3.110924e+06	1.005000e+03	3.135278e+06	1.005000e+03	3.117257e+06	1.005000e+03	3.110404e+06	1.005000e+03	3.096288e+06	1.005000e+03	3.128959e+06	1.005000e+03	3.142391e+06	1.005000e+03	3.139443e+06	1.005000e+03	3.136776e+06	1.005000e+03	3.145602e+06	1.005000e+03	3.129937e+06	1.005000e+03	3.115720e+06	1.005000e+03	3.146536e+06	1.005000e+03	3.121841e+06	1.005000e+03	3.130511e+06	1.005000e+03	3.121259e+06	1.005000e+03	3.147964e+06	1.005000e+03	3.130594e+06	1.005000e+03	3.132070e+06	1.005000e+03	3.146744e+06	1.005000e+03	3.149274e+06	1.005000e+03	3.138437e+06	1.005000e+03	3.143561e+06	1.005000e+03	3.147363e+06	1.005000e+03	3.157139e+06	1.005000e+03	3.156811e+06	1.005000e+03	3.130837e+06	1.005000e+03	3.126338e+06	1.005000e+03	3.153246e+06	1.005000e+03	3.147155e+06	1.005000e+03	3.159658e+06	1.005000e+03	3.128947e+06	1.005000e+03	3.163651e+06	1.005000e+03	3.165386e+06	1.005000e+03	3.164125e+06	1.005000e+03	3.156993e+06	1.005000e+03	3.152454e+06	1.005000e+03	3.149207e+06	1.005000e+03	3.142186e+06	1.005000e+03	3.131828e+06	1.005000e+03	3.150023e+06	1.005000e+03	3.149825e+06	1.005000e+03	3.140326e+06	1.005000e+03	3.153204e+06	1.005000e+03	3.156791e+06	1.005000e+03	3.157032e+06	1.005000e+03	3.145589e+06	1.005000e+03	3.157592e+06	1.005000e+03	3.172461e+06	1.005000e+03	3.175052e+06	1.005000e+03	3.146722e+06	1.005000e+03	3.167666e+06	1.005000e+03	3.157112e+06	1.005000e+03	3.151826e+06	1.005000e+03	3.162648e+06	1.005000e+03	3.152052e+06	1.005000e+03	3.180494e+06	1.005000e+03	3.152989e+06	1.005000e+03	3.160874e+06	1.005000e+03	3.157369e+06	1.005000e+03	3.158148e+06	1.005000e+03	3.168955e+06	1.005000e+03	3.164971e+06	1.005000e+03	3.152878e+06	1.005000e+03	3.168699e+06	1.005000e+03	3.153004e+06	1.005000e+03	3.179501e+06	1.005000e+03	3.158393e+06	1.005000e+03	3.184567e+06	1.005000e+03	3.142412e+06	1.005000e+03	3.167031e+06	1.005000e+03	3.139054e+06	1.005000e+03	3.158793e+06	1.005000e+03	3.168055e+06	1.005000e+03	3.167445e+06	1.005000e+03	3.150771e+06	1.005000e+03	3.165457e+06	1.005000e+03	3.144076e+06	1.005000e+03	3.140810e+06	1.005000e+03	3.151596e+06	1.005000e+03	3.169006e+06	1.005000e+03	3.172225e+06	1.005000e+03	3.166581e+06	1.005000e+03	3.158957e+06	1.005000e+03	3.184733e+06	1.005000e+03	3.153620e+06	1.005000e+03	3.156312e+06	1.005000e+03	3.163197e+06	1.005000e+03	3.158237e+06	1.005000e+03	3.144071e+06	1.005000e+03	3.158812e+06	1.005000e+03	3.158873e+06	1.005000e+03	3.150065e+06	1.005000e+03	3.147686e+06	1.005000e+03	3.164601e+06	1.005000e+03	3.148197e+06	1.005000e+03	3.152830e+06	1.005000e+03	3.162911e+06	1.005000e+03	3.149414e+06	1.005000e+03	3.157152e+06	1.005000e+03	3.174298e+06	1.005000e+03	3.167559e+06	1.005000e+03	3.168273e+06	1.005000e+03	3.140030e+06	1.005000e+03	3.184615e+06	1.005000e+03	3.179267e+06	1.005000e+03	3.161335e+06	1.005000e+03	3.161052e+06	1.005000e+03	3.153400e+06	1.005000e+03	3.170143e+06	1.005000e+03	3.153740e+06	1.005000e+03	3.155218e+06	1.005000e+03	3.156986e+06	1.005000e+03	3.125709e+06	1.005000e+03	3.166822e+06	1.005000e+03	3.152172e+06	1.005000e+03	3.167672e+06	1.005000e+03	3.176432e+06	1.005000e+03	3.172897e+06	1.005000e+03	3.163672e+06	1.005000e+03	3.180200e+06	1.005000e+03	3.166803e+06	1.005000e+03	3.179741e+06	1.005000e+03	3.144977e+06	1.005000e+03	3.160474e+06	1.005000e+03	3.168868e+06	1.005000e+03	3.171696e+06	1.005000e+03	3.170119e+06	1.005000e+03	3.180080e+06	1.005000e+03	3.177848e+06	1.005000e+03	3.185987e+06	1.005000e+03	3.188591e+06	1.005000e+03	3.168005e+06	1.005000e+03	3.176023e+06	1.005000e+03	3.179045e+06	1.005000e+03	3.180406e+06	1.005000e+03	3.167261e+06	1.005000e+03	3.161503e+06	1.005000e+03	3.201259e+06	1.005000e+03	3.186875e+06	1.005000e+03	3.182941e+06	1.005000e+03	3.186187e+06	1.005000e+03	3.173675e+06	1.005000e+03	3.173897e+06	1.005000e+03	3.189296e+06	1.005000e+03	3.202358e+06	1.005000e+03	3.186761e+06	1.005000e+03	3.183003e+06	1.005000e+03	3.204167e+06	1.005000e+03	3.167154e+06	1.005000e+03	3.197283e+06	1.005000e+03	3.195303e+06	1.005000e+03	3.202802e+06	1.005000e+03	3.205644e+06	1.005000e+03	3.174795e+06	1.005000e+03	3.205547e+06	1.005000e+03	3.186928e+06	1.005000e+03	3.189727e+06	1.005000e+03	3.205703e+06	1.005000e+03	3.187207e+06	1.005000e+03	3.193430e+06	1.005000e+03	3.206668e+06	1.005000e+03	3.201281e+06	1.005000e+03	3.190478e+06	1.005000e+03	3.193480e+06	1.005000e+03	3.186022e+06	1.005000e+03	3.205915e+06	1.005000e+03	3.199003e+06	1.005000e+03	3.204625e+06	1.005000e+03	3.174995e+06	1.005000e+03	3.182220e+06	1.005000e+03	3.193760e+06	1.005000e+03	3.166406e+06	1.005000e+03	3.198435e+06	1.005000e+03	3.174107e+06	1.005000e+03	3.184394e+06	1.005000e+03	3.214610e+06	1.005000e+03	3.189075e+06
1.010000e+03	3.129313e+06	1.010000e+03	3.098524e+06	1.010000e+03	3.072531e+06	1.010000e+03	3.075039e+06	1.010000e+03	3.062946e+06	1.010000e+03	3.067261e+06	1.010000e+03	3.043081e+06	1.010000e+03	3.036864e+06	1.010000e+03	3.035526e+06	1.010000e+03	3.032657e+06	1.010000e+03	3.035359e+06	1.010000e+03	3.012802e+06	1.010000e+03	3.023296e+06	1.010000e+03	3.025675e+06	1.010000e+03	3.018816e+06	1.010000e+03	3.040340e+06	1.010000e+03	3.014537e+06	1.010000e+03	3.034264e+06	1.010000e+03	3.027486e+06	1.010000e+03	3.020048e+06	1.010000e+03	3.022724e+06	1.010000e+03	3.009411e+06	1.010000e+03	3.010106e+06	1.010000e+03	3.029368e+06	1.010000e+03	3.017912e+06	1.010000e+03	3.007466e+06	1.010000e+03	3.012807e+06	1.010000e+03	3.020896e+06	1.010000e+03	3.007958e+06	1.010000e+03	3.010514e+06	1.010000e+03	3.021088e+06	1.010000e+03	3.023379e+06	1.010000e+03	3.007413e+06	1.010000e+03	3.018012e+06	1.010000e+03	3.020273e+06	1.010000e+03	3.033245e+06	1.010000e+03	3.007660e+06	1.010000e+03	3.025365e+06	1.010000e+03	3.057359e+06	1.010000e+03	3.019490e+06	1.010000e+03	3.058174e+06	1.010000e+03	3.051121e+06	1.010000e+03	3.033119e+06	1.010000e+03	3.029863e+06	1.010000e+03	3.045801e+06	1.010000e+03	3.042038e+06	1.010000e+03	3.036246e+06	1.010000e+03	3.038704e+06	1.010000e+03	3.054539e+06	1.010000e+03	3.100090e+06	1.010000e+03	3.068820e+06	1.010000e+03	3.075573e+06	1.010000e+03	3.064387e+06	1.010000e+03	3.063532e+06	1.010000e+03	3.086871e+06	1.010000e+03	3.065761e+06	1.010000e+03	3.083355e+06	1.010000e+03	3.076206e+06	1.010000e+03	3.083290e+06	1.010000e+03	3.101242e+06	1.010000e+03	3.103346e+06	1.010000e+03	3.078691e+06	1.010000e+03	3.098778e+06	1.010000e+03	3.082358e+06	1.010000e+03	3.098118e+06	1.010000e+03	3.079839e+06	1.010000e+03	3.079714e+06	1.010000e+03	3.081116e+06	1.010000e+03	3.089721e+06	1.010000e+03	3.088872e+06	1.010000e+03	3.127283e+06	1.010000e+03	3.076040e+06	1.010000e+03	3.105788e+06	1.010000e+03	3.116637e+06	1.010000e+03	3.097539e+06	1.010000e+03	3.110273e+06	1.010000e+03	3.112400e+06	1.010000e+03	3.104438e+06	1.010000e+03	3.106103e+06	1.010000e+03	3.100746e+06	1.010000e+03	3.103185e+06	1.010000e+03	3.091047e+06	1.010000e+03	3.113565e+06	1.010000e+03	3.106383e+06	1.010000e+03	3.114740e+06	1.010000e+03	3.117510e+06	1.010000e+03	3.098281e+06	1.010000e+03	3.126870e+06	1.010000e+03	3.122012e+06	1.010000e+03	3.101298e+06	1.010000e+03	3.108818e+06	1.010000e+03	3.113831e+06	1.010000e+03	3.128146e+06	1.010000e+03	3.116034e+06	1.010000e+03	3.130880e+06	1.010000e+03	3.125496e+06	1.010000e+03	3.112317e+06	1.010000e+03	3.110170e+06	1.010000e+03	3.118722e+06	1.010000e+03	3.139129e+06	1.010000e+03	3.118442e+06	1.010000e+03	3.134471e+06	1.010000e+03	3.138480e+06	1.010000e+03	3.109573e+06	1.010000e+03	3.107691e+06	1.010000e+03	3.125321e+06	1.010000e+03	3.119594e+06	1.010000e+03	3.098904e+06	1.010000e+03	3.121380e+06	1.010000e+03	3.137771e+06	1.010000e+03	3.135995e+06	1.010000e+03	3.140023e+06	1.010000e+03	3.127007e+06	1.010000e+03	3.118605e+06	1.010000e+03	3.131058e+06	1.010000e+03	3.138103e+06	1.010000e+03	3.144080e+06	1.010000e+03	3.121561e+06	1.010000e+03	3.101704e+06	1.010000e+03	3.102178e+06	1.010000e+03	3.121185e+06	1.010000e+03	3.119257e+06	1.010000e+03	3.140732e+06	1.010000e+03	3.131982e+06	1.010000e+03	3.131826e+06	1.010000e+03	3.129034e+06	1.010000e+03	3.103682e+06	1.010000e+03	3.126995e+06	1.010000e+03	3.149809e+06	1.010000e+03	3.147760e+06	1.010000e+03	3.112784e+06	1.010000e+03	3.110215e+06	1.010000e+03	3.124078e+06	1.010000e+03	3.127150e+06	1.010000e+03	3.125197e+06	1.010000e+03	3.120806e+06	1.010000e+03	3.116253e+06	1.010000e+03	3.133734e+06	1.010000e+03	3.120175e+06	1.010000e+03	3.113182e+06	1.010000e+03	3.097921e+06	1.010000e+03	3.130251e+06	1.010000e+03	3.140705e+06	1.010000e+03	3.134434e+06	1.010000e+03	3.132714e+06	1.010000e+03	3.142988e+06	1.010000e+03	3.133372e+06	1.010000e+03	3.118156e+06	1.010000e+03	3.136639e+06	1.010000e+03	3.119363e+06	1.010000e+03	3.126621e+06	1.010000e+03	3.123982e+06	1.010000e+03	3.152260e+06	1.010000e+03	3.131926e+06	1.010000e+03	3.135857e+06	1.010000e+03	3.149163e+06	1.010000e+03	3.150439e+06	1.010000e+03	3.140733e+06	1.010000e+03	3.144024e+06	1.010000e+03	3.152040e+06	1.010000e+03	3.160560e+06	1.010000e+03	3.159162e+06	1.010000e+03	3.140503e+06	1.010000e+03	3.130270e+06	1.010000e+03	3.162499e+06	1.010000e+03	3.137128e+06	1.010000e+03	3.154905e+06	1.010000e+03	3.127339e+06	1.010000e+03	3.148940e+06	1.010000e+03	3.165784e+06	1.010000e+03	3.166678e+06	1.010000e+03	3.155624e+06	1.010000e+03	3.155053e+06	1.010000e+03	3.148414e+06	1.010000e+03	3.142501e+06	1.010000e+03	3.140278e+06	1.010000e+03	3.155064e+06	1.010000e+03	3.144640e+06	1.010000e+03	3.155400e+06	1.010000e+03	3.153077e+06	1.010000e+03	3.158154e+06	1.010000e+03	3.160832e+06	1.010000e+03	3.144206e+06	1.010000e+03	3.163590e+06	1.010000e+03	3.179105e+06	1.010000e+03	3.176987e+06	1.010000e+03	3.158773e+06	1.010000e+03	3.157803e+06	1.010000e+03	3.153578e+06	1.010000e+03	3.165762e+06	1.010000e+03	3.154003e+06	1.010000e+03	3.154200e+06	1.010000e+03	3.183723e+06	1.010000e+03	3.156251e+06	1.010000e+03	3.159586e+06	1.010000e+03	3.159076e+06	1.010000e+03	3.159019e+06	1.010000e+03	3.155932e+06	1.010000e+03	3.166784e+06	1.010000e+03	3.153492e+06	1.010000e+03	3.172257e+06	1.010000e+03	3.147772e+06	1.010000e+03	3.181395e+06	1.010000e+03	3.156056e+06	1.010000e+03	3.187623e+06	1.010000e+03	3.145216e+06	1.010000e+03	3.154045e+06	1.010000e+03	3.132405e+06	1.010000e+03	3.159925e+06	1.010000e+03	3.169853e+06	1.010000e+03	3.165633e+06	1.010000e+03	3.155270e+06	1.010000e+03	3.162265e+06	1.010000e+03	3.132920e+06	1.010000e+03	3.137368e+06	1.010000e+03	3.152813e+06	1.010000e+03	3.181392e+06	1.010000e+03	3.178083e+06	1.010000e+03	3.162274e+06	1.010000e+03	3.156741e+06	1.010000e+03	3.164642e+06	1.010000e+03	3.151224e+06	1.010000e+03	3.151222e+06	1.010000e+03	3.155615e+06	1.010000e+03	3.157462e+06	1.010000e+03	3.144020e+06	1.010000e+03	3.157209e+06	1.010000e+03	3.160176e+06	1.010000e+03	3.156061e+06	1.010000e+03	3.148839e+06	1.010000e+03	3.161369e+06	1.010000e+03	3.150860e+06	1.010000e+03	3.145834e+06	1.010000e+03	3.159172e+06	1.010000e+03	3.160919e+06	1.010000e+03	3.155442e+06	1.010000e+03	3.162361e+06	1.010000e+03	3.166204e+06	1.010000e+03	3.165475e+06	1.010000e+03	3.135871e+06	1.010000e+03	3.180856e+06	1.010000e+03	3.178413e+06	1.010000e+03	3.164426e+06	1.010000e+03	3.162782e+06	1.010000e+03	3.160870e+06	1.010000e+03	3.168874e+06	1.010000e+03	3.156117e+06	1.010000e+03	3.156584e+06	1.010000e+03	3.151951e+06	1.010000e+03	3.134351e+06	1.010000e+03	3.167750e+06	1.010000e+03	3.151886e+06	1.010000e+03	3.164698e+06	1.010000e+03	3.178193e+06	1.010000e+03	3.174320e+06	1.010000e+03	3.162598e+06	1.010000e+03	3.172719e+06	1.010000e+03	3.162989e+06	1.010000e+03	3.183054e+06	1.010000e+03	3.145042e+06	1.010000e+03	3.157524e+06	1.010000e+03	3.171010e+06	1.010000e+03	3.173381e+06	1.010000e+03	3.174234e+06	1.010000e+03	3.169934e+06	1.010000e+03	3.178305e+06	1.010000e+03	3.184624e+06	1.010000e+03	3.187874e+06	1.010000e+03	3.169941e+06	1.010000e+03	3.181972e+06	1.010000e+03	3.176302e+06	1.010000e+03	3.174368e+06	1.010000e+03	3.167486e+06	1.010000e+03	3.166865e+06	1.010000e+03	3.194439e+06	1.010000e+03	3.189972e+06	1.010000e+03	3.185015e+06	1.010000e+03	3.190134e+06	1.010000e+03	3.182531e+06	1.010000e+03	3.177489e+06	1.010000e+03	3.192609e+06	1.010000e+03	3.202331e+06	1.010000e+03	3.184450e+06	1.010000e+03	3.184512e+06	1.010000e+03	3.196242e+06	1.010000e+03	3.166296e+06	1.010000e+03	3.206607e+06	1.010000e+03	3.197125e+06	1.010000e+03	3.202728e+06	1.010000e+03	3.208651e+06	1.010000e+03	3.179828e+06	1.010000e+03	3.204311e+06	1.010000e+03	3.195130e+06	1.010000e+03	3.190979e+06	1.010000e+03	3.199850e+06	1.010000e+03	3.187955e+06	1.010000e+03	3.194142e+06	1.010000e+03	3.210518e+06	1.010000e+03	3.210956e+06	1.010000e+03	3.193182e+06	1.010000e+03	3.192520e+06	1.010000e+03	3.185641e+06	1.010000e+03	3.207421e+06	1.010000e+03	3.197138e+06	1.010000e+03	3.211463e+06	1.010000e+03	3.177498e+06	1.010000e+03	3.185937e+06	1.010000e+03	3.195968e+06	1.010000e+03	3.166265e+06	1.010000e+03	3.194916e+06	1.010000e+03	3.172104e+06	1.010000e+03	3.189797e+06	1.010000e+03	3.198382e+06	1.010000e+03	3.191049e+06
1.015000e+03	3.123671e+06	1.015000e+03	3.099076e+06	1.015000e+03	3.076076e+06	1.015000e+03	3.075446e+06	1.015000e+03	3.063034e+06	1.015000e+03	3.062682e+06	1.015000e+03	3.041951e+06	1.015000e+03	3.040220e+06	1.015000e+03	3.040056e+06	1.015000e+03	3.029692e+06	1.015000e+03	3.038918e+06	1.015000e+03	3.018315e+06	1.015000e+03	3.021590e+06	1.015000e+03	3.023373e+06	1.015000e+03	3.022307e+06	1.015000e+03	3.047824e+06	1.015000e+03	3.011131e+06	1.015000e+03	3.039836e+06	1.015000e+03	3.030429e+06	1.015000e+03	3.020625e+06	1.015000e+03	3.033210e+06	1.015000e+03	3.013222e+06	1.015000e+03	3.011989e+06	1.015000e+03	3.030209e+06	1.015000e+03	3.015255e+06	1.015000e+03	3.001429e+06	1.015000e+03	3.015686e+06	1.015000e+03	3.021248e+06	1.015000e+03	3.010554e+06	1.015000e+03	3.015996e+06	1.015000e+03	3.019855e+06	1.015000e+03	3.024050e+06	1.015000e+03	3.002665e+06	1.015000e+03	3.025701e+06	1.015000e+03	3.021058e+06	1.015000e+03	3.037416e+06	1.015000e+03	3.009881e+06	1.015000e+03	3.028440e+06	1.015000e+03	3.039851e+06	1.015000e+03	3.019767e+06	1.015000e+03	3.050917e+06	1.015000e+03	3.056961e+06	1.015000e+03	3.037086e+06	1.015000e+03	3.032276e+06	1.015000e+03	3.041881e+06	1.015000e+03	3.046292e+06	1.015000e+03	3.032257e+06	1.015000e+03	3.042751e+06	1.015000e+03	3.058973e+06	1.015000e+03	3.097844e+06	1.015000e+03	3.066958e+06	1.015000e+03	3.073975e+06	1.015000e+03	3.065892e+06	1.015000e+03	3.081991e+06	1.015000e+03	3.086414e+06	1.015000e+03	3.069462e+06	1.015000e+03	3.081767e+06	1.015000e+03	3.071584e+06	1.015000e+03	3.078456e+06	1.015000e+03	3.110303e+06	1.015000e+03	3.099710e+06	1.015000e+03	3.075695e+06	1.015000e+03	3.097405e+06	1.015000e+03	3.084167e+06	1.015000e+03	3.097828e+06	1.015000e+03	3.076669e+06	1.015000e+03	3.075930e+06	1.015000e+03	3.071565e+06	1.015000e+03	3.084963e+06	1.015000e+03	3.096636e+06	1.015000e+03	3.113920e+06	1.015000e+03	3.073504e+06	1.015000e+03	3.100430e+06	1.015000e+03	3.123695e+06	1.015000e+03	3.099249e+06	1.015000e+03	3.112335e+06	1.015000e+03	3.115226e+06	1.015000e+03	3.103424e+06	1.015000e+03	3.106913e+06	1.015000e+03	3.095778e+06	1.015000e+03	3.096679e+06	1.015000e+03	3.093185e+06	1.015000e+03	3.102774e+06	1.015000e+03	3.105897e+06	1.015000e+03	3.123144e+06	1.015000e+03	3.115640e+06	1.015000e+03	3.094293e+06	1.015000e+03	3.124182e+06	1.015000e+03	3.123098e+06	1.015000e+03	3.100603e+06	1.015000e+03	3.110422e+06	1.015000e+03	3.109511e+06	1.015000e+03	3.125460e+06	1.015000e+03	3.115210e+06	1.015000e+03	3.141059e+06	1.015000e+03	3.120755e+06	1.015000e+03	3.117270e+06	1.015000e+03	3.119884e+06	1.015000e+03	3.135402e+06	1.015000e+03	3.130113e+06	1.015000e+03	3.116655e+06	1.015000e+03	3.146083e+06	1.015000e+03	3.131912e+06	1.015000e+03	3.121744e+06	1.015000e+03	3.110080e+06	1.015000e+03	3.125202e+06	1.015000e+03	3.118499e+06	1.015000e+03	3.096256e+06	1.015000e+03	3.120321e+06	1.015000e+03	3.134663e+06	1.015000e+03	3.138555e+06	1.015000e+03	3.151104e+06	1.015000e+03	3.134179e+06	1.015000e+03	3.117123e+06	1.015000e+03	3.140283e+06	1.015000e+03	3.141141e+06	1.015000e+03	3.135614e+06	1.015000e+03	3.121512e+06	1.015000e+03	3.099832e+06	1.015000e+03	3.102177e+06	1.015000e+03	3.115103e+06	1.015000e+03	3.121400e+06	1.015000e+03	3.132865e+06	1.015000e+03	3.123384e+06	1.015000e+03	3.130839e+06	1.015000e+03	3.126245e+06	1.015000e+03	3.112036e+06	1.015000e+03	3.125536e+06	1.015000e+03	3.143214e+06	1.015000e+03	3.143552e+06	1.015000e+03	3.106973e+06	1.015000e+03	3.101295e+06	1.015000e+03	3.128102e+06	1.015000e+03	3.124533e+06	1.015000e+03	3.123922e+06	1.015000e+03	3.108568e+06	1.015000e+03	3.126058e+06	1.015000e+03	3.127029e+06	1.015000e+03	3.119156e+06	1.015000e+03	3.108989e+06	1.015000e+03	3.089592e+06	1.015000e+03	3.132762e+06	1.015000e+03	3.147667e+06	1.015000e+03	3.135723e+06	1.015000e+03	3.126505e+06	1.015000e+03	3.131919e+06	1.015000e+03	3.125171e+06	1.015000e+03	3.148308e+06	1.015000e+03	3.133696e+06	1.015000e+03	3.125790e+06	1.015000e+03	3.130803e+06	1.015000e+03	3.122180e+06	1.015000e+03	3.152394e+06	1.015000e+03	3.125071e+06	1.015000e+03	3.133728e+06	1.015000e+03	3.142440e+06	1.015000e+03	3.148374e+06	1.015000e+03	3.142284e+06	1.015000e+03	3.142122e+06	1.015000e+03	3.150131e+06	1.015000e+03	3.155596e+06	1.015000e+03	3.173399e+06	1.015000e+03	3.153508e+06	1.015000e+03	3.132529e+06	1.015000e+03	3.160876e+06	1.015000e+03	3.144037e+06	1.015000e+03	3.156001e+06	1.015000e+03	3.133379e+06	1.015000e+03	3.143278e+06	1.015000e+03	3.158201e+06	1.015000e+03	3.164180e+06	1.015000e+03	3.154352e+06	1.015000e+03	3.148052e+06	1.015000e+03	3.146228e+06	1.015000e+03	3.146076e+06	1.015000e+03	3.142691e+06	1.015000e+03	3.145526e+06	1.015000e+03	3.136887e+06	1.015000e+03	3.151924e+06	1.015000e+03	3.155085e+06	1.015000e+03	3.160115e+06	1.015000e+03	3.169476e+06	1.015000e+03	3.148813e+06	1.015000e+03	3.160155e+06	1.015000e+03	3.174247e+06	1.015000e+03	3.178814e+06	1.015000e+03	3.175484e+06	1.015000e+03	3.160690e+06	1.015000e+03	3.155975e+06	1.015000e+03	3.167751e+06	1.015000e+03	3.153629e+06	1.015000e+03	3.153346e+06	1.015000e+03	3.178028e+06	1.015000e+03	3.158759e+06	1.015000e+03	3.162331e+06	1.015000e+03	3.162379e+06	1.015000e+03	3.155982e+06	1.015000e+03	3.153302e+06	1.015000e+03	3.171111e+06	1.015000e+03	3.151861e+06	1.015000e+03	3.165213e+06	1.015000e+03	3.148619e+06	1.015000e+03	3.177127e+06	1.015000e+03	3.154512e+06	1.015000e+03	3.184949e+06	1.015000e+03	3.148722e+06	1.015000e+03	3.147565e+06	1.015000e+03	3.126521e+06	1.015000e+03	3.155256e+06	1.015000e+03	3.176839e+06	1.015000e+03	3.157007e+06	1.015000e+03	3.150338e+06	1.015000e+03	3.166499e+06	1.015000e+03	3.139158e+06	1.015000e+03	3.133599e+06	1.015000e+03	3.151554e+06	1.015000e+03	3.189498e+06	1.015000e+03	3.177727e+06	1.015000e+03	3.162558e+06	1.015000e+03	3.164377e+06	1.015000e+03	3.177803e+06	1.015000e+03	3.152201e+06	1.015000e+03	3.158105e+06	1.015000e+03	3.162610e+06	1.015000e+03	3.161737e+06	1.015000e+03	3.141971e+06	1.015000e+03	3.155030e+06	1.015000e+03	3.164102e+06	1.015000e+03	3.155261e+06	1.015000e+03	3.141070e+06	1.015000e+03	3.162327e+06	1.015000e+03	3.147437e+06	1.015000e+03	3.146239e+06	1.015000e+03	3.165842e+06	1.015000e+03	3.162365e+06	1.015000e+03	3.150794e+06	1.015000e+03	3.156055e+06	1.015000e+03	3.166644e+06	1.015000e+03	3.159877e+06	1.015000e+03	3.133769e+06	1.015000e+03	3.174931e+06	1.015000e+03	3.183588e+06	1.015000e+03	3.164730e+06	1.015000e+03	3.154986e+06	1.015000e+03	3.162661e+06	1.015000e+03	3.162342e+06	1.015000e+03	3.153999e+06	1.015000e+03	3.155391e+06	1.015000e+03	3.148421e+06	1.015000e+03	3.125656e+06	1.015000e+03	3.162339e+06	1.015000e+03	3.142875e+06	1.015000e+03	3.162848e+06	1.015000e+03	3.175760e+06	1.015000e+03	3.180529e+06	1.015000e+03	3.158817e+06	1.015000e+03	3.166983e+06	1.015000e+03	3.162367e+06	1.015000e+03	3.180111e+06	1.015000e+03	3.139299e+06	1.015000e+03	3.157319e+06	1.015000e+03	3.166981e+06	1.015000e+03	3.175809e+06	1.015000e+03	3.170670e+06	1.015000e+03	3.173130e+06	1.015000e+03	3.187610e+06	1.015000e+03	3.186503e+06	1.015000e+03	3.187717e+06	1.015000e+03	3.172048e+06	1.015000e+03	3.184266e+06	1.015000e+03	3.175743e+06	1.015000e+03	3.167983e+06	1.015000e+03	3.170534e+06	1.015000e+03	3.165085e+06	1.015000e+03	3.192858e+06	1.015000e+03	3.183448e+06	1.015000e+03	3.188175e+06	1.015000e+03	3.179603e+06	1.015000e+03	3.178207e+06	1.015000e+03	3.180674e+06	1.015000e+03	3.190640e+06	1.015000e+03	3.201252e+06	1.015000e+03	3.184851e+06	1.015000e+03	3.187115e+06	1.015000e+03	3.188371e+06	1.015000e+03	3.170505e+06	1.015000e+03	3.194741e+06	1.015000e+03	3.192916e+06	1.015000e+03	3.199240e+06	1.015000e+03	3.203651e+06	1.015000e+03	3.180441e+06	1.015000e+03	3.205245e+06	1.015000e+03	3.192941e+06	1.015000e+03	3.191267e+06	1.015000e+03	3.200459e+06	1.015000e+03	3.191640e+06	1.015000e+03	3.194773e+06	1.015000e+03	3.209429e+06	1.015000e+03	3.214464e+06	1.015000e+03	3.194447e+06	1.015000e+03	3.190356e+06	1.015000e+03	3.180252e+06	1.015000e+03	3.201074e+06	1.015000e+03	3.195877e+06	1.015000e+03	3.206981e+06	1.015000e+03	3.166467e+06	1.015000e+03	3.186108e+06	1.015000e+03	3.200453e+06	1.015000e+03	3.169594e+06	1.015000e+03	3.195690e+06	1.015000e+03	3.167364e+06	1.015000e+03	3.190630e+06	1.015000e+03	3.199792e+06	1.015000e+03	3.189322e+06
1.020000e+03	3.117512e+06	1.020000e+03	3.097382e+06	1.020000e+03	3.081761e+06	1.020000e+03	3.079444e+06	1.020000e+03	3.065179e+06	1.020000e+03	3.066787e+06	1.020000e+03	3.040636e+06	1.020000e+03	3.037855e+06	1.020000e+03	3.042965e+06	1.020000e+03	3.035513e+06	1.020000e+03	3.027718e+06	1.020000e+03	3.022866e+06	1.020000e+03	3.022900e+06	1.020000e+03	3.018877e+06	1.020000e+03	3.025882e+06	1.020000e+03	3.040045e+06	1.020000e+03	3.016399e+06	1.020000e+03	3.042473e+06	1.020000e+03	3.048507e+06	1.020000e+03	3.015527e+06	1.020000e+03	3.026555e+06	1.020000e+03	3.021664e+06	1.020000e+03	3.007545e+06	1.020000e+03	3.026702e+06	1.020000e+03	3.013556e+06	1.020000e+03	3.005400e+06	1.020000e+03	3.015057e+06	1.020000e+03	3.023747e+06	1.020000e+03	3.006306e+06	1.020000e+03	3.013520e+06	1.020000e+03	3.021000e+06	1.020000e+03	3.029523e+06	1.020000e+03	3.010527e+06	1.020000e+03	3.020274e+06	1.020000e+03	3.010923e+06	1.020000e+03	3.030121e+06	1.020000e+03	3.010479e+06	1.020000e+03	3.031006e+06	1.020000e+03	3.041268e+06	1.020000e+03	3.023457e+06	1.020000e+03	3.068856e+06	1.020000e+03	3.058934e+06	1.020000e+03	3.053353e+06	1.020000e+03	3.033401e+06	1.020000e+03	3.045759e+06	1.020000e+03	3.045393e+06	1.020000e+03	3.041845e+06	1.020000e+03	3.044327e+06	1.020000e+03	3.056501e+06	1.020000e+03	3.080518e+06	1.020000e+03	3.079369e+06	1.020000e+03	3.068326e+06	1.020000e+03	3.079118e+06	1.020000e+03	3.082609e+06	1.020000e+03	3.081508e+06	1.020000e+03	3.071751e+06	1.020000e+03	3.078865e+06	1.020000e+03	3.078295e+06	1.020000e+03	3.086580e+06	1.020000e+03	3.106005e+06	1.020000e+03	3.099952e+06	1.020000e+03	3.078732e+06	1.020000e+03	3.098199e+06	1.020000e+03	3.078324e+06	1.020000e+03	3.097721e+06	1.020000e+03	3.081842e+06	1.020000e+03	3.074014e+06	1.020000e+03	3.071448e+06	1.020000e+03	3.086757e+06	1.020000e+03	3.105062e+06	1.020000e+03	3.117867e+06	1.020000e+03	3.077079e+06	1.020000e+03	3.105094e+06	1.020000e+03	3.118189e+06	1.020000e+03	3.103920e+06	1.020000e+03	3.110257e+06	1.020000e+03	3.112994e+06	1.020000e+03	3.105569e+06	1.020000e+03	3.106552e+06	1.020000e+03	3.092356e+06	1.020000e+03	3.107016e+06	1.020000e+03	3.093776e+06	1.020000e+03	3.102431e+06	1.020000e+03	3.111365e+06	1.020000e+03	3.122036e+06	1.020000e+03	3.114309e+06	1.020000e+03	3.104973e+06	1.020000e+03	3.135562e+06	1.020000e+03	3.122556e+06	1.020000e+03	3.097492e+06	1.020000e+03	3.107576e+06	1.020000e+03	3.116224e+06	1.020000e+03	3.133239e+06	1.020000e+03	3.116140e+06	1.020000e+03	3.142324e+06	1.020000e+03	3.127309e+06	1.020000e+03	3.120785e+06	1.020000e+03	3.118670e+06	1.020000e+03	3.131014e+06	1.020000e+03	3.128767e+06	1.020000e+03	3.118208e+06	1.020000e+03	3.130851e+06	1.020000e+03	3.127760e+06	1.020000e+03	3.110444e+06	1.020000e+03	3.100533e+06	1.020000e+03	3.131138e+06	1.020000e+03	3.123856e+06	1.020000e+03	3.094071e+06	1.020000e+03	3.120999e+06	1.020000e+03	3.129080e+06	1.020000e+03	3.138246e+06	1.020000e+03	3.152863e+06	1.020000e+03	3.139230e+06	1.020000e+03	3.119232e+06	1.020000e+03	3.136348e+06	1.020000e+03	3.150075e+06	1.020000e+03	3.142752e+06	1.020000e+03	3.120777e+06	1.020000e+03	3.101847e+06	1.020000e+03	3.107301e+06	1.020000e+03	3.112444e+06	1.020000e+03	3.124550e+06	1.020000e+03	3.128962e+06	1.020000e+03	3.124526e+06	1.020000e+03	3.128310e+06	1.020000e+03	3.128252e+06	1.020000e+03	3.111178e+06	1.020000e+03	3.121587e+06	1.020000e+03	3.129138e+06	1.020000e+03	3.143937e+06	1.020000e+03	3.106464e+06	1.020000e+03	3.105703e+06	1.020000e+03	3.120418e+06	1.020000e+03	3.125816e+06	1.020000e+03	3.119556e+06	1.020000e+03	3.115362e+06	1.020000e+03	3.131021e+06	1.020000e+03	3.128753e+06	1.020000e+03	3.116720e+06	1.020000e+03	3.114331e+06	1.020000e+03	3.097982e+06	1.020000e+03	3.124544e+06	1.020000e+03	3.153558e+06	1.020000e+03	3.136350e+06	1.020000e+03	3.138002e+06	1.020000e+03	3.134027e+06	1.020000e+03	3.119988e+06	1.020000e+03	3.135312e+06	1.020000e+03	3.130897e+06	1.020000e+03	3.126220e+06	1.020000e+03	3.119384e+06	1.020000e+03	3.124639e+06	1.020000e+03	3.151882e+06	1.020000e+03	3.124176e+06	1.020000e+03	3.136959e+06	1.020000e+03	3.139888e+06	1.020000e+03	3.141672e+06	1.020000e+03	3.156590e+06	1.020000e+03	3.144485e+06	1.020000e+03	3.153581e+06	1.020000e+03	3.158773e+06	1.020000e+03	3.167839e+06	1.020000e+03	3.155637e+06	1.020000e+03	3.130857e+06	1.020000e+03	3.171944e+06	1.020000e+03	3.141619e+06	1.020000e+03	3.150976e+06	1.020000e+03	3.134682e+06	1.020000e+03	3.148268e+06	1.020000e+03	3.149433e+06	1.020000e+03	3.159315e+06	1.020000e+03	3.155077e+06	1.020000e+03	3.153894e+06	1.020000e+03	3.141449e+06	1.020000e+03	3.142055e+06	1.020000e+03	3.139388e+06	1.020000e+03	3.147959e+06	1.020000e+03	3.143416e+06	1.020000e+03	3.167341e+06	1.020000e+03	3.153861e+06	1.020000e+03	3.154359e+06	1.020000e+03	3.161797e+06	1.020000e+03	3.140518e+06	1.020000e+03	3.158643e+06	1.020000e+03	3.168427e+06	1.020000e+03	3.175135e+06	1.020000e+03	3.174794e+06	1.020000e+03	3.153608e+06	1.020000e+03	3.154378e+06	1.020000e+03	3.163569e+06	1.020000e+03	3.158902e+06	1.020000e+03	3.151936e+06	1.020000e+03	3.178924e+06	1.020000e+03	3.157496e+06	1.020000e+03	3.165257e+06	1.020000e+03	3.162737e+06	1.020000e+03	3.152722e+06	1.020000e+03	3.150276e+06	1.020000e+03	3.171481e+06	1.020000e+03	3.146315e+06	1.020000e+03	3.161359e+06	1.020000e+03	3.152454e+06	1.020000e+03	3.171462e+06	1.020000e+03	3.143398e+06	1.020000e+03	3.172299e+06	1.020000e+03	3.152560e+06	1.020000e+03	3.147614e+06	1.020000e+03	3.125737e+06	1.020000e+03	3.159952e+06	1.020000e+03	3.180708e+06	1.020000e+03	3.167831e+06	1.020000e+03	3.147565e+06	1.020000e+03	3.154381e+06	1.020000e+03	3.139889e+06	1.020000e+03	3.139203e+06	1.020000e+03	3.154443e+06	1.020000e+03	3.173787e+06	1.020000e+03	3.180782e+06	1.020000e+03	3.160153e+06	1.020000e+03	3.165658e+06	1.020000e+03	3.181725e+06	1.020000e+03	3.149305e+06	1.020000e+03	3.152879e+06	1.020000e+03	3.167667e+06	1.020000e+03	3.162091e+06	1.020000e+03	3.145108e+06	1.020000e+03	3.149494e+06	1.020000e+03	3.163495e+06	1.020000e+03	3.164237e+06	1.020000e+03	3.146498e+06	1.020000e+03	3.170211e+06	1.020000e+03	3.152047e+06	1.020000e+03	3.156955e+06	1.020000e+03	3.164781e+06	1.020000e+03	3.157648e+06	1.020000e+03	3.147690e+06	1.020000e+03	3.161067e+06	1.020000e+03	3.170998e+06	1.020000e+03	3.167085e+06	1.020000e+03	3.130155e+06	1.020000e+03	3.161297e+06	1.020000e+03	3.174796e+06	1.020000e+03	3.162794e+06	1.020000e+03	3.153625e+06	1.020000e+03	3.167848e+06	1.020000e+03	3.162706e+06	1.020000e+03	3.147351e+06	1.020000e+03	3.159302e+06	1.020000e+03	3.150466e+06	1.020000e+03	3.135360e+06	1.020000e+03	3.157742e+06	1.020000e+03	3.147783e+06	1.020000e+03	3.160134e+06	1.020000e+03	3.186025e+06	1.020000e+03	3.175006e+06	1.020000e+03	3.159789e+06	1.020000e+03	3.165251e+06	1.020000e+03	3.162948e+06	1.020000e+03	3.173350e+06	1.020000e+03	3.140655e+06	1.020000e+03	3.161819e+06	1.020000e+03	3.169337e+06	1.020000e+03	3.175202e+06	1.020000e+03	3.168308e+06	1.020000e+03	3.170008e+06	1.020000e+03	3.182157e+06	1.020000e+03	3.186937e+06	1.020000e+03	3.184407e+06	1.020000e+03	3.172805e+06	1.020000e+03	3.181808e+06	1.020000e+03	3.180839e+06	1.020000e+03	3.171401e+06	1.020000e+03	3.175414e+06	1.020000e+03	3.167120e+06	1.020000e+03	3.197457e+06	1.020000e+03	3.180249e+06	1.020000e+03	3.193071e+06	1.020000e+03	3.176718e+06	1.020000e+03	3.175734e+06	1.020000e+03	3.174849e+06	1.020000e+03	3.188599e+06	1.020000e+03	3.185551e+06	1.020000e+03	3.185095e+06	1.020000e+03	3.192406e+06	1.020000e+03	3.187919e+06	1.020000e+03	3.166853e+06	1.020000e+03	3.191364e+06	1.020000e+03	3.195273e+06	1.020000e+03	3.194772e+06	1.020000e+03	3.197694e+06	1.020000e+03	3.173544e+06	1.020000e+03	3.198226e+06	1.020000e+03	3.201541e+06	1.020000e+03	3.196616e+06	1.020000e+03	3.205200e+06	1.020000e+03	3.191425e+06	1.020000e+03	3.190148e+06	1.020000e+03	3.202915e+06	1.020000e+03	3.205427e+06	1.020000e+03	3.193497e+06	1.020000e+03	3.193871e+06	1.020000e+03	3.184085e+06	1.020000e+03	3.203763e+06	1.020000e+03	3.199058e+06	1.020000e+03	3.202354e+06	1.020000e+03	3.175437e+06	1.020000e+03	3.190931e+06	1.020000e+03	3.207612e+06	1.020000e+03	3.180520e+06	1.020000e+03	3.192543e+06	1.020000e+03	3.169316e+06	1.020000e+03	3.191466e+06	1.020000e+03	3.198597e+06	1.020000e+03	3.185738e+06
1.025000e+03	3.117411e+06	1.025000e+03	3.095795e+06	1.025000e+03	3.086540e+06	1.025000e+03	3.077532e+06	1.025000e+03	3.060802e+06	1.025000e+03	3.063613e+06	1.025000e+03	3.045210e+06	1.025000e+03	3.037474e+06	1.025000e+03	3.040998e+06	1.025000e+03	3.032877e+06	1.025000e+03	3.025114e+06	1.025000e+03	3.023666e+06	1.025000e+03	3.023920e+06	1.025000e+03	3.023212e+06	1.025000e+03	3.023473e+06	1.025000e+03	3.038274e+06	1.025000e+03	3.029820e+06	1.025000e+03	3.040265e+06	1.025000e+03	3.030937e+06	1.025000e+03	3.015421e+06	1.025000e+03	3.022959e+06	1.025000e+03	3.020556e+06	1.025000e+03	3.013317e+06	1.025000e+03	3.030375e+06	1.025000e+03	3.024688e+06	1.025000e+03	3.008059e+06	1.025000e+03	3.017161e+06	1.025000e+03	3.022313e+06	1.025000e+03	3.007694e+06	1.025000e+03	3.014485e+06	1.025000e+03	3.020251e+06	1.025000e+03	3.019359e+06	1.025000e+03	3.013095e+06	1.025000e+03	3.027864e+06	1.025000e+03	3.011658e+06	1.025000e+03	3.032919e+06	1.025000e+03	3.009808e+06	1.025000e+03	3.031366e+06	1.025000e+03	3.048946e+06	1.025000e+03	3.022529e+06	1.025000e+03	3.060762e+06	1.025000e+03	3.049941e+06	1.025000e+03	3.051894e+06	1.025000e+03	3.036937e+06	1.025000e+03	3.046259e+06	1.025000e+03	3.050903e+06	1.025000e+03	3.045124e+06	1.025000e+03	3.042333e+06	1.025000e+03	3.045317e+06	1.025000e+03	3.082088e+06	1.025000e+03	3.077301e+06	1.025000e+03	3.069968e+06	1.025000e+03	3.076371e+06	1.025000e+03	3.075279e+06	1.025000e+03	3.088974e+06	1.025000e+03	3.072258e+06	1.025000e+03	3.077163e+06	1.025000e+03	3.072020e+06	1.025000e+03	3.069522e+06	1.025000e+03	3.113692e+06	1.025000e+03	3.089442e+06	1.025000e+03	3.080576e+06	1.025000e+03	3.100215e+06	1.025000e+03	3.080810e+06	1.025000e+03	3.098097e+06	1.025000e+03	3.078722e+06	1.025000e+03	3.074536e+06	1.025000e+03	3.073953e+06	1.025000e+03	3.091093e+06	1.025000e+03	3.097372e+06	1.025000e+03	3.101721e+06	1.025000e+03	3.075168e+06	1.025000e+03	3.108019e+06	1.025000e+03	3.116087e+06	1.025000e+03	3.104982e+06	1.025000e+03	3.114841e+06	1.025000e+03	3.116642e+06	1.025000e+03	3.106536e+06	1.025000e+03	3.111186e+06	1.025000e+03	3.092538e+06	1.025000e+03	3.110902e+06	1.025000e+03	3.095217e+06	1.025000e+03	3.103902e+06	1.025000e+03	3.105604e+06	1.025000e+03	3.121104e+06	1.025000e+03	3.120656e+06	1.025000e+03	3.100566e+06	1.025000e+03	3.138263e+06	1.025000e+03	3.124375e+06	1.025000e+03	3.095148e+06	1.025000e+03	3.101382e+06	1.025000e+03	3.115482e+06	1.025000e+03	3.137552e+06	1.025000e+03	3.111931e+06	1.025000e+03	3.145294e+06	1.025000e+03	3.126878e+06	1.025000e+03	3.128297e+06	1.025000e+03	3.111201e+06	1.025000e+03	3.122418e+06	1.025000e+03	3.125711e+06	1.025000e+03	3.120503e+06	1.025000e+03	3.127359e+06	1.025000e+03	3.140200e+06	1.025000e+03	3.108499e+06	1.025000e+03	3.105656e+06	1.025000e+03	3.137973e+06	1.025000e+03	3.126100e+06	1.025000e+03	3.090524e+06	1.025000e+03	3.120228e+06	1.025000e+03	3.128966e+06	1.025000e+03	3.131579e+06	1.025000e+03	3.145658e+06	1.025000e+03	3.136329e+06	1.025000e+03	3.118836e+06	1.025000e+03	3.129665e+06	1.025000e+03	3.158924e+06	1.025000e+03	3.145513e+06	1.025000e+03	3.119547e+06	1.025000e+03	3.107005e+06	1.025000e+03	3.104146e+06	1.025000e+03	3.119002e+06	1.025000e+03	3.122844e+06	1.025000e+03	3.131918e+06	1.025000e+03	3.118815e+06	1.025000e+03	3.127557e+06	1.025000e+03	3.125712e+06	1.025000e+03	3.111804e+06	1.025000e+03	3.119855e+06	1.025000e+03	3.129876e+06	1.025000e+03	3.141334e+06	1.025000e+03	3.117305e+06	1.025000e+03	3.092880e+06	1.025000e+03	3.125832e+06	1.025000e+03	3.126398e+06	1.025000e+03	3.123298e+06	1.025000e+03	3.103164e+06	1.025000e+03	3.125725e+06	1.025000e+03	3.125635e+06	1.025000e+03	3.140517e+06	1.025000e+03	3.113680e+06	1.025000e+03	3.106955e+06	1.025000e+03	3.129232e+06	1.025000e+03	3.141016e+06	1.025000e+03	3.137023e+06	1.025000e+03	3.137840e+06	1.025000e+03	3.122052e+06	1.025000e+03	3.119279e+06	1.025000e+03	3.134870e+06	1.025000e+03	3.132736e+06	1.025000e+03	3.119994e+06	1.025000e+03	3.117644e+06	1.025000e+03	3.123365e+06	1.025000e+03	3.153229e+06	1.025000e+03	3.123661e+06	1.025000e+03	3.139523e+06	1.025000e+03	3.141828e+06	1.025000e+03	3.139027e+06	1.025000e+03	3.153991e+06	1.025000e+03	3.145230e+06	1.025000e+03	3.144891e+06	1.025000e+03	3.158551e+06	1.025000e+03	3.167269e+06	1.025000e+03	3.153656e+06	1.025000e+03	3.128385e+06	1.025000e+03	3.171142e+06	1.025000e+03	3.140995e+06	1.025000e+03	3.155296e+06	1.025000e+03	3.124227e+06	1.025000e+03	3.154904e+06	1.025000e+03	3.159102e+06	1.025000e+03	3.157232e+06	1.025000e+03	3.151072e+06	1.025000e+03	3.154595e+06	1.025000e+03	3.141921e+06	1.025000e+03	3.137450e+06	1.025000e+03	3.140172e+06	1.025000e+03	3.152174e+06	1.025000e+03	3.138456e+06	1.025000e+03	3.145012e+06	1.025000e+03	3.157609e+06	1.025000e+03	3.154533e+06	1.025000e+03	3.162537e+06	1.025000e+03	3.142191e+06	1.025000e+03	3.159434e+06	1.025000e+03	3.167369e+06	1.025000e+03	3.172979e+06	1.025000e+03	3.167976e+06	1.025000e+03	3.156876e+06	1.025000e+03	3.155263e+06	1.025000e+03	3.152675e+06	1.025000e+03	3.169049e+06	1.025000e+03	3.146302e+06	1.025000e+03	3.180416e+06	1.025000e+03	3.159587e+06	1.025000e+03	3.158193e+06	1.025000e+03	3.161646e+06	1.025000e+03	3.156423e+06	1.025000e+03	3.157328e+06	1.025000e+03	3.165932e+06	1.025000e+03	3.147345e+06	1.025000e+03	3.160219e+06	1.025000e+03	3.154845e+06	1.025000e+03	3.146156e+06	1.025000e+03	3.142648e+06	1.025000e+03	3.163329e+06	1.025000e+03	3.148313e+06	1.025000e+03	3.149018e+06	1.025000e+03	3.122810e+06	1.025000e+03	3.165755e+06	1.025000e+03	3.173968e+06	1.025000e+03	3.159000e+06	1.025000e+03	3.138296e+06	1.025000e+03	3.148489e+06	1.025000e+03	3.146712e+06	1.025000e+03	3.135236e+06	1.025000e+03	3.165108e+06	1.025000e+03	3.158598e+06	1.025000e+03	3.178343e+06	1.025000e+03	3.162393e+06	1.025000e+03	3.164686e+06	1.025000e+03	3.176746e+06	1.025000e+03	3.149188e+06	1.025000e+03	3.148923e+06	1.025000e+03	3.169674e+06	1.025000e+03	3.166166e+06	1.025000e+03	3.151253e+06	1.025000e+03	3.154059e+06	1.025000e+03	3.153305e+06	1.025000e+03	3.159249e+06	1.025000e+03	3.147176e+06	1.025000e+03	3.166907e+06	1.025000e+03	3.161371e+06	1.025000e+03	3.148936e+06	1.025000e+03	3.163437e+06	1.025000e+03	3.152772e+06	1.025000e+03	3.148778e+06	1.025000e+03	3.158270e+06	1.025000e+03	3.174084e+06	1.025000e+03	3.162988e+06	1.025000e+03	3.135616e+06	1.025000e+03	3.175423e+06	1.025000e+03	3.171724e+06	1.025000e+03	3.160737e+06	1.025000e+03	3.154954e+06	1.025000e+03	3.166199e+06	1.025000e+03	3.157107e+06	1.025000e+03	3.143704e+06	1.025000e+03	3.158938e+06	1.025000e+03	3.155555e+06	1.025000e+03	3.133926e+06	1.025000e+03	3.158623e+06	1.025000e+03	3.149612e+06	1.025000e+03	3.161154e+06	1.025000e+03	3.175214e+06	1.025000e+03	3.177588e+06	1.025000e+03	3.162944e+06	1.025000e+03	3.173635e+06	1.025000e+03	3.160264e+06	1.025000e+03	3.171409e+06	1.025000e+03	3.152961e+06	1.025000e+03	3.154791e+06	1.025000e+03	3.194523e+06	1.025000e+03	3.183890e+06	1.025000e+03	3.173234e+06	1.025000e+03	3.172191e+06	1.025000e+03	3.181130e+06	1.025000e+03	3.186549e+06	1.025000e+03	3.192373e+06	1.025000e+03	3.175799e+06	1.025000e+03	3.181659e+06	1.025000e+03	3.175255e+06	1.025000e+03	3.170785e+06	1.025000e+03	3.171102e+06	1.025000e+03	3.156460e+06	1.025000e+03	3.196615e+06	1.025000e+03	3.181496e+06	1.025000e+03	3.192506e+06	1.025000e+03	3.179829e+06	1.025000e+03	3.177450e+06	1.025000e+03	3.171349e+06	1.025000e+03	3.190084e+06	1.025000e+03	3.183366e+06	1.025000e+03	3.183134e+06	1.025000e+03	3.186119e+06	1.025000e+03	3.180645e+06	1.025000e+03	3.177276e+06	1.025000e+03	3.189660e+06	1.025000e+03	3.198469e+06	1.025000e+03	3.192281e+06	1.025000e+03	3.198035e+06	1.025000e+03	3.180013e+06	1.025000e+03	3.198700e+06	1.025000e+03	3.200781e+06	1.025000e+03	3.191057e+06	1.025000e+03	3.211152e+06	1.025000e+03	3.191252e+06	1.025000e+03	3.192282e+06	1.025000e+03	3.207040e+06	1.025000e+03	3.203239e+06	1.025000e+03	3.186146e+06	1.025000e+03	3.197394e+06	1.025000e+03	3.186909e+06	1.025000e+03	3.207750e+06	1.025000e+03	3.203751e+06	1.025000e+03	3.199241e+06	1.025000e+03	3.173142e+06	1.025000e+03	3.210318e+06	1.025000e+03	3.200850e+06	1.025000e+03	3.169758e+06	1.025000e+03	3.191827e+06	1.025000e+03	3.169756e+06	1.025000e+03	3.191148e+06	1.025000e+03	3.197003e+06	1.025000e+03	3.189312e+06
1.030000e+03	3.114016e+06	1.030000e+03	3.099618e+06	1.030000e+03	3.085714e+06	1.030000e+03	3.080202e+06	1.030000e+03	3.053500e+06	1.030000e+03	3.065958e+06	1.030000e+03	3.047762e+06	1.030000e+03	3.037454e+06	1.030000e+03	3.034370e+06	1.030000e+03	3.039010e+06	1.030000e+03	3.032532e+06	1.030000e+03	3.024895e+06	1.030000e+03	3.018004e+06	1.030000e+03	3.023523e+06	1.030000e+03	3.024175e+06	1.030000e+03	3.037293e+06	1.030000e+03	3.018513e+06	1.030000e+03	3.045890e+06	1.030000e+03	3.037348e+06	1.030000e+03	3.027956e+06	1.030000e+03	3.023945e+06	1.030000e+03	3.004097e+06	1.030000e+03	3.009536e+06	1.030000e+03	3.028983e+06	1.030000e+03	3.014939e+06	1.030000e+03	3.009873e+06	1.030000e+03	3.019117e+06	1.030000e+03	3.020571e+06	1.030000e+03	3.001245e+06	1.030000e+03	3.026128e+06	1.030000e+03	3.024264e+06	1.030000e+03	3.022016e+06	1.030000e+03	3.012152e+06	1.030000e+03	3.016279e+06	1.030000e+03	3.014335e+06	1.030000e+03	3.036643e+06	1.030000e+03	3.017245e+06	1.030000e+03	3.030153e+06	1.030000e+03	3.041489e+06	1.030000e+03	3.026897e+06	1.030000e+03	3.050902e+06	1.030000e+03	3.065656e+06	1.030000e+03	3.047704e+06	1.030000e+03	3.043390e+06	1.030000e+03	3.039583e+06	1.030000e+03	3.052741e+06	1.030000e+03	3.045030e+06	1.030000e+03	3.048606e+06	1.030000e+03	3.047589e+06	1.030000e+03	3.102855e+06	1.030000e+03	3.072195e+06	1.030000e+03	3.074769e+06	1.030000e+03	3.074937e+06	1.030000e+03	3.074550e+06	1.030000e+03	3.088218e+06	1.030000e+03	3.075153e+06	1.030000e+03	3.077900e+06	1.030000e+03	3.073910e+06	1.030000e+03	3.070751e+06	1.030000e+03	3.109249e+06	1.030000e+03	3.098153e+06	1.030000e+03	3.079422e+06	1.030000e+03	3.103259e+06	1.030000e+03	3.079895e+06	1.030000e+03	3.084553e+06	1.030000e+03	3.085048e+06	1.030000e+03	3.072729e+06	1.030000e+03	3.090104e+06	1.030000e+03	3.087342e+06	1.030000e+03	3.095041e+06	1.030000e+03	3.105932e+06	1.030000e+03	3.077716e+06	1.030000e+03	3.106910e+06	1.030000e+03	3.108735e+06	1.030000e+03	3.108232e+06	1.030000e+03	3.114912e+06	1.030000e+03	3.115529e+06	1.030000e+03	3.105596e+06	1.030000e+03	3.115408e+06	1.030000e+03	3.097511e+06	1.030000e+03	3.106571e+06	1.030000e+03	3.096035e+06	1.030000e+03	3.109185e+06	1.030000e+03	3.102943e+06	1.030000e+03	3.115038e+06	1.030000e+03	3.119027e+06	1.030000e+03	3.097462e+06	1.030000e+03	3.134294e+06	1.030000e+03	3.122285e+06	1.030000e+03	3.098611e+06	1.030000e+03	3.102994e+06	1.030000e+03	3.116212e+06	1.030000e+03	3.138311e+06	1.030000e+03	3.117504e+06	1.030000e+03	3.135230e+06	1.030000e+03	3.126119e+06	1.030000e+03	3.120855e+06	1.030000e+03	3.110333e+06	1.030000e+03	3.117515e+06	1.030000e+03	3.126880e+06	1.030000e+03	3.118211e+06	1.030000e+03	3.131559e+06	1.030000e+03	3.124289e+06	1.030000e+03	3.112240e+06	1.030000e+03	3.105300e+06	1.030000e+03	3.140276e+06	1.030000e+03	3.127949e+06	1.030000e+03	3.092414e+06	1.030000e+03	3.123194e+06	1.030000e+03	3.125239e+06	1.030000e+03	3.136327e+06	1.030000e+03	3.143345e+06	1.030000e+03	3.136412e+06	1.030000e+03	3.114223e+06	1.030000e+03	3.133643e+06	1.030000e+03	3.151279e+06	1.030000e+03	3.146002e+06	1.030000e+03	3.123906e+06	1.030000e+03	3.110589e+06	1.030000e+03	3.103741e+06	1.030000e+03	3.115411e+06	1.030000e+03	3.119262e+06	1.030000e+03	3.134427e+06	1.030000e+03	3.118122e+06	1.030000e+03	3.120828e+06	1.030000e+03	3.127892e+06	1.030000e+03	3.110863e+06	1.030000e+03	3.119730e+06	1.030000e+03	3.134493e+06	1.030000e+03	3.136287e+06	1.030000e+03	3.114249e+06	1.030000e+03	3.097034e+06	1.030000e+03	3.116709e+06	1.030000e+03	3.124389e+06	1.030000e+03	3.119074e+06	1.030000e+03	3.107742e+06	1.030000e+03	3.120262e+06	1.030000e+03	3.129190e+06	1.030000e+03	3.137219e+06	1.030000e+03	3.116857e+06	1.030000e+03	3.109582e+06	1.030000e+03	3.128854e+06	1.030000e+03	3.140803e+06	1.030000e+03	3.139767e+06	1.030000e+03	3.136526e+06	1.030000e+03	3.125396e+06	1.030000e+03	3.133903e+06	1.030000e+03	3.119668e+06	1.030000e+03	3.128444e+06	1.030000e+03	3.126883e+06	1.030000e+03	3.123882e+06	1.030000e+03	3.118683e+06	1.030000e+03	3.159422e+06	1.030000e+03	3.125153e+06	1.030000e+03	3.138813e+06	1.030000e+03	3.148578e+06	1.030000e+03	3.138669e+06	1.030000e+03	3.153857e+06	1.030000e+03	3.146947e+06	1.030000e+03	3.146890e+06	1.030000e+03	3.162481e+06	1.030000e+03	3.174041e+06	1.030000e+03	3.148373e+06	1.030000e+03	3.120057e+06	1.030000e+03	3.154034e+06	1.030000e+03	3.143941e+06	1.030000e+03	3.151409e+06	1.030000e+03	3.130181e+06	1.030000e+03	3.167386e+06	1.030000e+03	3.162160e+06	1.030000e+03	3.157223e+06	1.030000e+03	3.149552e+06	1.030000e+03	3.154494e+06	1.030000e+03	3.149311e+06	1.030000e+03	3.136756e+06	1.030000e+03	3.141388e+06	1.030000e+03	3.149380e+06	1.030000e+03	3.137114e+06	1.030000e+03	3.148845e+06	1.030000e+03	3.161908e+06	1.030000e+03	3.155540e+06	1.030000e+03	3.160375e+06	1.030000e+03	3.143441e+06	1.030000e+03	3.154808e+06	1.030000e+03	3.175619e+06	1.030000e+03	3.168606e+06	1.030000e+03	3.165012e+06	1.030000e+03	3.156704e+06	1.030000e+03	3.164321e+06	1.030000e+03	3.152014e+06	1.030000e+03	3.166422e+06	1.030000e+03	3.144056e+06	1.030000e+03	3.186075e+06	1.030000e+03	3.160214e+06	1.030000e+03	3.163749e+06	1.030000e+03	3.160994e+06	1.030000e+03	3.157205e+06	1.030000e+03	3.155874e+06	1.030000e+03	3.173909e+06	1.030000e+03	3.144814e+06	1.030000e+03	3.160163e+06	1.030000e+03	3.153324e+06	1.030000e+03	3.143386e+06	1.030000e+03	3.148721e+06	1.030000e+03	3.161587e+06	1.030000e+03	3.148184e+06	1.030000e+03	3.147967e+06	1.030000e+03	3.124093e+06	1.030000e+03	3.171257e+06	1.030000e+03	3.174908e+06	1.030000e+03	3.156861e+06	1.030000e+03	3.138544e+06	1.030000e+03	3.142912e+06	1.030000e+03	3.139912e+06	1.030000e+03	3.142336e+06	1.030000e+03	3.153766e+06	1.030000e+03	3.153551e+06	1.030000e+03	3.171481e+06	1.030000e+03	3.165280e+06	1.030000e+03	3.166678e+06	1.030000e+03	3.174111e+06	1.030000e+03	3.146255e+06	1.030000e+03	3.149761e+06	1.030000e+03	3.174703e+06	1.030000e+03	3.161261e+06	1.030000e+03	3.144491e+06	1.030000e+03	3.151689e+06	1.030000e+03	3.154739e+06	1.030000e+03	3.154782e+06	1.030000e+03	3.143139e+06	1.030000e+03	3.164231e+06	1.030000e+03	3.155553e+06	1.030000e+03	3.150143e+06	1.030000e+03	3.165659e+06	1.030000e+03	3.156864e+06	1.030000e+03	3.156961e+06	1.030000e+03	3.159976e+06	1.030000e+03	3.172468e+06	1.030000e+03	3.162041e+06	1.030000e+03	3.136983e+06	1.030000e+03	3.171906e+06	1.030000e+03	3.172532e+06	1.030000e+03	3.164602e+06	1.030000e+03	3.153348e+06	1.030000e+03	3.164229e+06	1.030000e+03	3.158715e+06	1.030000e+03	3.146986e+06	1.030000e+03	3.162130e+06	1.030000e+03	3.152626e+06	1.030000e+03	3.134187e+06	1.030000e+03	3.160146e+06	1.030000e+03	3.152542e+06	1.030000e+03	3.171222e+06	1.030000e+03	3.176640e+06	1.030000e+03	3.175733e+06	1.030000e+03	3.167509e+06	1.030000e+03	3.177720e+06	1.030000e+03	3.164716e+06	1.030000e+03	3.172761e+06	1.030000e+03	3.147584e+06	1.030000e+03	3.164182e+06	1.030000e+03	3.194084e+06	1.030000e+03	3.188219e+06	1.030000e+03	3.167020e+06	1.030000e+03	3.172007e+06	1.030000e+03	3.183520e+06	1.030000e+03	3.182816e+06	1.030000e+03	3.189768e+06	1.030000e+03	3.174419e+06	1.030000e+03	3.178803e+06	1.030000e+03	3.181725e+06	1.030000e+03	3.170904e+06	1.030000e+03	3.162897e+06	1.030000e+03	3.152414e+06	1.030000e+03	3.178941e+06	1.030000e+03	3.180607e+06	1.030000e+03	3.185398e+06	1.030000e+03	3.180835e+06	1.030000e+03	3.174029e+06	1.030000e+03	3.176501e+06	1.030000e+03	3.185716e+06	1.030000e+03	3.179887e+06	1.030000e+03	3.186878e+06	1.030000e+03	3.183166e+06	1.030000e+03	3.182693e+06	1.030000e+03	3.177417e+06	1.030000e+03	3.193076e+06	1.030000e+03	3.196324e+06	1.030000e+03	3.197861e+06	1.030000e+03	3.199225e+06	1.030000e+03	3.181395e+06	1.030000e+03	3.194228e+06	1.030000e+03	3.204372e+06	1.030000e+03	3.192829e+06	1.030000e+03	3.213880e+06	1.030000e+03	3.193088e+06	1.030000e+03	3.187089e+06	1.030000e+03	3.204486e+06	1.030000e+03	3.202871e+06	1.030000e+03	3.197157e+06	1.030000e+03	3.191945e+06	1.030000e+03	3.186360e+06	1.030000e+03	3.203694e+06	1.030000e+03	3.202615e+06	1.030000e+03	3.207942e+06	1.030000e+03	3.182483e+06	1.030000e+03	3.208297e+06	1.030000e+03	3.202311e+06	1.030000e+03	3.170782e+06	1.030000e+03	3.197321e+06	1.030000e+03	3.174206e+06	1.030000e+03	3.193108e+06	1.030000e+03	3.195987e+06	1.030000e+03	3.191108e+06
1.035000e+03	3.120143e+06	1.035000e+03	3.097536e+06	1.035000e+03	3.084956e+06	1.035000e+03	3.080733e+06	1.035000e+03	3.052906e+06	1.035000e+03	3.071044e+06	1.035000e+03	3.042905e+06	1.035000e+03	3.046517e+06	1.035000e+03	3.029246e+06	1.035000e+03	3.034881e+06	1.035000e+03	3.041185e+06	1.035000e+03	3.032485e+06	1.035000e+03	3.018184e+06	1.035000e+03	3.020696e+06	1.035000e+03	3.024409e+06	1.035000e+03	3.037369e+06	1.035000e+03	3.021779e+06	1.035000e+03	3.045348e+06	1.035000e+03	3.044729e+06	1.035000e+03	3.031026e+06	1.035000e+03	3.025642e+06	1.035000e+03	3.004652e+06	1.035000e+03	3.007553e+06	1.035000e+03	3.032751e+06	1.035000e+03	3.018921e+06	1.035000e+03	3.010181e+06	1.035000e+03	3.020719e+06	1.035000e+03	3.017811e+06	1.035000e+03	3.008020e+06	1.035000e+03	3.026362e+06	1.035000e+03	3.023556e+06	1.035000e+03	3.033546e+06	1.035000e+03	3.006469e+06	1.035000e+03	3.006038e+06	1.035000e+03	3.003674e+06	1.035000e+03	3.044271e+06	1.035000e+03	3.014555e+06	1.035000e+03	3.027252e+06	1.035000e+03	3.037151e+06	1.035000e+03	3.026829e+06	1.035000e+03	3.053582e+06	1.035000e+03	3.060807e+06	1.035000e+03	3.064198e+06	1.035000e+03	3.046997e+06	1.035000e+03	3.045588e+06	1.035000e+03	3.052862e+06	1.035000e+03	3.052345e+06	1.035000e+03	3.053731e+06	1.035000e+03	3.048649e+06	1.035000e+03	3.104968e+06	1.035000e+03	3.071244e+06	1.035000e+03	3.077095e+06	1.035000e+03	3.072495e+06	1.035000e+03	3.078381e+06	1.035000e+03	3.072976e+06	1.035000e+03	3.075783e+06	1.035000e+03	3.079499e+06	1.035000e+03	3.075459e+06	1.035000e+03	3.079377e+06	1.035000e+03	3.098552e+06	1.035000e+03	3.095093e+06	1.035000e+03	3.079683e+06	1.035000e+03	3.105214e+06	1.035000e+03	3.081735e+06	1.035000e+03	3.067629e+06	1.035000e+03	3.087973e+06	1.035000e+03	3.076895e+06	1.035000e+03	3.092323e+06	1.035000e+03	3.086516e+06	1.035000e+03	3.103619e+06	1.035000e+03	3.106242e+06	1.035000e+03	3.084177e+06	1.035000e+03	3.096764e+06	1.035000e+03	3.104766e+06	1.035000e+03	3.101307e+06	1.035000e+03	3.108067e+06	1.035000e+03	3.113032e+06	1.035000e+03	3.108756e+06	1.035000e+03	3.118430e+06	1.035000e+03	3.093499e+06	1.035000e+03	3.102551e+06	1.035000e+03	3.103383e+06	1.035000e+03	3.106990e+06	1.035000e+03	3.101780e+06	1.035000e+03	3.106976e+06	1.035000e+03	3.116243e+06	1.035000e+03	3.099588e+06	1.035000e+03	3.122831e+06	1.035000e+03	3.115885e+06	1.035000e+03	3.091104e+06	1.035000e+03	3.112666e+06	1.035000e+03	3.118783e+06	1.035000e+03	3.139409e+06	1.035000e+03	3.118404e+06	1.035000e+03	3.140625e+06	1.035000e+03	3.116931e+06	1.035000e+03	3.130912e+06	1.035000e+03	3.112470e+06	1.035000e+03	3.123924e+06	1.035000e+03	3.122137e+06	1.035000e+03	3.118168e+06	1.035000e+03	3.130094e+06	1.035000e+03	3.130838e+06	1.035000e+03	3.108268e+06	1.035000e+03	3.100314e+06	1.035000e+03	3.144965e+06	1.035000e+03	3.121726e+06	1.035000e+03	3.097276e+06	1.035000e+03	3.123891e+06	1.035000e+03	3.121044e+06	1.035000e+03	3.126470e+06	1.035000e+03	3.142896e+06	1.035000e+03	3.139771e+06	1.035000e+03	3.105360e+06	1.035000e+03	3.134704e+06	1.035000e+03	3.143804e+06	1.035000e+03	3.150700e+06	1.035000e+03	3.130170e+06	1.035000e+03	3.110734e+06	1.035000e+03	3.107213e+06	1.035000e+03	3.114967e+06	1.035000e+03	3.118696e+06	1.035000e+03	3.132165e+06	1.035000e+03	3.115046e+06	1.035000e+03	3.120392e+06	1.035000e+03	3.124983e+06	1.035000e+03	3.108724e+06	1.035000e+03	3.112453e+06	1.035000e+03	3.130473e+06	1.035000e+03	3.144402e+06	1.035000e+03	3.118021e+06	1.035000e+03	3.098972e+06	1.035000e+03	3.119451e+06	1.035000e+03	3.117609e+06	1.035000e+03	3.129487e+06	1.035000e+03	3.114840e+06	1.035000e+03	3.121436e+06	1.035000e+03	3.129277e+06	1.035000e+03	3.139600e+06	1.035000e+03	3.121383e+06	1.035000e+03	3.091176e+06	1.035000e+03	3.117784e+06	1.035000e+03	3.144829e+06	1.035000e+03	3.136754e+06	1.035000e+03	3.139672e+06	1.035000e+03	3.126923e+06	1.035000e+03	3.122209e+06	1.035000e+03	3.122529e+06	1.035000e+03	3.128285e+06	1.035000e+03	3.127730e+06	1.035000e+03	3.123449e+06	1.035000e+03	3.144171e+06	1.035000e+03	3.153895e+06	1.035000e+03	3.129440e+06	1.035000e+03	3.150209e+06	1.035000e+03	3.145842e+06	1.035000e+03	3.140212e+06	1.035000e+03	3.153077e+06	1.035000e+03	3.152589e+06	1.035000e+03	3.136874e+06	1.035000e+03	3.149286e+06	1.035000e+03	3.164762e+06	1.035000e+03	3.150736e+06	1.035000e+03	3.125463e+06	1.035000e+03	3.153192e+06	1.035000e+03	3.152089e+06	1.035000e+03	3.148393e+06	1.035000e+03	3.131142e+06	1.035000e+03	3.164832e+06	1.035000e+03	3.163712e+06	1.035000e+03	3.162388e+06	1.035000e+03	3.146486e+06	1.035000e+03	3.151933e+06	1.035000e+03	3.141380e+06	1.035000e+03	3.139611e+06	1.035000e+03	3.143877e+06	1.035000e+03	3.152947e+06	1.035000e+03	3.137930e+06	1.035000e+03	3.145316e+06	1.035000e+03	3.166610e+06	1.035000e+03	3.164445e+06	1.035000e+03	3.155016e+06	1.035000e+03	3.150173e+06	1.035000e+03	3.160835e+06	1.035000e+03	3.184237e+06	1.035000e+03	3.175753e+06	1.035000e+03	3.161221e+06	1.035000e+03	3.155767e+06	1.035000e+03	3.166767e+06	1.035000e+03	3.150457e+06	1.035000e+03	3.168734e+06	1.035000e+03	3.145844e+06	1.035000e+03	3.176721e+06	1.035000e+03	3.152466e+06	1.035000e+03	3.170782e+06	1.035000e+03	3.160049e+06	1.035000e+03	3.152543e+06	1.035000e+03	3.155985e+06	1.035000e+03	3.171699e+06	1.035000e+03	3.150741e+06	1.035000e+03	3.156760e+06	1.035000e+03	3.157560e+06	1.035000e+03	3.141738e+06	1.035000e+03	3.148791e+06	1.035000e+03	3.160058e+06	1.035000e+03	3.153631e+06	1.035000e+03	3.148546e+06	1.035000e+03	3.129864e+06	1.035000e+03	3.166944e+06	1.035000e+03	3.173666e+06	1.035000e+03	3.162001e+06	1.035000e+03	3.134003e+06	1.035000e+03	3.149623e+06	1.035000e+03	3.147074e+06	1.035000e+03	3.140577e+06	1.035000e+03	3.153223e+06	1.035000e+03	3.159129e+06	1.035000e+03	3.171694e+06	1.035000e+03	3.165058e+06	1.035000e+03	3.161087e+06	1.035000e+03	3.170213e+06	1.035000e+03	3.144544e+06	1.035000e+03	3.147899e+06	1.035000e+03	3.172505e+06	1.035000e+03	3.162660e+06	1.035000e+03	3.137549e+06	1.035000e+03	3.152501e+06	1.035000e+03	3.166294e+06	1.035000e+03	3.155767e+06	1.035000e+03	3.143542e+06	1.035000e+03	3.160814e+06	1.035000e+03	3.147756e+06	1.035000e+03	3.147843e+06	1.035000e+03	3.154687e+06	1.035000e+03	3.153072e+06	1.035000e+03	3.153875e+06	1.035000e+03	3.165184e+06	1.035000e+03	3.178509e+06	1.035000e+03	3.168619e+06	1.035000e+03	3.140729e+06	1.035000e+03	3.173807e+06	1.035000e+03	3.172748e+06	1.035000e+03	3.158476e+06	1.035000e+03	3.154981e+06	1.035000e+03	3.168126e+06	1.035000e+03	3.158365e+06	1.035000e+03	3.157580e+06	1.035000e+03	3.163934e+06	1.035000e+03	3.150919e+06	1.035000e+03	3.137438e+06	1.035000e+03	3.160862e+06	1.035000e+03	3.149385e+06	1.035000e+03	3.166372e+06	1.035000e+03	3.179189e+06	1.035000e+03	3.176036e+06	1.035000e+03	3.168020e+06	1.035000e+03	3.181509e+06	1.035000e+03	3.163994e+06	1.035000e+03	3.172091e+06	1.035000e+03	3.142805e+06	1.035000e+03	3.152758e+06	1.035000e+03	3.188863e+06	1.035000e+03	3.186003e+06	1.035000e+03	3.168313e+06	1.035000e+03	3.168826e+06	1.035000e+03	3.177951e+06	1.035000e+03	3.176968e+06	1.035000e+03	3.184598e+06	1.035000e+03	3.175153e+06	1.035000e+03	3.167059e+06	1.035000e+03	3.178962e+06	1.035000e+03	3.186815e+06	1.035000e+03	3.160508e+06	1.035000e+03	3.160337e+06	1.035000e+03	3.186368e+06	1.035000e+03	3.185403e+06	1.035000e+03	3.174277e+06	1.035000e+03	3.189017e+06	1.035000e+03	3.176942e+06	1.035000e+03	3.180185e+06	1.035000e+03	3.187348e+06	1.035000e+03	3.176266e+06	1.035000e+03	3.185085e+06	1.035000e+03	3.185706e+06	1.035000e+03	3.187380e+06	1.035000e+03	3.172631e+06	1.035000e+03	3.191574e+06	1.035000e+03	3.196211e+06	1.035000e+03	3.200102e+06	1.035000e+03	3.200841e+06	1.035000e+03	3.189071e+06	1.035000e+03	3.189014e+06	1.035000e+03	3.205433e+06	1.035000e+03	3.196782e+06	1.035000e+03	3.215026e+06	1.035000e+03	3.189214e+06	1.035000e+03	3.186002e+06	1.035000e+03	3.219798e+06	1.035000e+03	3.212314e+06	1.035000e+03	3.198018e+06	1.035000e+03	3.197979e+06	1.035000e+03	3.185005e+06	1.035000e+03	3.201455e+06	1.035000e+03	3.199584e+06	1.035000e+03	3.203234e+06	1.035000e+03	3.185903e+06	1.035000e+03	3.191675e+06	1.035000e+03	3.199519e+06	1.035000e+03	3.169937e+06	1.035000e+03	3.195020e+06	1.035000e+03	3.182056e+06	1.035000e+03	3.194846e+06	1.035000e+03	3.198275e+06	1.035000e+03	3.191700e+06
1.040000e+03	3.122500e+06	1.040000e+03	3.104746e+06	1.040000e+03	3.084167e+06	1.040000e+03	3.069699e+06	1.040000e+03	3.047634e+06	1.040000e+03	3.063931e+06	1.040000e+03	3.041564e+06	1.040000e+03	3.042786e+06	1.040000e+03	3.034039e+06	1.040000e+03	3.031194e+06	1.040000e+03	3.040943e+06	1.040000e+03	3.035569e+06	1.040000e+03	3.019975e+06	1.040000e+03	3.026553e+06	1.040000e+03	3.019187e+06	1.040000e+03	3.035291e+06	1.040000e+03	3.020653e+06	1.040000e+03	3.044517e+06	1.040000e+03	3.033962e+06	1.040000e+03	3.021512e+06	1.040000e+03	3.029233e+06	1.040000e+03	3.011026e+06	1.040000e+03	3.010412e+06	1.040000e+03	3.030344e+06	1.040000e+03	3.027787e+06	1.040000e+03	3.008216e+06	1.040000e+03	3.017606e+06	1.040000e+03	3.017101e+06	1.040000e+03	3.009709e+06	1.040000e+03	3.025243e+06	1.040000e+03	3.021734e+06	1.040000e+03	3.051538e+06	1.040000e+03	3.013473e+06	1.040000e+03	3.015195e+06	1.040000e+03	3.005393e+06	1.040000e+03	3.047968e+06	1.040000e+03	3.010139e+06	1.040000e+03	3.033192e+06	1.040000e+03	3.045645e+06	1.040000e+03	3.029006e+06	1.040000e+03	3.051659e+06	1.040000e+03	3.050947e+06	1.040000e+03	3.061945e+06	1.040000e+03	3.040562e+06	1.040000e+03	3.038868e+06	1.040000e+03	3.048165e+06	1.040000e+03	3.039829e+06	1.040000e+03	3.052307e+06	1.040000e+03	3.055638e+06	1.040000e+03	3.101648e+06	1.040000e+03	3.074878e+06	1.040000e+03	3.076182e+06	1.040000e+03	3.067863e+06	1.040000e+03	3.069903e+06	1.040000e+03	3.077898e+06	1.040000e+03	3.078425e+06	1.040000e+03	3.079905e+06	1.040000e+03	3.074233e+06	1.040000e+03	3.075888e+06	1.040000e+03	3.091558e+06	1.040000e+03	3.097700e+06	1.040000e+03	3.080257e+06	1.040000e+03	3.098431e+06	1.040000e+03	3.088760e+06	1.040000e+03	3.075093e+06	1.040000e+03	3.077548e+06	1.040000e+03	3.098352e+06	1.040000e+03	3.087089e+06	1.040000e+03	3.086728e+06	1.040000e+03	3.102074e+06	1.040000e+03	3.111315e+06	1.040000e+03	3.081436e+06	1.040000e+03	3.092099e+06	1.040000e+03	3.106790e+06	1.040000e+03	3.099625e+06	1.040000e+03	3.117353e+06	1.040000e+03	3.112681e+06	1.040000e+03	3.107185e+06	1.040000e+03	3.123101e+06	1.040000e+03	3.098798e+06	1.040000e+03	3.094459e+06	1.040000e+03	3.100843e+06	1.040000e+03	3.105436e+06	1.040000e+03	3.107608e+06	1.040000e+03	3.108773e+06	1.040000e+03	3.112324e+06	1.040000e+03	3.101286e+06	1.040000e+03	3.123685e+06	1.040000e+03	3.117525e+06	1.040000e+03	3.089572e+06	1.040000e+03	3.109884e+06	1.040000e+03	3.113515e+06	1.040000e+03	3.136129e+06	1.040000e+03	3.114972e+06	1.040000e+03	3.135193e+06	1.040000e+03	3.113530e+06	1.040000e+03	3.123798e+06	1.040000e+03	3.113646e+06	1.040000e+03	3.122699e+06	1.040000e+03	3.122490e+06	1.040000e+03	3.120106e+06	1.040000e+03	3.131863e+06	1.040000e+03	3.125283e+06	1.040000e+03	3.110960e+06	1.040000e+03	3.098002e+06	1.040000e+03	3.114178e+06	1.040000e+03	3.116084e+06	1.040000e+03	3.105827e+06	1.040000e+03	3.112978e+06	1.040000e+03	3.127081e+06	1.040000e+03	3.125269e+06	1.040000e+03	3.134473e+06	1.040000e+03	3.141642e+06	1.040000e+03	3.106706e+06	1.040000e+03	3.131386e+06	1.040000e+03	3.136572e+06	1.040000e+03	3.151352e+06	1.040000e+03	3.121501e+06	1.040000e+03	3.109580e+06	1.040000e+03	3.105293e+06	1.040000e+03	3.132005e+06	1.040000e+03	3.114598e+06	1.040000e+03	3.130518e+06	1.040000e+03	3.116693e+06	1.040000e+03	3.122994e+06	1.040000e+03	3.129888e+06	1.040000e+03	3.110930e+06	1.040000e+03	3.111263e+06	1.040000e+03	3.135959e+06	1.040000e+03	3.146324e+06	1.040000e+03	3.112782e+06	1.040000e+03	3.102229e+06	1.040000e+03	3.118853e+06	1.040000e+03	3.125420e+06	1.040000e+03	3.131619e+06	1.040000e+03	3.105693e+06	1.040000e+03	3.125172e+06	1.040000e+03	3.130575e+06	1.040000e+03	3.115755e+06	1.040000e+03	3.126546e+06	1.040000e+03	3.098465e+06	1.040000e+03	3.116360e+06	1.040000e+03	3.149232e+06	1.040000e+03	3.132028e+06	1.040000e+03	3.134751e+06	1.040000e+03	3.126808e+06	1.040000e+03	3.124652e+06	1.040000e+03	3.123429e+06	1.040000e+03	3.125131e+06	1.040000e+03	3.126213e+06	1.040000e+03	3.125029e+06	1.040000e+03	3.138436e+06	1.040000e+03	3.155248e+06	1.040000e+03	3.127600e+06	1.040000e+03	3.136314e+06	1.040000e+03	3.141220e+06	1.040000e+03	3.149402e+06	1.040000e+03	3.166329e+06	1.040000e+03	3.152774e+06	1.040000e+03	3.139093e+06	1.040000e+03	3.153696e+06	1.040000e+03	3.165544e+06	1.040000e+03	3.151430e+06	1.040000e+03	3.125986e+06	1.040000e+03	3.152543e+06	1.040000e+03	3.145282e+06	1.040000e+03	3.147335e+06	1.040000e+03	3.131607e+06	1.040000e+03	3.161724e+06	1.040000e+03	3.168244e+06	1.040000e+03	3.172567e+06	1.040000e+03	3.151154e+06	1.040000e+03	3.154773e+06	1.040000e+03	3.145706e+06	1.040000e+03	3.135460e+06	1.040000e+03	3.148322e+06	1.040000e+03	3.161439e+06	1.040000e+03	3.135627e+06	1.040000e+03	3.146264e+06	1.040000e+03	3.163952e+06	1.040000e+03	3.167611e+06	1.040000e+03	3.155256e+06	1.040000e+03	3.142826e+06	1.040000e+03	3.161480e+06	1.040000e+03	3.176056e+06	1.040000e+03	3.176897e+06	1.040000e+03	3.152368e+06	1.040000e+03	3.162426e+06	1.040000e+03	3.165181e+06	1.040000e+03	3.154782e+06	1.040000e+03	3.171316e+06	1.040000e+03	3.143104e+06	1.040000e+03	3.180240e+06	1.040000e+03	3.169353e+06	1.040000e+03	3.164722e+06	1.040000e+03	3.161300e+06	1.040000e+03	3.153289e+06	1.040000e+03	3.160734e+06	1.040000e+03	3.169304e+06	1.040000e+03	3.138888e+06	1.040000e+03	3.164277e+06	1.040000e+03	3.154637e+06	1.040000e+03	3.133958e+06	1.040000e+03	3.145207e+06	1.040000e+03	3.164853e+06	1.040000e+03	3.155499e+06	1.040000e+03	3.146663e+06	1.040000e+03	3.127705e+06	1.040000e+03	3.170851e+06	1.040000e+03	3.170517e+06	1.040000e+03	3.164966e+06	1.040000e+03	3.149437e+06	1.040000e+03	3.147350e+06	1.040000e+03	3.153416e+06	1.040000e+03	3.155668e+06	1.040000e+03	3.152345e+06	1.040000e+03	3.165441e+06	1.040000e+03	3.182383e+06	1.040000e+03	3.159772e+06	1.040000e+03	3.173533e+06	1.040000e+03	3.165758e+06	1.040000e+03	3.145856e+06	1.040000e+03	3.140211e+06	1.040000e+03	3.169338e+06	1.040000e+03	3.149072e+06	1.040000e+03	3.139477e+06	1.040000e+03	3.153858e+06	1.040000e+03	3.158857e+06	1.040000e+03	3.158411e+06	1.040000e+03	3.144443e+06	1.040000e+03	3.162574e+06	1.040000e+03	3.148146e+06	1.040000e+03	3.151326e+06	1.040000e+03	3.161774e+06	1.040000e+03	3.154247e+06	1.040000e+03	3.160978e+06	1.040000e+03	3.163887e+06	1.040000e+03	3.174342e+06	1.040000e+03	3.163534e+06	1.040000e+03	3.144240e+06	1.040000e+03	3.165670e+06	1.040000e+03	3.168393e+06	1.040000e+03	3.163691e+06	1.040000e+03	3.159476e+06	1.040000e+03	3.169625e+06	1.040000e+03	3.166581e+06	1.040000e+03	3.153906e+06	1.040000e+03	3.174010e+06	1.040000e+03	3.148844e+06	1.040000e+03	3.140228e+06	1.040000e+03	3.164534e+06	1.040000e+03	3.148624e+06	1.040000e+03	3.164796e+06	1.040000e+03	3.179545e+06	1.040000e+03	3.175683e+06	1.040000e+03	3.165342e+06	1.040000e+03	3.176707e+06	1.040000e+03	3.171811e+06	1.040000e+03	3.181103e+06	1.040000e+03	3.140742e+06	1.040000e+03	3.155226e+06	1.040000e+03	3.174299e+06	1.040000e+03	3.192345e+06	1.040000e+03	3.176428e+06	1.040000e+03	3.168135e+06	1.040000e+03	3.172599e+06	1.040000e+03	3.177870e+06	1.040000e+03	3.189705e+06	1.040000e+03	3.171441e+06	1.040000e+03	3.166388e+06	1.040000e+03	3.182912e+06	1.040000e+03	3.172192e+06	1.040000e+03	3.157186e+06	1.040000e+03	3.162060e+06	1.040000e+03	3.185113e+06	1.040000e+03	3.187665e+06	1.040000e+03	3.175608e+06	1.040000e+03	3.185348e+06	1.040000e+03	3.189315e+06	1.040000e+03	3.182094e+06	1.040000e+03	3.187363e+06	1.040000e+03	3.175117e+06	1.040000e+03	3.189082e+06	1.040000e+03	3.190572e+06	1.040000e+03	3.186856e+06	1.040000e+03	3.172171e+06	1.040000e+03	3.195636e+06	1.040000e+03	3.184168e+06	1.040000e+03	3.191733e+06	1.040000e+03	3.198981e+06	1.040000e+03	3.181718e+06	1.040000e+03	3.191857e+06	1.040000e+03	3.201987e+06	1.040000e+03	3.193997e+06	1.040000e+03	3.196915e+06	1.040000e+03	3.183984e+06	1.040000e+03	3.183137e+06	1.040000e+03	3.202972e+06	1.040000e+03	3.219363e+06	1.040000e+03	3.196940e+06	1.040000e+03	3.194338e+06	1.040000e+03	3.187998e+06	1.040000e+03	3.200691e+06	1.040000e+03	3.201058e+06	1.040000e+03	3.196730e+06	1.040000e+03	3.185248e+06	1.040000e+03	3.191927e+06	1.040000e+03	3.202726e+06	1.040000e+03	3.170552e+06	1.040000e+03	3.195180e+06	1.040000e+03	3.174858e+06	1.040000e+03	3.194523e+06	1.040000e+03	3.203007e+06	1.040000e+03	3.192424e+06
1.045000e+03	3.119945e+06	1.045000e+03	3.104965e+06	1.045000e+03	3.084010e+06	1.045000e+03	3.070978e+06	1.045000e+03	3.046360e+06	1.045000e+03	3.078838e+06	1.045000e+03	3.037313e+06	1.045000e+03	3.038888e+06	1.045000e+03	3.035725e+06	1.045000e+03	3.038355e+06	1.045000e+03	3.038824e+06	1.045000e+03	3.032151e+06	1.045000e+03	3.021123e+06	1.045000e+03	3.027998e+06	1.045000e+03	3.028139e+06	1.045000e+03	3.039881e+06	1.045000e+03	3.014680e+06	1.045000e+03	3.050952e+06	1.045000e+03	3.035747e+06	1.045000e+03	3.038206e+06	1.045000e+03	3.024918e+06	1.045000e+03	3.024407e+06	1.045000e+03	2.995335e+06	1.045000e+03	3.033287e+06	1.045000e+03	3.026633e+06	1.045000e+03	3.011939e+06	1.045000e+03	3.016192e+06	1.045000e+03	3.014125e+06	1.045000e+03	3.013412e+06	1.045000e+03	3.025916e+06	1.045000e+03	3.020469e+06	1.045000e+03	3.052190e+06	1.045000e+03	3.012170e+06	1.045000e+03	3.016940e+06	1.045000e+03	3.011726e+06	1.045000e+03	3.044370e+06	1.045000e+03	3.017383e+06	1.045000e+03	3.035532e+06	1.045000e+03	3.042741e+06	1.045000e+03	3.029362e+06	1.045000e+03	3.049751e+06	1.045000e+03	3.062752e+06	1.045000e+03	3.059614e+06	1.045000e+03	3.039325e+06	1.045000e+03	3.044349e+06	1.045000e+03	3.050747e+06	1.045000e+03	3.039317e+06	1.045000e+03	3.048775e+06	1.045000e+03	3.057499e+06	1.045000e+03	3.096021e+06	1.045000e+03	3.069776e+06	1.045000e+03	3.075355e+06	1.045000e+03	3.063358e+06	1.045000e+03	3.080396e+06	1.045000e+03	3.080840e+06	1.045000e+03	3.086879e+06	1.045000e+03	3.080417e+06	1.045000e+03	3.081805e+06	1.045000e+03	3.083060e+06	1.045000e+03	3.098726e+06	1.045000e+03	3.094386e+06	1.045000e+03	3.087239e+06	1.045000e+03	3.097426e+06	1.045000e+03	3.095628e+06	1.045000e+03	3.069605e+06	1.045000e+03	3.095775e+06	1.045000e+03	3.093151e+06	1.045000e+03	3.103944e+06	1.045000e+03	3.099874e+06	1.045000e+03	3.094234e+06	1.045000e+03	3.100592e+06	1.045000e+03	3.103961e+06	1.045000e+03	3.098022e+06	1.045000e+03	3.106281e+06	1.045000e+03	3.098086e+06	1.045000e+03	3.104980e+06	1.045000e+03	3.119094e+06	1.045000e+03	3.117007e+06	1.045000e+03	3.123741e+06	1.045000e+03	3.092555e+06	1.045000e+03	3.094605e+06	1.045000e+03	3.100657e+06	1.045000e+03	3.109241e+06	1.045000e+03	3.106266e+06	1.045000e+03	3.110412e+06	1.045000e+03	3.109110e+06	1.045000e+03	3.097666e+06	1.045000e+03	3.120808e+06	1.045000e+03	3.117390e+06	1.045000e+03	3.097848e+06	1.045000e+03	3.121398e+06	1.045000e+03	3.119024e+06	1.045000e+03	3.131809e+06	1.045000e+03	3.107975e+06	1.045000e+03	3.132195e+06	1.045000e+03	3.117914e+06	1.045000e+03	3.126121e+06	1.045000e+03	3.110415e+06	1.045000e+03	3.126654e+06	1.045000e+03	3.123860e+06	1.045000e+03	3.123454e+06	1.045000e+03	3.132962e+06	1.045000e+03	3.131697e+06	1.045000e+03	3.112573e+06	1.045000e+03	3.111406e+06	1.045000e+03	3.117750e+06	1.045000e+03	3.129534e+06	1.045000e+03	3.109148e+06	1.045000e+03	3.114472e+06	1.045000e+03	3.128978e+06	1.045000e+03	3.126206e+06	1.045000e+03	3.133485e+06	1.045000e+03	3.140317e+06	1.045000e+03	3.118554e+06	1.045000e+03	3.135988e+06	1.045000e+03	3.143662e+06	1.045000e+03	3.151106e+06	1.045000e+03	3.115021e+06	1.045000e+03	3.104383e+06	1.045000e+03	3.104157e+06	1.045000e+03	3.130900e+06	1.045000e+03	3.121609e+06	1.045000e+03	3.134071e+06	1.045000e+03	3.113452e+06	1.045000e+03	3.116857e+06	1.045000e+03	3.126668e+06	1.045000e+03	3.109329e+06	1.045000e+03	3.113390e+06	1.045000e+03	3.135185e+06	1.045000e+03	3.142014e+06	1.045000e+03	3.108591e+06	1.045000e+03	3.106295e+06	1.045000e+03	3.115974e+06	1.045000e+03	3.125006e+06	1.045000e+03	3.122744e+06	1.045000e+03	3.109025e+06	1.045000e+03	3.126731e+06	1.045000e+03	3.131140e+06	1.045000e+03	3.123575e+06	1.045000e+03	3.124620e+06	1.045000e+03	3.093073e+06	1.045000e+03	3.119488e+06	1.045000e+03	3.143413e+06	1.045000e+03	3.130024e+06	1.045000e+03	3.124551e+06	1.045000e+03	3.127134e+06	1.045000e+03	3.123025e+06	1.045000e+03	3.135724e+06	1.045000e+03	3.123953e+06	1.045000e+03	3.125153e+06	1.045000e+03	3.129524e+06	1.045000e+03	3.136381e+06	1.045000e+03	3.158561e+06	1.045000e+03	3.127573e+06	1.045000e+03	3.135059e+06	1.045000e+03	3.143099e+06	1.045000e+03	3.168945e+06	1.045000e+03	3.164557e+06	1.045000e+03	3.150949e+06	1.045000e+03	3.149406e+06	1.045000e+03	3.149741e+06	1.045000e+03	3.163490e+06	1.045000e+03	3.150439e+06	1.045000e+03	3.121134e+06	1.045000e+03	3.148385e+06	1.045000e+03	3.137462e+06	1.045000e+03	3.148046e+06	1.045000e+03	3.156288e+06	1.045000e+03	3.149627e+06	1.045000e+03	3.171579e+06	1.045000e+03	3.168922e+06	1.045000e+03	3.155565e+06	1.045000e+03	3.158341e+06	1.045000e+03	3.144405e+06	1.045000e+03	3.134482e+06	1.045000e+03	3.143818e+06	1.045000e+03	3.159007e+06	1.045000e+03	3.129922e+06	1.045000e+03	3.146893e+06	1.045000e+03	3.156178e+06	1.045000e+03	3.176087e+06	1.045000e+03	3.178806e+06	1.045000e+03	3.144277e+06	1.045000e+03	3.158097e+06	1.045000e+03	3.170981e+06	1.045000e+03	3.176467e+06	1.045000e+03	3.156039e+06	1.045000e+03	3.151320e+06	1.045000e+03	3.152665e+06	1.045000e+03	3.153873e+06	1.045000e+03	3.160936e+06	1.045000e+03	3.150630e+06	1.045000e+03	3.182245e+06	1.045000e+03	3.165751e+06	1.045000e+03	3.167634e+06	1.045000e+03	3.158663e+06	1.045000e+03	3.153158e+06	1.045000e+03	3.150445e+06	1.045000e+03	3.176562e+06	1.045000e+03	3.141458e+06	1.045000e+03	3.162331e+06	1.045000e+03	3.156946e+06	1.045000e+03	3.142583e+06	1.045000e+03	3.149406e+06	1.045000e+03	3.155039e+06	1.045000e+03	3.147030e+06	1.045000e+03	3.160417e+06	1.045000e+03	3.142730e+06	1.045000e+03	3.176383e+06	1.045000e+03	3.162351e+06	1.045000e+03	3.155773e+06	1.045000e+03	3.150272e+06	1.045000e+03	3.151505e+06	1.045000e+03	3.152854e+06	1.045000e+03	3.152118e+06	1.045000e+03	3.154318e+06	1.045000e+03	3.161539e+06	1.045000e+03	3.176440e+06	1.045000e+03	3.164656e+06	1.045000e+03	3.174506e+06	1.045000e+03	3.166955e+06	1.045000e+03	3.166816e+06	1.045000e+03	3.143304e+06	1.045000e+03	3.168823e+06	1.045000e+03	3.164213e+06	1.045000e+03	3.146677e+06	1.045000e+03	3.160558e+06	1.045000e+03	3.163495e+06	1.045000e+03	3.171960e+06	1.045000e+03	3.145881e+06	1.045000e+03	3.161727e+06	1.045000e+03	3.151378e+06	1.045000e+03	3.152333e+06	1.045000e+03	3.168117e+06	1.045000e+03	3.152980e+06	1.045000e+03	3.167314e+06	1.045000e+03	3.159735e+06	1.045000e+03	3.174192e+06	1.045000e+03	3.165343e+06	1.045000e+03	3.146785e+06	1.045000e+03	3.165827e+06	1.045000e+03	3.176163e+06	1.045000e+03	3.160699e+06	1.045000e+03	3.164641e+06	1.045000e+03	3.168256e+06	1.045000e+03	3.169500e+06	1.045000e+03	3.159461e+06	1.045000e+03	3.158287e+06	1.045000e+03	3.145966e+06	1.045000e+03	3.130869e+06	1.045000e+03	3.179330e+06	1.045000e+03	3.149305e+06	1.045000e+03	3.167741e+06	1.045000e+03	3.173440e+06	1.045000e+03	3.174542e+06	1.045000e+03	3.157882e+06	1.045000e+03	3.172682e+06	1.045000e+03	3.165696e+06	1.045000e+03	3.180234e+06	1.045000e+03	3.137136e+06	1.045000e+03	3.159043e+06	1.045000e+03	3.160354e+06	1.045000e+03	3.189509e+06	1.045000e+03	3.171657e+06	1.045000e+03	3.163678e+06	1.045000e+03	3.172823e+06	1.045000e+03	3.178442e+06	1.045000e+03	3.211453e+06	1.045000e+03	3.182627e+06	1.045000e+03	3.171095e+06	1.045000e+03	3.186196e+06	1.045000e+03	3.184087e+06	1.045000e+03	3.157338e+06	1.045000e+03	3.154347e+06	1.045000e+03	3.185192e+06	1.045000e+03	3.187574e+06	1.045000e+03	3.181204e+06	1.045000e+03	3.191940e+06	1.045000e+03	3.180828e+06	1.045000e+03	3.194290e+06	1.045000e+03	3.188346e+06	1.045000e+03	3.178930e+06	1.045000e+03	3.201330e+06	1.045000e+03	3.186573e+06	1.045000e+03	3.186772e+06	1.045000e+03	3.176826e+06	1.045000e+03	3.194513e+06	1.045000e+03	3.187023e+06	1.045000e+03	3.192113e+06	1.045000e+03	3.197516e+06	1.045000e+03	3.176052e+06	1.045000e+03	3.191042e+06	1.045000e+03	3.203431e+06	1.045000e+03	3.201331e+06	1.045000e+03	3.206194e+06	1.045000e+03	3.185364e+06	1.045000e+03	3.187871e+06	1.045000e+03	3.206089e+06	1.045000e+03	3.216648e+06	1.045000e+03	3.189556e+06	1.045000e+03	3.211811e+06	1.045000e+03	3.178869e+06	1.045000e+03	3.206191e+06	1.045000e+03	3.200609e+06	1.045000e+03	3.197783e+06	1.045000e+03	3.182446e+06	1.045000e+03	3.193525e+06	1.045000e+03	3.203220e+06	1.045000e+03	3.172951e+06	1.045000e+03	3.193922e+06	1.045000e+03	3.177836e+06	1.045000e+03	3.189333e+06	1.045000e+03	3.204570e+06	1.045000e+03	3.196316e+06
1.050000e+03	3.112143e+06	1.050000e+03	3.097995e+06	1.050000e+03	3.082820e+06	1.050000e+03	3.072033e+06	1.050000e+03	3.044236e+06	1.050000e+03	3.070911e+06	1.050000e+03	3.035173e+06	1.050000e+03	3.047009e+06	1.050000e+03	3.022564e+06	1.050000e+03	3.040067e+06	1.050000e+03	3.048178e+06	1.050000e+03	3.031898e+06	1.050000e+03	3.015864e+06	1.050000e+03	3.023437e+06	1.050000e+03	3.033623e+06	1.050000e+03	3.047792e+06	1.050000e+03	3.020786e+06	1.050000e+03	3.062637e+06	1.050000e+03	3.042496e+06	1.050000e+03	3.030508e+06	1.050000e+03	3.023305e+06	1.050000e+03	3.025138e+06	1.050000e+03	3.003671e+06	1.050000e+03	3.020092e+06	1.050000e+03	3.021548e+06	1.050000e+03	3.015405e+06	1.050000e+03	3.018350e+06	1.050000e+03	3.014895e+06	1.050000e+03	3.021315e+06	1.050000e+03	3.022359e+06	1.050000e+03	3.021982e+06	1.050000e+03	3.041474e+06	1.050000e+03	3.010691e+06	1.050000e+03	3.016159e+06	1.050000e+03	3.014359e+06	1.050000e+03	3.042631e+06	1.050000e+03	3.015768e+06	1.050000e+03	3.044671e+06	1.050000e+03	3.038680e+06	1.050000e+03	3.030310e+06	1.050000e+03	3.050929e+06	1.050000e+03	3.067276e+06	1.050000e+03	3.055686e+06	1.050000e+03	3.041714e+06	1.050000e+03	3.040386e+06	1.050000e+03	3.051667e+06	1.050000e+03	3.038303e+06	1.050000e+03	3.053853e+06	1.050000e+03	3.066104e+06	1.050000e+03	3.097036e+06	1.050000e+03	3.071749e+06	1.050000e+03	3.078281e+06	1.050000e+03	3.059035e+06	1.050000e+03	3.080168e+06	1.050000e+03	3.083064e+06	1.050000e+03	3.088727e+06	1.050000e+03	3.077602e+06	1.050000e+03	3.077225e+06	1.050000e+03	3.089408e+06	1.050000e+03	3.097059e+06	1.050000e+03	3.096579e+06	1.050000e+03	3.080810e+06	1.050000e+03	3.097263e+06	1.050000e+03	3.079047e+06	1.050000e+03	3.071674e+06	1.050000e+03	3.095567e+06	1.050000e+03	3.076773e+06	1.050000e+03	3.102228e+06	1.050000e+03	3.077525e+06	1.050000e+03	3.094934e+06	1.050000e+03	3.103729e+06	1.050000e+03	3.092395e+06	1.050000e+03	3.103229e+06	1.050000e+03	3.106883e+06	1.050000e+03	3.097192e+06	1.050000e+03	3.101917e+06	1.050000e+03	3.111302e+06	1.050000e+03	3.116694e+06	1.050000e+03	3.112377e+06	1.050000e+03	3.095990e+06	1.050000e+03	3.093066e+06	1.050000e+03	3.101871e+06	1.050000e+03	3.118274e+06	1.050000e+03	3.108097e+06	1.050000e+03	3.118764e+06	1.050000e+03	3.113714e+06	1.050000e+03	3.100445e+06	1.050000e+03	3.121320e+06	1.050000e+03	3.118578e+06	1.050000e+03	3.100294e+06	1.050000e+03	3.122587e+06	1.050000e+03	3.117026e+06	1.050000e+03	3.139646e+06	1.050000e+03	3.104938e+06	1.050000e+03	3.123831e+06	1.050000e+03	3.117018e+06	1.050000e+03	3.121750e+06	1.050000e+03	3.113257e+06	1.050000e+03	3.119129e+06	1.050000e+03	3.126197e+06	1.050000e+03	3.116132e+06	1.050000e+03	3.133164e+06	1.050000e+03	3.137550e+06	1.050000e+03	3.110416e+06	1.050000e+03	3.118655e+06	1.050000e+03	3.120631e+06	1.050000e+03	3.117997e+06	1.050000e+03	3.109383e+06	1.050000e+03	3.116849e+06	1.050000e+03	3.130653e+06	1.050000e+03	3.127540e+06	1.050000e+03	3.133008e+06	1.050000e+03	3.141247e+06	1.050000e+03	3.127793e+06	1.050000e+03	3.139742e+06	1.050000e+03	3.141399e+06	1.050000e+03	3.147637e+06	1.050000e+03	3.113723e+06	1.050000e+03	3.105514e+06	1.050000e+03	3.108143e+06	1.050000e+03	3.128405e+06	1.050000e+03	3.120147e+06	1.050000e+03	3.135289e+06	1.050000e+03	3.117812e+06	1.050000e+03	3.116172e+06	1.050000e+03	3.126348e+06	1.050000e+03	3.107983e+06	1.050000e+03	3.112879e+06	1.050000e+03	3.140427e+06	1.050000e+03	3.141327e+06	1.050000e+03	3.112047e+06	1.050000e+03	3.096187e+06	1.050000e+03	3.120368e+06	1.050000e+03	3.127288e+06	1.050000e+03	3.128577e+06	1.050000e+03	3.108683e+06	1.050000e+03	3.130497e+06	1.050000e+03	3.123012e+06	1.050000e+03	3.127987e+06	1.050000e+03	3.121069e+06	1.050000e+03	3.101969e+06	1.050000e+03	3.122138e+06	1.050000e+03	3.146568e+06	1.050000e+03	3.132048e+06	1.050000e+03	3.125957e+06	1.050000e+03	3.126281e+06	1.050000e+03	3.121768e+06	1.050000e+03	3.137941e+06	1.050000e+03	3.127197e+06	1.050000e+03	3.123703e+06	1.050000e+03	3.135226e+06	1.050000e+03	3.114048e+06	1.050000e+03	3.154488e+06	1.050000e+03	3.122513e+06	1.050000e+03	3.131994e+06	1.050000e+03	3.146582e+06	1.050000e+03	3.159360e+06	1.050000e+03	3.154578e+06	1.050000e+03	3.137172e+06	1.050000e+03	3.153037e+06	1.050000e+03	3.143873e+06	1.050000e+03	3.161546e+06	1.050000e+03	3.151923e+06	1.050000e+03	3.124162e+06	1.050000e+03	3.153360e+06	1.050000e+03	3.147524e+06	1.050000e+03	3.141378e+06	1.050000e+03	3.150738e+06	1.050000e+03	3.151863e+06	1.050000e+03	3.162864e+06	1.050000e+03	3.170724e+06	1.050000e+03	3.160559e+06	1.050000e+03	3.152060e+06	1.050000e+03	3.143929e+06	1.050000e+03	3.143507e+06	1.050000e+03	3.141025e+06	1.050000e+03	3.149065e+06	1.050000e+03	3.136373e+06	1.050000e+03	3.147431e+06	1.050000e+03	3.147358e+06	1.050000e+03	3.170146e+06	1.050000e+03	3.179877e+06	1.050000e+03	3.145101e+06	1.050000e+03	3.163473e+06	1.050000e+03	3.165214e+06	1.050000e+03	3.184827e+06	1.050000e+03	3.154702e+06	1.050000e+03	3.148526e+06	1.050000e+03	3.152644e+06	1.050000e+03	3.150052e+06	1.050000e+03	3.157670e+06	1.050000e+03	3.150836e+06	1.050000e+03	3.183879e+06	1.050000e+03	3.166237e+06	1.050000e+03	3.165974e+06	1.050000e+03	3.165226e+06	1.050000e+03	3.167275e+06	1.050000e+03	3.157914e+06	1.050000e+03	3.178306e+06	1.050000e+03	3.144265e+06	1.050000e+03	3.169946e+06	1.050000e+03	3.159865e+06	1.050000e+03	3.143644e+06	1.050000e+03	3.147204e+06	1.050000e+03	3.182838e+06	1.050000e+03	3.148865e+06	1.050000e+03	3.153908e+06	1.050000e+03	3.136695e+06	1.050000e+03	3.160308e+06	1.050000e+03	3.164939e+06	1.050000e+03	3.152837e+06	1.050000e+03	3.143661e+06	1.050000e+03	3.146416e+06	1.050000e+03	3.143600e+06	1.050000e+03	3.149983e+06	1.050000e+03	3.149915e+06	1.050000e+03	3.163515e+06	1.050000e+03	3.187242e+06	1.050000e+03	3.164654e+06	1.050000e+03	3.163964e+06	1.050000e+03	3.168922e+06	1.050000e+03	3.157779e+06	1.050000e+03	3.151729e+06	1.050000e+03	3.170890e+06	1.050000e+03	3.155760e+06	1.050000e+03	3.135653e+06	1.050000e+03	3.155224e+06	1.050000e+03	3.152118e+06	1.050000e+03	3.152858e+06	1.050000e+03	3.148818e+06	1.050000e+03	3.162791e+06	1.050000e+03	3.151115e+06	1.050000e+03	3.153486e+06	1.050000e+03	3.175495e+06	1.050000e+03	3.151558e+06	1.050000e+03	3.168562e+06	1.050000e+03	3.155997e+06	1.050000e+03	3.168897e+06	1.050000e+03	3.168132e+06	1.050000e+03	3.143820e+06	1.050000e+03	3.162443e+06	1.050000e+03	3.175048e+06	1.050000e+03	3.166506e+06	1.050000e+03	3.161124e+06	1.050000e+03	3.172605e+06	1.050000e+03	3.171639e+06	1.050000e+03	3.166223e+06	1.050000e+03	3.151297e+06	1.050000e+03	3.150142e+06	1.050000e+03	3.137659e+06	1.050000e+03	3.168679e+06	1.050000e+03	3.148635e+06	1.050000e+03	3.174986e+06	1.050000e+03	3.179312e+06	1.050000e+03	3.172928e+06	1.050000e+03	3.160598e+06	1.050000e+03	3.180812e+06	1.050000e+03	3.174674e+06	1.050000e+03	3.175554e+06	1.050000e+03	3.143232e+06	1.050000e+03	3.158204e+06	1.050000e+03	3.155756e+06	1.050000e+03	3.182412e+06	1.050000e+03	3.174971e+06	1.050000e+03	3.166533e+06	1.050000e+03	3.171718e+06	1.050000e+03	3.177504e+06	1.050000e+03	3.204814e+06	1.050000e+03	3.172390e+06	1.050000e+03	3.176717e+06	1.050000e+03	3.194377e+06	1.050000e+03	3.187433e+06	1.050000e+03	3.174336e+06	1.050000e+03	3.152167e+06	1.050000e+03	3.187102e+06	1.050000e+03	3.184372e+06	1.050000e+03	3.181485e+06	1.050000e+03	3.192190e+06	1.050000e+03	3.182819e+06	1.050000e+03	3.193128e+06	1.050000e+03	3.190352e+06	1.050000e+03	3.176217e+06	1.050000e+03	3.197279e+06	1.050000e+03	3.186363e+06	1.050000e+03	3.182917e+06	1.050000e+03	3.179780e+06	1.050000e+03	3.192652e+06	1.050000e+03	3.187282e+06	1.050000e+03	3.194054e+06	1.050000e+03	3.195477e+06	1.050000e+03	3.179051e+06	1.050000e+03	3.188379e+06	1.050000e+03	3.202717e+06	1.050000e+03	3.193058e+06	1.050000e+03	3.204658e+06	1.050000e+03	3.190709e+06	1.050000e+03	3.191484e+06	1.050000e+03	3.204914e+06	1.050000e+03	3.212432e+06	1.050000e+03	3.188020e+06	1.050000e+03	3.193190e+06	1.050000e+03	3.187093e+06	1.050000e+03	3.207381e+06	1.050000e+03	3.205615e+06	1.050000e+03	3.211994e+06	1.050000e+03	3.172394e+06	1.050000e+03	3.193439e+06	1.050000e+03	3.200710e+06	1.050000e+03	3.172761e+06	1.050000e+03	3.193839e+06	1.050000e+03	3.176660e+06	1.050000e+03	3.192014e+06	1.050000e+03	3.211412e+06	1.050000e+03	3.192180e+06
1.055000e+03	3.110717e+06	1.055000e+03	3.092170e+06	1.055000e+03	3.080998e+06	1.055000e+03	3.067460e+06	1.055000e+03	3.055774e+06	1.055000e+03	3.067057e+06	1.055000e+03	3.042074e+06	1.055000e+03	3.048405e+06	1.055000e+03	3.024209e+06	1.055000e+03	3.044166e+06	1.055000e+03	3.057683e+06	1.055000e+03	3.028284e+06	1.055000e+03	3.016080e+06	1.055000e+03	3.027878e+06	1.055000e+03	3.027097e+06	1.055000e+03	3.047673e+06	1.055000e+03	3.023598e+06	1.055000e+03	3.057636e+06	1.055000e+03	3.046291e+06	1.055000e+03	3.025658e+06	1.055000e+03	3.017006e+06	1.055000e+03	3.019987e+06	1.055000e+03	3.009506e+06	1.055000e+03	3.008176e+06	1.055000e+03	3.021671e+06	1.055000e+03	3.014157e+06	1.055000e+03	3.018959e+06	1.055000e+03	3.022622e+06	1.055000e+03	3.015975e+06	1.055000e+03	3.031606e+06	1.055000e+03	3.026763e+06	1.055000e+03	3.029359e+06	1.055000e+03	3.019227e+06	1.055000e+03	3.007122e+06	1.055000e+03	3.012286e+06	1.055000e+03	3.037577e+06	1.055000e+03	3.015160e+06	1.055000e+03	3.041833e+06	1.055000e+03	3.047228e+06	1.055000e+03	3.033389e+06	1.055000e+03	3.051253e+06	1.055000e+03	3.054672e+06	1.055000e+03	3.058157e+06	1.055000e+03	3.043522e+06	1.055000e+03	3.036811e+06	1.055000e+03	3.051109e+06	1.055000e+03	3.060636e+06	1.055000e+03	3.046589e+06	1.055000e+03	3.055906e+06	1.055000e+03	3.081279e+06	1.055000e+03	3.076278e+06	1.055000e+03	3.085893e+06	1.055000e+03	3.058883e+06	1.055000e+03	3.072954e+06	1.055000e+03	3.092378e+06	1.055000e+03	3.085295e+06	1.055000e+03	3.083669e+06	1.055000e+03	3.071634e+06	1.055000e+03	3.086512e+06	1.055000e+03	3.097352e+06	1.055000e+03	3.100123e+06	1.055000e+03	3.070755e+06	1.055000e+03	3.097560e+06	1.055000e+03	3.076221e+06	1.055000e+03	3.068509e+06	1.055000e+03	3.090903e+06	1.055000e+03	3.081033e+06	1.055000e+03	3.107434e+06	1.055000e+03	3.081442e+06	1.055000e+03	3.095846e+06	1.055000e+03	3.101827e+06	1.055000e+03	3.095833e+06	1.055000e+03	3.105264e+06	1.055000e+03	3.112992e+06	1.055000e+03	3.097785e+06	1.055000e+03	3.102859e+06	1.055000e+03	3.117817e+06	1.055000e+03	3.117218e+06	1.055000e+03	3.111509e+06	1.055000e+03	3.097627e+06	1.055000e+03	3.095589e+06	1.055000e+03	3.106582e+06	1.055000e+03	3.110213e+06	1.055000e+03	3.108360e+06	1.055000e+03	3.121260e+06	1.055000e+03	3.121036e+06	1.055000e+03	3.102097e+06	1.055000e+03	3.127341e+06	1.055000e+03	3.118100e+06	1.055000e+03	3.095656e+06	1.055000e+03	3.119469e+06	1.055000e+03	3.112764e+06	1.055000e+03	3.143044e+06	1.055000e+03	3.119421e+06	1.055000e+03	3.124756e+06	1.055000e+03	3.118037e+06	1.055000e+03	3.114451e+06	1.055000e+03	3.116020e+06	1.055000e+03	3.112481e+06	1.055000e+03	3.126449e+06	1.055000e+03	3.117363e+06	1.055000e+03	3.134651e+06	1.055000e+03	3.139230e+06	1.055000e+03	3.113736e+06	1.055000e+03	3.118604e+06	1.055000e+03	3.118374e+06	1.055000e+03	3.114230e+06	1.055000e+03	3.111486e+06	1.055000e+03	3.115310e+06	1.055000e+03	3.125842e+06	1.055000e+03	3.135505e+06	1.055000e+03	3.132729e+06	1.055000e+03	3.130014e+06	1.055000e+03	3.124603e+06	1.055000e+03	3.137556e+06	1.055000e+03	3.135048e+06	1.055000e+03	3.148789e+06	1.055000e+03	3.129002e+06	1.055000e+03	3.092746e+06	1.055000e+03	3.101073e+06	1.055000e+03	3.114701e+06	1.055000e+03	3.117697e+06	1.055000e+03	3.141623e+06	1.055000e+03	3.111536e+06	1.055000e+03	3.126279e+06	1.055000e+03	3.123296e+06	1.055000e+03	3.112741e+06	1.055000e+03	3.108554e+06	1.055000e+03	3.134225e+06	1.055000e+03	3.140089e+06	1.055000e+03	3.115088e+06	1.055000e+03	3.099439e+06	1.055000e+03	3.122639e+06	1.055000e+03	3.138549e+06	1.055000e+03	3.121660e+06	1.055000e+03	3.114434e+06	1.055000e+03	3.128613e+06	1.055000e+03	3.132058e+06	1.055000e+03	3.121831e+06	1.055000e+03	3.118337e+06	1.055000e+03	3.103834e+06	1.055000e+03	3.152508e+06	1.055000e+03	3.158571e+06	1.055000e+03	3.123986e+06	1.055000e+03	3.134015e+06	1.055000e+03	3.122158e+06	1.055000e+03	3.128836e+06	1.055000e+03	3.129912e+06	1.055000e+03	3.129477e+06	1.055000e+03	3.122391e+06	1.055000e+03	3.128378e+06	1.055000e+03	3.116942e+06	1.055000e+03	3.155446e+06	1.055000e+03	3.138653e+06	1.055000e+03	3.135180e+06	1.055000e+03	3.149321e+06	1.055000e+03	3.149843e+06	1.055000e+03	3.155337e+06	1.055000e+03	3.137051e+06	1.055000e+03	3.172878e+06	1.055000e+03	3.146973e+06	1.055000e+03	3.160178e+06	1.055000e+03	3.147054e+06	1.055000e+03	3.124274e+06	1.055000e+03	3.152751e+06	1.055000e+03	3.140575e+06	1.055000e+03	3.150116e+06	1.055000e+03	3.128318e+06	1.055000e+03	3.146125e+06	1.055000e+03	3.156537e+06	1.055000e+03	3.161710e+06	1.055000e+03	3.151311e+06	1.055000e+03	3.157378e+06	1.055000e+03	3.147503e+06	1.055000e+03	3.143868e+06	1.055000e+03	3.142394e+06	1.055000e+03	3.151136e+06	1.055000e+03	3.140786e+06	1.055000e+03	3.142272e+06	1.055000e+03	3.148195e+06	1.055000e+03	3.160039e+06	1.055000e+03	3.160028e+06	1.055000e+03	3.140568e+06	1.055000e+03	3.155919e+06	1.055000e+03	3.163235e+06	1.055000e+03	3.177243e+06	1.055000e+03	3.158597e+06	1.055000e+03	3.147894e+06	1.055000e+03	3.162168e+06	1.055000e+03	3.150542e+06	1.055000e+03	3.160958e+06	1.055000e+03	3.143554e+06	1.055000e+03	3.188385e+06	1.055000e+03	3.162141e+06	1.055000e+03	3.163056e+06	1.055000e+03	3.163165e+06	1.055000e+03	3.171988e+06	1.055000e+03	3.153493e+06	1.055000e+03	3.179687e+06	1.055000e+03	3.144914e+06	1.055000e+03	3.164882e+06	1.055000e+03	3.162327e+06	1.055000e+03	3.142198e+06	1.055000e+03	3.146805e+06	1.055000e+03	3.188098e+06	1.055000e+03	3.155971e+06	1.055000e+03	3.158480e+06	1.055000e+03	3.129125e+06	1.055000e+03	3.163619e+06	1.055000e+03	3.167969e+06	1.055000e+03	3.156248e+06	1.055000e+03	3.140657e+06	1.055000e+03	3.147665e+06	1.055000e+03	3.145960e+06	1.055000e+03	3.139876e+06	1.055000e+03	3.158027e+06	1.055000e+03	3.168917e+06	1.055000e+03	3.185601e+06	1.055000e+03	3.161340e+06	1.055000e+03	3.163397e+06	1.055000e+03	3.171909e+06	1.055000e+03	3.158538e+06	1.055000e+03	3.147770e+06	1.055000e+03	3.162190e+06	1.055000e+03	3.150879e+06	1.055000e+03	3.133455e+06	1.055000e+03	3.156697e+06	1.055000e+03	3.154126e+06	1.055000e+03	3.151462e+06	1.055000e+03	3.146922e+06	1.055000e+03	3.160835e+06	1.055000e+03	3.152283e+06	1.055000e+03	3.153453e+06	1.055000e+03	3.167451e+06	1.055000e+03	3.154514e+06	1.055000e+03	3.155632e+06	1.055000e+03	3.155141e+06	1.055000e+03	3.164094e+06	1.055000e+03	3.157881e+06	1.055000e+03	3.146725e+06	1.055000e+03	3.167264e+06	1.055000e+03	3.167915e+06	1.055000e+03	3.162706e+06	1.055000e+03	3.159514e+06	1.055000e+03	3.155967e+06	1.055000e+03	3.167449e+06	1.055000e+03	3.167821e+06	1.055000e+03	3.148217e+06	1.055000e+03	3.153202e+06	1.055000e+03	3.146166e+06	1.055000e+03	3.160891e+06	1.055000e+03	3.150244e+06	1.055000e+03	3.176459e+06	1.055000e+03	3.172436e+06	1.055000e+03	3.178233e+06	1.055000e+03	3.166219e+06	1.055000e+03	3.185186e+06	1.055000e+03	3.175583e+06	1.055000e+03	3.184852e+06	1.055000e+03	3.142576e+06	1.055000e+03	3.159466e+06	1.055000e+03	3.152447e+06	1.055000e+03	3.179364e+06	1.055000e+03	3.170015e+06	1.055000e+03	3.168800e+06	1.055000e+03	3.178079e+06	1.055000e+03	3.174542e+06	1.055000e+03	3.198408e+06	1.055000e+03	3.175041e+06	1.055000e+03	3.176288e+06	1.055000e+03	3.187620e+06	1.055000e+03	3.187828e+06	1.055000e+03	3.164662e+06	1.055000e+03	3.155160e+06	1.055000e+03	3.180761e+06	1.055000e+03	3.186597e+06	1.055000e+03	3.179247e+06	1.055000e+03	3.191820e+06	1.055000e+03	3.195188e+06	1.055000e+03	3.195529e+06	1.055000e+03	3.186010e+06	1.055000e+03	3.188158e+06	1.055000e+03	3.194326e+06	1.055000e+03	3.183674e+06	1.055000e+03	3.181364e+06	1.055000e+03	3.179387e+06	1.055000e+03	3.191579e+06	1.055000e+03	3.200560e+06	1.055000e+03	3.206559e+06	1.055000e+03	3.199333e+06	1.055000e+03	3.175525e+06	1.055000e+03	3.186399e+06	1.055000e+03	3.206123e+06	1.055000e+03	3.188900e+06	1.055000e+03	3.199132e+06	1.055000e+03	3.192261e+06	1.055000e+03	3.190386e+06	1.055000e+03	3.203522e+06	1.055000e+03	3.202261e+06	1.055000e+03	3.198971e+06	1.055000e+03	3.195471e+06	1.055000e+03	3.182515e+06	1.055000e+03	3.204035e+06	1.055000e+03	3.200899e+06	1.055000e+03	3.206528e+06	1.055000e+03	3.177085e+06	1.055000e+03	3.192450e+06	1.055000e+03	3.196240e+06	1.055000e+03	3.176314e+06	1.055000e+03	3.196930e+06	1.055000e+03	3.177678e+06	1.055000e+03	3.200547e+06	1.055000e+03	3.195614e+06	1.055000e+03	3.197236e+06
1.060000e+03	3.114101e+06	1.060000e+03	3.091348e+06	1.060000e+03	3.083381e+06	1.060000e+03	3.070710e+06	1.060000e+03	3.046610e+06	1.060000e+03	3.064779e+06	1.060000e+03	3.039773e+06	1.060000e+03	3.038093e+06	1.060000e+03	3.030039e+06	1.060000e+03	3.054110e+06	1.060000e+03	3.053957e+06	1.060000e+03	3.017060e+06	1.060000e+03	3.016513e+06	1.060000e+03	3.028656e+06	1.060000e+03	3.025626e+06	1.060000e+03	3.043074e+06	1.060000e+03	3.032099e+06	1.060000e+03	3.058165e+06	1.060000e+03	3.048005e+06	1.060000e+03	3.028441e+06	1.060000e+03	3.022052e+06	1.060000e+03	3.022613e+06	1.060000e+03	3.017812e+06	1.060000e+03	3.011039e+06	1.060000e+03	3.020265e+06	1.060000e+03	3.025720e+06	1.060000e+03	3.017200e+06	1.060000e+03	3.018836e+06	1.060000e+03	3.010989e+06	1.060000e+03	3.030874e+06	1.060000e+03	3.024390e+06	1.060000e+03	3.031430e+06	1.060000e+03	2.998134e+06	1.060000e+03	3.010397e+06	1.060000e+03	3.014137e+06	1.060000e+03	3.037672e+06	1.060000e+03	3.015257e+06	1.060000e+03	3.047443e+06	1.060000e+03	3.039201e+06	1.060000e+03	3.034263e+06	1.060000e+03	3.055272e+06	1.060000e+03	3.052585e+06	1.060000e+03	3.048127e+06	1.060000e+03	3.036088e+06	1.060000e+03	3.031534e+06	1.060000e+03	3.059001e+06	1.060000e+03	3.069611e+06	1.060000e+03	3.047918e+06	1.060000e+03	3.063477e+06	1.060000e+03	3.070909e+06	1.060000e+03	3.075952e+06	1.060000e+03	3.089270e+06	1.060000e+03	3.067835e+06	1.060000e+03	3.077319e+06	1.060000e+03	3.092230e+06	1.060000e+03	3.085884e+06	1.060000e+03	3.081807e+06	1.060000e+03	3.077782e+06	1.060000e+03	3.089280e+06	1.060000e+03	3.103029e+06	1.060000e+03	3.103589e+06	1.060000e+03	3.073928e+06	1.060000e+03	3.095383e+06	1.060000e+03	3.076316e+06	1.060000e+03	3.082092e+06	1.060000e+03	3.098686e+06	1.060000e+03	3.079358e+06	1.060000e+03	3.095664e+06	1.060000e+03	3.088664e+06	1.060000e+03	3.096616e+06	1.060000e+03	3.125521e+06	1.060000e+03	3.097384e+06	1.060000e+03	3.106151e+06	1.060000e+03	3.117449e+06	1.060000e+03	3.105969e+06	1.060000e+03	3.099006e+06	1.060000e+03	3.109255e+06	1.060000e+03	3.104149e+06	1.060000e+03	3.107487e+06	1.060000e+03	3.093861e+06	1.060000e+03	3.094377e+06	1.060000e+03	3.106589e+06	1.060000e+03	3.113702e+06	1.060000e+03	3.103823e+06	1.060000e+03	3.128639e+06	1.060000e+03	3.126275e+06	1.060000e+03	3.111983e+06	1.060000e+03	3.124336e+06	1.060000e+03	3.117088e+06	1.060000e+03	3.098296e+06	1.060000e+03	3.123261e+06	1.060000e+03	3.109381e+06	1.060000e+03	3.143707e+06	1.060000e+03	3.104613e+06	1.060000e+03	3.129846e+06	1.060000e+03	3.105629e+06	1.060000e+03	3.116333e+06	1.060000e+03	3.114920e+06	1.060000e+03	3.125560e+06	1.060000e+03	3.129241e+06	1.060000e+03	3.117210e+06	1.060000e+03	3.138635e+06	1.060000e+03	3.128698e+06	1.060000e+03	3.116262e+06	1.060000e+03	3.113937e+06	1.060000e+03	3.121823e+06	1.060000e+03	3.116136e+06	1.060000e+03	3.107561e+06	1.060000e+03	3.114360e+06	1.060000e+03	3.126813e+06	1.060000e+03	3.132270e+06	1.060000e+03	3.140332e+06	1.060000e+03	3.138943e+06	1.060000e+03	3.112764e+06	1.060000e+03	3.134455e+06	1.060000e+03	3.137445e+06	1.060000e+03	3.140344e+06	1.060000e+03	3.126802e+06	1.060000e+03	3.108318e+06	1.060000e+03	3.098095e+06	1.060000e+03	3.114048e+06	1.060000e+03	3.119491e+06	1.060000e+03	3.150168e+06	1.060000e+03	3.111304e+06	1.060000e+03	3.121126e+06	1.060000e+03	3.121665e+06	1.060000e+03	3.110345e+06	1.060000e+03	3.111714e+06	1.060000e+03	3.132833e+06	1.060000e+03	3.143508e+06	1.060000e+03	3.112459e+06	1.060000e+03	3.094090e+06	1.060000e+03	3.115791e+06	1.060000e+03	3.134625e+06	1.060000e+03	3.121456e+06	1.060000e+03	3.126064e+06	1.060000e+03	3.127694e+06	1.060000e+03	3.130128e+06	1.060000e+03	3.115340e+06	1.060000e+03	3.116299e+06	1.060000e+03	3.107194e+06	1.060000e+03	3.150914e+06	1.060000e+03	3.158927e+06	1.060000e+03	3.125607e+06	1.060000e+03	3.146007e+06	1.060000e+03	3.121724e+06	1.060000e+03	3.129833e+06	1.060000e+03	3.129561e+06	1.060000e+03	3.125127e+06	1.060000e+03	3.122347e+06	1.060000e+03	3.129833e+06	1.060000e+03	3.117229e+06	1.060000e+03	3.152309e+06	1.060000e+03	3.130266e+06	1.060000e+03	3.131120e+06	1.060000e+03	3.147032e+06	1.060000e+03	3.166276e+06	1.060000e+03	3.154951e+06	1.060000e+03	3.143521e+06	1.060000e+03	3.167360e+06	1.060000e+03	3.154374e+06	1.060000e+03	3.155035e+06	1.060000e+03	3.160328e+06	1.060000e+03	3.129197e+06	1.060000e+03	3.154104e+06	1.060000e+03	3.139839e+06	1.060000e+03	3.149006e+06	1.060000e+03	3.128737e+06	1.060000e+03	3.140743e+06	1.060000e+03	3.157648e+06	1.060000e+03	3.163888e+06	1.060000e+03	3.152649e+06	1.060000e+03	3.169062e+06	1.060000e+03	3.143413e+06	1.060000e+03	3.143055e+06	1.060000e+03	3.138175e+06	1.060000e+03	3.148968e+06	1.060000e+03	3.141531e+06	1.060000e+03	3.146797e+06	1.060000e+03	3.150057e+06	1.060000e+03	3.163425e+06	1.060000e+03	3.160203e+06	1.060000e+03	3.147640e+06	1.060000e+03	3.157903e+06	1.060000e+03	3.172105e+06	1.060000e+03	3.178622e+06	1.060000e+03	3.152842e+06	1.060000e+03	3.150362e+06	1.060000e+03	3.156940e+06	1.060000e+03	3.152864e+06	1.060000e+03	3.164501e+06	1.060000e+03	3.153584e+06	1.060000e+03	3.182106e+06	1.060000e+03	3.160267e+06	1.060000e+03	3.160006e+06	1.060000e+03	3.160829e+06	1.060000e+03	3.163274e+06	1.060000e+03	3.158920e+06	1.060000e+03	3.167661e+06	1.060000e+03	3.146309e+06	1.060000e+03	3.162395e+06	1.060000e+03	3.155889e+06	1.060000e+03	3.143888e+06	1.060000e+03	3.150739e+06	1.060000e+03	3.165631e+06	1.060000e+03	3.148457e+06	1.060000e+03	3.153886e+06	1.060000e+03	3.127986e+06	1.060000e+03	3.160749e+06	1.060000e+03	3.172603e+06	1.060000e+03	3.164366e+06	1.060000e+03	3.143091e+06	1.060000e+03	3.154619e+06	1.060000e+03	3.155285e+06	1.060000e+03	3.137647e+06	1.060000e+03	3.163886e+06	1.060000e+03	3.163238e+06	1.060000e+03	3.166433e+06	1.060000e+03	3.153210e+06	1.060000e+03	3.163497e+06	1.060000e+03	3.171215e+06	1.060000e+03	3.162034e+06	1.060000e+03	3.143203e+06	1.060000e+03	3.161659e+06	1.060000e+03	3.148909e+06	1.060000e+03	3.138340e+06	1.060000e+03	3.160159e+06	1.060000e+03	3.153114e+06	1.060000e+03	3.152761e+06	1.060000e+03	3.148632e+06	1.060000e+03	3.160982e+06	1.060000e+03	3.151002e+06	1.060000e+03	3.151427e+06	1.060000e+03	3.169014e+06	1.060000e+03	3.148768e+06	1.060000e+03	3.156445e+06	1.060000e+03	3.153021e+06	1.060000e+03	3.159880e+06	1.060000e+03	3.162500e+06	1.060000e+03	3.144178e+06	1.060000e+03	3.167241e+06	1.060000e+03	3.163384e+06	1.060000e+03	3.160997e+06	1.060000e+03	3.156873e+06	1.060000e+03	3.161104e+06	1.060000e+03	3.171451e+06	1.060000e+03	3.160130e+06	1.060000e+03	3.165362e+06	1.060000e+03	3.153840e+06	1.060000e+03	3.152940e+06	1.060000e+03	3.164270e+06	1.060000e+03	3.154035e+06	1.060000e+03	3.169249e+06	1.060000e+03	3.165096e+06	1.060000e+03	3.169316e+06	1.060000e+03	3.160041e+06	1.060000e+03	3.173539e+06	1.060000e+03	3.176094e+06	1.060000e+03	3.184683e+06	1.060000e+03	3.136362e+06	1.060000e+03	3.155051e+06	1.060000e+03	3.152249e+06	1.060000e+03	3.182389e+06	1.060000e+03	3.172613e+06	1.060000e+03	3.168804e+06	1.060000e+03	3.175955e+06	1.060000e+03	3.173338e+06	1.060000e+03	3.194907e+06	1.060000e+03	3.170793e+06	1.060000e+03	3.182585e+06	1.060000e+03	3.188312e+06	1.060000e+03	3.187294e+06	1.060000e+03	3.163717e+06	1.060000e+03	3.153283e+06	1.060000e+03	3.177177e+06	1.060000e+03	3.185529e+06	1.060000e+03	3.175878e+06	1.060000e+03	3.190777e+06	1.060000e+03	3.193440e+06	1.060000e+03	3.199925e+06	1.060000e+03	3.181833e+06	1.060000e+03	3.177046e+06	1.060000e+03	3.189068e+06	1.060000e+03	3.180416e+06	1.060000e+03	3.183737e+06	1.060000e+03	3.177620e+06	1.060000e+03	3.194819e+06	1.060000e+03	3.197776e+06	1.060000e+03	3.202398e+06	1.060000e+03	3.196488e+06	1.060000e+03	3.174161e+06	1.060000e+03	3.191509e+06	1.060000e+03	3.203136e+06	1.060000e+03	3.198716e+06	1.060000e+03	3.195046e+06	1.060000e+03	3.195703e+06	1.060000e+03	3.190461e+06	1.060000e+03	3.203044e+06	1.060000e+03	3.200232e+06	1.060000e+03	3.204554e+06	1.060000e+03	3.188839e+06	1.060000e+03	3.181304e+06	1.060000e+03	3.207702e+06	1.060000e+03	3.201977e+06	1.060000e+03	3.203989e+06	1.060000e+03	3.179947e+06	1.060000e+03	3.198568e+06	1.060000e+03	3.199734e+06	1.060000e+03	3.182164e+06	1.060000e+03	3.201766e+06	1.060000e+03	3.179616e+06	1.060000e+03	3.199516e+06	1.060000e+03	3.200376e+06	1.060000e+03	3.197014e+06
1.065000e+03	3.114330e+06	1.065000e+03	3.094711e+06	1.065000e+03	3.075591e+06	1.065000e+03	3.071580e+06	1.065000e+03	3.051970e+06	1.065000e+03	3.067486e+06	1.065000e+03	3.043146e+06	1.065000e+03	3.046349e+06	1.065000e+03	3.027315e+06	1.065000e+03	3.033581e+06	1.065000e+03	3.052381e+06	1.065000e+03	3.017534e+06	1.065000e+03	3.013359e+06	1.065000e+03	3.015673e+06	1.065000e+03	3.021585e+06	1.065000e+03	3.045648e+06	1.065000e+03	3.037704e+06	1.065000e+03	3.053527e+06	1.065000e+03	3.052625e+06	1.065000e+03	3.034691e+06	1.065000e+03	3.022175e+06	1.065000e+03	3.014116e+06	1.065000e+03	3.019972e+06	1.065000e+03	2.996807e+06	1.065000e+03	3.024553e+06	1.065000e+03	3.038343e+06	1.065000e+03	3.016979e+06	1.065000e+03	3.022854e+06	1.065000e+03	3.006650e+06	1.065000e+03	3.034159e+06	1.065000e+03	3.019579e+06	1.065000e+03	3.036681e+06	1.065000e+03	2.997522e+06	1.065000e+03	3.016657e+06	1.065000e+03	3.017574e+06	1.065000e+03	3.034236e+06	1.065000e+03	3.021065e+06	1.065000e+03	3.041104e+06	1.065000e+03	3.039682e+06	1.065000e+03	3.030989e+06	1.065000e+03	3.055559e+06	1.065000e+03	3.052179e+06	1.065000e+03	3.040971e+06	1.065000e+03	3.045921e+06	1.065000e+03	3.029578e+06	1.065000e+03	3.051551e+06	1.065000e+03	3.065878e+06	1.065000e+03	3.051969e+06	1.065000e+03	3.067536e+06	1.065000e+03	3.063971e+06	1.065000e+03	3.076709e+06	1.065000e+03	3.078588e+06	1.065000e+03	3.061126e+06	1.065000e+03	3.074657e+06	1.065000e+03	3.087898e+06	1.065000e+03	3.075702e+06	1.065000e+03	3.082770e+06	1.065000e+03	3.071323e+06	1.065000e+03	3.087865e+06	1.065000e+03	3.097476e+06	1.065000e+03	3.109099e+06	1.065000e+03	3.073955e+06	1.065000e+03	3.092571e+06	1.065000e+03	3.081756e+06	1.065000e+03	3.082826e+06	1.065000e+03	3.097056e+06	1.065000e+03	3.084833e+06	1.065000e+03	3.090195e+06	1.065000e+03	3.086962e+06	1.065000e+03	3.093880e+06	1.065000e+03	3.119464e+06	1.065000e+03	3.094650e+06	1.065000e+03	3.098062e+06	1.065000e+03	3.106851e+06	1.065000e+03	3.102905e+06	1.065000e+03	3.095894e+06	1.065000e+03	3.112111e+06	1.065000e+03	3.105433e+06	1.065000e+03	3.106597e+06	1.065000e+03	3.095317e+06	1.065000e+03	3.094408e+06	1.065000e+03	3.125330e+06	1.065000e+03	3.109419e+06	1.065000e+03	3.109494e+06	1.065000e+03	3.121764e+06	1.065000e+03	3.120426e+06	1.065000e+03	3.111268e+06	1.065000e+03	3.128057e+06	1.065000e+03	3.115638e+06	1.065000e+03	3.104693e+06	1.065000e+03	3.117606e+06	1.065000e+03	3.114777e+06	1.065000e+03	3.148791e+06	1.065000e+03	3.102716e+06	1.065000e+03	3.133532e+06	1.065000e+03	3.106061e+06	1.065000e+03	3.118233e+06	1.065000e+03	3.124717e+06	1.065000e+03	3.135491e+06	1.065000e+03	3.126875e+06	1.065000e+03	3.122276e+06	1.065000e+03	3.132965e+06	1.065000e+03	3.129940e+06	1.065000e+03	3.116224e+06	1.065000e+03	3.116666e+06	1.065000e+03	3.121382e+06	1.065000e+03	3.120181e+06	1.065000e+03	3.113772e+06	1.065000e+03	3.111012e+06	1.065000e+03	3.134642e+06	1.065000e+03	3.135521e+06	1.065000e+03	3.142966e+06	1.065000e+03	3.137953e+06	1.065000e+03	3.116436e+06	1.065000e+03	3.131743e+06	1.065000e+03	3.136547e+06	1.065000e+03	3.142456e+06	1.065000e+03	3.121440e+06	1.065000e+03	3.111288e+06	1.065000e+03	3.102932e+06	1.065000e+03	3.130161e+06	1.065000e+03	3.123225e+06	1.065000e+03	3.149200e+06	1.065000e+03	3.110103e+06	1.065000e+03	3.115161e+06	1.065000e+03	3.122535e+06	1.065000e+03	3.116813e+06	1.065000e+03	3.105346e+06	1.065000e+03	3.128318e+06	1.065000e+03	3.148329e+06	1.065000e+03	3.110378e+06	1.065000e+03	3.104665e+06	1.065000e+03	3.115525e+06	1.065000e+03	3.138051e+06	1.065000e+03	3.132639e+06	1.065000e+03	3.114402e+06	1.065000e+03	3.120215e+06	1.065000e+03	3.128688e+06	1.065000e+03	3.119428e+06	1.065000e+03	3.130031e+06	1.065000e+03	3.113356e+06	1.065000e+03	3.128771e+06	1.065000e+03	3.146934e+06	1.065000e+03	3.122307e+06	1.065000e+03	3.144619e+06	1.065000e+03	3.123251e+06	1.065000e+03	3.121625e+06	1.065000e+03	3.135377e+06	1.065000e+03	3.122637e+06	1.065000e+03	3.124013e+06	1.065000e+03	3.130602e+06	1.065000e+03	3.115686e+06	1.065000e+03	3.152055e+06	1.065000e+03	3.135241e+06	1.065000e+03	3.138159e+06	1.065000e+03	3.145798e+06	1.065000e+03	3.157198e+06	1.065000e+03	3.153524e+06	1.065000e+03	3.143249e+06	1.065000e+03	3.170227e+06	1.065000e+03	3.162095e+06	1.065000e+03	3.160519e+06	1.065000e+03	3.166063e+06	1.065000e+03	3.123899e+06	1.065000e+03	3.152820e+06	1.065000e+03	3.142742e+06	1.065000e+03	3.150367e+06	1.065000e+03	3.144796e+06	1.065000e+03	3.147055e+06	1.065000e+03	3.162095e+06	1.065000e+03	3.158293e+06	1.065000e+03	3.154131e+06	1.065000e+03	3.167417e+06	1.065000e+03	3.139299e+06	1.065000e+03	3.140729e+06	1.065000e+03	3.143954e+06	1.065000e+03	3.145704e+06	1.065000e+03	3.154644e+06	1.065000e+03	3.135013e+06	1.065000e+03	3.156501e+06	1.065000e+03	3.168306e+06	1.065000e+03	3.162142e+06	1.065000e+03	3.148387e+06	1.065000e+03	3.155567e+06	1.065000e+03	3.165626e+06	1.065000e+03	3.191878e+06	1.065000e+03	3.151703e+06	1.065000e+03	3.149507e+06	1.065000e+03	3.157211e+06	1.065000e+03	3.145750e+06	1.065000e+03	3.169884e+06	1.065000e+03	3.153201e+06	1.065000e+03	3.177656e+06	1.065000e+03	3.157346e+06	1.065000e+03	3.156114e+06	1.065000e+03	3.155242e+06	1.065000e+03	3.159741e+06	1.065000e+03	3.152026e+06	1.065000e+03	3.175847e+06	1.065000e+03	3.157252e+06	1.065000e+03	3.166671e+06	1.065000e+03	3.152686e+06	1.065000e+03	3.139476e+06	1.065000e+03	3.166098e+06	1.065000e+03	3.167089e+06	1.065000e+03	3.167291e+06	1.065000e+03	3.156159e+06	1.065000e+03	3.133255e+06	1.065000e+03	3.158504e+06	1.065000e+03	3.178925e+06	1.065000e+03	3.159493e+06	1.065000e+03	3.150637e+06	1.065000e+03	3.159793e+06	1.065000e+03	3.166998e+06	1.065000e+03	3.139716e+06	1.065000e+03	3.165312e+06	1.065000e+03	3.165823e+06	1.065000e+03	3.176769e+06	1.065000e+03	3.152525e+06	1.065000e+03	3.157096e+06	1.065000e+03	3.168035e+06	1.065000e+03	3.167232e+06	1.065000e+03	3.152510e+06	1.065000e+03	3.165950e+06	1.065000e+03	3.153079e+06	1.065000e+03	3.136321e+06	1.065000e+03	3.160730e+06	1.065000e+03	3.156211e+06	1.065000e+03	3.154035e+06	1.065000e+03	3.145199e+06	1.065000e+03	3.159173e+06	1.065000e+03	3.146311e+06	1.065000e+03	3.150240e+06	1.065000e+03	3.165954e+06	1.065000e+03	3.152978e+06	1.065000e+03	3.157353e+06	1.065000e+03	3.144416e+06	1.065000e+03	3.173423e+06	1.065000e+03	3.164201e+06	1.065000e+03	3.142595e+06	1.065000e+03	3.165941e+06	1.065000e+03	3.170354e+06	1.065000e+03	3.152765e+06	1.065000e+03	3.156369e+06	1.065000e+03	3.176510e+06	1.065000e+03	3.170858e+06	1.065000e+03	3.157942e+06	1.065000e+03	3.144289e+06	1.065000e+03	3.144323e+06	1.065000e+03	3.159682e+06	1.065000e+03	3.155451e+06	1.065000e+03	3.159454e+06	1.065000e+03	3.168609e+06	1.065000e+03	3.171609e+06	1.065000e+03	3.169665e+06	1.065000e+03	3.154352e+06	1.065000e+03	3.172774e+06	1.065000e+03	3.170596e+06	1.065000e+03	3.170478e+06	1.065000e+03	3.137732e+06	1.065000e+03	3.156364e+06	1.065000e+03	3.146005e+06	1.065000e+03	3.184244e+06	1.065000e+03	3.175244e+06	1.065000e+03	3.172116e+06	1.065000e+03	3.179555e+06	1.065000e+03	3.175070e+06	1.065000e+03	3.187235e+06	1.065000e+03	3.172463e+06	1.065000e+03	3.168797e+06	1.065000e+03	3.180688e+06	1.065000e+03	3.182940e+06	1.065000e+03	3.169780e+06	1.065000e+03	3.159658e+06	1.065000e+03	3.174624e+06	1.065000e+03	3.186282e+06	1.065000e+03	3.187298e+06	1.065000e+03	3.191954e+06	1.065000e+03	3.191118e+06	1.065000e+03	3.189387e+06	1.065000e+03	3.187919e+06	1.065000e+03	3.181634e+06	1.065000e+03	3.187533e+06	1.065000e+03	3.181614e+06	1.065000e+03	3.189614e+06	1.065000e+03	3.176178e+06	1.065000e+03	3.191643e+06	1.065000e+03	3.193029e+06	1.065000e+03	3.201206e+06	1.065000e+03	3.192072e+06	1.065000e+03	3.174373e+06	1.065000e+03	3.190327e+06	1.065000e+03	3.205570e+06	1.065000e+03	3.192104e+06	1.065000e+03	3.196927e+06	1.065000e+03	3.192791e+06	1.065000e+03	3.195675e+06	1.065000e+03	3.189818e+06	1.065000e+03	3.206195e+06	1.065000e+03	3.197166e+06	1.065000e+03	3.190896e+06	1.065000e+03	3.178266e+06	1.065000e+03	3.207504e+06	1.065000e+03	3.200077e+06	1.065000e+03	3.199321e+06	1.065000e+03	3.178390e+06	1.065000e+03	3.191068e+06	1.065000e+03	3.200775e+06	1.065000e+03	3.190471e+06	1.065000e+03	3.198929e+06	1.065000e+03	3.178309e+06	1.065000e+03	3.202206e+06	1.065000e+03	3.195536e+06	1.065000e+03	3.199401e+06
1.070000e+03	3.111967e+06	1.070000e+03	3.097886e+06	1.070000e+03	3.082411e+06	1.070000e+03	3.077408e+06	1.070000e+03	3.042711e+06	1.070000e+03	3.074098e+06	1.070000e+03	3.039060e+06	1.070000e+03	3.043541e+06	1.070000e+03	3.029642e+06	1.070000e+03	3.038731e+06	1.070000e+03	3.048434e+06	1.070000e+03	3.025010e+06	1.070000e+03	3.018448e+06	1.070000e+03	3.030214e+06	1.070000e+03	3.026480e+06	1.070000e+03	3.044343e+06	1.070000e+03	3.038768e+06	1.070000e+03	3.045572e+06	1.070000e+03	3.047862e+06	1.070000e+03	3.042409e+06	1.070000e+03	3.025623e+06	1.070000e+03	3.003795e+06	1.070000e+03	3.016408e+06	1.070000e+03	3.005806e+06	1.070000e+03	3.019494e+06	1.070000e+03	3.026141e+06	1.070000e+03	3.018884e+06	1.070000e+03	3.038943e+06	1.070000e+03	3.004935e+06	1.070000e+03	3.025641e+06	1.070000e+03	3.024510e+06	1.070000e+03	3.035294e+06	1.070000e+03	3.004680e+06	1.070000e+03	3.009522e+06	1.070000e+03	3.027317e+06	1.070000e+03	3.040808e+06	1.070000e+03	3.014548e+06	1.070000e+03	3.035275e+06	1.070000e+03	3.039437e+06	1.070000e+03	3.036746e+06	1.070000e+03	3.052338e+06	1.070000e+03	3.043484e+06	1.070000e+03	3.057429e+06	1.070000e+03	3.033506e+06	1.070000e+03	3.048105e+06	1.070000e+03	3.049733e+06	1.070000e+03	3.065896e+06	1.070000e+03	3.064658e+06	1.070000e+03	3.060962e+06	1.070000e+03	3.065450e+06	1.070000e+03	3.083925e+06	1.070000e+03	3.073215e+06	1.070000e+03	3.060366e+06	1.070000e+03	3.073062e+06	1.070000e+03	3.077820e+06	1.070000e+03	3.069095e+06	1.070000e+03	3.081353e+06	1.070000e+03	3.065228e+06	1.070000e+03	3.080788e+06	1.070000e+03	3.107535e+06	1.070000e+03	3.116597e+06	1.070000e+03	3.073549e+06	1.070000e+03	3.095617e+06	1.070000e+03	3.083808e+06	1.070000e+03	3.074241e+06	1.070000e+03	3.098067e+06	1.070000e+03	3.083093e+06	1.070000e+03	3.075711e+06	1.070000e+03	3.086267e+06	1.070000e+03	3.097381e+06	1.070000e+03	3.120983e+06	1.070000e+03	3.092519e+06	1.070000e+03	3.102071e+06	1.070000e+03	3.103050e+06	1.070000e+03	3.105500e+06	1.070000e+03	3.099532e+06	1.070000e+03	3.118302e+06	1.070000e+03	3.107687e+06	1.070000e+03	3.113889e+06	1.070000e+03	3.096443e+06	1.070000e+03	3.098206e+06	1.070000e+03	3.128692e+06	1.070000e+03	3.102438e+06	1.070000e+03	3.113355e+06	1.070000e+03	3.123090e+06	1.070000e+03	3.123518e+06	1.070000e+03	3.101959e+06	1.070000e+03	3.132851e+06	1.070000e+03	3.122380e+06	1.070000e+03	3.102730e+06	1.070000e+03	3.114288e+06	1.070000e+03	3.118562e+06	1.070000e+03	3.155017e+06	1.070000e+03	3.109985e+06	1.070000e+03	3.133631e+06	1.070000e+03	3.106915e+06	1.070000e+03	3.119593e+06	1.070000e+03	3.122899e+06	1.070000e+03	3.150882e+06	1.070000e+03	3.125753e+06	1.070000e+03	3.123583e+06	1.070000e+03	3.130379e+06	1.070000e+03	3.125280e+06	1.070000e+03	3.114533e+06	1.070000e+03	3.116113e+06	1.070000e+03	3.115690e+06	1.070000e+03	3.123629e+06	1.070000e+03	3.108222e+06	1.070000e+03	3.111619e+06	1.070000e+03	3.127047e+06	1.070000e+03	3.132878e+06	1.070000e+03	3.138672e+06	1.070000e+03	3.132112e+06	1.070000e+03	3.122419e+06	1.070000e+03	3.134365e+06	1.070000e+03	3.138870e+06	1.070000e+03	3.143104e+06	1.070000e+03	3.126210e+06	1.070000e+03	3.099020e+06	1.070000e+03	3.097032e+06	1.070000e+03	3.137229e+06	1.070000e+03	3.123869e+06	1.070000e+03	3.143907e+06	1.070000e+03	3.107115e+06	1.070000e+03	3.116032e+06	1.070000e+03	3.118902e+06	1.070000e+03	3.115659e+06	1.070000e+03	3.106437e+06	1.070000e+03	3.125260e+06	1.070000e+03	3.145282e+06	1.070000e+03	3.112835e+06	1.070000e+03	3.110111e+06	1.070000e+03	3.118587e+06	1.070000e+03	3.137555e+06	1.070000e+03	3.117038e+06	1.070000e+03	3.114903e+06	1.070000e+03	3.115617e+06	1.070000e+03	3.145368e+06	1.070000e+03	3.121524e+06	1.070000e+03	3.116012e+06	1.070000e+03	3.108360e+06	1.070000e+03	3.141194e+06	1.070000e+03	3.156380e+06	1.070000e+03	3.127777e+06	1.070000e+03	3.127833e+06	1.070000e+03	3.118956e+06	1.070000e+03	3.117735e+06	1.070000e+03	3.129886e+06	1.070000e+03	3.125363e+06	1.070000e+03	3.135687e+06	1.070000e+03	3.132688e+06	1.070000e+03	3.118764e+06	1.070000e+03	3.147111e+06	1.070000e+03	3.136534e+06	1.070000e+03	3.134256e+06	1.070000e+03	3.143656e+06	1.070000e+03	3.151017e+06	1.070000e+03	3.161427e+06	1.070000e+03	3.146749e+06	1.070000e+03	3.163966e+06	1.070000e+03	3.151396e+06	1.070000e+03	3.156472e+06	1.070000e+03	3.161713e+06	1.070000e+03	3.127061e+06	1.070000e+03	3.146537e+06	1.070000e+03	3.140378e+06	1.070000e+03	3.149171e+06	1.070000e+03	3.137441e+06	1.070000e+03	3.146584e+06	1.070000e+03	3.157217e+06	1.070000e+03	3.164023e+06	1.070000e+03	3.150936e+06	1.070000e+03	3.176258e+06	1.070000e+03	3.144724e+06	1.070000e+03	3.144625e+06	1.070000e+03	3.142913e+06	1.070000e+03	3.152337e+06	1.070000e+03	3.145158e+06	1.070000e+03	3.141420e+06	1.070000e+03	3.156242e+06	1.070000e+03	3.167048e+06	1.070000e+03	3.160424e+06	1.070000e+03	3.149921e+06	1.070000e+03	3.153426e+06	1.070000e+03	3.164204e+06	1.070000e+03	3.189505e+06	1.070000e+03	3.163327e+06	1.070000e+03	3.144829e+06	1.070000e+03	3.160260e+06	1.070000e+03	3.149061e+06	1.070000e+03	3.163597e+06	1.070000e+03	3.147753e+06	1.070000e+03	3.189909e+06	1.070000e+03	3.158105e+06	1.070000e+03	3.160007e+06	1.070000e+03	3.158984e+06	1.070000e+03	3.158613e+06	1.070000e+03	3.161456e+06	1.070000e+03	3.174019e+06	1.070000e+03	3.155171e+06	1.070000e+03	3.162101e+06	1.070000e+03	3.151805e+06	1.070000e+03	3.138175e+06	1.070000e+03	3.165133e+06	1.070000e+03	3.160568e+06	1.070000e+03	3.172369e+06	1.070000e+03	3.156311e+06	1.070000e+03	3.136292e+06	1.070000e+03	3.165326e+06	1.070000e+03	3.176240e+06	1.070000e+03	3.157989e+06	1.070000e+03	3.162867e+06	1.070000e+03	3.166750e+06	1.070000e+03	3.163512e+06	1.070000e+03	3.134744e+06	1.070000e+03	3.165508e+06	1.070000e+03	3.157776e+06	1.070000e+03	3.168947e+06	1.070000e+03	3.146483e+06	1.070000e+03	3.163250e+06	1.070000e+03	3.171132e+06	1.070000e+03	3.163771e+06	1.070000e+03	3.155314e+06	1.070000e+03	3.164048e+06	1.070000e+03	3.153089e+06	1.070000e+03	3.130248e+06	1.070000e+03	3.171983e+06	1.070000e+03	3.155778e+06	1.070000e+03	3.149996e+06	1.070000e+03	3.140906e+06	1.070000e+03	3.158647e+06	1.070000e+03	3.149610e+06	1.070000e+03	3.151156e+06	1.070000e+03	3.165789e+06	1.070000e+03	3.155893e+06	1.070000e+03	3.154349e+06	1.070000e+03	3.162946e+06	1.070000e+03	3.171260e+06	1.070000e+03	3.164609e+06	1.070000e+03	3.139322e+06	1.070000e+03	3.170818e+06	1.070000e+03	3.173899e+06	1.070000e+03	3.166068e+06	1.070000e+03	3.157279e+06	1.070000e+03	3.188658e+06	1.070000e+03	3.170894e+06	1.070000e+03	3.150933e+06	1.070000e+03	3.145670e+06	1.070000e+03	3.150313e+06	1.070000e+03	3.157775e+06	1.070000e+03	3.158966e+06	1.070000e+03	3.160130e+06	1.070000e+03	3.173268e+06	1.070000e+03	3.166673e+06	1.070000e+03	3.170720e+06	1.070000e+03	3.158555e+06	1.070000e+03	3.166688e+06	1.070000e+03	3.167642e+06	1.070000e+03	3.173355e+06	1.070000e+03	3.145862e+06	1.070000e+03	3.158731e+06	1.070000e+03	3.152308e+06	1.070000e+03	3.182241e+06	1.070000e+03	3.172649e+06	1.070000e+03	3.169654e+06	1.070000e+03	3.172857e+06	1.070000e+03	3.176550e+06	1.070000e+03	3.187404e+06	1.070000e+03	3.173976e+06	1.070000e+03	3.175852e+06	1.070000e+03	3.179609e+06	1.070000e+03	3.189469e+06	1.070000e+03	3.164236e+06	1.070000e+03	3.153625e+06	1.070000e+03	3.178762e+06	1.070000e+03	3.187677e+06	1.070000e+03	3.194530e+06	1.070000e+03	3.187888e+06	1.070000e+03	3.195101e+06	1.070000e+03	3.192881e+06	1.070000e+03	3.188856e+06	1.070000e+03	3.182151e+06	1.070000e+03	3.195567e+06	1.070000e+03	3.183572e+06	1.070000e+03	3.188624e+06	1.070000e+03	3.177951e+06	1.070000e+03	3.194120e+06	1.070000e+03	3.191764e+06	1.070000e+03	3.204835e+06	1.070000e+03	3.195185e+06	1.070000e+03	3.169364e+06	1.070000e+03	3.193250e+06	1.070000e+03	3.203852e+06	1.070000e+03	3.188286e+06	1.070000e+03	3.190128e+06	1.070000e+03	3.191363e+06	1.070000e+03	3.199507e+06	1.070000e+03	3.194014e+06	1.070000e+03	3.204264e+06	1.070000e+03	3.190333e+06	1.070000e+03	3.192846e+06	1.070000e+03	3.179507e+06	1.070000e+03	3.210443e+06	1.070000e+03	3.202779e+06	1.070000e+03	3.196594e+06	1.070000e+03	3.180984e+06	1.070000e+03	3.195614e+06	1.070000e+03	3.199052e+06	1.070000e+03	3.184967e+06	1.070000e+03	3.204326e+06	1.070000e+03	3.180888e+06	1.070000e+03	3.203423e+06	1.070000e+03	3.205216e+06	1.070000e+03	3.203305e+06
1.075000e+03	3.109444e+06	1.075000e+03	3.093530e+06	1.075000e+03	3.083636e+06	1.075000e+03	3.073429e+06	1.075000e+03	3.053582e+06	1.075000e+03	3.068999e+06	1.075000e+03	3.041001e+06	1.075000e+03	3.041337e+06	1.075000e+03	3.038039e+06	1.075000e+03	3.031142e+06	1.075000e+03	3.045451e+06	1.075000e+03	3.022162e+06	1.075000e+03	3.026790e+06	1.075000e+03	3.025953e+06	1.075000e+03	3.030030e+06	1.075000e+03	3.047764e+06	1.075000e+03	3.039331e+06	1.075000e+03	3.038346e+06	1.075000e+03	3.040065e+06	1.075000e+03	3.033056e+06	1.075000e+03	3.027599e+06	1.075000e+03	3.012523e+06	1.075000e+03	3.012533e+06	1.075000e+03	3.004525e+06	1.075000e+03	3.027726e+06	1.075000e+03	3.017996e+06	1.075000e+03	3.016257e+06	1.075000e+03	3.030593e+06	1.075000e+03	3.005487e+06	1.075000e+03	3.039782e+06	1.075000e+03	3.013589e+06	1.075000e+03	3.033334e+06	1.075000e+03	2.998707e+06	1.075000e+03	3.021207e+06	1.075000e+03	3.027611e+06	1.075000e+03	3.047255e+06	1.075000e+03	3.021874e+06	1.075000e+03	3.035562e+06	1.075000e+03	3.034486e+06	1.075000e+03	3.032218e+06	1.075000e+03	3.049568e+06	1.075000e+03	3.043221e+06	1.075000e+03	3.056117e+06	1.075000e+03	3.045791e+06	1.075000e+03	3.064137e+06	1.075000e+03	3.052137e+06	1.075000e+03	3.057536e+06	1.075000e+03	3.054068e+06	1.075000e+03	3.062099e+06	1.075000e+03	3.065622e+06	1.075000e+03	3.080191e+06	1.075000e+03	3.068755e+06	1.075000e+03	3.064076e+06	1.075000e+03	3.072012e+06	1.075000e+03	3.076343e+06	1.075000e+03	3.071212e+06	1.075000e+03	3.086569e+06	1.075000e+03	3.060843e+06	1.075000e+03	3.085379e+06	1.075000e+03	3.097786e+06	1.075000e+03	3.108642e+06	1.075000e+03	3.077591e+06	1.075000e+03	3.095810e+06	1.075000e+03	3.083600e+06	1.075000e+03	3.077410e+06	1.075000e+03	3.096194e+06	1.075000e+03	3.072292e+06	1.075000e+03	3.074521e+06	1.075000e+03	3.088015e+06	1.075000e+03	3.094677e+06	1.075000e+03	3.119451e+06	1.075000e+03	3.091777e+06	1.075000e+03	3.093728e+06	1.075000e+03	3.110379e+06	1.075000e+03	3.115089e+06	1.075000e+03	3.109134e+06	1.075000e+03	3.115731e+06	1.075000e+03	3.105382e+06	1.075000e+03	3.107391e+06	1.075000e+03	3.102999e+06	1.075000e+03	3.099640e+06	1.075000e+03	3.111748e+06	1.075000e+03	3.112195e+06	1.075000e+03	3.096546e+06	1.075000e+03	3.112256e+06	1.075000e+03	3.118250e+06	1.075000e+03	3.106915e+06	1.075000e+03	3.119655e+06	1.075000e+03	3.123386e+06	1.075000e+03	3.108247e+06	1.075000e+03	3.114740e+06	1.075000e+03	3.113877e+06	1.075000e+03	3.161998e+06	1.075000e+03	3.121588e+06	1.075000e+03	3.123094e+06	1.075000e+03	3.111845e+06	1.075000e+03	3.114366e+06	1.075000e+03	3.125137e+06	1.075000e+03	3.139725e+06	1.075000e+03	3.130732e+06	1.075000e+03	3.119021e+06	1.075000e+03	3.131732e+06	1.075000e+03	3.119139e+06	1.075000e+03	3.112553e+06	1.075000e+03	3.121800e+06	1.075000e+03	3.120760e+06	1.075000e+03	3.124084e+06	1.075000e+03	3.108023e+06	1.075000e+03	3.133518e+06	1.075000e+03	3.128837e+06	1.075000e+03	3.130940e+06	1.075000e+03	3.142443e+06	1.075000e+03	3.133216e+06	1.075000e+03	3.122759e+06	1.075000e+03	3.129731e+06	1.075000e+03	3.138635e+06	1.075000e+03	3.140830e+06	1.075000e+03	3.129146e+06	1.075000e+03	3.094351e+06	1.075000e+03	3.103841e+06	1.075000e+03	3.134257e+06	1.075000e+03	3.116297e+06	1.075000e+03	3.139882e+06	1.075000e+03	3.107813e+06	1.075000e+03	3.116298e+06	1.075000e+03	3.112589e+06	1.075000e+03	3.117525e+06	1.075000e+03	3.109830e+06	1.075000e+03	3.129824e+06	1.075000e+03	3.132004e+06	1.075000e+03	3.123072e+06	1.075000e+03	3.116600e+06	1.075000e+03	3.119280e+06	1.075000e+03	3.139041e+06	1.075000e+03	3.117196e+06	1.075000e+03	3.105562e+06	1.075000e+03	3.115087e+06	1.075000e+03	3.134242e+06	1.075000e+03	3.124245e+06	1.075000e+03	3.117286e+06	1.075000e+03	3.104992e+06	1.075000e+03	3.132024e+06	1.075000e+03	3.149802e+06	1.075000e+03	3.123827e+06	1.075000e+03	3.132958e+06	1.075000e+03	3.119535e+06	1.075000e+03	3.123061e+06	1.075000e+03	3.145261e+06	1.075000e+03	3.136560e+06	1.075000e+03	3.147501e+06	1.075000e+03	3.131506e+06	1.075000e+03	3.124661e+06	1.075000e+03	3.158860e+06	1.075000e+03	3.128611e+06	1.075000e+03	3.134792e+06	1.075000e+03	3.144037e+06	1.075000e+03	3.160407e+06	1.075000e+03	3.153829e+06	1.075000e+03	3.148923e+06	1.075000e+03	3.151431e+06	1.075000e+03	3.151529e+06	1.075000e+03	3.164761e+06	1.075000e+03	3.162681e+06	1.075000e+03	3.124933e+06	1.075000e+03	3.141535e+06	1.075000e+03	3.145847e+06	1.075000e+03	3.150813e+06	1.075000e+03	3.136745e+06	1.075000e+03	3.154114e+06	1.075000e+03	3.156430e+06	1.075000e+03	3.160907e+06	1.075000e+03	3.159799e+06	1.075000e+03	3.176759e+06	1.075000e+03	3.137337e+06	1.075000e+03	3.135365e+06	1.075000e+03	3.134798e+06	1.075000e+03	3.149548e+06	1.075000e+03	3.145468e+06	1.075000e+03	3.139394e+06	1.075000e+03	3.161409e+06	1.075000e+03	3.170174e+06	1.075000e+03	3.157616e+06	1.075000e+03	3.136124e+06	1.075000e+03	3.159018e+06	1.075000e+03	3.160708e+06	1.075000e+03	3.190442e+06	1.075000e+03	3.168883e+06	1.075000e+03	3.146127e+06	1.075000e+03	3.159788e+06	1.075000e+03	3.153340e+06	1.075000e+03	3.160892e+06	1.075000e+03	3.143919e+06	1.075000e+03	3.187451e+06	1.075000e+03	3.163150e+06	1.075000e+03	3.154427e+06	1.075000e+03	3.160302e+06	1.075000e+03	3.142535e+06	1.075000e+03	3.164909e+06	1.075000e+03	3.174622e+06	1.075000e+03	3.152332e+06	1.075000e+03	3.162808e+06	1.075000e+03	3.155275e+06	1.075000e+03	3.142882e+06	1.075000e+03	3.158549e+06	1.075000e+03	3.161847e+06	1.075000e+03	3.172781e+06	1.075000e+03	3.151303e+06	1.075000e+03	3.131918e+06	1.075000e+03	3.162909e+06	1.075000e+03	3.169946e+06	1.075000e+03	3.153574e+06	1.075000e+03	3.163613e+06	1.075000e+03	3.150239e+06	1.075000e+03	3.161021e+06	1.075000e+03	3.138867e+06	1.075000e+03	3.162159e+06	1.075000e+03	3.156067e+06	1.075000e+03	3.166025e+06	1.075000e+03	3.148176e+06	1.075000e+03	3.162777e+06	1.075000e+03	3.171766e+06	1.075000e+03	3.163992e+06	1.075000e+03	3.148238e+06	1.075000e+03	3.166343e+06	1.075000e+03	3.152097e+06	1.075000e+03	3.132915e+06	1.075000e+03	3.165092e+06	1.075000e+03	3.154501e+06	1.075000e+03	3.147684e+06	1.075000e+03	3.141517e+06	1.075000e+03	3.156193e+06	1.075000e+03	3.149423e+06	1.075000e+03	3.150631e+06	1.075000e+03	3.164354e+06	1.075000e+03	3.149635e+06	1.075000e+03	3.156524e+06	1.075000e+03	3.156782e+06	1.075000e+03	3.171408e+06	1.075000e+03	3.162257e+06	1.075000e+03	3.140989e+06	1.075000e+03	3.182013e+06	1.075000e+03	3.179314e+06	1.075000e+03	3.145483e+06	1.075000e+03	3.156074e+06	1.075000e+03	3.186346e+06	1.075000e+03	3.178397e+06	1.075000e+03	3.157329e+06	1.075000e+03	3.152707e+06	1.075000e+03	3.148149e+06	1.075000e+03	3.148991e+06	1.075000e+03	3.157108e+06	1.075000e+03	3.164482e+06	1.075000e+03	3.175831e+06	1.075000e+03	3.169171e+06	1.075000e+03	3.175661e+06	1.075000e+03	3.157097e+06	1.075000e+03	3.174624e+06	1.075000e+03	3.165570e+06	1.075000e+03	3.180023e+06	1.075000e+03	3.135906e+06	1.075000e+03	3.169284e+06	1.075000e+03	3.158373e+06	1.075000e+03	3.179593e+06	1.075000e+03	3.174287e+06	1.075000e+03	3.179265e+06	1.075000e+03	3.175056e+06	1.075000e+03	3.181731e+06	1.075000e+03	3.190166e+06	1.075000e+03	3.167810e+06	1.075000e+03	3.171631e+06	1.075000e+03	3.184367e+06	1.075000e+03	3.186686e+06	1.075000e+03	3.164741e+06	1.075000e+03	3.159496e+06	1.075000e+03	3.177461e+06	1.075000e+03	3.191560e+06	1.075000e+03	3.183621e+06	1.075000e+03	3.186949e+06	1.075000e+03	3.199299e+06	1.075000e+03	3.183551e+06	1.075000e+03	3.182618e+06	1.075000e+03	3.181847e+06	1.075000e+03	3.184733e+06	1.075000e+03	3.186214e+06	1.075000e+03	3.191595e+06	1.075000e+03	3.182241e+06	1.075000e+03	3.193463e+06	1.075000e+03	3.196641e+06	1.075000e+03	3.203698e+06	1.075000e+03	3.198576e+06	1.075000e+03	3.173765e+06	1.075000e+03	3.196153e+06	1.075000e+03	3.201190e+06	1.075000e+03	3.184845e+06	1.075000e+03	3.189874e+06	1.075000e+03	3.191494e+06	1.075000e+03	3.191000e+06	1.075000e+03	3.195032e+06	1.075000e+03	3.215190e+06	1.075000e+03	3.199646e+06	1.075000e+03	3.191709e+06	1.075000e+03	3.176615e+06	1.075000e+03	3.208003e+06	1.075000e+03	3.202998e+06	1.075000e+03	3.199035e+06	1.075000e+03	3.182481e+06	1.075000e+03	3.201719e+06	1.075000e+03	3.203008e+06	1.075000e+03	3.183648e+06	1.075000e+03	3.194572e+06	1.075000e+03	3.179200e+06	1.075000e+03	3.203894e+06	1.075000e+03	3.190908e+06	1.075000e+03	3.206698e+06
1.080000e+03	3.104032e+06	1.080000e+03	3.088441e+06	1.080000e+03	3.078496e+06	1.080000e+03	3.081372e+06	1.080000e+03	3.039289e+06	1.080000e+03	3.070921e+06	1.080000e+03	3.042489e+06	1.080000e+03	3.040966e+06	1.080000e+03	3.037207e+06	1.080000e+03	3.041798e+06	1.080000e+03	3.033395e+06	1.080000e+03	3.018843e+06	1.080000e+03	3.022997e+06	1.080000e+03	3.019864e+06	1.080000e+03	3.024119e+06	1.080000e+03	3.045054e+06	1.080000e+03	3.040784e+06	1.080000e+03	3.040359e+06	1.080000e+03	3.036831e+06	1.080000e+03	3.036829e+06	1.080000e+03	3.030435e+06	1.080000e+03	3.014724e+06	1.080000e+03	3.013988e+06	1.080000e+03	3.007720e+06	1.080000e+03	3.017583e+06	1.080000e+03	3.019526e+06	1.080000e+03	3.019782e+06	1.080000e+03	3.016467e+06	1.080000e+03	3.006084e+06	1.080000e+03	3.037809e+06	1.080000e+03	3.017835e+06	1.080000e+03	3.035068e+06	1.080000e+03	2.993854e+06	1.080000e+03	3.014952e+06	1.080000e+03	3.028813e+06	1.080000e+03	3.044864e+06	1.080000e+03	3.019312e+06	1.080000e+03	3.047650e+06	1.080000e+03	3.034079e+06	1.080000e+03	3.045070e+06	1.080000e+03	3.052346e+06	1.080000e+03	3.048177e+06	1.080000e+03	3.048598e+06	1.080000e+03	3.038775e+06	1.080000e+03	3.062100e+06	1.080000e+03	3.048818e+06	1.080000e+03	3.053162e+06	1.080000e+03	3.055272e+06	1.080000e+03	3.066162e+06	1.080000e+03	3.065174e+06	1.080000e+03	3.073968e+06	1.080000e+03	3.066502e+06	1.080000e+03	3.061727e+06	1.080000e+03	3.071596e+06	1.080000e+03	3.085884e+06	1.080000e+03	3.077823e+06	1.080000e+03	3.089421e+06	1.080000e+03	3.063729e+06	1.080000e+03	3.090493e+06	1.080000e+03	3.104800e+06	1.080000e+03	3.105032e+06	1.080000e+03	3.075291e+06	1.080000e+03	3.098739e+06	1.080000e+03	3.078645e+06	1.080000e+03	3.074733e+06	1.080000e+03	3.102446e+06	1.080000e+03	3.075006e+06	1.080000e+03	3.070856e+06	1.080000e+03	3.086440e+06	1.080000e+03	3.095760e+06	1.080000e+03	3.119121e+06	1.080000e+03	3.087337e+06	1.080000e+03	3.092627e+06	1.080000e+03	3.113512e+06	1.080000e+03	3.113211e+06	1.080000e+03	3.106778e+06	1.080000e+03	3.123176e+06	1.080000e+03	3.107520e+06	1.080000e+03	3.101896e+06	1.080000e+03	3.101435e+06	1.080000e+03	3.099543e+06	1.080000e+03	3.103811e+06	1.080000e+03	3.101537e+06	1.080000e+03	3.106814e+06	1.080000e+03	3.113940e+06	1.080000e+03	3.120406e+06	1.080000e+03	3.106350e+06	1.080000e+03	3.119731e+06	1.080000e+03	3.123643e+06	1.080000e+03	3.095166e+06	1.080000e+03	3.118849e+06	1.080000e+03	3.113918e+06	1.080000e+03	3.152298e+06	1.080000e+03	3.128163e+06	1.080000e+03	3.129132e+06	1.080000e+03	3.120545e+06	1.080000e+03	3.117156e+06	1.080000e+03	3.120291e+06	1.080000e+03	3.143271e+06	1.080000e+03	3.132497e+06	1.080000e+03	3.123310e+06	1.080000e+03	3.138027e+06	1.080000e+03	3.117053e+06	1.080000e+03	3.112560e+06	1.080000e+03	3.118227e+06	1.080000e+03	3.118420e+06	1.080000e+03	3.117616e+06	1.080000e+03	3.097966e+06	1.080000e+03	3.132208e+06	1.080000e+03	3.135970e+06	1.080000e+03	3.136033e+06	1.080000e+03	3.139824e+06	1.080000e+03	3.134270e+06	1.080000e+03	3.117007e+06	1.080000e+03	3.130271e+06	1.080000e+03	3.139008e+06	1.080000e+03	3.141372e+06	1.080000e+03	3.123802e+06	1.080000e+03	3.095034e+06	1.080000e+03	3.098619e+06	1.080000e+03	3.142568e+06	1.080000e+03	3.120340e+06	1.080000e+03	3.139161e+06	1.080000e+03	3.102573e+06	1.080000e+03	3.121894e+06	1.080000e+03	3.127170e+06	1.080000e+03	3.109376e+06	1.080000e+03	3.101783e+06	1.080000e+03	3.133676e+06	1.080000e+03	3.134988e+06	1.080000e+03	3.116778e+06	1.080000e+03	3.109734e+06	1.080000e+03	3.120339e+06	1.080000e+03	3.137320e+06	1.080000e+03	3.109836e+06	1.080000e+03	3.105298e+06	1.080000e+03	3.112402e+06	1.080000e+03	3.124221e+06	1.080000e+03	3.118769e+06	1.080000e+03	3.119263e+06	1.080000e+03	3.110510e+06	1.080000e+03	3.125890e+06	1.080000e+03	3.145900e+06	1.080000e+03	3.131562e+06	1.080000e+03	3.127049e+06	1.080000e+03	3.119128e+06	1.080000e+03	3.120335e+06	1.080000e+03	3.135413e+06	1.080000e+03	3.133323e+06	1.080000e+03	3.141187e+06	1.080000e+03	3.138668e+06	1.080000e+03	3.121108e+06	1.080000e+03	3.145076e+06	1.080000e+03	3.129599e+06	1.080000e+03	3.138523e+06	1.080000e+03	3.139249e+06	1.080000e+03	3.154030e+06	1.080000e+03	3.151260e+06	1.080000e+03	3.148291e+06	1.080000e+03	3.156570e+06	1.080000e+03	3.154022e+06	1.080000e+03	3.159488e+06	1.080000e+03	3.160206e+06	1.080000e+03	3.118722e+06	1.080000e+03	3.162211e+06	1.080000e+03	3.141906e+06	1.080000e+03	3.148236e+06	1.080000e+03	3.140035e+06	1.080000e+03	3.154737e+06	1.080000e+03	3.159654e+06	1.080000e+03	3.155266e+06	1.080000e+03	3.153901e+06	1.080000e+03	3.173438e+06	1.080000e+03	3.138309e+06	1.080000e+03	3.136346e+06	1.080000e+03	3.135773e+06	1.080000e+03	3.150320e+06	1.080000e+03	3.144032e+06	1.080000e+03	3.137968e+06	1.080000e+03	3.163023e+06	1.080000e+03	3.171699e+06	1.080000e+03	3.162692e+06	1.080000e+03	3.135471e+06	1.080000e+03	3.158675e+06	1.080000e+03	3.155961e+06	1.080000e+03	3.189193e+06	1.080000e+03	3.156189e+06	1.080000e+03	3.139353e+06	1.080000e+03	3.160409e+06	1.080000e+03	3.150715e+06	1.080000e+03	3.168231e+06	1.080000e+03	3.150653e+06	1.080000e+03	3.192457e+06	1.080000e+03	3.161302e+06	1.080000e+03	3.153508e+06	1.080000e+03	3.160250e+06	1.080000e+03	3.140467e+06	1.080000e+03	3.162212e+06	1.080000e+03	3.174994e+06	1.080000e+03	3.163105e+06	1.080000e+03	3.159484e+06	1.080000e+03	3.152919e+06	1.080000e+03	3.144498e+06	1.080000e+03	3.155403e+06	1.080000e+03	3.161227e+06	1.080000e+03	3.164315e+06	1.080000e+03	3.146669e+06	1.080000e+03	3.133491e+06	1.080000e+03	3.171486e+06	1.080000e+03	3.168134e+06	1.080000e+03	3.158559e+06	1.080000e+03	3.161170e+06	1.080000e+03	3.163157e+06	1.080000e+03	3.157161e+06	1.080000e+03	3.148390e+06	1.080000e+03	3.156455e+06	1.080000e+03	3.157794e+06	1.080000e+03	3.167362e+06	1.080000e+03	3.147620e+06	1.080000e+03	3.165808e+06	1.080000e+03	3.167488e+06	1.080000e+03	3.173215e+06	1.080000e+03	3.149141e+06	1.080000e+03	3.164546e+06	1.080000e+03	3.146362e+06	1.080000e+03	3.142444e+06	1.080000e+03	3.160646e+06	1.080000e+03	3.173080e+06	1.080000e+03	3.152403e+06	1.080000e+03	3.146630e+06	1.080000e+03	3.151108e+06	1.080000e+03	3.147544e+06	1.080000e+03	3.151539e+06	1.080000e+03	3.173670e+06	1.080000e+03	3.148705e+06	1.080000e+03	3.153265e+06	1.080000e+03	3.162799e+06	1.080000e+03	3.176945e+06	1.080000e+03	3.158613e+06	1.080000e+03	3.144712e+06	1.080000e+03	3.177675e+06	1.080000e+03	3.175293e+06	1.080000e+03	3.149339e+06	1.080000e+03	3.156247e+06	1.080000e+03	3.181437e+06	1.080000e+03	3.168696e+06	1.080000e+03	3.156923e+06	1.080000e+03	3.153938e+06	1.080000e+03	3.153978e+06	1.080000e+03	3.151866e+06	1.080000e+03	3.149854e+06	1.080000e+03	3.155798e+06	1.080000e+03	3.165129e+06	1.080000e+03	3.166173e+06	1.080000e+03	3.186834e+06	1.080000e+03	3.157852e+06	1.080000e+03	3.168681e+06	1.080000e+03	3.166521e+06	1.080000e+03	3.175400e+06	1.080000e+03	3.138805e+06	1.080000e+03	3.169272e+06	1.080000e+03	3.168286e+06	1.080000e+03	3.180818e+06	1.080000e+03	3.174737e+06	1.080000e+03	3.174631e+06	1.080000e+03	3.182049e+06	1.080000e+03	3.183216e+06	1.080000e+03	3.186731e+06	1.080000e+03	3.171022e+06	1.080000e+03	3.173130e+06	1.080000e+03	3.181631e+06	1.080000e+03	3.178003e+06	1.080000e+03	3.170478e+06	1.080000e+03	3.167843e+06	1.080000e+03	3.181674e+06	1.080000e+03	3.191831e+06	1.080000e+03	3.182534e+06	1.080000e+03	3.189766e+06	1.080000e+03	3.189375e+06	1.080000e+03	3.185142e+06	1.080000e+03	3.173572e+06	1.080000e+03	3.180451e+06	1.080000e+03	3.184843e+06	1.080000e+03	3.185443e+06	1.080000e+03	3.185512e+06	1.080000e+03	3.175041e+06	1.080000e+03	3.198787e+06	1.080000e+03	3.197289e+06	1.080000e+03	3.208663e+06	1.080000e+03	3.206115e+06	1.080000e+03	3.177293e+06	1.080000e+03	3.197193e+06	1.080000e+03	3.194879e+06	1.080000e+03	3.187653e+06	1.080000e+03	3.185355e+06	1.080000e+03	3.190249e+06	1.080000e+03	3.197543e+06	1.080000e+03	3.197630e+06	1.080000e+03	3.204671e+06	1.080000e+03	3.192691e+06	1.080000e+03	3.182944e+06	1.080000e+03	3.181696e+06	1.080000e+03	3.205178e+06	1.080000e+03	3.194198e+06	1.080000e+03	3.201244e+06	1.080000e+03	3.183757e+06	1.080000e+03	3.196342e+06	1.080000e+03	3.202547e+06	1.080000e+03	3.182062e+06	1.080000e+03	3.191241e+06	1.080000e+03	3.180951e+06	1.080000e+03	3.206442e+06	1.080000e+03	3.190411e+06	1.080000e+03	3.206081e+06
1.085000e+03	3.103218e+06	1.085000e+03	3.096974e+06	1.085000e+03	3.075530e+06	1.085000e+03	3.073146e+06	1.085000e+03	3.044344e+06	1.085000e+03	3.064819e+06	1.085000e+03	3.040998e+06	1.085000e+03	3.039036e+06	1.085000e+03	3.026757e+06	1.085000e+03	3.040211e+06	1.085000e+03	3.038686e+06	1.085000e+03	3.029836e+06	1.085000e+03	3.020618e+06	1.085000e+03	3.016808e+06	1.085000e+03	3.025658e+06	1.085000e+03	3.045909e+06	1.085000e+03	3.043838e+06	1.085000e+03	3.034667e+06	1.085000e+03	3.035074e+06	1.085000e+03	3.037731e+06	1.085000e+03	3.023217e+06	1.085000e+03	3.012169e+06	1.085000e+03	3.015925e+06	1.085000e+03	3.003117e+06	1.085000e+03	3.021450e+06	1.085000e+03	3.014830e+06	1.085000e+03	3.021144e+06	1.085000e+03	3.030319e+06	1.085000e+03	3.002536e+06	1.085000e+03	3.023540e+06	1.085000e+03	3.018724e+06	1.085000e+03	3.035521e+06	1.085000e+03	2.996583e+06	1.085000e+03	3.012794e+06	1.085000e+03	3.030525e+06	1.085000e+03	3.045457e+06	1.085000e+03	3.032064e+06	1.085000e+03	3.037573e+06	1.085000e+03	3.032650e+06	1.085000e+03	3.050915e+06	1.085000e+03	3.053652e+06	1.085000e+03	3.039730e+06	1.085000e+03	3.056193e+06	1.085000e+03	3.038781e+06	1.085000e+03	3.042346e+06	1.085000e+03	3.050614e+06	1.085000e+03	3.043171e+06	1.085000e+03	3.061318e+06	1.085000e+03	3.061746e+06	1.085000e+03	3.067645e+06	1.085000e+03	3.072524e+06	1.085000e+03	3.066765e+06	1.085000e+03	3.060402e+06	1.085000e+03	3.075717e+06	1.085000e+03	3.080711e+06	1.085000e+03	3.072966e+06	1.085000e+03	3.090216e+06	1.085000e+03	3.068879e+06	1.085000e+03	3.087584e+06	1.085000e+03	3.097403e+06	1.085000e+03	3.102386e+06	1.085000e+03	3.079001e+06	1.085000e+03	3.092340e+06	1.085000e+03	3.078499e+06	1.085000e+03	3.078172e+06	1.085000e+03	3.104341e+06	1.085000e+03	3.071940e+06	1.085000e+03	3.074914e+06	1.085000e+03	3.102984e+06	1.085000e+03	3.092390e+06	1.085000e+03	3.104879e+06	1.085000e+03	3.079726e+06	1.085000e+03	3.094054e+06	1.085000e+03	3.116358e+06	1.085000e+03	3.099808e+06	1.085000e+03	3.111796e+06	1.085000e+03	3.119131e+06	1.085000e+03	3.107854e+06	1.085000e+03	3.108319e+06	1.085000e+03	3.099189e+06	1.085000e+03	3.102190e+06	1.085000e+03	3.104012e+06	1.085000e+03	3.105499e+06	1.085000e+03	3.101129e+06	1.085000e+03	3.107950e+06	1.085000e+03	3.121705e+06	1.085000e+03	3.108105e+06	1.085000e+03	3.119284e+06	1.085000e+03	3.118046e+06	1.085000e+03	3.101398e+06	1.085000e+03	3.118956e+06	1.085000e+03	3.124079e+06	1.085000e+03	3.150698e+06	1.085000e+03	3.139750e+06	1.085000e+03	3.130109e+06	1.085000e+03	3.118960e+06	1.085000e+03	3.118384e+06	1.085000e+03	3.117221e+06	1.085000e+03	3.135851e+06	1.085000e+03	3.135156e+06	1.085000e+03	3.126938e+06	1.085000e+03	3.138814e+06	1.085000e+03	3.111396e+06	1.085000e+03	3.109488e+06	1.085000e+03	3.118829e+06	1.085000e+03	3.114038e+06	1.085000e+03	3.121460e+06	1.085000e+03	3.106104e+06	1.085000e+03	3.121912e+06	1.085000e+03	3.133497e+06	1.085000e+03	3.136990e+06	1.085000e+03	3.134282e+06	1.085000e+03	3.136289e+06	1.085000e+03	3.118308e+06	1.085000e+03	3.130807e+06	1.085000e+03	3.135350e+06	1.085000e+03	3.145896e+06	1.085000e+03	3.119639e+06	1.085000e+03	3.090652e+06	1.085000e+03	3.096328e+06	1.085000e+03	3.124226e+06	1.085000e+03	3.125456e+06	1.085000e+03	3.141212e+06	1.085000e+03	3.104718e+06	1.085000e+03	3.111337e+06	1.085000e+03	3.115136e+06	1.085000e+03	3.111936e+06	1.085000e+03	3.101337e+06	1.085000e+03	3.131628e+06	1.085000e+03	3.141108e+06	1.085000e+03	3.117112e+06	1.085000e+03	3.106306e+06	1.085000e+03	3.112072e+06	1.085000e+03	3.122112e+06	1.085000e+03	3.119468e+06	1.085000e+03	3.101391e+06	1.085000e+03	3.117506e+06	1.085000e+03	3.128060e+06	1.085000e+03	3.120926e+06	1.085000e+03	3.116524e+06	1.085000e+03	3.117439e+06	1.085000e+03	3.127704e+06	1.085000e+03	3.143921e+06	1.085000e+03	3.132978e+06	1.085000e+03	3.120038e+06	1.085000e+03	3.124637e+06	1.085000e+03	3.121432e+06	1.085000e+03	3.142248e+06	1.085000e+03	3.131327e+06	1.085000e+03	3.137277e+06	1.085000e+03	3.140277e+06	1.085000e+03	3.124293e+06	1.085000e+03	3.146933e+06	1.085000e+03	3.130591e+06	1.085000e+03	3.143566e+06	1.085000e+03	3.144725e+06	1.085000e+03	3.159164e+06	1.085000e+03	3.149609e+06	1.085000e+03	3.146624e+06	1.085000e+03	3.154497e+06	1.085000e+03	3.154052e+06	1.085000e+03	3.159159e+06	1.085000e+03	3.157688e+06	1.085000e+03	3.123147e+06	1.085000e+03	3.157962e+06	1.085000e+03	3.143913e+06	1.085000e+03	3.157914e+06	1.085000e+03	3.135511e+06	1.085000e+03	3.161583e+06	1.085000e+03	3.173552e+06	1.085000e+03	3.158118e+06	1.085000e+03	3.157189e+06	1.085000e+03	3.179907e+06	1.085000e+03	3.133345e+06	1.085000e+03	3.133377e+06	1.085000e+03	3.135601e+06	1.085000e+03	3.146835e+06	1.085000e+03	3.152054e+06	1.085000e+03	3.141470e+06	1.085000e+03	3.168826e+06	1.085000e+03	3.165548e+06	1.085000e+03	3.171997e+06	1.085000e+03	3.143799e+06	1.085000e+03	3.162258e+06	1.085000e+03	3.157549e+06	1.085000e+03	3.183468e+06	1.085000e+03	3.160195e+06	1.085000e+03	3.138222e+06	1.085000e+03	3.159616e+06	1.085000e+03	3.149885e+06	1.085000e+03	3.158953e+06	1.085000e+03	3.150879e+06	1.085000e+03	3.185840e+06	1.085000e+03	3.159829e+06	1.085000e+03	3.149367e+06	1.085000e+03	3.157881e+06	1.085000e+03	3.137803e+06	1.085000e+03	3.157715e+06	1.085000e+03	3.174467e+06	1.085000e+03	3.158150e+06	1.085000e+03	3.162042e+06	1.085000e+03	3.154481e+06	1.085000e+03	3.142707e+06	1.085000e+03	3.156537e+06	1.085000e+03	3.157529e+06	1.085000e+03	3.152409e+06	1.085000e+03	3.150189e+06	1.085000e+03	3.134867e+06	1.085000e+03	3.162364e+06	1.085000e+03	3.161934e+06	1.085000e+03	3.159681e+06	1.085000e+03	3.151412e+06	1.085000e+03	3.162923e+06	1.085000e+03	3.140852e+06	1.085000e+03	3.148948e+06	1.085000e+03	3.169389e+06	1.085000e+03	3.148827e+06	1.085000e+03	3.162376e+06	1.085000e+03	3.147046e+06	1.085000e+03	3.165069e+06	1.085000e+03	3.161879e+06	1.085000e+03	3.166593e+06	1.085000e+03	3.143447e+06	1.085000e+03	3.165000e+06	1.085000e+03	3.142445e+06	1.085000e+03	3.152333e+06	1.085000e+03	3.162971e+06	1.085000e+03	3.170796e+06	1.085000e+03	3.152186e+06	1.085000e+03	3.146092e+06	1.085000e+03	3.151866e+06	1.085000e+03	3.147881e+06	1.085000e+03	3.155484e+06	1.085000e+03	3.167699e+06	1.085000e+03	3.150041e+06	1.085000e+03	3.151459e+06	1.085000e+03	3.151799e+06	1.085000e+03	3.177781e+06	1.085000e+03	3.158104e+06	1.085000e+03	3.143946e+06	1.085000e+03	3.170485e+06	1.085000e+03	3.176865e+06	1.085000e+03	3.152774e+06	1.085000e+03	3.146997e+06	1.085000e+03	3.184384e+06	1.085000e+03	3.163068e+06	1.085000e+03	3.156868e+06	1.085000e+03	3.153486e+06	1.085000e+03	3.150806e+06	1.085000e+03	3.146190e+06	1.085000e+03	3.154335e+06	1.085000e+03	3.166669e+06	1.085000e+03	3.164162e+06	1.085000e+03	3.171907e+06	1.085000e+03	3.175275e+06	1.085000e+03	3.151961e+06	1.085000e+03	3.174347e+06	1.085000e+03	3.160497e+06	1.085000e+03	3.173133e+06	1.085000e+03	3.143530e+06	1.085000e+03	3.165178e+06	1.085000e+03	3.173456e+06	1.085000e+03	3.179829e+06	1.085000e+03	3.175015e+06	1.085000e+03	3.179119e+06	1.085000e+03	3.182895e+06	1.085000e+03	3.178892e+06	1.085000e+03	3.183940e+06	1.085000e+03	3.172153e+06	1.085000e+03	3.171067e+06	1.085000e+03	3.181363e+06	1.085000e+03	3.184979e+06	1.085000e+03	3.173514e+06	1.085000e+03	3.162015e+06	1.085000e+03	3.182925e+06	1.085000e+03	3.181344e+06	1.085000e+03	3.189929e+06	1.085000e+03	3.188847e+06	1.085000e+03	3.193576e+06	1.085000e+03	3.190201e+06	1.085000e+03	3.180276e+06	1.085000e+03	3.180052e+06	1.085000e+03	3.179298e+06	1.085000e+03	3.195749e+06	1.085000e+03	3.186289e+06	1.085000e+03	3.178053e+06	1.085000e+03	3.209626e+06	1.085000e+03	3.201944e+06	1.085000e+03	3.214431e+06	1.085000e+03	3.206654e+06	1.085000e+03	3.182343e+06	1.085000e+03	3.196372e+06	1.085000e+03	3.205555e+06	1.085000e+03	3.189015e+06	1.085000e+03	3.190561e+06	1.085000e+03	3.186441e+06	1.085000e+03	3.204465e+06	1.085000e+03	3.204076e+06	1.085000e+03	3.205780e+06	1.085000e+03	3.203333e+06	1.085000e+03	3.182679e+06	1.085000e+03	3.181308e+06	1.085000e+03	3.203889e+06	1.085000e+03	3.201532e+06	1.085000e+03	3.204763e+06	1.085000e+03	3.188179e+06	1.085000e+03	3.187348e+06	1.085000e+03	3.196089e+06	1.085000e+03	3.187053e+06	1.085000e+03	3.204886e+06	1.085000e+03	3.179370e+06	1.085000e+03	3.207032e+06	1.085000e+03	3.188942e+06	1.085000e+03	3.205535e+06
1.090000e+03	3.103244e+06	1.090000e+03	3.097753e+06	1.090000e+03	3.076231e+06	1.090000e+03	3.072044e+06	1.090000e+03	3.042906e+06	1.090000e+03	3.067982e+06	1.090000e+03	3.041340e+06	1.090000e+03	3.039451e+06	1.090000e+03	3.024596e+06	1.090000e+03	3.039204e+06	1.090000e+03	3.036316e+06	1.090000e+03	3.036347e+06	1.090000e+03	3.023209e+06	1.090000e+03	3.019315e+06	1.090000e+03	3.033095e+06	1.090000e+03	3.049583e+06	1.090000e+03	3.043755e+06	1.090000e+03	3.029650e+06	1.090000e+03	3.034452e+06	1.090000e+03	3.029462e+06	1.090000e+03	3.025550e+06	1.090000e+03	3.012257e+06	1.090000e+03	3.001337e+06	1.090000e+03	3.007922e+06	1.090000e+03	3.016172e+06	1.090000e+03	3.020029e+06	1.090000e+03	3.019941e+06	1.090000e+03	3.035225e+06	1.090000e+03	2.998276e+06	1.090000e+03	3.021128e+06	1.090000e+03	3.019012e+06	1.090000e+03	3.024203e+06	1.090000e+03	3.001095e+06	1.090000e+03	3.007078e+06	1.090000e+03	3.034892e+06	1.090000e+03	3.041432e+06	1.090000e+03	3.012943e+06	1.090000e+03	3.035838e+06	1.090000e+03	3.030277e+06	1.090000e+03	3.040726e+06	1.090000e+03	3.050310e+06	1.090000e+03	3.043616e+06	1.090000e+03	3.065319e+06	1.090000e+03	3.039503e+06	1.090000e+03	3.049126e+06	1.090000e+03	3.057346e+06	1.090000e+03	3.042567e+06	1.090000e+03	3.065183e+06	1.090000e+03	3.055818e+06	1.090000e+03	3.059948e+06	1.090000e+03	3.067867e+06	1.090000e+03	3.069620e+06	1.090000e+03	3.060320e+06	1.090000e+03	3.075158e+06	1.090000e+03	3.085035e+06	1.090000e+03	3.075960e+06	1.090000e+03	3.089115e+06	1.090000e+03	3.071478e+06	1.090000e+03	3.085864e+06	1.090000e+03	3.091626e+06	1.090000e+03	3.105906e+06	1.090000e+03	3.075986e+06	1.090000e+03	3.089183e+06	1.090000e+03	3.086921e+06	1.090000e+03	3.074753e+06	1.090000e+03	3.107426e+06	1.090000e+03	3.078751e+06	1.090000e+03	3.068298e+06	1.090000e+03	3.081870e+06	1.090000e+03	3.084626e+06	1.090000e+03	3.105130e+06	1.090000e+03	3.090049e+06	1.090000e+03	3.096770e+06	1.090000e+03	3.117441e+06	1.090000e+03	3.103653e+06	1.090000e+03	3.102439e+06	1.090000e+03	3.118984e+06	1.090000e+03	3.108054e+06	1.090000e+03	3.105201e+06	1.090000e+03	3.106545e+06	1.090000e+03	3.098684e+06	1.090000e+03	3.121710e+06	1.090000e+03	3.111707e+06	1.090000e+03	3.104759e+06	1.090000e+03	3.106915e+06	1.090000e+03	3.121532e+06	1.090000e+03	3.107018e+06	1.090000e+03	3.129628e+06	1.090000e+03	3.120654e+06	1.090000e+03	3.102350e+06	1.090000e+03	3.118443e+06	1.090000e+03	3.114780e+06	1.090000e+03	3.153334e+06	1.090000e+03	3.116379e+06	1.090000e+03	3.128652e+06	1.090000e+03	3.117492e+06	1.090000e+03	3.120787e+06	1.090000e+03	3.118186e+06	1.090000e+03	3.122456e+06	1.090000e+03	3.135675e+06	1.090000e+03	3.124742e+06	1.090000e+03	3.140254e+06	1.090000e+03	3.114810e+06	1.090000e+03	3.104837e+06	1.090000e+03	3.111708e+06	1.090000e+03	3.111758e+06	1.090000e+03	3.119958e+06	1.090000e+03	3.106084e+06	1.090000e+03	3.116653e+06	1.090000e+03	3.126701e+06	1.090000e+03	3.142985e+06	1.090000e+03	3.132108e+06	1.090000e+03	3.131990e+06	1.090000e+03	3.122039e+06	1.090000e+03	3.124827e+06	1.090000e+03	3.134888e+06	1.090000e+03	3.142150e+06	1.090000e+03	3.131196e+06	1.090000e+03	3.090589e+06	1.090000e+03	3.097712e+06	1.090000e+03	3.124626e+06	1.090000e+03	3.119087e+06	1.090000e+03	3.134151e+06	1.090000e+03	3.111750e+06	1.090000e+03	3.117335e+06	1.090000e+03	3.117200e+06	1.090000e+03	3.119329e+06	1.090000e+03	3.108725e+06	1.090000e+03	3.136468e+06	1.090000e+03	3.128984e+06	1.090000e+03	3.114964e+06	1.090000e+03	3.101815e+06	1.090000e+03	3.106800e+06	1.090000e+03	3.120701e+06	1.090000e+03	3.111510e+06	1.090000e+03	3.108233e+06	1.090000e+03	3.128519e+06	1.090000e+03	3.122435e+06	1.090000e+03	3.126572e+06	1.090000e+03	3.116490e+06	1.090000e+03	3.108317e+06	1.090000e+03	3.125435e+06	1.090000e+03	3.143035e+06	1.090000e+03	3.121451e+06	1.090000e+03	3.121043e+06	1.090000e+03	3.126111e+06	1.090000e+03	3.121833e+06	1.090000e+03	3.133004e+06	1.090000e+03	3.141809e+06	1.090000e+03	3.137246e+06	1.090000e+03	3.141790e+06	1.090000e+03	3.123667e+06	1.090000e+03	3.151291e+06	1.090000e+03	3.126653e+06	1.090000e+03	3.138098e+06	1.090000e+03	3.142029e+06	1.090000e+03	3.147214e+06	1.090000e+03	3.151762e+06	1.090000e+03	3.140903e+06	1.090000e+03	3.156534e+06	1.090000e+03	3.154282e+06	1.090000e+03	3.157570e+06	1.090000e+03	3.153717e+06	1.090000e+03	3.131410e+06	1.090000e+03	3.160574e+06	1.090000e+03	3.150375e+06	1.090000e+03	3.148199e+06	1.090000e+03	3.133031e+06	1.090000e+03	3.160536e+06	1.090000e+03	3.176739e+06	1.090000e+03	3.156431e+06	1.090000e+03	3.158584e+06	1.090000e+03	3.178540e+06	1.090000e+03	3.135115e+06	1.090000e+03	3.138593e+06	1.090000e+03	3.139507e+06	1.090000e+03	3.157790e+06	1.090000e+03	3.150276e+06	1.090000e+03	3.137367e+06	1.090000e+03	3.173936e+06	1.090000e+03	3.166965e+06	1.090000e+03	3.174575e+06	1.090000e+03	3.145673e+06	1.090000e+03	3.162055e+06	1.090000e+03	3.153880e+06	1.090000e+03	3.171336e+06	1.090000e+03	3.163216e+06	1.090000e+03	3.139237e+06	1.090000e+03	3.157159e+06	1.090000e+03	3.145043e+06	1.090000e+03	3.156451e+06	1.090000e+03	3.151692e+06	1.090000e+03	3.185683e+06	1.090000e+03	3.153725e+06	1.090000e+03	3.152070e+06	1.090000e+03	3.160228e+06	1.090000e+03	3.158699e+06	1.090000e+03	3.162153e+06	1.090000e+03	3.172629e+06	1.090000e+03	3.159714e+06	1.090000e+03	3.161030e+06	1.090000e+03	3.160756e+06	1.090000e+03	3.148274e+06	1.090000e+03	3.156838e+06	1.090000e+03	3.153413e+06	1.090000e+03	3.149076e+06	1.090000e+03	3.144278e+06	1.090000e+03	3.128596e+06	1.090000e+03	3.157744e+06	1.090000e+03	3.167926e+06	1.090000e+03	3.164018e+06	1.090000e+03	3.159559e+06	1.090000e+03	3.158694e+06	1.090000e+03	3.138754e+06	1.090000e+03	3.153722e+06	1.090000e+03	3.166524e+06	1.090000e+03	3.161062e+06	1.090000e+03	3.160982e+06	1.090000e+03	3.143942e+06	1.090000e+03	3.160953e+06	1.090000e+03	3.169461e+06	1.090000e+03	3.160892e+06	1.090000e+03	3.149379e+06	1.090000e+03	3.156907e+06	1.090000e+03	3.154506e+06	1.090000e+03	3.152966e+06	1.090000e+03	3.159400e+06	1.090000e+03	3.166974e+06	1.090000e+03	3.144918e+06	1.090000e+03	3.138359e+06	1.090000e+03	3.154729e+06	1.090000e+03	3.153355e+06	1.090000e+03	3.167332e+06	1.090000e+03	3.170902e+06	1.090000e+03	3.144224e+06	1.090000e+03	3.154791e+06	1.090000e+03	3.154554e+06	1.090000e+03	3.179833e+06	1.090000e+03	3.162313e+06	1.090000e+03	3.145420e+06	1.090000e+03	3.171074e+06	1.090000e+03	3.169469e+06	1.090000e+03	3.165210e+06	1.090000e+03	3.146662e+06	1.090000e+03	3.185123e+06	1.090000e+03	3.163077e+06	1.090000e+03	3.157876e+06	1.090000e+03	3.161625e+06	1.090000e+03	3.150720e+06	1.090000e+03	3.143931e+06	1.090000e+03	3.155338e+06	1.090000e+03	3.167269e+06	1.090000e+03	3.162043e+06	1.090000e+03	3.170340e+06	1.090000e+03	3.171214e+06	1.090000e+03	3.167043e+06	1.090000e+03	3.161208e+06	1.090000e+03	3.174087e+06	1.090000e+03	3.171016e+06	1.090000e+03	3.140941e+06	1.090000e+03	3.155637e+06	1.090000e+03	3.168101e+06	1.090000e+03	3.179389e+06	1.090000e+03	3.175189e+06	1.090000e+03	3.174485e+06	1.090000e+03	3.182153e+06	1.090000e+03	3.179261e+06	1.090000e+03	3.178476e+06	1.090000e+03	3.174337e+06	1.090000e+03	3.168564e+06	1.090000e+03	3.185054e+06	1.090000e+03	3.182429e+06	1.090000e+03	3.169591e+06	1.090000e+03	3.162088e+06	1.090000e+03	3.176886e+06	1.090000e+03	3.181047e+06	1.090000e+03	3.182054e+06	1.090000e+03	3.187523e+06	1.090000e+03	3.190292e+06	1.090000e+03	3.184665e+06	1.090000e+03	3.180152e+06	1.090000e+03	3.185900e+06	1.090000e+03	3.177440e+06	1.090000e+03	3.191593e+06	1.090000e+03	3.191182e+06	1.090000e+03	3.176457e+06	1.090000e+03	3.200764e+06	1.090000e+03	3.197203e+06	1.090000e+03	3.212084e+06	1.090000e+03	3.205947e+06	1.090000e+03	3.178217e+06	1.090000e+03	3.193760e+06	1.090000e+03	3.219958e+06	1.090000e+03	3.195073e+06	1.090000e+03	3.192543e+06	1.090000e+03	3.181648e+06	1.090000e+03	3.203637e+06	1.090000e+03	3.205546e+06	1.090000e+03	3.203450e+06	1.090000e+03	3.199417e+06	1.090000e+03	3.187779e+06	1.090000e+03	3.192910e+06	1.090000e+03	3.199977e+06	1.090000e+03	3.199895e+06	1.090000e+03	3.200626e+06	1.090000e+03	3.184582e+06	1.090000e+03	3.187347e+06	1.090000e+03	3.204188e+06	1.090000e+03	3.181451e+06	1.090000e+03	3.195247e+06	1.090000e+03	3.179970e+06	1.090000e+03	3.202460e+06	1.090000e+03	3.194912e+06	1.090000e+03	3.201065e+06
1.095000e+03	3.106214e+06	1.095000e+03	3.102653e+06	1.095000e+03	3.077237e+06	1.095000e+03	3.070064e+06	1.095000e+03	3.055122e+06	1.095000e+03	3.067292e+06	1.095000e+03	3.035713e+06	1.095000e+03	3.034960e+06	1.095000e+03	3.028318e+06	1.095000e+03	3.045825e+06	1.095000e+03	3.032736e+06	1.095000e+03	3.022566e+06	1.095000e+03	3.021475e+06	1.095000e+03	3.024540e+06	1.095000e+03	3.027276e+06	1.095000e+03	3.059544e+06	1.095000e+03	3.032387e+06	1.095000e+03	3.030926e+06	1.095000e+03	3.030440e+06	1.095000e+03	3.026703e+06	1.095000e+03	3.037351e+06	1.095000e+03	3.003098e+06	1.095000e+03	3.005127e+06	1.095000e+03	3.010872e+06	1.095000e+03	3.010166e+06	1.095000e+03	3.011190e+06	1.095000e+03	3.018850e+06	1.095000e+03	3.023056e+06	1.095000e+03	3.000908e+06	1.095000e+03	3.018388e+06	1.095000e+03	3.016280e+06	1.095000e+03	3.026023e+06	1.095000e+03	2.998476e+06	1.095000e+03	3.009178e+06	1.095000e+03	3.028443e+06	1.095000e+03	3.039587e+06	1.095000e+03	3.012467e+06	1.095000e+03	3.030096e+06	1.095000e+03	3.029956e+06	1.095000e+03	3.034792e+06	1.095000e+03	3.045520e+06	1.095000e+03	3.037758e+06	1.095000e+03	3.049184e+06	1.095000e+03	3.043114e+06	1.095000e+03	3.048115e+06	1.095000e+03	3.054333e+06	1.095000e+03	3.054750e+06	1.095000e+03	3.064726e+06	1.095000e+03	3.066325e+06	1.095000e+03	3.063728e+06	1.095000e+03	3.074903e+06	1.095000e+03	3.066276e+06	1.095000e+03	3.057596e+06	1.095000e+03	3.081657e+06	1.095000e+03	3.082587e+06	1.095000e+03	3.073798e+06	1.095000e+03	3.086502e+06	1.095000e+03	3.070328e+06	1.095000e+03	3.076249e+06	1.095000e+03	3.100950e+06	1.095000e+03	3.099516e+06	1.095000e+03	3.082156e+06	1.095000e+03	3.094411e+06	1.095000e+03	3.082391e+06	1.095000e+03	3.085698e+06	1.095000e+03	3.093393e+06	1.095000e+03	3.077783e+06	1.095000e+03	3.068716e+06	1.095000e+03	3.085889e+06	1.095000e+03	3.089306e+06	1.095000e+03	3.106645e+06	1.095000e+03	3.088639e+06	1.095000e+03	3.095211e+06	1.095000e+03	3.112088e+06	1.095000e+03	3.103068e+06	1.095000e+03	3.099167e+06	1.095000e+03	3.115404e+06	1.095000e+03	3.114171e+06	1.095000e+03	3.108008e+06	1.095000e+03	3.107345e+06	1.095000e+03	3.095021e+06	1.095000e+03	3.121734e+06	1.095000e+03	3.116745e+06	1.095000e+03	3.110868e+06	1.095000e+03	3.107743e+06	1.095000e+03	3.117555e+06	1.095000e+03	3.115640e+06	1.095000e+03	3.118631e+06	1.095000e+03	3.117870e+06	1.095000e+03	3.104076e+06	1.095000e+03	3.122085e+06	1.095000e+03	3.117763e+06	1.095000e+03	3.147264e+06	1.095000e+03	3.119991e+06	1.095000e+03	3.128370e+06	1.095000e+03	3.111174e+06	1.095000e+03	3.121353e+06	1.095000e+03	3.119154e+06	1.095000e+03	3.119411e+06	1.095000e+03	3.136395e+06	1.095000e+03	3.116905e+06	1.095000e+03	3.140035e+06	1.095000e+03	3.110609e+06	1.095000e+03	3.116548e+06	1.095000e+03	3.112794e+06	1.095000e+03	3.115816e+06	1.095000e+03	3.115825e+06	1.095000e+03	3.111968e+06	1.095000e+03	3.119737e+06	1.095000e+03	3.130874e+06	1.095000e+03	3.136192e+06	1.095000e+03	3.131286e+06	1.095000e+03	3.137125e+06	1.095000e+03	3.124204e+06	1.095000e+03	3.123717e+06	1.095000e+03	3.129106e+06	1.095000e+03	3.149137e+06	1.095000e+03	3.130486e+06	1.095000e+03	3.091821e+06	1.095000e+03	3.100624e+06	1.095000e+03	3.120651e+06	1.095000e+03	3.118653e+06	1.095000e+03	3.134868e+06	1.095000e+03	3.104786e+06	1.095000e+03	3.116470e+06	1.095000e+03	3.115566e+06	1.095000e+03	3.128064e+06	1.095000e+03	3.102828e+06	1.095000e+03	3.138391e+06	1.095000e+03	3.126866e+06	1.095000e+03	3.117445e+06	1.095000e+03	3.104296e+06	1.095000e+03	3.115399e+06	1.095000e+03	3.114898e+06	1.095000e+03	3.110025e+06	1.095000e+03	3.112640e+06	1.095000e+03	3.124315e+06	1.095000e+03	3.121683e+06	1.095000e+03	3.133505e+06	1.095000e+03	3.112838e+06	1.095000e+03	3.102173e+06	1.095000e+03	3.121570e+06	1.095000e+03	3.138042e+06	1.095000e+03	3.129092e+06	1.095000e+03	3.122984e+06	1.095000e+03	3.127250e+06	1.095000e+03	3.123961e+06	1.095000e+03	3.127029e+06	1.095000e+03	3.134230e+06	1.095000e+03	3.147252e+06	1.095000e+03	3.143042e+06	1.095000e+03	3.120580e+06	1.095000e+03	3.146699e+06	1.095000e+03	3.133568e+06	1.095000e+03	3.144249e+06	1.095000e+03	3.138775e+06	1.095000e+03	3.154327e+06	1.095000e+03	3.153383e+06	1.095000e+03	3.142405e+06	1.095000e+03	3.159851e+06	1.095000e+03	3.162352e+06	1.095000e+03	3.157008e+06	1.095000e+03	3.152053e+06	1.095000e+03	3.125175e+06	1.095000e+03	3.153111e+06	1.095000e+03	3.152523e+06	1.095000e+03	3.148909e+06	1.095000e+03	3.131375e+06	1.095000e+03	3.160889e+06	1.095000e+03	3.179450e+06	1.095000e+03	3.161626e+06	1.095000e+03	3.151930e+06	1.095000e+03	3.179194e+06	1.095000e+03	3.137227e+06	1.095000e+03	3.139799e+06	1.095000e+03	3.136246e+06	1.095000e+03	3.146925e+06	1.095000e+03	3.149119e+06	1.095000e+03	3.132813e+06	1.095000e+03	3.176620e+06	1.095000e+03	3.161386e+06	1.095000e+03	3.174682e+06	1.095000e+03	3.143876e+06	1.095000e+03	3.154787e+06	1.095000e+03	3.157176e+06	1.095000e+03	3.180916e+06	1.095000e+03	3.168339e+06	1.095000e+03	3.158900e+06	1.095000e+03	3.156705e+06	1.095000e+03	3.147714e+06	1.095000e+03	3.159095e+06	1.095000e+03	3.149952e+06	1.095000e+03	3.190270e+06	1.095000e+03	3.148584e+06	1.095000e+03	3.160009e+06	1.095000e+03	3.156548e+06	1.095000e+03	3.138647e+06	1.095000e+03	3.163446e+06	1.095000e+03	3.185897e+06	1.095000e+03	3.156685e+06	1.095000e+03	3.162243e+06	1.095000e+03	3.158860e+06	1.095000e+03	3.133197e+06	1.095000e+03	3.152000e+06	1.095000e+03	3.153080e+06	1.095000e+03	3.152053e+06	1.095000e+03	3.147561e+06	1.095000e+03	3.135509e+06	1.095000e+03	3.150702e+06	1.095000e+03	3.158653e+06	1.095000e+03	3.163414e+06	1.095000e+03	3.156963e+06	1.095000e+03	3.148195e+06	1.095000e+03	3.148259e+06	1.095000e+03	3.147353e+06	1.095000e+03	3.158944e+06	1.095000e+03	3.149406e+06	1.095000e+03	3.169355e+06	1.095000e+03	3.145386e+06	1.095000e+03	3.161163e+06	1.095000e+03	3.175278e+06	1.095000e+03	3.159253e+06	1.095000e+03	3.157453e+06	1.095000e+03	3.156136e+06	1.095000e+03	3.154815e+06	1.095000e+03	3.142456e+06	1.095000e+03	3.158781e+06	1.095000e+03	3.168962e+06	1.095000e+03	3.145358e+06	1.095000e+03	3.134452e+06	1.095000e+03	3.148522e+06	1.095000e+03	3.169438e+06	1.095000e+03	3.164416e+06	1.095000e+03	3.162403e+06	1.095000e+03	3.152671e+06	1.095000e+03	3.149159e+06	1.095000e+03	3.155382e+06	1.095000e+03	3.168611e+06	1.095000e+03	3.157396e+06	1.095000e+03	3.142270e+06	1.095000e+03	3.174056e+06	1.095000e+03	3.166444e+06	1.095000e+03	3.161179e+06	1.095000e+03	3.146390e+06	1.095000e+03	3.168613e+06	1.095000e+03	3.165641e+06	1.095000e+03	3.157414e+06	1.095000e+03	3.161038e+06	1.095000e+03	3.139533e+06	1.095000e+03	3.148214e+06	1.095000e+03	3.153157e+06	1.095000e+03	3.163641e+06	1.095000e+03	3.160422e+06	1.095000e+03	3.170943e+06	1.095000e+03	3.173898e+06	1.095000e+03	3.172155e+06	1.095000e+03	3.159310e+06	1.095000e+03	3.170690e+06	1.095000e+03	3.178699e+06	1.095000e+03	3.141608e+06	1.095000e+03	3.159897e+06	1.095000e+03	3.170211e+06	1.095000e+03	3.182119e+06	1.095000e+03	3.173240e+06	1.095000e+03	3.169598e+06	1.095000e+03	3.169072e+06	1.095000e+03	3.175502e+06	1.095000e+03	3.183254e+06	1.095000e+03	3.172495e+06	1.095000e+03	3.165673e+06	1.095000e+03	3.183556e+06	1.095000e+03	3.168932e+06	1.095000e+03	3.173115e+06	1.095000e+03	3.166067e+06	1.095000e+03	3.177644e+06	1.095000e+03	3.184579e+06	1.095000e+03	3.186583e+06	1.095000e+03	3.193762e+06	1.095000e+03	3.192977e+06	1.095000e+03	3.188368e+06	1.095000e+03	3.183629e+06	1.095000e+03	3.187648e+06	1.095000e+03	3.188341e+06	1.095000e+03	3.194872e+06	1.095000e+03	3.185570e+06	1.095000e+03	3.175683e+06	1.095000e+03	3.196624e+06	1.095000e+03	3.196009e+06	1.095000e+03	3.214699e+06	1.095000e+03	3.198248e+06	1.095000e+03	3.178920e+06	1.095000e+03	3.184505e+06	1.095000e+03	3.217374e+06	1.095000e+03	3.190437e+06	1.095000e+03	3.192635e+06	1.095000e+03	3.187920e+06	1.095000e+03	3.187805e+06	1.095000e+03	3.209779e+06	1.095000e+03	3.220093e+06	1.095000e+03	3.211273e+06	1.095000e+03	3.183674e+06	1.095000e+03	3.196591e+06	1.095000e+03	3.201909e+06	1.095000e+03	3.199230e+06	1.095000e+03	3.202793e+06	1.095000e+03	3.179382e+06	1.095000e+03	3.189807e+06	1.095000e+03	3.200958e+06	1.095000e+03	3.188654e+06	1.095000e+03	3.192890e+06	1.095000e+03	3.179568e+06	1.095000e+03	3.203153e+06	1.095000e+03	3.198367e+06	1.095000e+03	3.193401e+06
1.100000e+03	3.110012e+06	1.100000e+03	3.086056e+06	1.100000e+03	3.079142e+06	1.100000e+03	3.070602e+06	1.100000e+03	3.057228e+06	1.100000e+03	3.059964e+06	1.100000e+03	3.046815e+06	1.100000e+03	3.036465e+06	1.100000e+03	3.036996e+06	1.100000e+03	3.040844e+06	1.100000e+03	3.035367e+06	1.100000e+03	3.022878e+06	1.100000e+03	3.013850e+06	1.100000e+03	3.026034e+06	1.100000e+03	3.030805e+06	1.100000e+03	3.061628e+06	1.100000e+03	3.020709e+06	1.100000e+03	3.030752e+06	1.100000e+03	3.031444e+06	1.100000e+03	3.036155e+06	1.100000e+03	3.042673e+06	1.100000e+03	3.005655e+06	1.100000e+03	3.002472e+06	1.100000e+03	3.010417e+06	1.100000e+03	3.020729e+06	1.100000e+03	3.002445e+06	1.100000e+03	3.016057e+06	1.100000e+03	3.023531e+06	1.100000e+03	2.999405e+06	1.100000e+03	3.030302e+06	1.100000e+03	3.020279e+06	1.100000e+03	3.028031e+06	1.100000e+03	2.999106e+06	1.100000e+03	3.007005e+06	1.100000e+03	3.020130e+06	1.100000e+03	3.039535e+06	1.100000e+03	3.011473e+06	1.100000e+03	3.034251e+06	1.100000e+03	3.035937e+06	1.100000e+03	3.034350e+06	1.100000e+03	3.046460e+06	1.100000e+03	3.040051e+06	1.100000e+03	3.056425e+06	1.100000e+03	3.043360e+06	1.100000e+03	3.050368e+06	1.100000e+03	3.053759e+06	1.100000e+03	3.047846e+06	1.100000e+03	3.066548e+06	1.100000e+03	3.071662e+06	1.100000e+03	3.074742e+06	1.100000e+03	3.072624e+06	1.100000e+03	3.066150e+06	1.100000e+03	3.060782e+06	1.100000e+03	3.091045e+06	1.100000e+03	3.086037e+06	1.100000e+03	3.071852e+06	1.100000e+03	3.099842e+06	1.100000e+03	3.072426e+06	1.100000e+03	3.081267e+06	1.100000e+03	3.101777e+06	1.100000e+03	3.113186e+06	1.100000e+03	3.073459e+06	1.100000e+03	3.094291e+06	1.100000e+03	3.076854e+06	1.100000e+03	3.082223e+06	1.100000e+03	3.092252e+06	1.100000e+03	3.080790e+06	1.100000e+03	3.074876e+06	1.100000e+03	3.102482e+06	1.100000e+03	3.087711e+06	1.100000e+03	3.098414e+06	1.100000e+03	3.081983e+06	1.100000e+03	3.088466e+06	1.100000e+03	3.114444e+06	1.100000e+03	3.096168e+06	1.100000e+03	3.102500e+06	1.100000e+03	3.113028e+06	1.100000e+03	3.117124e+06	1.100000e+03	3.103958e+06	1.100000e+03	3.105281e+06	1.100000e+03	3.100604e+06	1.100000e+03	3.120500e+06	1.100000e+03	3.109164e+06	1.100000e+03	3.100638e+06	1.100000e+03	3.111189e+06	1.100000e+03	3.108201e+06	1.100000e+03	3.109330e+06	1.100000e+03	3.131076e+06	1.100000e+03	3.115400e+06	1.100000e+03	3.112326e+06	1.100000e+03	3.114800e+06	1.100000e+03	3.118075e+06	1.100000e+03	3.142010e+06	1.100000e+03	3.116570e+06	1.100000e+03	3.120202e+06	1.100000e+03	3.109036e+06	1.100000e+03	3.125524e+06	1.100000e+03	3.117397e+06	1.100000e+03	3.119291e+06	1.100000e+03	3.137121e+06	1.100000e+03	3.117513e+06	1.100000e+03	3.133315e+06	1.100000e+03	3.111261e+06	1.100000e+03	3.113887e+06	1.100000e+03	3.114558e+06	1.100000e+03	3.115298e+06	1.100000e+03	3.118102e+06	1.100000e+03	3.113111e+06	1.100000e+03	3.117622e+06	1.100000e+03	3.127656e+06	1.100000e+03	3.129322e+06	1.100000e+03	3.132740e+06	1.100000e+03	3.130703e+06	1.100000e+03	3.120390e+06	1.100000e+03	3.129994e+06	1.100000e+03	3.128458e+06	1.100000e+03	3.146623e+06	1.100000e+03	3.125590e+06	1.100000e+03	3.096351e+06	1.100000e+03	3.103768e+06	1.100000e+03	3.110033e+06	1.100000e+03	3.126281e+06	1.100000e+03	3.135421e+06	1.100000e+03	3.106264e+06	1.100000e+03	3.116164e+06	1.100000e+03	3.116319e+06	1.100000e+03	3.113186e+06	1.100000e+03	3.096338e+06	1.100000e+03	3.145759e+06	1.100000e+03	3.134935e+06	1.100000e+03	3.114758e+06	1.100000e+03	3.101934e+06	1.100000e+03	3.115870e+06	1.100000e+03	3.119660e+06	1.100000e+03	3.117993e+06	1.100000e+03	3.113487e+06	1.100000e+03	3.118553e+06	1.100000e+03	3.127696e+06	1.100000e+03	3.143643e+06	1.100000e+03	3.112562e+06	1.100000e+03	3.110644e+06	1.100000e+03	3.125845e+06	1.100000e+03	3.134614e+06	1.100000e+03	3.122304e+06	1.100000e+03	3.125326e+06	1.100000e+03	3.121564e+06	1.100000e+03	3.130047e+06	1.100000e+03	3.133251e+06	1.100000e+03	3.136305e+06	1.100000e+03	3.141179e+06	1.100000e+03	3.136734e+06	1.100000e+03	3.121845e+06	1.100000e+03	3.152822e+06	1.100000e+03	3.141366e+06	1.100000e+03	3.147615e+06	1.100000e+03	3.138620e+06	1.100000e+03	3.154145e+06	1.100000e+03	3.159102e+06	1.100000e+03	3.150769e+06	1.100000e+03	3.157541e+06	1.100000e+03	3.156999e+06	1.100000e+03	3.163913e+06	1.100000e+03	3.160537e+06	1.100000e+03	3.132102e+06	1.100000e+03	3.151838e+06	1.100000e+03	3.153127e+06	1.100000e+03	3.147916e+06	1.100000e+03	3.134988e+06	1.100000e+03	3.158105e+06	1.100000e+03	3.177813e+06	1.100000e+03	3.156535e+06	1.100000e+03	3.150520e+06	1.100000e+03	3.176505e+06	1.100000e+03	3.141352e+06	1.100000e+03	3.142103e+06	1.100000e+03	3.133222e+06	1.100000e+03	3.154449e+06	1.100000e+03	3.148968e+06	1.100000e+03	3.136588e+06	1.100000e+03	3.175769e+06	1.100000e+03	3.173166e+06	1.100000e+03	3.167527e+06	1.100000e+03	3.134871e+06	1.100000e+03	3.158305e+06	1.100000e+03	3.165522e+06	1.100000e+03	3.179367e+06	1.100000e+03	3.165174e+06	1.100000e+03	3.148779e+06	1.100000e+03	3.159739e+06	1.100000e+03	3.147654e+06	1.100000e+03	3.170721e+06	1.100000e+03	3.150637e+06	1.100000e+03	3.183987e+06	1.100000e+03	3.152412e+06	1.100000e+03	3.154794e+06	1.100000e+03	3.158662e+06	1.100000e+03	3.141828e+06	1.100000e+03	3.156301e+06	1.100000e+03	3.171983e+06	1.100000e+03	3.159202e+06	1.100000e+03	3.152777e+06	1.100000e+03	3.154178e+06	1.100000e+03	3.143514e+06	1.100000e+03	3.149941e+06	1.100000e+03	3.155442e+06	1.100000e+03	3.164517e+06	1.100000e+03	3.147948e+06	1.100000e+03	3.136967e+06	1.100000e+03	3.146123e+06	1.100000e+03	3.165029e+06	1.100000e+03	3.171703e+06	1.100000e+03	3.156838e+06	1.100000e+03	3.153916e+06	1.100000e+03	3.147499e+06	1.100000e+03	3.153463e+06	1.100000e+03	3.155258e+06	1.100000e+03	3.143028e+06	1.100000e+03	3.167133e+06	1.100000e+03	3.144555e+06	1.100000e+03	3.163584e+06	1.100000e+03	3.184218e+06	1.100000e+03	3.163408e+06	1.100000e+03	3.147371e+06	1.100000e+03	3.164782e+06	1.100000e+03	3.149637e+06	1.100000e+03	3.147696e+06	1.100000e+03	3.159127e+06	1.100000e+03	3.173046e+06	1.100000e+03	3.144859e+06	1.100000e+03	3.147137e+06	1.100000e+03	3.151180e+06	1.100000e+03	3.165705e+06	1.100000e+03	3.166025e+06	1.100000e+03	3.166602e+06	1.100000e+03	3.152996e+06	1.100000e+03	3.153980e+06	1.100000e+03	3.156877e+06	1.100000e+03	3.169308e+06	1.100000e+03	3.157924e+06	1.100000e+03	3.139069e+06	1.100000e+03	3.178300e+06	1.100000e+03	3.171466e+06	1.100000e+03	3.162395e+06	1.100000e+03	3.153357e+06	1.100000e+03	3.160643e+06	1.100000e+03	3.154262e+06	1.100000e+03	3.161957e+06	1.100000e+03	3.162844e+06	1.100000e+03	3.138886e+06	1.100000e+03	3.143414e+06	1.100000e+03	3.152684e+06	1.100000e+03	3.158740e+06	1.100000e+03	3.160056e+06	1.100000e+03	3.169381e+06	1.100000e+03	3.167535e+06	1.100000e+03	3.164019e+06	1.100000e+03	3.161012e+06	1.100000e+03	3.166776e+06	1.100000e+03	3.172848e+06	1.100000e+03	3.151369e+06	1.100000e+03	3.161324e+06	1.100000e+03	3.162644e+06	1.100000e+03	3.181947e+06	1.100000e+03	3.173736e+06	1.100000e+03	3.175568e+06	1.100000e+03	3.168897e+06	1.100000e+03	3.180383e+06	1.100000e+03	3.190683e+06	1.100000e+03	3.169979e+06	1.100000e+03	3.171847e+06	1.100000e+03	3.178852e+06	1.100000e+03	3.182390e+06	1.100000e+03	3.164960e+06	1.100000e+03	3.161724e+06	1.100000e+03	3.177437e+06	1.100000e+03	3.191143e+06	1.100000e+03	3.189915e+06	1.100000e+03	3.195617e+06	1.100000e+03	3.194254e+06	1.100000e+03	3.192317e+06	1.100000e+03	3.182586e+06	1.100000e+03	3.185091e+06	1.100000e+03	3.186490e+06	1.100000e+03	3.193516e+06	1.100000e+03	3.183181e+06	1.100000e+03	3.180526e+06	1.100000e+03	3.193805e+06	1.100000e+03	3.200868e+06	1.100000e+03	3.211446e+06	1.100000e+03	3.196636e+06	1.100000e+03	3.192632e+06	1.100000e+03	3.182354e+06	1.100000e+03	3.209083e+06	1.100000e+03	3.192213e+06	1.100000e+03	3.193857e+06	1.100000e+03	3.192824e+06	1.100000e+03	3.191059e+06	1.100000e+03	3.207144e+06	1.100000e+03	3.220921e+06	1.100000e+03	3.198773e+06	1.100000e+03	3.186374e+06	1.100000e+03	3.185931e+06	1.100000e+03	3.203918e+06	1.100000e+03	3.203868e+06	1.100000e+03	3.203748e+06	1.100000e+03	3.176512e+06	1.100000e+03	3.190118e+06	1.100000e+03	3.203176e+06	1.100000e+03	3.185318e+06	1.100000e+03	3.196220e+06	1.100000e+03	3.176015e+06	1.100000e+03	3.200130e+06	1.100000e+03	3.202818e+06	1.100000e+03	3.189191e+06
1.105000e+03	3.114536e+06	1.105000e+03	3.088460e+06	1.105000e+03	3.089498e+06	1.105000e+03	3.070183e+06	1.105000e+03	3.051598e+06	1.105000e+03	3.068562e+06	1.105000e+03	3.043503e+06	1.105000e+03	3.038388e+06	1.105000e+03	3.039505e+06	1.105000e+03	3.037919e+06	1.105000e+03	3.032155e+06	1.105000e+03	3.022236e+06	1.105000e+03	3.020605e+06	1.105000e+03	3.017292e+06	1.105000e+03	3.025394e+06	1.105000e+03	3.053127e+06	1.105000e+03	3.024530e+06	1.105000e+03	3.032612e+06	1.105000e+03	3.027893e+06	1.105000e+03	3.037775e+06	1.105000e+03	3.032723e+06	1.105000e+03	3.018984e+06	1.105000e+03	3.009694e+06	1.105000e+03	3.009416e+06	1.105000e+03	3.015129e+06	1.105000e+03	2.999175e+06	1.105000e+03	3.016002e+06	1.105000e+03	3.021857e+06	1.105000e+03	2.995260e+06	1.105000e+03	3.038592e+06	1.105000e+03	3.021231e+06	1.105000e+03	3.023021e+06	1.105000e+03	2.999664e+06	1.105000e+03	3.013408e+06	1.105000e+03	3.022594e+06	1.105000e+03	3.044089e+06	1.105000e+03	3.010852e+06	1.105000e+03	3.034901e+06	1.105000e+03	3.030849e+06	1.105000e+03	3.049398e+06	1.105000e+03	3.053959e+06	1.105000e+03	3.054453e+06	1.105000e+03	3.059135e+06	1.105000e+03	3.049341e+06	1.105000e+03	3.051012e+06	1.105000e+03	3.051086e+06	1.105000e+03	3.040256e+06	1.105000e+03	3.077336e+06	1.105000e+03	3.067687e+06	1.105000e+03	3.071566e+06	1.105000e+03	3.073704e+06	1.105000e+03	3.067533e+06	1.105000e+03	3.062996e+06	1.105000e+03	3.084024e+06	1.105000e+03	3.077466e+06	1.105000e+03	3.071543e+06	1.105000e+03	3.093881e+06	1.105000e+03	3.085998e+06	1.105000e+03	3.079992e+06	1.105000e+03	3.099270e+06	1.105000e+03	3.102480e+06	1.105000e+03	3.068542e+06	1.105000e+03	3.106489e+06	1.105000e+03	3.079341e+06	1.105000e+03	3.079151e+06	1.105000e+03	3.085948e+06	1.105000e+03	3.078021e+06	1.105000e+03	3.085047e+06	1.105000e+03	3.110921e+06	1.105000e+03	3.078331e+06	1.105000e+03	3.100309e+06	1.105000e+03	3.081188e+06	1.105000e+03	3.085559e+06	1.105000e+03	3.113399e+06	1.105000e+03	3.088378e+06	1.105000e+03	3.107170e+06	1.105000e+03	3.105018e+06	1.105000e+03	3.127242e+06	1.105000e+03	3.102959e+06	1.105000e+03	3.108667e+06	1.105000e+03	3.104549e+06	1.105000e+03	3.121591e+06	1.105000e+03	3.107359e+06	1.105000e+03	3.106271e+06	1.105000e+03	3.107109e+06	1.105000e+03	3.109686e+06	1.105000e+03	3.111591e+06	1.105000e+03	3.127971e+06	1.105000e+03	3.120908e+06	1.105000e+03	3.090931e+06	1.105000e+03	3.125856e+06	1.105000e+03	3.118959e+06	1.105000e+03	3.147563e+06	1.105000e+03	3.113991e+06	1.105000e+03	3.124567e+06	1.105000e+03	3.109576e+06	1.105000e+03	3.125350e+06	1.105000e+03	3.112155e+06	1.105000e+03	3.115661e+06	1.105000e+03	3.141634e+06	1.105000e+03	3.113980e+06	1.105000e+03	3.140327e+06	1.105000e+03	3.110350e+06	1.105000e+03	3.110248e+06	1.105000e+03	3.115955e+06	1.105000e+03	3.114232e+06	1.105000e+03	3.118929e+06	1.105000e+03	3.117131e+06	1.105000e+03	3.117631e+06	1.105000e+03	3.127341e+06	1.105000e+03	3.130063e+06	1.105000e+03	3.133083e+06	1.105000e+03	3.137705e+06	1.105000e+03	3.124571e+06	1.105000e+03	3.130195e+06	1.105000e+03	3.127296e+06	1.105000e+03	3.146560e+06	1.105000e+03	3.133165e+06	1.105000e+03	3.096372e+06	1.105000e+03	3.099145e+06	1.105000e+03	3.120337e+06	1.105000e+03	3.139753e+06	1.105000e+03	3.131336e+06	1.105000e+03	3.109245e+06	1.105000e+03	3.120093e+06	1.105000e+03	3.116898e+06	1.105000e+03	3.124296e+06	1.105000e+03	3.099572e+06	1.105000e+03	3.144546e+06	1.105000e+03	3.134023e+06	1.105000e+03	3.111727e+06	1.105000e+03	3.099362e+06	1.105000e+03	3.114038e+06	1.105000e+03	3.122931e+06	1.105000e+03	3.118789e+06	1.105000e+03	3.112319e+06	1.105000e+03	3.120227e+06	1.105000e+03	3.137453e+06	1.105000e+03	3.145812e+06	1.105000e+03	3.107355e+06	1.105000e+03	3.108036e+06	1.105000e+03	3.128121e+06	1.105000e+03	3.140654e+06	1.105000e+03	3.121590e+06	1.105000e+03	3.121188e+06	1.105000e+03	3.124295e+06	1.105000e+03	3.128142e+06	1.105000e+03	3.132450e+06	1.105000e+03	3.130234e+06	1.105000e+03	3.144402e+06	1.105000e+03	3.134818e+06	1.105000e+03	3.133358e+06	1.105000e+03	3.156642e+06	1.105000e+03	3.138966e+06	1.105000e+03	3.143495e+06	1.105000e+03	3.135168e+06	1.105000e+03	3.165550e+06	1.105000e+03	3.170647e+06	1.105000e+03	3.149746e+06	1.105000e+03	3.157631e+06	1.105000e+03	3.154484e+06	1.105000e+03	3.159005e+06	1.105000e+03	3.155754e+06	1.105000e+03	3.140740e+06	1.105000e+03	3.152185e+06	1.105000e+03	3.137742e+06	1.105000e+03	3.148226e+06	1.105000e+03	3.132385e+06	1.105000e+03	3.152513e+06	1.105000e+03	3.165693e+06	1.105000e+03	3.157926e+06	1.105000e+03	3.160616e+06	1.105000e+03	3.169906e+06	1.105000e+03	3.144968e+06	1.105000e+03	3.141774e+06	1.105000e+03	3.137262e+06	1.105000e+03	3.148254e+06	1.105000e+03	3.148964e+06	1.105000e+03	3.139800e+06	1.105000e+03	3.172346e+06	1.105000e+03	3.174826e+06	1.105000e+03	3.165495e+06	1.105000e+03	3.130816e+06	1.105000e+03	3.159011e+06	1.105000e+03	3.162109e+06	1.105000e+03	3.166328e+06	1.105000e+03	3.165880e+06	1.105000e+03	3.149903e+06	1.105000e+03	3.162814e+06	1.105000e+03	3.149815e+06	1.105000e+03	3.174210e+06	1.105000e+03	3.150726e+06	1.105000e+03	3.180176e+06	1.105000e+03	3.148311e+06	1.105000e+03	3.153090e+06	1.105000e+03	3.155209e+06	1.105000e+03	3.137765e+06	1.105000e+03	3.162844e+06	1.105000e+03	3.175619e+06	1.105000e+03	3.160343e+06	1.105000e+03	3.150344e+06	1.105000e+03	3.159213e+06	1.105000e+03	3.160385e+06	1.105000e+03	3.155206e+06	1.105000e+03	3.148209e+06	1.105000e+03	3.167277e+06	1.105000e+03	3.151175e+06	1.105000e+03	3.131751e+06	1.105000e+03	3.152046e+06	1.105000e+03	3.159095e+06	1.105000e+03	3.175484e+06	1.105000e+03	3.150741e+06	1.105000e+03	3.146169e+06	1.105000e+03	3.153108e+06	1.105000e+03	3.156240e+06	1.105000e+03	3.158544e+06	1.105000e+03	3.146681e+06	1.105000e+03	3.155271e+06	1.105000e+03	3.149390e+06	1.105000e+03	3.164554e+06	1.105000e+03	3.168365e+06	1.105000e+03	3.162254e+06	1.105000e+03	3.141772e+06	1.105000e+03	3.159097e+06	1.105000e+03	3.155220e+06	1.105000e+03	3.159876e+06	1.105000e+03	3.167095e+06	1.105000e+03	3.175848e+06	1.105000e+03	3.144300e+06	1.105000e+03	3.142366e+06	1.105000e+03	3.152013e+06	1.105000e+03	3.163693e+06	1.105000e+03	3.160708e+06	1.105000e+03	3.173933e+06	1.105000e+03	3.152288e+06	1.105000e+03	3.156251e+06	1.105000e+03	3.156120e+06	1.105000e+03	3.171379e+06	1.105000e+03	3.154826e+06	1.105000e+03	3.146941e+06	1.105000e+03	3.175682e+06	1.105000e+03	3.166722e+06	1.105000e+03	3.168149e+06	1.105000e+03	3.152624e+06	1.105000e+03	3.159514e+06	1.105000e+03	3.157186e+06	1.105000e+03	3.159571e+06	1.105000e+03	3.154142e+06	1.105000e+03	3.141482e+06	1.105000e+03	3.140893e+06	1.105000e+03	3.146389e+06	1.105000e+03	3.152979e+06	1.105000e+03	3.157739e+06	1.105000e+03	3.170952e+06	1.105000e+03	3.179836e+06	1.105000e+03	3.161959e+06	1.105000e+03	3.170199e+06	1.105000e+03	3.169073e+06	1.105000e+03	3.173751e+06	1.105000e+03	3.150264e+06	1.105000e+03	3.163628e+06	1.105000e+03	3.156966e+06	1.105000e+03	3.183408e+06	1.105000e+03	3.173740e+06	1.105000e+03	3.176427e+06	1.105000e+03	3.166683e+06	1.105000e+03	3.185815e+06	1.105000e+03	3.188668e+06	1.105000e+03	3.170368e+06	1.105000e+03	3.170849e+06	1.105000e+03	3.181689e+06	1.105000e+03	3.169140e+06	1.105000e+03	3.169235e+06	1.105000e+03	3.159046e+06	1.105000e+03	3.176440e+06	1.105000e+03	3.182443e+06	1.105000e+03	3.182247e+06	1.105000e+03	3.191095e+06	1.105000e+03	3.196113e+06	1.105000e+03	3.186946e+06	1.105000e+03	3.189329e+06	1.105000e+03	3.185771e+06	1.105000e+03	3.184105e+06	1.105000e+03	3.193093e+06	1.105000e+03	3.180770e+06	1.105000e+03	3.175848e+06	1.105000e+03	3.204308e+06	1.105000e+03	3.208870e+06	1.105000e+03	3.210423e+06	1.105000e+03	3.195610e+06	1.105000e+03	3.199114e+06	1.105000e+03	3.179308e+06	1.105000e+03	3.204731e+06	1.105000e+03	3.197755e+06	1.105000e+03	3.195463e+06	1.105000e+03	3.187504e+06	1.105000e+03	3.193116e+06	1.105000e+03	3.193606e+06	1.105000e+03	3.227275e+06	1.105000e+03	3.201006e+06	1.105000e+03	3.194288e+06	1.105000e+03	3.195153e+06	1.105000e+03	3.204297e+06	1.105000e+03	3.220144e+06	1.105000e+03	3.203404e+06	1.105000e+03	3.175894e+06	1.105000e+03	3.186263e+06	1.105000e+03	3.203848e+06	1.105000e+03	3.186054e+06	1.105000e+03	3.195192e+06	1.105000e+03	3.184117e+06	1.105000e+03	3.197572e+06	1.105000e+03	3.201700e+06	1.105000e+03	3.195846e+06
1.110000e+03	3.111007e+06	1.110000e+03	3.095183e+06	1.110000e+03	3.086410e+06	1.110000e+03	3.073391e+06	1.110000e+03	3.049549e+06	1.110000e+03	3.057398e+06	1.110000e+03	3.051214e+06	1.110000e+03	3.033390e+06	1.110000e+03	3.038314e+06	1.110000e+03	3.037313e+06	1.110000e+03	3.027084e+06	1.110000e+03	3.017684e+06	1.110000e+03	3.025232e+06	1.110000e+03	3.029132e+06	1.110000e+03	3.025360e+06	1.110000e+03	3.039505e+06	1.110000e+03	3.031836e+06	1.110000e+03	3.036820e+06	1.110000e+03	3.022248e+06	1.110000e+03	3.042703e+06	1.110000e+03	3.025781e+06	1.110000e+03	3.012553e+06	1.110000e+03	3.006489e+06	1.110000e+03	3.005715e+06	1.110000e+03	3.018005e+06	1.110000e+03	3.007971e+06	1.110000e+03	3.007955e+06	1.110000e+03	3.026529e+06	1.110000e+03	3.002609e+06	1.110000e+03	3.040884e+06	1.110000e+03	3.020640e+06	1.110000e+03	3.029987e+06	1.110000e+03	3.003401e+06	1.110000e+03	3.013979e+06	1.110000e+03	3.020656e+06	1.110000e+03	3.041841e+06	1.110000e+03	3.015186e+06	1.110000e+03	3.034133e+06	1.110000e+03	3.039453e+06	1.110000e+03	3.043910e+06	1.110000e+03	3.063444e+06	1.110000e+03	3.050562e+06	1.110000e+03	3.053579e+06	1.110000e+03	3.056973e+06	1.110000e+03	3.053492e+06	1.110000e+03	3.050955e+06	1.110000e+03	3.043559e+06	1.110000e+03	3.072785e+06	1.110000e+03	3.063445e+06	1.110000e+03	3.073836e+06	1.110000e+03	3.069062e+06	1.110000e+03	3.064360e+06	1.110000e+03	3.065107e+06	1.110000e+03	3.080108e+06	1.110000e+03	3.074870e+06	1.110000e+03	3.059894e+06	1.110000e+03	3.095380e+06	1.110000e+03	3.089160e+06	1.110000e+03	3.079377e+06	1.110000e+03	3.100047e+06	1.110000e+03	3.108567e+06	1.110000e+03	3.072885e+06	1.110000e+03	3.102066e+06	1.110000e+03	3.081729e+06	1.110000e+03	3.082579e+06	1.110000e+03	3.083463e+06	1.110000e+03	3.075273e+06	1.110000e+03	3.075388e+06	1.110000e+03	3.088892e+06	1.110000e+03	3.077271e+06	1.110000e+03	3.102293e+06	1.110000e+03	3.089920e+06	1.110000e+03	3.080686e+06	1.110000e+03	3.116651e+06	1.110000e+03	3.103265e+06	1.110000e+03	3.097007e+06	1.110000e+03	3.114532e+06	1.110000e+03	3.118805e+06	1.110000e+03	3.102833e+06	1.110000e+03	3.109800e+06	1.110000e+03	3.109503e+06	1.110000e+03	3.112836e+06	1.110000e+03	3.111996e+06	1.110000e+03	3.108308e+06	1.110000e+03	3.106881e+06	1.110000e+03	3.114461e+06	1.110000e+03	3.114565e+06	1.110000e+03	3.138966e+06	1.110000e+03	3.118138e+06	1.110000e+03	3.093842e+06	1.110000e+03	3.125957e+06	1.110000e+03	3.118099e+06	1.110000e+03	3.144672e+06	1.110000e+03	3.106569e+06	1.110000e+03	3.119327e+06	1.110000e+03	3.110889e+06	1.110000e+03	3.122849e+06	1.110000e+03	3.124783e+06	1.110000e+03	3.119046e+06	1.110000e+03	3.138618e+06	1.110000e+03	3.134568e+06	1.110000e+03	3.135024e+06	1.110000e+03	3.109489e+06	1.110000e+03	3.115637e+06	1.110000e+03	3.114071e+06	1.110000e+03	3.111690e+06	1.110000e+03	3.115944e+06	1.110000e+03	3.109616e+06	1.110000e+03	3.122371e+06	1.110000e+03	3.131054e+06	1.110000e+03	3.132891e+06	1.110000e+03	3.134093e+06	1.110000e+03	3.133908e+06	1.110000e+03	3.112145e+06	1.110000e+03	3.125427e+06	1.110000e+03	3.131034e+06	1.110000e+03	3.148758e+06	1.110000e+03	3.134379e+06	1.110000e+03	3.095304e+06	1.110000e+03	3.104990e+06	1.110000e+03	3.130341e+06	1.110000e+03	3.115343e+06	1.110000e+03	3.131469e+06	1.110000e+03	3.108698e+06	1.110000e+03	3.113091e+06	1.110000e+03	3.110389e+06	1.110000e+03	3.117526e+06	1.110000e+03	3.112560e+06	1.110000e+03	3.149505e+06	1.110000e+03	3.135025e+06	1.110000e+03	3.106796e+06	1.110000e+03	3.091873e+06	1.110000e+03	3.133558e+06	1.110000e+03	3.120875e+06	1.110000e+03	3.114329e+06	1.110000e+03	3.105882e+06	1.110000e+03	3.122243e+06	1.110000e+03	3.120196e+06	1.110000e+03	3.135137e+06	1.110000e+03	3.113424e+06	1.110000e+03	3.110346e+06	1.110000e+03	3.132573e+06	1.110000e+03	3.139010e+06	1.110000e+03	3.127100e+06	1.110000e+03	3.122635e+06	1.110000e+03	3.132763e+06	1.110000e+03	3.127860e+06	1.110000e+03	3.131100e+06	1.110000e+03	3.134856e+06	1.110000e+03	3.136532e+06	1.110000e+03	3.134668e+06	1.110000e+03	3.129757e+06	1.110000e+03	3.153310e+06	1.110000e+03	3.128696e+06	1.110000e+03	3.145491e+06	1.110000e+03	3.131590e+06	1.110000e+03	3.163808e+06	1.110000e+03	3.166917e+06	1.110000e+03	3.162123e+06	1.110000e+03	3.158729e+06	1.110000e+03	3.146220e+06	1.110000e+03	3.157317e+06	1.110000e+03	3.155734e+06	1.110000e+03	3.134746e+06	1.110000e+03	3.150036e+06	1.110000e+03	3.141922e+06	1.110000e+03	3.150347e+06	1.110000e+03	3.133888e+06	1.110000e+03	3.159636e+06	1.110000e+03	3.156490e+06	1.110000e+03	3.164301e+06	1.110000e+03	3.156953e+06	1.110000e+03	3.174649e+06	1.110000e+03	3.149365e+06	1.110000e+03	3.140174e+06	1.110000e+03	3.139424e+06	1.110000e+03	3.152755e+06	1.110000e+03	3.150696e+06	1.110000e+03	3.146028e+06	1.110000e+03	3.174287e+06	1.110000e+03	3.173975e+06	1.110000e+03	3.167632e+06	1.110000e+03	3.136000e+06	1.110000e+03	3.165990e+06	1.110000e+03	3.171107e+06	1.110000e+03	3.170605e+06	1.110000e+03	3.169096e+06	1.110000e+03	3.150690e+06	1.110000e+03	3.167990e+06	1.110000e+03	3.151572e+06	1.110000e+03	3.176248e+06	1.110000e+03	3.158335e+06	1.110000e+03	3.177851e+06	1.110000e+03	3.146996e+06	1.110000e+03	3.153453e+06	1.110000e+03	3.161983e+06	1.110000e+03	3.143974e+06	1.110000e+03	3.165381e+06	1.110000e+03	3.173411e+06	1.110000e+03	3.159551e+06	1.110000e+03	3.161024e+06	1.110000e+03	3.151790e+06	1.110000e+03	3.159816e+06	1.110000e+03	3.142261e+06	1.110000e+03	3.151953e+06	1.110000e+03	3.163824e+06	1.110000e+03	3.148140e+06	1.110000e+03	3.133505e+06	1.110000e+03	3.151602e+06	1.110000e+03	3.157316e+06	1.110000e+03	3.168329e+06	1.110000e+03	3.163466e+06	1.110000e+03	3.147006e+06	1.110000e+03	3.147930e+06	1.110000e+03	3.156456e+06	1.110000e+03	3.150803e+06	1.110000e+03	3.137524e+06	1.110000e+03	3.153280e+06	1.110000e+03	3.145278e+06	1.110000e+03	3.165304e+06	1.110000e+03	3.173878e+06	1.110000e+03	3.161199e+06	1.110000e+03	3.145546e+06	1.110000e+03	3.156872e+06	1.110000e+03	3.157317e+06	1.110000e+03	3.162016e+06	1.110000e+03	3.165624e+06	1.110000e+03	3.180887e+06	1.110000e+03	3.144775e+06	1.110000e+03	3.139244e+06	1.110000e+03	3.159795e+06	1.110000e+03	3.145191e+06	1.110000e+03	3.164907e+06	1.110000e+03	3.168726e+06	1.110000e+03	3.142951e+06	1.110000e+03	3.153223e+06	1.110000e+03	3.152253e+06	1.110000e+03	3.171681e+06	1.110000e+03	3.155895e+06	1.110000e+03	3.143663e+06	1.110000e+03	3.165423e+06	1.110000e+03	3.165394e+06	1.110000e+03	3.171594e+06	1.110000e+03	3.146933e+06	1.110000e+03	3.159833e+06	1.110000e+03	3.152687e+06	1.110000e+03	3.179818e+06	1.110000e+03	3.154334e+06	1.110000e+03	3.146895e+06	1.110000e+03	3.143004e+06	1.110000e+03	3.160202e+06	1.110000e+03	3.159515e+06	1.110000e+03	3.154646e+06	1.110000e+03	3.170718e+06	1.110000e+03	3.175749e+06	1.110000e+03	3.162117e+06	1.110000e+03	3.168716e+06	1.110000e+03	3.172231e+06	1.110000e+03	3.176148e+06	1.110000e+03	3.147208e+06	1.110000e+03	3.162304e+06	1.110000e+03	3.150581e+06	1.110000e+03	3.174682e+06	1.110000e+03	3.171413e+06	1.110000e+03	3.172182e+06	1.110000e+03	3.173881e+06	1.110000e+03	3.191587e+06	1.110000e+03	3.194878e+06	1.110000e+03	3.168915e+06	1.110000e+03	3.177030e+06	1.110000e+03	3.187337e+06	1.110000e+03	3.175569e+06	1.110000e+03	3.180487e+06	1.110000e+03	3.162007e+06	1.110000e+03	3.179751e+06	1.110000e+03	3.183961e+06	1.110000e+03	3.176929e+06	1.110000e+03	3.192401e+06	1.110000e+03	3.200310e+06	1.110000e+03	3.190401e+06	1.110000e+03	3.174143e+06	1.110000e+03	3.183780e+06	1.110000e+03	3.179297e+06	1.110000e+03	3.189000e+06	1.110000e+03	3.187679e+06	1.110000e+03	3.177714e+06	1.110000e+03	3.208225e+06	1.110000e+03	3.201581e+06	1.110000e+03	3.206522e+06	1.110000e+03	3.198487e+06	1.110000e+03	3.198151e+06	1.110000e+03	3.182349e+06	1.110000e+03	3.201657e+06	1.110000e+03	3.200893e+06	1.110000e+03	3.190379e+06	1.110000e+03	3.195801e+06	1.110000e+03	3.203053e+06	1.110000e+03	3.194783e+06	1.110000e+03	3.209399e+06	1.110000e+03	3.200749e+06	1.110000e+03	3.191464e+06	1.110000e+03	3.194832e+06	1.110000e+03	3.205136e+06	1.110000e+03	3.225195e+06	1.110000e+03	3.204286e+06	1.110000e+03	3.171805e+06	1.110000e+03	3.185290e+06	1.110000e+03	3.202716e+06	1.110000e+03	3.190228e+06	1.110000e+03	3.208871e+06	1.110000e+03	3.184760e+06	1.110000e+03	3.198063e+06	1.110000e+03	3.196741e+06	1.110000e+03	3.191530e+06
1.115000e+03	3.115778e+06	1.115000e+03	3.090834e+06	1.115000e+03	3.081639e+06	1.115000e+03	3.073983e+06	1.115000e+03	3.048095e+06	1.115000e+03	3.056363e+06	1.115000e+03	3.048535e+06	1.115000e+03	3.035304e+06	1.115000e+03	3.037565e+06	1.115000e+03	3.034072e+06	1.115000e+03	3.026514e+06	1.115000e+03	3.019541e+06	1.115000e+03	3.030005e+06	1.115000e+03	3.026806e+06	1.115000e+03	3.026794e+06	1.115000e+03	3.040082e+06	1.115000e+03	3.033036e+06	1.115000e+03	3.038967e+06	1.115000e+03	3.012483e+06	1.115000e+03	3.037154e+06	1.115000e+03	3.023910e+06	1.115000e+03	3.014093e+06	1.115000e+03	3.010112e+06	1.115000e+03	3.004401e+06	1.115000e+03	3.003299e+06	1.115000e+03	3.000612e+06	1.115000e+03	3.017131e+06	1.115000e+03	3.020891e+06	1.115000e+03	3.008115e+06	1.115000e+03	3.039707e+06	1.115000e+03	3.023174e+06	1.115000e+03	3.023539e+06	1.115000e+03	3.000011e+06	1.115000e+03	3.008303e+06	1.115000e+03	3.025388e+06	1.115000e+03	3.046737e+06	1.115000e+03	3.015211e+06	1.115000e+03	3.033154e+06	1.115000e+03	3.044287e+06	1.115000e+03	3.044015e+06	1.115000e+03	3.059582e+06	1.115000e+03	3.044080e+06	1.115000e+03	3.050128e+06	1.115000e+03	3.043057e+06	1.115000e+03	3.041445e+06	1.115000e+03	3.054192e+06	1.115000e+03	3.042460e+06	1.115000e+03	3.074146e+06	1.115000e+03	3.067884e+06	1.115000e+03	3.072294e+06	1.115000e+03	3.065646e+06	1.115000e+03	3.062446e+06	1.115000e+03	3.067178e+06	1.115000e+03	3.079616e+06	1.115000e+03	3.069128e+06	1.115000e+03	3.061122e+06	1.115000e+03	3.095511e+06	1.115000e+03	3.072754e+06	1.115000e+03	3.078755e+06	1.115000e+03	3.095662e+06	1.115000e+03	3.110233e+06	1.115000e+03	3.067713e+06	1.115000e+03	3.086541e+06	1.115000e+03	3.079464e+06	1.115000e+03	3.077927e+06	1.115000e+03	3.079899e+06	1.115000e+03	3.081088e+06	1.115000e+03	3.074952e+06	1.115000e+03	3.086498e+06	1.115000e+03	3.080074e+06	1.115000e+03	3.099873e+06	1.115000e+03	3.080646e+06	1.115000e+03	3.080194e+06	1.115000e+03	3.119936e+06	1.115000e+03	3.107544e+06	1.115000e+03	3.102568e+06	1.115000e+03	3.111223e+06	1.115000e+03	3.125693e+06	1.115000e+03	3.098932e+06	1.115000e+03	3.105758e+06	1.115000e+03	3.109980e+06	1.115000e+03	3.112233e+06	1.115000e+03	3.107167e+06	1.115000e+03	3.104422e+06	1.115000e+03	3.110454e+06	1.115000e+03	3.117159e+06	1.115000e+03	3.115529e+06	1.115000e+03	3.137691e+06	1.115000e+03	3.113232e+06	1.115000e+03	3.091548e+06	1.115000e+03	3.127734e+06	1.115000e+03	3.121007e+06	1.115000e+03	3.149687e+06	1.115000e+03	3.109829e+06	1.115000e+03	3.121011e+06	1.115000e+03	3.118766e+06	1.115000e+03	3.126675e+06	1.115000e+03	3.124310e+06	1.115000e+03	3.123337e+06	1.115000e+03	3.141573e+06	1.115000e+03	3.138477e+06	1.115000e+03	3.142733e+06	1.115000e+03	3.109721e+06	1.115000e+03	3.121919e+06	1.115000e+03	3.112755e+06	1.115000e+03	3.115290e+06	1.115000e+03	3.124720e+06	1.115000e+03	3.103696e+06	1.115000e+03	3.122187e+06	1.115000e+03	3.130119e+06	1.115000e+03	3.130446e+06	1.115000e+03	3.137271e+06	1.115000e+03	3.138112e+06	1.115000e+03	3.114330e+06	1.115000e+03	3.128051e+06	1.115000e+03	3.119864e+06	1.115000e+03	3.141526e+06	1.115000e+03	3.130775e+06	1.115000e+03	3.099532e+06	1.115000e+03	3.113847e+06	1.115000e+03	3.130878e+06	1.115000e+03	3.111030e+06	1.115000e+03	3.150531e+06	1.115000e+03	3.104799e+06	1.115000e+03	3.116006e+06	1.115000e+03	3.100602e+06	1.115000e+03	3.116621e+06	1.115000e+03	3.105976e+06	1.115000e+03	3.143439e+06	1.115000e+03	3.130993e+06	1.115000e+03	3.108480e+06	1.115000e+03	3.098360e+06	1.115000e+03	3.130157e+06	1.115000e+03	3.120852e+06	1.115000e+03	3.113103e+06	1.115000e+03	3.108943e+06	1.115000e+03	3.124303e+06	1.115000e+03	3.125683e+06	1.115000e+03	3.120692e+06	1.115000e+03	3.113831e+06	1.115000e+03	3.108676e+06	1.115000e+03	3.123729e+06	1.115000e+03	3.136314e+06	1.115000e+03	3.120965e+06	1.115000e+03	3.123300e+06	1.115000e+03	3.134767e+06	1.115000e+03	3.125762e+06	1.115000e+03	3.127038e+06	1.115000e+03	3.146735e+06	1.115000e+03	3.137154e+06	1.115000e+03	3.132923e+06	1.115000e+03	3.119238e+06	1.115000e+03	3.157553e+06	1.115000e+03	3.129860e+06	1.115000e+03	3.140397e+06	1.115000e+03	3.130269e+06	1.115000e+03	3.163063e+06	1.115000e+03	3.168217e+06	1.115000e+03	3.161726e+06	1.115000e+03	3.156771e+06	1.115000e+03	3.142538e+06	1.115000e+03	3.161016e+06	1.115000e+03	3.152306e+06	1.115000e+03	3.146657e+06	1.115000e+03	3.148393e+06	1.115000e+03	3.137235e+06	1.115000e+03	3.164908e+06	1.115000e+03	3.130981e+06	1.115000e+03	3.152411e+06	1.115000e+03	3.154183e+06	1.115000e+03	3.175295e+06	1.115000e+03	3.159032e+06	1.115000e+03	3.175716e+06	1.115000e+03	3.151381e+06	1.115000e+03	3.135925e+06	1.115000e+03	3.147854e+06	1.115000e+03	3.166842e+06	1.115000e+03	3.149237e+06	1.115000e+03	3.139687e+06	1.115000e+03	3.176191e+06	1.115000e+03	3.170159e+06	1.115000e+03	3.166796e+06	1.115000e+03	3.143184e+06	1.115000e+03	3.159383e+06	1.115000e+03	3.165382e+06	1.115000e+03	3.161404e+06	1.115000e+03	3.161893e+06	1.115000e+03	3.146368e+06	1.115000e+03	3.183835e+06	1.115000e+03	3.168178e+06	1.115000e+03	3.178369e+06	1.115000e+03	3.158516e+06	1.115000e+03	3.180867e+06	1.115000e+03	3.150262e+06	1.115000e+03	3.152093e+06	1.115000e+03	3.162735e+06	1.115000e+03	3.147643e+06	1.115000e+03	3.163674e+06	1.115000e+03	3.174317e+06	1.115000e+03	3.156684e+06	1.115000e+03	3.158027e+06	1.115000e+03	3.147807e+06	1.115000e+03	3.144480e+06	1.115000e+03	3.147598e+06	1.115000e+03	3.145795e+06	1.115000e+03	3.160847e+06	1.115000e+03	3.149080e+06	1.115000e+03	3.138678e+06	1.115000e+03	3.149231e+06	1.115000e+03	3.148444e+06	1.115000e+03	3.163911e+06	1.115000e+03	3.155848e+06	1.115000e+03	3.147707e+06	1.115000e+03	3.152356e+06	1.115000e+03	3.159984e+06	1.115000e+03	3.160633e+06	1.115000e+03	3.143967e+06	1.115000e+03	3.157183e+06	1.115000e+03	3.146300e+06	1.115000e+03	3.172533e+06	1.115000e+03	3.171317e+06	1.115000e+03	3.154920e+06	1.115000e+03	3.142040e+06	1.115000e+03	3.157719e+06	1.115000e+03	3.160191e+06	1.115000e+03	3.160520e+06	1.115000e+03	3.165132e+06	1.115000e+03	3.162315e+06	1.115000e+03	3.149817e+06	1.115000e+03	3.147415e+06	1.115000e+03	3.162479e+06	1.115000e+03	3.149355e+06	1.115000e+03	3.156804e+06	1.115000e+03	3.179934e+06	1.115000e+03	3.144623e+06	1.115000e+03	3.160119e+06	1.115000e+03	3.153741e+06	1.115000e+03	3.159314e+06	1.115000e+03	3.154504e+06	1.115000e+03	3.139719e+06	1.115000e+03	3.169336e+06	1.115000e+03	3.167262e+06	1.115000e+03	3.163658e+06	1.115000e+03	3.144850e+06	1.115000e+03	3.159032e+06	1.115000e+03	3.153189e+06	1.115000e+03	3.161463e+06	1.115000e+03	3.153374e+06	1.115000e+03	3.143651e+06	1.115000e+03	3.146136e+06	1.115000e+03	3.160983e+06	1.115000e+03	3.152672e+06	1.115000e+03	3.155099e+06	1.115000e+03	3.171509e+06	1.115000e+03	3.185141e+06	1.115000e+03	3.160443e+06	1.115000e+03	3.169078e+06	1.115000e+03	3.165398e+06	1.115000e+03	3.176170e+06	1.115000e+03	3.143483e+06	1.115000e+03	3.162158e+06	1.115000e+03	3.148864e+06	1.115000e+03	3.175140e+06	1.115000e+03	3.183064e+06	1.115000e+03	3.177715e+06	1.115000e+03	3.170831e+06	1.115000e+03	3.179347e+06	1.115000e+03	3.194902e+06	1.115000e+03	3.168523e+06	1.115000e+03	3.164239e+06	1.115000e+03	3.183703e+06	1.115000e+03	3.173328e+06	1.115000e+03	3.180852e+06	1.115000e+03	3.164254e+06	1.115000e+03	3.184924e+06	1.115000e+03	3.188073e+06	1.115000e+03	3.174114e+06	1.115000e+03	3.195554e+06	1.115000e+03	3.196813e+06	1.115000e+03	3.197498e+06	1.115000e+03	3.180291e+06	1.115000e+03	3.182748e+06	1.115000e+03	3.186718e+06	1.115000e+03	3.184864e+06	1.115000e+03	3.183546e+06	1.115000e+03	3.176137e+06	1.115000e+03	3.199517e+06	1.115000e+03	3.200182e+06	1.115000e+03	3.210688e+06	1.115000e+03	3.209740e+06	1.115000e+03	3.197330e+06	1.115000e+03	3.188703e+06	1.115000e+03	3.200597e+06	1.115000e+03	3.203550e+06	1.115000e+03	3.188115e+06	1.115000e+03	3.190746e+06	1.115000e+03	3.195430e+06	1.115000e+03	3.190947e+06	1.115000e+03	3.196960e+06	1.115000e+03	3.206826e+06	1.115000e+03	3.189550e+06	1.115000e+03	3.189605e+06	1.115000e+03	3.201333e+06	1.115000e+03	3.212052e+06	1.115000e+03	3.200124e+06	1.115000e+03	3.180250e+06	1.115000e+03	3.179471e+06	1.115000e+03	3.202145e+06	1.115000e+03	3.195122e+06	1.115000e+03	3.222001e+06	1.115000e+03	3.190669e+06	1.115000e+03	3.200193e+06	1.115000e+03	3.191504e+06	1.115000e+03	3.194521e+06
1.120000e+03	3.119604e+06	1.120000e+03	3.086120e+06	1.120000e+03	3.078851e+06	1.120000e+03	3.076321e+06	1.120000e+03	3.053623e+06	1.120000e+03	3.055343e+06	1.120000e+03	3.043569e+06	1.120000e+03	3.034656e+06	1.120000e+03	3.031059e+06	1.120000e+03	3.037821e+06	1.120000e+03	3.032200e+06	1.120000e+03	3.021834e+06	1.120000e+03	3.029564e+06	1.120000e+03	3.028565e+06	1.120000e+03	3.020984e+06	1.120000e+03	3.039399e+06	1.120000e+03	3.036166e+06	1.120000e+03	3.037529e+06	1.120000e+03	3.017847e+06	1.120000e+03	3.024068e+06	1.120000e+03	3.029251e+06	1.120000e+03	3.015803e+06	1.120000e+03	3.001942e+06	1.120000e+03	3.010262e+06	1.120000e+03	3.005238e+06	1.120000e+03	2.995978e+06	1.120000e+03	3.018815e+06	1.120000e+03	3.023334e+06	1.120000e+03	3.010754e+06	1.120000e+03	3.055391e+06	1.120000e+03	3.019603e+06	1.120000e+03	3.022671e+06	1.120000e+03	2.992214e+06	1.120000e+03	3.011207e+06	1.120000e+03	3.028720e+06	1.120000e+03	3.049438e+06	1.120000e+03	3.014153e+06	1.120000e+03	3.040471e+06	1.120000e+03	3.042186e+06	1.120000e+03	3.040643e+06	1.120000e+03	3.055960e+06	1.120000e+03	3.046169e+06	1.120000e+03	3.062663e+06	1.120000e+03	3.037845e+06	1.120000e+03	3.037433e+06	1.120000e+03	3.063792e+06	1.120000e+03	3.046650e+06	1.120000e+03	3.073458e+06	1.120000e+03	3.065371e+06	1.120000e+03	3.077864e+06	1.120000e+03	3.066640e+06	1.120000e+03	3.067074e+06	1.120000e+03	3.063281e+06	1.120000e+03	3.084370e+06	1.120000e+03	3.069662e+06	1.120000e+03	3.057637e+06	1.120000e+03	3.080065e+06	1.120000e+03	3.070477e+06	1.120000e+03	3.082832e+06	1.120000e+03	3.088793e+06	1.120000e+03	3.102928e+06	1.120000e+03	3.067898e+06	1.120000e+03	3.088852e+06	1.120000e+03	3.074054e+06	1.120000e+03	3.079641e+06	1.120000e+03	3.080839e+06	1.120000e+03	3.086940e+06	1.120000e+03	3.065678e+06	1.120000e+03	3.090448e+06	1.120000e+03	3.082273e+06	1.120000e+03	3.094994e+06	1.120000e+03	3.096513e+06	1.120000e+03	3.079654e+06	1.120000e+03	3.114852e+06	1.120000e+03	3.100254e+06	1.120000e+03	3.101566e+06	1.120000e+03	3.109432e+06	1.120000e+03	3.122526e+06	1.120000e+03	3.106890e+06	1.120000e+03	3.101068e+06	1.120000e+03	3.110225e+06	1.120000e+03	3.117025e+06	1.120000e+03	3.109584e+06	1.120000e+03	3.109794e+06	1.120000e+03	3.115716e+06	1.120000e+03	3.115899e+06	1.120000e+03	3.119610e+06	1.120000e+03	3.133023e+06	1.120000e+03	3.118106e+06	1.120000e+03	3.090195e+06	1.120000e+03	3.129632e+06	1.120000e+03	3.121214e+06	1.120000e+03	3.145283e+06	1.120000e+03	3.116838e+06	1.120000e+03	3.119350e+06	1.120000e+03	3.117900e+06	1.120000e+03	3.132591e+06	1.120000e+03	3.113466e+06	1.120000e+03	3.122536e+06	1.120000e+03	3.145863e+06	1.120000e+03	3.145809e+06	1.120000e+03	3.138643e+06	1.120000e+03	3.114891e+06	1.120000e+03	3.118906e+06	1.120000e+03	3.111983e+06	1.120000e+03	3.111900e+06	1.120000e+03	3.122548e+06	1.120000e+03	3.110251e+06	1.120000e+03	3.124662e+06	1.120000e+03	3.123543e+06	1.120000e+03	3.131534e+06	1.120000e+03	3.138228e+06	1.120000e+03	3.131073e+06	1.120000e+03	3.120922e+06	1.120000e+03	3.123581e+06	1.120000e+03	3.123948e+06	1.120000e+03	3.145609e+06	1.120000e+03	3.123899e+06	1.120000e+03	3.101628e+06	1.120000e+03	3.123036e+06	1.120000e+03	3.126689e+06	1.120000e+03	3.115315e+06	1.120000e+03	3.137301e+06	1.120000e+03	3.104497e+06	1.120000e+03	3.116502e+06	1.120000e+03	3.112673e+06	1.120000e+03	3.119759e+06	1.120000e+03	3.098136e+06	1.120000e+03	3.141008e+06	1.120000e+03	3.133025e+06	1.120000e+03	3.106704e+06	1.120000e+03	3.097880e+06	1.120000e+03	3.128896e+06	1.120000e+03	3.127820e+06	1.120000e+03	3.103012e+06	1.120000e+03	3.114731e+06	1.120000e+03	3.128854e+06	1.120000e+03	3.125435e+06	1.120000e+03	3.123410e+06	1.120000e+03	3.115671e+06	1.120000e+03	3.097085e+06	1.120000e+03	3.130474e+06	1.120000e+03	3.140706e+06	1.120000e+03	3.121771e+06	1.120000e+03	3.120653e+06	1.120000e+03	3.140723e+06	1.120000e+03	3.134299e+06	1.120000e+03	3.131192e+06	1.120000e+03	3.148802e+06	1.120000e+03	3.136552e+06	1.120000e+03	3.139056e+06	1.120000e+03	3.121904e+06	1.120000e+03	3.155896e+06	1.120000e+03	3.130108e+06	1.120000e+03	3.142081e+06	1.120000e+03	3.136942e+06	1.120000e+03	3.163299e+06	1.120000e+03	3.157470e+06	1.120000e+03	3.153798e+06	1.120000e+03	3.157287e+06	1.120000e+03	3.142916e+06	1.120000e+03	3.155664e+06	1.120000e+03	3.152205e+06	1.120000e+03	3.144510e+06	1.120000e+03	3.151912e+06	1.120000e+03	3.138701e+06	1.120000e+03	3.147867e+06	1.120000e+03	3.132222e+06	1.120000e+03	3.148291e+06	1.120000e+03	3.154360e+06	1.120000e+03	3.173987e+06	1.120000e+03	3.165767e+06	1.120000e+03	3.174929e+06	1.120000e+03	3.147277e+06	1.120000e+03	3.141583e+06	1.120000e+03	3.151503e+06	1.120000e+03	3.171584e+06	1.120000e+03	3.150235e+06	1.120000e+03	3.137761e+06	1.120000e+03	3.178503e+06	1.120000e+03	3.166184e+06	1.120000e+03	3.166010e+06	1.120000e+03	3.142178e+06	1.120000e+03	3.159033e+06	1.120000e+03	3.169209e+06	1.120000e+03	3.165837e+06	1.120000e+03	3.160686e+06	1.120000e+03	3.150059e+06	1.120000e+03	3.171330e+06	1.120000e+03	3.174172e+06	1.120000e+03	3.195052e+06	1.120000e+03	3.162958e+06	1.120000e+03	3.187352e+06	1.120000e+03	3.148784e+06	1.120000e+03	3.154982e+06	1.120000e+03	3.164505e+06	1.120000e+03	3.144862e+06	1.120000e+03	3.167759e+06	1.120000e+03	3.171336e+06	1.120000e+03	3.153804e+06	1.120000e+03	3.156619e+06	1.120000e+03	3.155772e+06	1.120000e+03	3.147011e+06	1.120000e+03	3.153078e+06	1.120000e+03	3.153332e+06	1.120000e+03	3.156829e+06	1.120000e+03	3.146159e+06	1.120000e+03	3.148789e+06	1.120000e+03	3.146773e+06	1.120000e+03	3.152936e+06	1.120000e+03	3.167976e+06	1.120000e+03	3.153721e+06	1.120000e+03	3.146323e+06	1.120000e+03	3.160914e+06	1.120000e+03	3.160703e+06	1.120000e+03	3.155800e+06	1.120000e+03	3.151514e+06	1.120000e+03	3.152937e+06	1.120000e+03	3.154657e+06	1.120000e+03	3.166522e+06	1.120000e+03	3.166093e+06	1.120000e+03	3.157548e+06	1.120000e+03	3.140813e+06	1.120000e+03	3.159955e+06	1.120000e+03	3.158188e+06	1.120000e+03	3.160117e+06	1.120000e+03	3.169213e+06	1.120000e+03	3.161472e+06	1.120000e+03	3.158812e+06	1.120000e+03	3.147489e+06	1.120000e+03	3.170580e+06	1.120000e+03	3.152590e+06	1.120000e+03	3.155850e+06	1.120000e+03	3.179454e+06	1.120000e+03	3.145503e+06	1.120000e+03	3.165878e+06	1.120000e+03	3.156577e+06	1.120000e+03	3.161121e+06	1.120000e+03	3.154902e+06	1.120000e+03	3.139589e+06	1.120000e+03	3.171991e+06	1.120000e+03	3.178097e+06	1.120000e+03	3.168843e+06	1.120000e+03	3.157610e+06	1.120000e+03	3.154709e+06	1.120000e+03	3.153015e+06	1.120000e+03	3.156988e+06	1.120000e+03	3.154012e+06	1.120000e+03	3.144666e+06	1.120000e+03	3.149610e+06	1.120000e+03	3.167130e+06	1.120000e+03	3.158974e+06	1.120000e+03	3.154255e+06	1.120000e+03	3.171956e+06	1.120000e+03	3.184725e+06	1.120000e+03	3.168296e+06	1.120000e+03	3.168661e+06	1.120000e+03	3.172678e+06	1.120000e+03	3.177752e+06	1.120000e+03	3.145602e+06	1.120000e+03	3.164204e+06	1.120000e+03	3.147171e+06	1.120000e+03	3.182558e+06	1.120000e+03	3.181977e+06	1.120000e+03	3.174331e+06	1.120000e+03	3.174244e+06	1.120000e+03	3.181014e+06	1.120000e+03	3.192147e+06	1.120000e+03	3.176695e+06	1.120000e+03	3.165509e+06	1.120000e+03	3.185341e+06	1.120000e+03	3.171720e+06	1.120000e+03	3.180882e+06	1.120000e+03	3.166017e+06	1.120000e+03	3.179567e+06	1.120000e+03	3.184359e+06	1.120000e+03	3.170911e+06	1.120000e+03	3.191272e+06	1.120000e+03	3.198402e+06	1.120000e+03	3.188488e+06	1.120000e+03	3.173622e+06	1.120000e+03	3.186263e+06	1.120000e+03	3.186226e+06	1.120000e+03	3.189788e+06	1.120000e+03	3.189994e+06	1.120000e+03	3.179281e+06	1.120000e+03	3.196209e+06	1.120000e+03	3.204212e+06	1.120000e+03	3.214213e+06	1.120000e+03	3.198742e+06	1.120000e+03	3.187520e+06	1.120000e+03	3.184175e+06	1.120000e+03	3.195488e+06	1.120000e+03	3.199498e+06	1.120000e+03	3.186419e+06	1.120000e+03	3.193021e+06	1.120000e+03	3.198333e+06	1.120000e+03	3.197471e+06	1.120000e+03	3.192687e+06	1.120000e+03	3.203098e+06	1.120000e+03	3.188062e+06	1.120000e+03	3.189691e+06	1.120000e+03	3.201838e+06	1.120000e+03	3.204755e+06	1.120000e+03	3.197024e+06	1.120000e+03	3.177908e+06	1.120000e+03	3.189211e+06	1.120000e+03	3.200215e+06	1.120000e+03	3.190930e+06	1.120000e+03	3.217970e+06	1.120000e+03	3.187936e+06	1.120000e+03	3.196817e+06	1.120000e+03	3.184805e+06	1.120000e+03	3.191392e+06
1.125000e+03	3.120105e+06	1.125000e+03	3.093760e+06	1.125000e+03	3.081503e+06	1.125000e+03	3.085258e+06	1.125000e+03	3.051530e+06	1.125000e+03	3.056910e+06	1.125000e+03	3.044592e+06	1.125000e+03	3.037519e+06	1.125000e+03	3.032124e+06	1.125000e+03	3.033999e+06	1.125000e+03	3.023583e+06	1.125000e+03	3.026128e+06	1.125000e+03	3.034197e+06	1.125000e+03	3.023809e+06	1.125000e+03	3.025464e+06	1.125000e+03	3.043097e+06	1.125000e+03	3.032790e+06	1.125000e+03	3.039947e+06	1.125000e+03	3.009283e+06	1.125000e+03	3.025493e+06	1.125000e+03	3.032241e+06	1.125000e+03	3.014717e+06	1.125000e+03	3.005202e+06	1.125000e+03	3.009380e+06	1.125000e+03	3.009472e+06	1.125000e+03	2.995363e+06	1.125000e+03	3.030817e+06	1.125000e+03	3.022622e+06	1.125000e+03	3.010991e+06	1.125000e+03	3.045021e+06	1.125000e+03	3.021601e+06	1.125000e+03	3.027783e+06	1.125000e+03	2.997178e+06	1.125000e+03	3.016022e+06	1.125000e+03	3.030804e+06	1.125000e+03	3.046717e+06	1.125000e+03	3.018787e+06	1.125000e+03	3.042859e+06	1.125000e+03	3.038726e+06	1.125000e+03	3.036001e+06	1.125000e+03	3.060842e+06	1.125000e+03	3.045152e+06	1.125000e+03	3.058790e+06	1.125000e+03	3.040861e+06	1.125000e+03	3.042377e+06	1.125000e+03	3.070585e+06	1.125000e+03	3.042761e+06	1.125000e+03	3.077860e+06	1.125000e+03	3.063984e+06	1.125000e+03	3.083395e+06	1.125000e+03	3.056882e+06	1.125000e+03	3.066698e+06	1.125000e+03	3.061336e+06	1.125000e+03	3.087695e+06	1.125000e+03	3.073128e+06	1.125000e+03	3.052712e+06	1.125000e+03	3.073513e+06	1.125000e+03	3.076877e+06	1.125000e+03	3.076347e+06	1.125000e+03	3.087812e+06	1.125000e+03	3.104826e+06	1.125000e+03	3.080041e+06	1.125000e+03	3.086516e+06	1.125000e+03	3.088998e+06	1.125000e+03	3.076739e+06	1.125000e+03	3.085199e+06	1.125000e+03	3.081126e+06	1.125000e+03	3.064590e+06	1.125000e+03	3.087542e+06	1.125000e+03	3.083843e+06	1.125000e+03	3.091712e+06	1.125000e+03	3.089177e+06	1.125000e+03	3.085402e+06	1.125000e+03	3.122208e+06	1.125000e+03	3.102511e+06	1.125000e+03	3.116900e+06	1.125000e+03	3.120551e+06	1.125000e+03	3.126009e+06	1.125000e+03	3.110768e+06	1.125000e+03	3.096641e+06	1.125000e+03	3.106973e+06	1.125000e+03	3.107047e+06	1.125000e+03	3.110303e+06	1.125000e+03	3.112090e+06	1.125000e+03	3.111640e+06	1.125000e+03	3.108430e+06	1.125000e+03	3.114394e+06	1.125000e+03	3.115254e+06	1.125000e+03	3.117030e+06	1.125000e+03	3.093954e+06	1.125000e+03	3.127951e+06	1.125000e+03	3.116776e+06	1.125000e+03	3.149753e+06	1.125000e+03	3.110145e+06	1.125000e+03	3.124512e+06	1.125000e+03	3.120773e+06	1.125000e+03	3.134449e+06	1.125000e+03	3.126490e+06	1.125000e+03	3.116862e+06	1.125000e+03	3.139393e+06	1.125000e+03	3.126028e+06	1.125000e+03	3.136766e+06	1.125000e+03	3.116586e+06	1.125000e+03	3.118505e+06	1.125000e+03	3.108904e+06	1.125000e+03	3.113777e+06	1.125000e+03	3.120291e+06	1.125000e+03	3.102448e+06	1.125000e+03	3.132983e+06	1.125000e+03	3.125516e+06	1.125000e+03	3.129103e+06	1.125000e+03	3.144056e+06	1.125000e+03	3.130436e+06	1.125000e+03	3.135701e+06	1.125000e+03	3.140875e+06	1.125000e+03	3.133376e+06	1.125000e+03	3.148946e+06	1.125000e+03	3.124405e+06	1.125000e+03	3.099815e+06	1.125000e+03	3.124684e+06	1.125000e+03	3.122034e+06	1.125000e+03	3.114212e+06	1.125000e+03	3.138556e+06	1.125000e+03	3.103080e+06	1.125000e+03	3.118899e+06	1.125000e+03	3.106248e+06	1.125000e+03	3.113311e+06	1.125000e+03	3.107490e+06	1.125000e+03	3.132794e+06	1.125000e+03	3.133912e+06	1.125000e+03	3.123942e+06	1.125000e+03	3.093546e+06	1.125000e+03	3.126698e+06	1.125000e+03	3.123837e+06	1.125000e+03	3.104832e+06	1.125000e+03	3.113148e+06	1.125000e+03	3.126125e+06	1.125000e+03	3.133499e+06	1.125000e+03	3.121329e+06	1.125000e+03	3.115644e+06	1.125000e+03	3.092813e+06	1.125000e+03	3.127167e+06	1.125000e+03	3.140569e+06	1.125000e+03	3.125063e+06	1.125000e+03	3.122057e+06	1.125000e+03	3.139434e+06	1.125000e+03	3.130085e+06	1.125000e+03	3.132528e+06	1.125000e+03	3.139410e+06	1.125000e+03	3.134038e+06	1.125000e+03	3.135021e+06	1.125000e+03	3.119029e+06	1.125000e+03	3.146538e+06	1.125000e+03	3.131678e+06	1.125000e+03	3.144345e+06	1.125000e+03	3.130900e+06	1.125000e+03	3.165502e+06	1.125000e+03	3.155969e+06	1.125000e+03	3.152247e+06	1.125000e+03	3.156737e+06	1.125000e+03	3.152827e+06	1.125000e+03	3.158557e+06	1.125000e+03	3.153851e+06	1.125000e+03	3.146653e+06	1.125000e+03	3.159514e+06	1.125000e+03	3.144138e+06	1.125000e+03	3.160462e+06	1.125000e+03	3.131742e+06	1.125000e+03	3.160951e+06	1.125000e+03	3.154417e+06	1.125000e+03	3.174555e+06	1.125000e+03	3.156529e+06	1.125000e+03	3.176550e+06	1.125000e+03	3.150496e+06	1.125000e+03	3.139550e+06	1.125000e+03	3.154383e+06	1.125000e+03	3.168790e+06	1.125000e+03	3.153593e+06	1.125000e+03	3.131950e+06	1.125000e+03	3.181597e+06	1.125000e+03	3.167884e+06	1.125000e+03	3.170054e+06	1.125000e+03	3.139084e+06	1.125000e+03	3.162858e+06	1.125000e+03	3.169371e+06	1.125000e+03	3.167459e+06	1.125000e+03	3.169751e+06	1.125000e+03	3.148897e+06	1.125000e+03	3.173276e+06	1.125000e+03	3.172473e+06	1.125000e+03	3.195652e+06	1.125000e+03	3.174951e+06	1.125000e+03	3.186598e+06	1.125000e+03	3.150267e+06	1.125000e+03	3.156967e+06	1.125000e+03	3.184833e+06	1.125000e+03	3.152834e+06	1.125000e+03	3.155899e+06	1.125000e+03	3.175599e+06	1.125000e+03	3.161039e+06	1.125000e+03	3.155915e+06	1.125000e+03	3.162265e+06	1.125000e+03	3.142896e+06	1.125000e+03	3.159128e+06	1.125000e+03	3.154679e+06	1.125000e+03	3.155425e+06	1.125000e+03	3.146046e+06	1.125000e+03	3.136673e+06	1.125000e+03	3.146753e+06	1.125000e+03	3.151417e+06	1.125000e+03	3.158760e+06	1.125000e+03	3.158035e+06	1.125000e+03	3.147390e+06	1.125000e+03	3.151163e+06	1.125000e+03	3.158365e+06	1.125000e+03	3.159134e+06	1.125000e+03	3.147652e+06	1.125000e+03	3.153727e+06	1.125000e+03	3.153238e+06	1.125000e+03	3.174936e+06	1.125000e+03	3.167623e+06	1.125000e+03	3.169306e+06	1.125000e+03	3.137837e+06	1.125000e+03	3.163086e+06	1.125000e+03	3.149999e+06	1.125000e+03	3.162590e+06	1.125000e+03	3.163767e+06	1.125000e+03	3.165587e+06	1.125000e+03	3.159340e+06	1.125000e+03	3.145153e+06	1.125000e+03	3.157183e+06	1.125000e+03	3.149903e+06	1.125000e+03	3.161577e+06	1.125000e+03	3.174667e+06	1.125000e+03	3.147670e+06	1.125000e+03	3.164298e+06	1.125000e+03	3.155771e+06	1.125000e+03	3.163875e+06	1.125000e+03	3.154186e+06	1.125000e+03	3.143176e+06	1.125000e+03	3.172805e+06	1.125000e+03	3.187442e+06	1.125000e+03	3.170699e+06	1.125000e+03	3.160694e+06	1.125000e+03	3.156823e+06	1.125000e+03	3.156798e+06	1.125000e+03	3.156047e+06	1.125000e+03	3.154313e+06	1.125000e+03	3.147687e+06	1.125000e+03	3.152214e+06	1.125000e+03	3.166872e+06	1.125000e+03	3.153742e+06	1.125000e+03	3.171108e+06	1.125000e+03	3.169085e+06	1.125000e+03	3.184142e+06	1.125000e+03	3.162410e+06	1.125000e+03	3.170855e+06	1.125000e+03	3.173130e+06	1.125000e+03	3.178478e+06	1.125000e+03	3.140849e+06	1.125000e+03	3.168571e+06	1.125000e+03	3.156368e+06	1.125000e+03	3.178347e+06	1.125000e+03	3.182181e+06	1.125000e+03	3.173169e+06	1.125000e+03	3.176807e+06	1.125000e+03	3.186515e+06	1.125000e+03	3.191701e+06	1.125000e+03	3.162906e+06	1.125000e+03	3.172716e+06	1.125000e+03	3.185048e+06	1.125000e+03	3.173052e+06	1.125000e+03	3.173052e+06	1.125000e+03	3.163612e+06	1.125000e+03	3.179051e+06	1.125000e+03	3.178774e+06	1.125000e+03	3.170094e+06	1.125000e+03	3.196946e+06	1.125000e+03	3.193799e+06	1.125000e+03	3.194627e+06	1.125000e+03	3.175457e+06	1.125000e+03	3.186218e+06	1.125000e+03	3.184343e+06	1.125000e+03	3.190419e+06	1.125000e+03	3.186398e+06	1.125000e+03	3.179120e+06	1.125000e+03	3.187856e+06	1.125000e+03	3.200082e+06	1.125000e+03	3.208998e+06	1.125000e+03	3.202542e+06	1.125000e+03	3.176747e+06	1.125000e+03	3.193246e+06	1.125000e+03	3.197238e+06	1.125000e+03	3.197577e+06	1.125000e+03	3.188729e+06	1.125000e+03	3.192962e+06	1.125000e+03	3.194976e+06	1.125000e+03	3.203129e+06	1.125000e+03	3.190270e+06	1.125000e+03	3.191842e+06	1.125000e+03	3.187719e+06	1.125000e+03	3.187700e+06	1.125000e+03	3.209740e+06	1.125000e+03	3.210598e+06	1.125000e+03	3.199668e+06	1.125000e+03	3.180996e+06	1.125000e+03	3.197440e+06	1.125000e+03	3.208523e+06	1.125000e+03	3.185518e+06	1.125000e+03	3.201810e+06	1.125000e+03	3.195446e+06	1.125000e+03	3.195686e+06	1.125000e+03	3.192682e+06	1.125000e+03	3.185533e+06
1.130000e+03	3.114641e+06	1.130000e+03	3.092487e+06	1.130000e+03	3.085509e+06	1.130000e+03	3.076310e+06	1.130000e+03	3.048282e+06	1.130000e+03	3.055753e+06	1.130000e+03	3.044828e+06	1.130000e+03	3.035306e+06	1.130000e+03	3.030502e+06	1.130000e+03	3.027690e+06	1.130000e+03	3.027623e+06	1.130000e+03	3.021749e+06	1.130000e+03	3.038747e+06	1.130000e+03	3.026090e+06	1.130000e+03	3.026180e+06	1.130000e+03	3.039816e+06	1.130000e+03	3.030128e+06	1.130000e+03	3.037008e+06	1.130000e+03	3.013393e+06	1.130000e+03	3.013399e+06	1.130000e+03	3.040025e+06	1.130000e+03	3.021384e+06	1.130000e+03	3.009571e+06	1.130000e+03	3.014390e+06	1.130000e+03	3.009822e+06	1.130000e+03	2.999603e+06	1.130000e+03	3.024082e+06	1.130000e+03	3.027566e+06	1.130000e+03	3.015737e+06	1.130000e+03	3.049466e+06	1.130000e+03	3.028629e+06	1.130000e+03	3.025050e+06	1.130000e+03	3.003185e+06	1.130000e+03	3.015977e+06	1.130000e+03	3.037987e+06	1.130000e+03	3.046865e+06	1.130000e+03	3.023644e+06	1.130000e+03	3.042586e+06	1.130000e+03	3.040351e+06	1.130000e+03	3.038006e+06	1.130000e+03	3.065298e+06	1.130000e+03	3.044303e+06	1.130000e+03	3.057238e+06	1.130000e+03	3.039821e+06	1.130000e+03	3.030963e+06	1.130000e+03	3.072811e+06	1.130000e+03	3.045079e+06	1.130000e+03	3.068588e+06	1.130000e+03	3.065926e+06	1.130000e+03	3.077688e+06	1.130000e+03	3.066220e+06	1.130000e+03	3.066332e+06	1.130000e+03	3.056579e+06	1.130000e+03	3.089599e+06	1.130000e+03	3.066686e+06	1.130000e+03	3.053348e+06	1.130000e+03	3.076313e+06	1.130000e+03	3.076635e+06	1.130000e+03	3.081700e+06	1.130000e+03	3.087769e+06	1.130000e+03	3.100774e+06	1.130000e+03	3.095197e+06	1.130000e+03	3.082141e+06	1.130000e+03	3.085521e+06	1.130000e+03	3.075611e+06	1.130000e+03	3.091172e+06	1.130000e+03	3.080011e+06	1.130000e+03	3.067748e+06	1.130000e+03	3.087273e+06	1.130000e+03	3.080234e+06	1.130000e+03	3.103956e+06	1.130000e+03	3.081704e+06	1.130000e+03	3.083587e+06	1.130000e+03	3.116743e+06	1.130000e+03	3.106936e+06	1.130000e+03	3.114417e+06	1.130000e+03	3.121169e+06	1.130000e+03	3.104953e+06	1.130000e+03	3.109855e+06	1.130000e+03	3.107694e+06	1.130000e+03	3.107812e+06	1.130000e+03	3.112177e+06	1.130000e+03	3.122366e+06	1.130000e+03	3.112776e+06	1.130000e+03	3.110032e+06	1.130000e+03	3.100635e+06	1.130000e+03	3.114355e+06	1.130000e+03	3.117493e+06	1.130000e+03	3.116438e+06	1.130000e+03	3.099032e+06	1.130000e+03	3.122027e+06	1.130000e+03	3.121059e+06	1.130000e+03	3.141531e+06	1.130000e+03	3.108454e+06	1.130000e+03	3.114837e+06	1.130000e+03	3.124148e+06	1.130000e+03	3.122976e+06	1.130000e+03	3.132362e+06	1.130000e+03	3.116972e+06	1.130000e+03	3.145007e+06	1.130000e+03	3.126873e+06	1.130000e+03	3.131726e+06	1.130000e+03	3.107881e+06	1.130000e+03	3.120661e+06	1.130000e+03	3.112444e+06	1.130000e+03	3.118371e+06	1.130000e+03	3.121079e+06	1.130000e+03	3.106526e+06	1.130000e+03	3.129037e+06	1.130000e+03	3.119247e+06	1.130000e+03	3.129183e+06	1.130000e+03	3.138869e+06	1.130000e+03	3.129048e+06	1.130000e+03	3.139138e+06	1.130000e+03	3.134611e+06	1.130000e+03	3.148975e+06	1.130000e+03	3.148049e+06	1.130000e+03	3.118982e+06	1.130000e+03	3.092962e+06	1.130000e+03	3.129408e+06	1.130000e+03	3.122365e+06	1.130000e+03	3.114294e+06	1.130000e+03	3.138101e+06	1.130000e+03	3.103825e+06	1.130000e+03	3.121014e+06	1.130000e+03	3.111232e+06	1.130000e+03	3.112096e+06	1.130000e+03	3.117295e+06	1.130000e+03	3.139828e+06	1.130000e+03	3.129494e+06	1.130000e+03	3.126414e+06	1.130000e+03	3.091512e+06	1.130000e+03	3.120523e+06	1.130000e+03	3.127419e+06	1.130000e+03	3.113453e+06	1.130000e+03	3.115791e+06	1.130000e+03	3.123979e+06	1.130000e+03	3.142130e+06	1.130000e+03	3.132502e+06	1.130000e+03	3.114525e+06	1.130000e+03	3.094116e+06	1.130000e+03	3.133128e+06	1.130000e+03	3.141047e+06	1.130000e+03	3.126377e+06	1.130000e+03	3.118452e+06	1.130000e+03	3.144274e+06	1.130000e+03	3.132305e+06	1.130000e+03	3.127179e+06	1.130000e+03	3.147022e+06	1.130000e+03	3.144480e+06	1.130000e+03	3.135104e+06	1.130000e+03	3.121896e+06	1.130000e+03	3.140220e+06	1.130000e+03	3.135785e+06	1.130000e+03	3.153586e+06	1.130000e+03	3.136964e+06	1.130000e+03	3.159171e+06	1.130000e+03	3.149540e+06	1.130000e+03	3.148687e+06	1.130000e+03	3.159710e+06	1.130000e+03	3.144842e+06	1.130000e+03	3.160612e+06	1.130000e+03	3.152818e+06	1.130000e+03	3.146839e+06	1.130000e+03	3.160945e+06	1.130000e+03	3.143023e+06	1.130000e+03	3.150151e+06	1.130000e+03	3.138746e+06	1.130000e+03	3.167302e+06	1.130000e+03	3.159125e+06	1.130000e+03	3.166765e+06	1.130000e+03	3.158142e+06	1.130000e+03	3.172931e+06	1.130000e+03	3.135512e+06	1.130000e+03	3.138782e+06	1.130000e+03	3.163642e+06	1.130000e+03	3.165291e+06	1.130000e+03	3.154320e+06	1.130000e+03	3.130512e+06	1.130000e+03	3.190838e+06	1.130000e+03	3.173619e+06	1.130000e+03	3.190716e+06	1.130000e+03	3.140321e+06	1.130000e+03	3.162506e+06	1.130000e+03	3.169883e+06	1.130000e+03	3.165016e+06	1.130000e+03	3.178856e+06	1.130000e+03	3.146645e+06	1.130000e+03	3.172304e+06	1.130000e+03	3.162863e+06	1.130000e+03	3.199803e+06	1.130000e+03	3.160616e+06	1.130000e+03	3.189540e+06	1.130000e+03	3.148809e+06	1.130000e+03	3.154460e+06	1.130000e+03	3.188185e+06	1.130000e+03	3.150713e+06	1.130000e+03	3.158122e+06	1.130000e+03	3.169030e+06	1.130000e+03	3.160005e+06	1.130000e+03	3.155784e+06	1.130000e+03	3.162323e+06	1.130000e+03	3.152148e+06	1.130000e+03	3.154653e+06	1.130000e+03	3.153198e+06	1.130000e+03	3.157815e+06	1.130000e+03	3.148283e+06	1.130000e+03	3.143954e+06	1.130000e+03	3.148415e+06	1.130000e+03	3.146302e+06	1.130000e+03	3.165431e+06	1.130000e+03	3.161824e+06	1.130000e+03	3.143112e+06	1.130000e+03	3.144081e+06	1.130000e+03	3.158657e+06	1.130000e+03	3.160616e+06	1.130000e+03	3.140439e+06	1.130000e+03	3.144295e+06	1.130000e+03	3.152879e+06	1.130000e+03	3.175088e+06	1.130000e+03	3.165563e+06	1.130000e+03	3.172275e+06	1.130000e+03	3.139725e+06	1.130000e+03	3.164837e+06	1.130000e+03	3.152122e+06	1.130000e+03	3.166115e+06	1.130000e+03	3.171037e+06	1.130000e+03	3.149644e+06	1.130000e+03	3.152333e+06	1.130000e+03	3.147265e+06	1.130000e+03	3.157243e+06	1.130000e+03	3.149171e+06	1.130000e+03	3.175022e+06	1.130000e+03	3.174751e+06	1.130000e+03	3.151864e+06	1.130000e+03	3.171311e+06	1.130000e+03	3.153532e+06	1.130000e+03	3.162020e+06	1.130000e+03	3.155378e+06	1.130000e+03	3.142271e+06	1.130000e+03	3.169219e+06	1.130000e+03	3.185267e+06	1.130000e+03	3.169386e+06	1.130000e+03	3.145861e+06	1.130000e+03	3.157357e+06	1.130000e+03	3.159901e+06	1.130000e+03	3.155160e+06	1.130000e+03	3.151216e+06	1.130000e+03	3.144898e+06	1.130000e+03	3.153475e+06	1.130000e+03	3.167908e+06	1.130000e+03	3.160744e+06	1.130000e+03	3.171449e+06	1.130000e+03	3.168248e+06	1.130000e+03	3.179271e+06	1.130000e+03	3.165598e+06	1.130000e+03	3.158977e+06	1.130000e+03	3.159053e+06	1.130000e+03	3.171956e+06	1.130000e+03	3.133650e+06	1.130000e+03	3.162959e+06	1.130000e+03	3.166197e+06	1.130000e+03	3.176777e+06	1.130000e+03	3.191532e+06	1.130000e+03	3.175307e+06	1.130000e+03	3.179340e+06	1.130000e+03	3.183642e+06	1.130000e+03	3.186770e+06	1.130000e+03	3.170267e+06	1.130000e+03	3.168918e+06	1.130000e+03	3.194165e+06	1.130000e+03	3.166355e+06	1.130000e+03	3.173518e+06	1.130000e+03	3.162928e+06	1.130000e+03	3.181392e+06	1.130000e+03	3.170900e+06	1.130000e+03	3.174530e+06	1.130000e+03	3.194050e+06	1.130000e+03	3.191831e+06	1.130000e+03	3.195068e+06	1.130000e+03	3.187808e+06	1.130000e+03	3.188789e+06	1.130000e+03	3.183223e+06	1.130000e+03	3.187777e+06	1.130000e+03	3.181373e+06	1.130000e+03	3.183877e+06	1.130000e+03	3.192796e+06	1.130000e+03	3.198565e+06	1.130000e+03	3.210731e+06	1.130000e+03	3.198620e+06	1.130000e+03	3.170567e+06	1.130000e+03	3.184300e+06	1.130000e+03	3.199787e+06	1.130000e+03	3.202589e+06	1.130000e+03	3.198381e+06	1.130000e+03	3.193147e+06	1.130000e+03	3.193350e+06	1.130000e+03	3.192792e+06	1.130000e+03	3.199481e+06	1.130000e+03	3.194263e+06	1.130000e+03	3.191460e+06	1.130000e+03	3.190471e+06	1.130000e+03	3.202660e+06	1.130000e+03	3.205690e+06	1.130000e+03	3.202838e+06	1.130000e+03	3.184986e+06	1.130000e+03	3.191289e+06	1.130000e+03	3.201663e+06	1.130000e+03	3.186699e+06	1.130000e+03	3.193462e+06	1.130000e+03	3.195424e+06	1.130000e+03	3.192738e+06	1.130000e+03	3.194728e+06	1.130000e+03	3.189712e+06
1.135000e+03	3.112677e+06	1.135000e+03	3.086437e+06	1.135000e+03	3.094621e+06	1.135000e+03	3.075661e+06	1.135000e+03	3.048738e+06	1.135000e+03	3.060200e+06	1.135000e+03	3.043991e+06	1.135000e+03	3.034718e+06	1.135000e+03	3.040733e+06	1.135000e+03	3.042672e+06	1.135000e+03	3.034634e+06	1.135000e+03	3.014139e+06	1.135000e+03	3.032232e+06	1.135000e+03	3.020743e+06	1.135000e+03	3.026103e+06	1.135000e+03	3.040622e+06	1.135000e+03	3.038029e+06	1.135000e+03	3.045304e+06	1.135000e+03	3.002794e+06	1.135000e+03	3.012355e+06	1.135000e+03	3.037833e+06	1.135000e+03	3.018112e+06	1.135000e+03	3.008276e+06	1.135000e+03	3.010704e+06	1.135000e+03	3.012536e+06	1.135000e+03	3.008529e+06	1.135000e+03	3.016619e+06	1.135000e+03	3.030466e+06	1.135000e+03	3.009995e+06	1.135000e+03	3.049942e+06	1.135000e+03	3.032349e+06	1.135000e+03	3.025849e+06	1.135000e+03	2.994681e+06	1.135000e+03	3.022954e+06	1.135000e+03	3.034816e+06	1.135000e+03	3.040042e+06	1.135000e+03	3.025587e+06	1.135000e+03	3.047548e+06	1.135000e+03	3.032622e+06	1.135000e+03	3.043525e+06	1.135000e+03	3.063235e+06	1.135000e+03	3.056350e+06	1.135000e+03	3.070507e+06	1.135000e+03	3.036231e+06	1.135000e+03	3.035009e+06	1.135000e+03	3.057128e+06	1.135000e+03	3.044214e+06	1.135000e+03	3.060482e+06	1.135000e+03	3.068197e+06	1.135000e+03	3.071311e+06	1.135000e+03	3.061671e+06	1.135000e+03	3.063566e+06	1.135000e+03	3.057979e+06	1.135000e+03	3.084093e+06	1.135000e+03	3.067879e+06	1.135000e+03	3.056832e+06	1.135000e+03	3.082213e+06	1.135000e+03	3.092744e+06	1.135000e+03	3.075297e+06	1.135000e+03	3.081535e+06	1.135000e+03	3.099179e+06	1.135000e+03	3.082564e+06	1.135000e+03	3.079309e+06	1.135000e+03	3.079653e+06	1.135000e+03	3.077321e+06	1.135000e+03	3.078795e+06	1.135000e+03	3.079357e+06	1.135000e+03	3.068655e+06	1.135000e+03	3.087181e+06	1.135000e+03	3.085454e+06	1.135000e+03	3.109773e+06	1.135000e+03	3.086185e+06	1.135000e+03	3.087099e+06	1.135000e+03	3.122922e+06	1.135000e+03	3.105219e+06	1.135000e+03	3.102884e+06	1.135000e+03	3.107231e+06	1.135000e+03	3.103306e+06	1.135000e+03	3.098488e+06	1.135000e+03	3.103371e+06	1.135000e+03	3.117528e+06	1.135000e+03	3.117027e+06	1.135000e+03	3.124089e+06	1.135000e+03	3.114324e+06	1.135000e+03	3.109316e+06	1.135000e+03	3.117445e+06	1.135000e+03	3.110082e+06	1.135000e+03	3.111123e+06	1.135000e+03	3.113766e+06	1.135000e+03	3.095826e+06	1.135000e+03	3.124259e+06	1.135000e+03	3.122718e+06	1.135000e+03	3.133759e+06	1.135000e+03	3.105476e+06	1.135000e+03	3.122628e+06	1.135000e+03	3.110973e+06	1.135000e+03	3.119008e+06	1.135000e+03	3.134607e+06	1.135000e+03	3.116644e+06	1.135000e+03	3.149768e+06	1.135000e+03	3.124578e+06	1.135000e+03	3.137130e+06	1.135000e+03	3.107636e+06	1.135000e+03	3.119823e+06	1.135000e+03	3.110558e+06	1.135000e+03	3.124562e+06	1.135000e+03	3.128062e+06	1.135000e+03	3.105111e+06	1.135000e+03	3.133443e+06	1.135000e+03	3.114713e+06	1.135000e+03	3.131550e+06	1.135000e+03	3.137594e+06	1.135000e+03	3.123167e+06	1.135000e+03	3.128026e+06	1.135000e+03	3.132109e+06	1.135000e+03	3.143290e+06	1.135000e+03	3.149531e+06	1.135000e+03	3.104005e+06	1.135000e+03	3.089726e+06	1.135000e+03	3.114691e+06	1.135000e+03	3.123083e+06	1.135000e+03	3.112291e+06	1.135000e+03	3.142440e+06	1.135000e+03	3.105750e+06	1.135000e+03	3.122056e+06	1.135000e+03	3.108936e+06	1.135000e+03	3.113013e+06	1.135000e+03	3.114175e+06	1.135000e+03	3.134847e+06	1.135000e+03	3.124421e+06	1.135000e+03	3.114867e+06	1.135000e+03	3.093087e+06	1.135000e+03	3.120344e+06	1.135000e+03	3.131928e+06	1.135000e+03	3.106484e+06	1.135000e+03	3.118999e+06	1.135000e+03	3.125122e+06	1.135000e+03	3.138811e+06	1.135000e+03	3.125590e+06	1.135000e+03	3.112854e+06	1.135000e+03	3.098688e+06	1.135000e+03	3.132773e+06	1.135000e+03	3.144530e+06	1.135000e+03	3.119243e+06	1.135000e+03	3.120204e+06	1.135000e+03	3.130810e+06	1.135000e+03	3.129645e+06	1.135000e+03	3.125223e+06	1.135000e+03	3.142335e+06	1.135000e+03	3.145925e+06	1.135000e+03	3.138307e+06	1.135000e+03	3.128879e+06	1.135000e+03	3.136037e+06	1.135000e+03	3.141629e+06	1.135000e+03	3.148174e+06	1.135000e+03	3.126540e+06	1.135000e+03	3.164963e+06	1.135000e+03	3.150744e+06	1.135000e+03	3.146968e+06	1.135000e+03	3.159153e+06	1.135000e+03	3.140199e+06	1.135000e+03	3.158916e+06	1.135000e+03	3.154229e+06	1.135000e+03	3.143079e+06	1.135000e+03	3.151358e+06	1.135000e+03	3.145216e+06	1.135000e+03	3.147228e+06	1.135000e+03	3.134765e+06	1.135000e+03	3.152290e+06	1.135000e+03	3.155292e+06	1.135000e+03	3.163321e+06	1.135000e+03	3.163600e+06	1.135000e+03	3.167329e+06	1.135000e+03	3.143046e+06	1.135000e+03	3.137507e+06	1.135000e+03	3.166405e+06	1.135000e+03	3.165405e+06	1.135000e+03	3.154320e+06	1.135000e+03	3.134323e+06	1.135000e+03	3.173426e+06	1.135000e+03	3.168787e+06	1.135000e+03	3.179688e+06	1.135000e+03	3.138410e+06	1.135000e+03	3.160947e+06	1.135000e+03	3.176687e+06	1.135000e+03	3.164846e+06	1.135000e+03	3.175864e+06	1.135000e+03	3.149525e+06	1.135000e+03	3.167537e+06	1.135000e+03	3.157136e+06	1.135000e+03	3.181879e+06	1.135000e+03	3.162911e+06	1.135000e+03	3.192042e+06	1.135000e+03	3.147019e+06	1.135000e+03	3.150312e+06	1.135000e+03	3.180502e+06	1.135000e+03	3.143974e+06	1.135000e+03	3.156908e+06	1.135000e+03	3.178673e+06	1.135000e+03	3.161195e+06	1.135000e+03	3.154600e+06	1.135000e+03	3.161881e+06	1.135000e+03	3.151579e+06	1.135000e+03	3.147222e+06	1.135000e+03	3.147660e+06	1.135000e+03	3.155020e+06	1.135000e+03	3.149085e+06	1.135000e+03	3.147225e+06	1.135000e+03	3.154628e+06	1.135000e+03	3.153072e+06	1.135000e+03	3.164890e+06	1.135000e+03	3.158726e+06	1.135000e+03	3.142480e+06	1.135000e+03	3.155860e+06	1.135000e+03	3.154665e+06	1.135000e+03	3.164400e+06	1.135000e+03	3.151308e+06	1.135000e+03	3.156336e+06	1.135000e+03	3.148909e+06	1.135000e+03	3.171771e+06	1.135000e+03	3.166805e+06	1.135000e+03	3.171305e+06	1.135000e+03	3.143332e+06	1.135000e+03	3.156999e+06	1.135000e+03	3.161496e+06	1.135000e+03	3.164906e+06	1.135000e+03	3.180134e+06	1.135000e+03	3.154885e+06	1.135000e+03	3.147094e+06	1.135000e+03	3.150940e+06	1.135000e+03	3.161662e+06	1.135000e+03	3.146909e+06	1.135000e+03	3.161819e+06	1.135000e+03	3.179274e+06	1.135000e+03	3.153316e+06	1.135000e+03	3.171014e+06	1.135000e+03	3.155500e+06	1.135000e+03	3.158555e+06	1.135000e+03	3.146917e+06	1.135000e+03	3.146068e+06	1.135000e+03	3.170482e+06	1.135000e+03	3.178978e+06	1.135000e+03	3.157974e+06	1.135000e+03	3.153512e+06	1.135000e+03	3.154227e+06	1.135000e+03	3.159683e+06	1.135000e+03	3.158003e+06	1.135000e+03	3.153383e+06	1.135000e+03	3.145972e+06	1.135000e+03	3.157301e+06	1.135000e+03	3.165494e+06	1.135000e+03	3.160172e+06	1.135000e+03	3.174591e+06	1.135000e+03	3.169713e+06	1.135000e+03	3.180882e+06	1.135000e+03	3.185462e+06	1.135000e+03	3.158438e+06	1.135000e+03	3.159289e+06	1.135000e+03	3.165438e+06	1.135000e+03	3.134598e+06	1.135000e+03	3.164453e+06	1.135000e+03	3.174236e+06	1.135000e+03	3.184885e+06	1.135000e+03	3.198847e+06	1.135000e+03	3.179469e+06	1.135000e+03	3.178786e+06	1.135000e+03	3.180903e+06	1.135000e+03	3.184120e+06	1.135000e+03	3.165306e+06	1.135000e+03	3.172883e+06	1.135000e+03	3.198946e+06	1.135000e+03	3.167533e+06	1.135000e+03	3.167321e+06	1.135000e+03	3.160707e+06	1.135000e+03	3.184121e+06	1.135000e+03	3.177893e+06	1.135000e+03	3.168223e+06	1.135000e+03	3.197532e+06	1.135000e+03	3.191875e+06	1.135000e+03	3.201505e+06	1.135000e+03	3.186541e+06	1.135000e+03	3.196410e+06	1.135000e+03	3.180829e+06	1.135000e+03	3.193155e+06	1.135000e+03	3.178447e+06	1.135000e+03	3.186951e+06	1.135000e+03	3.190978e+06	1.135000e+03	3.210105e+06	1.135000e+03	3.209012e+06	1.135000e+03	3.197601e+06	1.135000e+03	3.178013e+06	1.135000e+03	3.183517e+06	1.135000e+03	3.194519e+06	1.135000e+03	3.199120e+06	1.135000e+03	3.204426e+06	1.135000e+03	3.189741e+06	1.135000e+03	3.196319e+06	1.135000e+03	3.196959e+06	1.135000e+03	3.203558e+06	1.135000e+03	3.194687e+06	1.135000e+03	3.192794e+06	1.135000e+03	3.186166e+06	1.135000e+03	3.201045e+06	1.135000e+03	3.206802e+06	1.135000e+03	3.207244e+06	1.135000e+03	3.186238e+06	1.135000e+03	3.194774e+06	1.135000e+03	3.208681e+06	1.135000e+03	3.182454e+06	1.135000e+03	3.192508e+06	1.135000e+03	3.203481e+06	1.135000e+03	3.193991e+06	1.135000e+03	3.194606e+06	1.135000e+03	3.193886e+06
1.140000e+03	3.111246e+06	1.140000e+03	3.091055e+06	1.140000e+03	3.088699e+06	1.140000e+03	3.072932e+06	1.140000e+03	3.043841e+06	1.140000e+03	3.049106e+06	1.140000e+03	3.045931e+06	1.140000e+03	3.036123e+06	1.140000e+03	3.036398e+06	1.140000e+03	3.034227e+06	1.140000e+03	3.031408e+06	1.140000e+03	3.020493e+06	1.140000e+03	3.033364e+06	1.140000e+03	3.018547e+06	1.140000e+03	3.021690e+06	1.140000e+03	3.038134e+06	1.140000e+03	3.036893e+06	1.140000e+03	3.047509e+06	1.140000e+03	3.004189e+06	1.140000e+03	3.010172e+06	1.140000e+03	3.040177e+06	1.140000e+03	3.020170e+06	1.140000e+03	3.000046e+06	1.140000e+03	3.011633e+06	1.140000e+03	3.005150e+06	1.140000e+03	3.002531e+06	1.140000e+03	3.014593e+06	1.140000e+03	3.022362e+06	1.140000e+03	3.014666e+06	1.140000e+03	3.031175e+06	1.140000e+03	3.023428e+06	1.140000e+03	3.016092e+06	1.140000e+03	2.991721e+06	1.140000e+03	3.026569e+06	1.140000e+03	3.047797e+06	1.140000e+03	3.038419e+06	1.140000e+03	3.021163e+06	1.140000e+03	3.043100e+06	1.140000e+03	3.029779e+06	1.140000e+03	3.038337e+06	1.140000e+03	3.061739e+06	1.140000e+03	3.049514e+06	1.140000e+03	3.062314e+06	1.140000e+03	3.037137e+06	1.140000e+03	3.036794e+06	1.140000e+03	3.056587e+06	1.140000e+03	3.038136e+06	1.140000e+03	3.065608e+06	1.140000e+03	3.057771e+06	1.140000e+03	3.079821e+06	1.140000e+03	3.060219e+06	1.140000e+03	3.061731e+06	1.140000e+03	3.052732e+06	1.140000e+03	3.075592e+06	1.140000e+03	3.072602e+06	1.140000e+03	3.059625e+06	1.140000e+03	3.078617e+06	1.140000e+03	3.097017e+06	1.140000e+03	3.078238e+06	1.140000e+03	3.077690e+06	1.140000e+03	3.098529e+06	1.140000e+03	3.081384e+06	1.140000e+03	3.084287e+06	1.140000e+03	3.072288e+06	1.140000e+03	3.069430e+06	1.140000e+03	3.079609e+06	1.140000e+03	3.078888e+06	1.140000e+03	3.075050e+06	1.140000e+03	3.084757e+06	1.140000e+03	3.089035e+06	1.140000e+03	3.105241e+06	1.140000e+03	3.086662e+06	1.140000e+03	3.088771e+06	1.140000e+03	3.115148e+06	1.140000e+03	3.104324e+06	1.140000e+03	3.101157e+06	1.140000e+03	3.118116e+06	1.140000e+03	3.118373e+06	1.140000e+03	3.103191e+06	1.140000e+03	3.104252e+06	1.140000e+03	3.109400e+06	1.140000e+03	3.117391e+06	1.140000e+03	3.122982e+06	1.140000e+03	3.115063e+06	1.140000e+03	3.104540e+06	1.140000e+03	3.101446e+06	1.140000e+03	3.103165e+06	1.140000e+03	3.117390e+06	1.140000e+03	3.115406e+06	1.140000e+03	3.104970e+06	1.140000e+03	3.135187e+06	1.140000e+03	3.133918e+06	1.140000e+03	3.135312e+06	1.140000e+03	3.109049e+06	1.140000e+03	3.125753e+06	1.140000e+03	3.123240e+06	1.140000e+03	3.124001e+06	1.140000e+03	3.124856e+06	1.140000e+03	3.120794e+06	1.140000e+03	3.150381e+06	1.140000e+03	3.122280e+06	1.140000e+03	3.135148e+06	1.140000e+03	3.110731e+06	1.140000e+03	3.117475e+06	1.140000e+03	3.106312e+06	1.140000e+03	3.120947e+06	1.140000e+03	3.124153e+06	1.140000e+03	3.107714e+06	1.140000e+03	3.132518e+06	1.140000e+03	3.116093e+06	1.140000e+03	3.114042e+06	1.140000e+03	3.135347e+06	1.140000e+03	3.128803e+06	1.140000e+03	3.129824e+06	1.140000e+03	3.139798e+06	1.140000e+03	3.135943e+06	1.140000e+03	3.146245e+06	1.140000e+03	3.105710e+06	1.140000e+03	3.090750e+06	1.140000e+03	3.105851e+06	1.140000e+03	3.126652e+06	1.140000e+03	3.113443e+06	1.140000e+03	3.140973e+06	1.140000e+03	3.109739e+06	1.140000e+03	3.125111e+06	1.140000e+03	3.102948e+06	1.140000e+03	3.114010e+06	1.140000e+03	3.104617e+06	1.140000e+03	3.132018e+06	1.140000e+03	3.128567e+06	1.140000e+03	3.109748e+06	1.140000e+03	3.094028e+06	1.140000e+03	3.112876e+06	1.140000e+03	3.139480e+06	1.140000e+03	3.105082e+06	1.140000e+03	3.111240e+06	1.140000e+03	3.124193e+06	1.140000e+03	3.127410e+06	1.140000e+03	3.124254e+06	1.140000e+03	3.113595e+06	1.140000e+03	3.092883e+06	1.140000e+03	3.134486e+06	1.140000e+03	3.139893e+06	1.140000e+03	3.119515e+06	1.140000e+03	3.122361e+06	1.140000e+03	3.125747e+06	1.140000e+03	3.147658e+06	1.140000e+03	3.131081e+06	1.140000e+03	3.148109e+06	1.140000e+03	3.142118e+06	1.140000e+03	3.142496e+06	1.140000e+03	3.119932e+06	1.140000e+03	3.135459e+06	1.140000e+03	3.136741e+06	1.140000e+03	3.138420e+06	1.140000e+03	3.122482e+06	1.140000e+03	3.154706e+06	1.140000e+03	3.147089e+06	1.140000e+03	3.142253e+06	1.140000e+03	3.154091e+06	1.140000e+03	3.153596e+06	1.140000e+03	3.159603e+06	1.140000e+03	3.154241e+06	1.140000e+03	3.141551e+06	1.140000e+03	3.150533e+06	1.140000e+03	3.139040e+06	1.140000e+03	3.155346e+06	1.140000e+03	3.135405e+06	1.140000e+03	3.152737e+06	1.140000e+03	3.169658e+06	1.140000e+03	3.173947e+06	1.140000e+03	3.154960e+06	1.140000e+03	3.171016e+06	1.140000e+03	3.146390e+06	1.140000e+03	3.141037e+06	1.140000e+03	3.162425e+06	1.140000e+03	3.162612e+06	1.140000e+03	3.150867e+06	1.140000e+03	3.136750e+06	1.140000e+03	3.175681e+06	1.140000e+03	3.168943e+06	1.140000e+03	3.171777e+06	1.140000e+03	3.138663e+06	1.140000e+03	3.155739e+06	1.140000e+03	3.188148e+06	1.140000e+03	3.163262e+06	1.140000e+03	3.175541e+06	1.140000e+03	3.154017e+06	1.140000e+03	3.169093e+06	1.140000e+03	3.166201e+06	1.140000e+03	3.176336e+06	1.140000e+03	3.163585e+06	1.140000e+03	3.188449e+06	1.140000e+03	3.145587e+06	1.140000e+03	3.154880e+06	1.140000e+03	3.176461e+06	1.140000e+03	3.144384e+06	1.140000e+03	3.162090e+06	1.140000e+03	3.170618e+06	1.140000e+03	3.159428e+06	1.140000e+03	3.150888e+06	1.140000e+03	3.159427e+06	1.140000e+03	3.160300e+06	1.140000e+03	3.150471e+06	1.140000e+03	3.147760e+06	1.140000e+03	3.155732e+06	1.140000e+03	3.156794e+06	1.140000e+03	3.141233e+06	1.140000e+03	3.155040e+06	1.140000e+03	3.145076e+06	1.140000e+03	3.164690e+06	1.140000e+03	3.156031e+06	1.140000e+03	3.147326e+06	1.140000e+03	3.151443e+06	1.140000e+03	3.152665e+06	1.140000e+03	3.154278e+06	1.140000e+03	3.148249e+06	1.140000e+03	3.154171e+06	1.140000e+03	3.148070e+06	1.140000e+03	3.175939e+06	1.140000e+03	3.170138e+06	1.140000e+03	3.171577e+06	1.140000e+03	3.133312e+06	1.140000e+03	3.154455e+06	1.140000e+03	3.162560e+06	1.140000e+03	3.163845e+06	1.140000e+03	3.174679e+06	1.140000e+03	3.156226e+06	1.140000e+03	3.148918e+06	1.140000e+03	3.149770e+06	1.140000e+03	3.165854e+06	1.140000e+03	3.150785e+06	1.140000e+03	3.162665e+06	1.140000e+03	3.178144e+06	1.140000e+03	3.156669e+06	1.140000e+03	3.168921e+06	1.140000e+03	3.154086e+06	1.140000e+03	3.161698e+06	1.140000e+03	3.147152e+06	1.140000e+03	3.143876e+06	1.140000e+03	3.168488e+06	1.140000e+03	3.166302e+06	1.140000e+03	3.152651e+06	1.140000e+03	3.156180e+06	1.140000e+03	3.156356e+06	1.140000e+03	3.157798e+06	1.140000e+03	3.165829e+06	1.140000e+03	3.152584e+06	1.140000e+03	3.144329e+06	1.140000e+03	3.153447e+06	1.140000e+03	3.161805e+06	1.140000e+03	3.161099e+06	1.140000e+03	3.170375e+06	1.140000e+03	3.165706e+06	1.140000e+03	3.184266e+06	1.140000e+03	3.198312e+06	1.140000e+03	3.157646e+06	1.140000e+03	3.159262e+06	1.140000e+03	3.168309e+06	1.140000e+03	3.135549e+06	1.140000e+03	3.171659e+06	1.140000e+03	3.164015e+06	1.140000e+03	3.184377e+06	1.140000e+03	3.210609e+06	1.140000e+03	3.176987e+06	1.140000e+03	3.181911e+06	1.140000e+03	3.188003e+06	1.140000e+03	3.183200e+06	1.140000e+03	3.160315e+06	1.140000e+03	3.167961e+06	1.140000e+03	3.204695e+06	1.140000e+03	3.174613e+06	1.140000e+03	3.165227e+06	1.140000e+03	3.162597e+06	1.140000e+03	3.187128e+06	1.140000e+03	3.178878e+06	1.140000e+03	3.164809e+06	1.140000e+03	3.191460e+06	1.140000e+03	3.190052e+06	1.140000e+03	3.200524e+06	1.140000e+03	3.183700e+06	1.140000e+03	3.203725e+06	1.140000e+03	3.183873e+06	1.140000e+03	3.189996e+06	1.140000e+03	3.181526e+06	1.140000e+03	3.186309e+06	1.140000e+03	3.192380e+06	1.140000e+03	3.203057e+06	1.140000e+03	3.211737e+06	1.140000e+03	3.203494e+06	1.140000e+03	3.177463e+06	1.140000e+03	3.184593e+06	1.140000e+03	3.196294e+06	1.140000e+03	3.187789e+06	1.140000e+03	3.206573e+06	1.140000e+03	3.189460e+06	1.140000e+03	3.195979e+06	1.140000e+03	3.198344e+06	1.140000e+03	3.206792e+06	1.140000e+03	3.202462e+06	1.140000e+03	3.195035e+06	1.140000e+03	3.190380e+06	1.140000e+03	3.202034e+06	1.140000e+03	3.204103e+06	1.140000e+03	3.210209e+06	1.140000e+03	3.182350e+06	1.140000e+03	3.197107e+06	1.140000e+03	3.205716e+06	1.140000e+03	3.181666e+06	1.140000e+03	3.193031e+06	1.140000e+03	3.191835e+06	1.140000e+03	3.193855e+06	1.140000e+03	3.194311e+06	1.140000e+03	3.196006e+06
1.145000e+03	3.114512e+06	1.145000e+03	3.090984e+06	1.145000e+03	3.088530e+06	1.145000e+03	3.074804e+06	1.145000e+03	3.047431e+06	1.145000e+03	3.052570e+06	1.145000e+03	3.043525e+06	1.145000e+03	3.038808e+06	1.145000e+03	3.040030e+06	1.145000e+03	3.033141e+06	1.145000e+03	3.033069e+06	1.145000e+03	3.025163e+06	1.145000e+03	3.029635e+06	1.145000e+03	3.017027e+06	1.145000e+03	3.039192e+06	1.145000e+03	3.039170e+06	1.145000e+03	3.032962e+06	1.145000e+03	3.048417e+06	1.145000e+03	3.011951e+06	1.145000e+03	3.014478e+06	1.145000e+03	3.034606e+06	1.145000e+03	3.028017e+06	1.145000e+03	3.001670e+06	1.145000e+03	3.009170e+06	1.145000e+03	3.004333e+06	1.145000e+03	2.992886e+06	1.145000e+03	3.018265e+06	1.145000e+03	3.029279e+06	1.145000e+03	3.015831e+06	1.145000e+03	3.035655e+06	1.145000e+03	3.025669e+06	1.145000e+03	3.018289e+06	1.145000e+03	2.990657e+06	1.145000e+03	3.017392e+06	1.145000e+03	3.065085e+06	1.145000e+03	3.033818e+06	1.145000e+03	3.020268e+06	1.145000e+03	3.031975e+06	1.145000e+03	3.033576e+06	1.145000e+03	3.025610e+06	1.145000e+03	3.070222e+06	1.145000e+03	3.052465e+06	1.145000e+03	3.046508e+06	1.145000e+03	3.040944e+06	1.145000e+03	3.037997e+06	1.145000e+03	3.055486e+06	1.145000e+03	3.046393e+06	1.145000e+03	3.058445e+06	1.145000e+03	3.061127e+06	1.145000e+03	3.074564e+06	1.145000e+03	3.059838e+06	1.145000e+03	3.061245e+06	1.145000e+03	3.050932e+06	1.145000e+03	3.071597e+06	1.145000e+03	3.064855e+06	1.145000e+03	3.057423e+06	1.145000e+03	3.081540e+06	1.145000e+03	3.085240e+06	1.145000e+03	3.084900e+06	1.145000e+03	3.092961e+06	1.145000e+03	3.093476e+06	1.145000e+03	3.078960e+06	1.145000e+03	3.081384e+06	1.145000e+03	3.077195e+06	1.145000e+03	3.076181e+06	1.145000e+03	3.081505e+06	1.145000e+03	3.086489e+06	1.145000e+03	3.079902e+06	1.145000e+03	3.086668e+06	1.145000e+03	3.093436e+06	1.145000e+03	3.096231e+06	1.145000e+03	3.094678e+06	1.145000e+03	3.091308e+06	1.145000e+03	3.108677e+06	1.145000e+03	3.106360e+06	1.145000e+03	3.105870e+06	1.145000e+03	3.120084e+06	1.145000e+03	3.113207e+06	1.145000e+03	3.107516e+06	1.145000e+03	3.100520e+06	1.145000e+03	3.109989e+06	1.145000e+03	3.126821e+06	1.145000e+03	3.119031e+06	1.145000e+03	3.113825e+06	1.145000e+03	3.105079e+06	1.145000e+03	3.109583e+06	1.145000e+03	3.101744e+06	1.145000e+03	3.112448e+06	1.145000e+03	3.119755e+06	1.145000e+03	3.104621e+06	1.145000e+03	3.142287e+06	1.145000e+03	3.122685e+06	1.145000e+03	3.140347e+06	1.145000e+03	3.106431e+06	1.145000e+03	3.121083e+06	1.145000e+03	3.119306e+06	1.145000e+03	3.125520e+06	1.145000e+03	3.129347e+06	1.145000e+03	3.117967e+06	1.145000e+03	3.148664e+06	1.145000e+03	3.115374e+06	1.145000e+03	3.139601e+06	1.145000e+03	3.111286e+06	1.145000e+03	3.117882e+06	1.145000e+03	3.107316e+06	1.145000e+03	3.124627e+06	1.145000e+03	3.126902e+06	1.145000e+03	3.108902e+06	1.145000e+03	3.124811e+06	1.145000e+03	3.120785e+06	1.145000e+03	3.125062e+06	1.145000e+03	3.140775e+06	1.145000e+03	3.120244e+06	1.145000e+03	3.124986e+06	1.145000e+03	3.137394e+06	1.145000e+03	3.133228e+06	1.145000e+03	3.141512e+06	1.145000e+03	3.118384e+06	1.145000e+03	3.092032e+06	1.145000e+03	3.112208e+06	1.145000e+03	3.132146e+06	1.145000e+03	3.115727e+06	1.145000e+03	3.127709e+06	1.145000e+03	3.115501e+06	1.145000e+03	3.122935e+06	1.145000e+03	3.101126e+06	1.145000e+03	3.119767e+06	1.145000e+03	3.098668e+06	1.145000e+03	3.132390e+06	1.145000e+03	3.116352e+06	1.145000e+03	3.110909e+06	1.145000e+03	3.094566e+06	1.145000e+03	3.107139e+06	1.145000e+03	3.130075e+06	1.145000e+03	3.107515e+06	1.145000e+03	3.113723e+06	1.145000e+03	3.125180e+06	1.145000e+03	3.128871e+06	1.145000e+03	3.128926e+06	1.145000e+03	3.113291e+06	1.145000e+03	3.086808e+06	1.145000e+03	3.140543e+06	1.145000e+03	3.138745e+06	1.145000e+03	3.121285e+06	1.145000e+03	3.127593e+06	1.145000e+03	3.121589e+06	1.145000e+03	3.137068e+06	1.145000e+03	3.136501e+06	1.145000e+03	3.147708e+06	1.145000e+03	3.138493e+06	1.145000e+03	3.139741e+06	1.145000e+03	3.115540e+06	1.145000e+03	3.138336e+06	1.145000e+03	3.144688e+06	1.145000e+03	3.145842e+06	1.145000e+03	3.135728e+06	1.145000e+03	3.156499e+06	1.145000e+03	3.156642e+06	1.145000e+03	3.141242e+06	1.145000e+03	3.153170e+06	1.145000e+03	3.154277e+06	1.145000e+03	3.164935e+06	1.145000e+03	3.152768e+06	1.145000e+03	3.140672e+06	1.145000e+03	3.153370e+06	1.145000e+03	3.140462e+06	1.145000e+03	3.147416e+06	1.145000e+03	3.136457e+06	1.145000e+03	3.154876e+06	1.145000e+03	3.160892e+06	1.145000e+03	3.168958e+06	1.145000e+03	3.162530e+06	1.145000e+03	3.166300e+06	1.145000e+03	3.143187e+06	1.145000e+03	3.144593e+06	1.145000e+03	3.148801e+06	1.145000e+03	3.151457e+06	1.145000e+03	3.153182e+06	1.145000e+03	3.137913e+06	1.145000e+03	3.165828e+06	1.145000e+03	3.161687e+06	1.145000e+03	3.170265e+06	1.145000e+03	3.138557e+06	1.145000e+03	3.162103e+06	1.145000e+03	3.191740e+06	1.145000e+03	3.164651e+06	1.145000e+03	3.166363e+06	1.145000e+03	3.155816e+06	1.145000e+03	3.169370e+06	1.145000e+03	3.166748e+06	1.145000e+03	3.179615e+06	1.145000e+03	3.161803e+06	1.145000e+03	3.183947e+06	1.145000e+03	3.149339e+06	1.145000e+03	3.167560e+06	1.145000e+03	3.163248e+06	1.145000e+03	3.143071e+06	1.145000e+03	3.159672e+06	1.145000e+03	3.180371e+06	1.145000e+03	3.161157e+06	1.145000e+03	3.162297e+06	1.145000e+03	3.155564e+06	1.145000e+03	3.151729e+06	1.145000e+03	3.148747e+06	1.145000e+03	3.140918e+06	1.145000e+03	3.156874e+06	1.145000e+03	3.155503e+06	1.145000e+03	3.134014e+06	1.145000e+03	3.150782e+06	1.145000e+03	3.150732e+06	1.145000e+03	3.161976e+06	1.145000e+03	3.157268e+06	1.145000e+03	3.149899e+06	1.145000e+03	3.150158e+06	1.145000e+03	3.159892e+06	1.145000e+03	3.156668e+06	1.145000e+03	3.149383e+06	1.145000e+03	3.149893e+06	1.145000e+03	3.147841e+06	1.145000e+03	3.169407e+06	1.145000e+03	3.170938e+06	1.145000e+03	3.167600e+06	1.145000e+03	3.138609e+06	1.145000e+03	3.158922e+06	1.145000e+03	3.164625e+06	1.145000e+03	3.165312e+06	1.145000e+03	3.165828e+06	1.145000e+03	3.159153e+06	1.145000e+03	3.156458e+06	1.145000e+03	3.142382e+06	1.145000e+03	3.166457e+06	1.145000e+03	3.150032e+06	1.145000e+03	3.156553e+06	1.145000e+03	3.174667e+06	1.145000e+03	3.156094e+06	1.145000e+03	3.165480e+06	1.145000e+03	3.155592e+06	1.145000e+03	3.156871e+06	1.145000e+03	3.151067e+06	1.145000e+03	3.146300e+06	1.145000e+03	3.171618e+06	1.145000e+03	3.163448e+06	1.145000e+03	3.162598e+06	1.145000e+03	3.150672e+06	1.145000e+03	3.155061e+06	1.145000e+03	3.168962e+06	1.145000e+03	3.159925e+06	1.145000e+03	3.156564e+06	1.145000e+03	3.143427e+06	1.145000e+03	3.161392e+06	1.145000e+03	3.163890e+06	1.145000e+03	3.158323e+06	1.145000e+03	3.158342e+06	1.145000e+03	3.164525e+06	1.145000e+03	3.192977e+06	1.145000e+03	3.184717e+06	1.145000e+03	3.162846e+06	1.145000e+03	3.158201e+06	1.145000e+03	3.165961e+06	1.145000e+03	3.140750e+06	1.145000e+03	3.169932e+06	1.145000e+03	3.168789e+06	1.145000e+03	3.175221e+06	1.145000e+03	3.193836e+06	1.145000e+03	3.182632e+06	1.145000e+03	3.179098e+06	1.145000e+03	3.189727e+06	1.145000e+03	3.184114e+06	1.145000e+03	3.161835e+06	1.145000e+03	3.174977e+06	1.145000e+03	3.211828e+06	1.145000e+03	3.176636e+06	1.145000e+03	3.166780e+06	1.145000e+03	3.165430e+06	1.145000e+03	3.183000e+06	1.145000e+03	3.179713e+06	1.145000e+03	3.168923e+06	1.145000e+03	3.193261e+06	1.145000e+03	3.191626e+06	1.145000e+03	3.200671e+06	1.145000e+03	3.180261e+06	1.145000e+03	3.187328e+06	1.145000e+03	3.180191e+06	1.145000e+03	3.187284e+06	1.145000e+03	3.180504e+06	1.145000e+03	3.187686e+06	1.145000e+03	3.192542e+06	1.145000e+03	3.198621e+06	1.145000e+03	3.211707e+06	1.145000e+03	3.202933e+06	1.145000e+03	3.177670e+06	1.145000e+03	3.179754e+06	1.145000e+03	3.194320e+06	1.145000e+03	3.194733e+06	1.145000e+03	3.203315e+06	1.145000e+03	3.188038e+06	1.145000e+03	3.204995e+06	1.145000e+03	3.198815e+06	1.145000e+03	3.204020e+06	1.145000e+03	3.210774e+06	1.145000e+03	3.190344e+06	1.145000e+03	3.197120e+06	1.145000e+03	3.204194e+06	1.145000e+03	3.202978e+06	1.145000e+03	3.202432e+06	1.145000e+03	3.192448e+06	1.145000e+03	3.197695e+06	1.145000e+03	3.205513e+06	1.145000e+03	3.184387e+06	1.145000e+03	3.186119e+06	1.145000e+03	3.188919e+06	1.145000e+03	3.192870e+06	1.145000e+03	3.195354e+06	1.145000e+03	3.198281e+06
1.150000e+03	3.106117e+06	1.150000e+03	3.090884e+06	1.150000e+03	3.082857e+06	1.150000e+03	3.080710e+06	1.150000e+03	3.048180e+06	1.150000e+03	3.051119e+06	1.150000e+03	3.045546e+06	1.150000e+03	3.045388e+06	1.150000e+03	3.037685e+06	1.150000e+03	3.035120e+06	1.150000e+03	3.029081e+06	1.150000e+03	3.019257e+06	1.150000e+03	3.031130e+06	1.150000e+03	3.023843e+06	1.150000e+03	3.041025e+06	1.150000e+03	3.041512e+06	1.150000e+03	3.041122e+06	1.150000e+03	3.045711e+06	1.150000e+03	3.015349e+06	1.150000e+03	3.015707e+06	1.150000e+03	3.028514e+06	1.150000e+03	3.026949e+06	1.150000e+03	3.006177e+06	1.150000e+03	3.005608e+06	1.150000e+03	3.001680e+06	1.150000e+03	3.000235e+06	1.150000e+03	3.016066e+06	1.150000e+03	3.031484e+06	1.150000e+03	3.022773e+06	1.150000e+03	3.026245e+06	1.150000e+03	3.022182e+06	1.150000e+03	3.016352e+06	1.150000e+03	2.995217e+06	1.150000e+03	3.024275e+06	1.150000e+03	3.041912e+06	1.150000e+03	3.036394e+06	1.150000e+03	3.013841e+06	1.150000e+03	3.026964e+06	1.150000e+03	3.026182e+06	1.150000e+03	3.031625e+06	1.150000e+03	3.069686e+06	1.150000e+03	3.053465e+06	1.150000e+03	3.067559e+06	1.150000e+03	3.045687e+06	1.150000e+03	3.046316e+06	1.150000e+03	3.059168e+06	1.150000e+03	3.042789e+06	1.150000e+03	3.069055e+06	1.150000e+03	3.062351e+06	1.150000e+03	3.069464e+06	1.150000e+03	3.052580e+06	1.150000e+03	3.077452e+06	1.150000e+03	3.048485e+06	1.150000e+03	3.080279e+06	1.150000e+03	3.072038e+06	1.150000e+03	3.058436e+06	1.150000e+03	3.080142e+06	1.150000e+03	3.087000e+06	1.150000e+03	3.081693e+06	1.150000e+03	3.089711e+06	1.150000e+03	3.093418e+06	1.150000e+03	3.079431e+06	1.150000e+03	3.084016e+06	1.150000e+03	3.078884e+06	1.150000e+03	3.082718e+06	1.150000e+03	3.076720e+06	1.150000e+03	3.083907e+06	1.150000e+03	3.077196e+06	1.150000e+03	3.091140e+06	1.150000e+03	3.088101e+06	1.150000e+03	3.100222e+06	1.150000e+03	3.095355e+06	1.150000e+03	3.086627e+06	1.150000e+03	3.100840e+06	1.150000e+03	3.100834e+06	1.150000e+03	3.106170e+06	1.150000e+03	3.126117e+06	1.150000e+03	3.105852e+06	1.150000e+03	3.104390e+06	1.150000e+03	3.104624e+06	1.150000e+03	3.101655e+06	1.150000e+03	3.123076e+06	1.150000e+03	3.118135e+06	1.150000e+03	3.111147e+06	1.150000e+03	3.110941e+06	1.150000e+03	3.118930e+06	1.150000e+03	3.106367e+06	1.150000e+03	3.118053e+06	1.150000e+03	3.120535e+06	1.150000e+03	3.101014e+06	1.150000e+03	3.156491e+06	1.150000e+03	3.124485e+06	1.150000e+03	3.132079e+06	1.150000e+03	3.106334e+06	1.150000e+03	3.126292e+06	1.150000e+03	3.120383e+06	1.150000e+03	3.128630e+06	1.150000e+03	3.121473e+06	1.150000e+03	3.116068e+06	1.150000e+03	3.154685e+06	1.150000e+03	3.122602e+06	1.150000e+03	3.141323e+06	1.150000e+03	3.111266e+06	1.150000e+03	3.122096e+06	1.150000e+03	3.106902e+06	1.150000e+03	3.120621e+06	1.150000e+03	3.125506e+06	1.150000e+03	3.114976e+06	1.150000e+03	3.118534e+06	1.150000e+03	3.117892e+06	1.150000e+03	3.129302e+06	1.150000e+03	3.136283e+06	1.150000e+03	3.126336e+06	1.150000e+03	3.127574e+06	1.150000e+03	3.141687e+06	1.150000e+03	3.134474e+06	1.150000e+03	3.132756e+06	1.150000e+03	3.112851e+06	1.150000e+03	3.104265e+06	1.150000e+03	3.105411e+06	1.150000e+03	3.138266e+06	1.150000e+03	3.111362e+06	1.150000e+03	3.135788e+06	1.150000e+03	3.111294e+06	1.150000e+03	3.119847e+06	1.150000e+03	3.096859e+06	1.150000e+03	3.113342e+06	1.150000e+03	3.101232e+06	1.150000e+03	3.134222e+06	1.150000e+03	3.121526e+06	1.150000e+03	3.107875e+06	1.150000e+03	3.094794e+06	1.150000e+03	3.098845e+06	1.150000e+03	3.122599e+06	1.150000e+03	3.102766e+06	1.150000e+03	3.109834e+06	1.150000e+03	3.129092e+06	1.150000e+03	3.128119e+06	1.150000e+03	3.136013e+06	1.150000e+03	3.110623e+06	1.150000e+03	3.101315e+06	1.150000e+03	3.139830e+06	1.150000e+03	3.143464e+06	1.150000e+03	3.123443e+06	1.150000e+03	3.121558e+06	1.150000e+03	3.120106e+06	1.150000e+03	3.143913e+06	1.150000e+03	3.147834e+06	1.150000e+03	3.145721e+06	1.150000e+03	3.143567e+06	1.150000e+03	3.140749e+06	1.150000e+03	3.108722e+06	1.150000e+03	3.134902e+06	1.150000e+03	3.142580e+06	1.150000e+03	3.150569e+06	1.150000e+03	3.142118e+06	1.150000e+03	3.156242e+06	1.150000e+03	3.156090e+06	1.150000e+03	3.145294e+06	1.150000e+03	3.155030e+06	1.150000e+03	3.147456e+06	1.150000e+03	3.160730e+06	1.150000e+03	3.152449e+06	1.150000e+03	3.142605e+06	1.150000e+03	3.150596e+06	1.150000e+03	3.144818e+06	1.150000e+03	3.152447e+06	1.150000e+03	3.131836e+06	1.150000e+03	3.159149e+06	1.150000e+03	3.161277e+06	1.150000e+03	3.166734e+06	1.150000e+03	3.157302e+06	1.150000e+03	3.166888e+06	1.150000e+03	3.146630e+06	1.150000e+03	3.149348e+06	1.150000e+03	3.145765e+06	1.150000e+03	3.149850e+06	1.150000e+03	3.152014e+06	1.150000e+03	3.139164e+06	1.150000e+03	3.171490e+06	1.150000e+03	3.165856e+06	1.150000e+03	3.170957e+06	1.150000e+03	3.135646e+06	1.150000e+03	3.163396e+06	1.150000e+03	3.175838e+06	1.150000e+03	3.176321e+06	1.150000e+03	3.172642e+06	1.150000e+03	3.155708e+06	1.150000e+03	3.170060e+06	1.150000e+03	3.175543e+06	1.150000e+03	3.169506e+06	1.150000e+03	3.165412e+06	1.150000e+03	3.181189e+06	1.150000e+03	3.151302e+06	1.150000e+03	3.147063e+06	1.150000e+03	3.167286e+06	1.150000e+03	3.137863e+06	1.150000e+03	3.159558e+06	1.150000e+03	3.164299e+06	1.150000e+03	3.163772e+06	1.150000e+03	3.150862e+06	1.150000e+03	3.155882e+06	1.150000e+03	3.151136e+06	1.150000e+03	3.155498e+06	1.150000e+03	3.145515e+06	1.150000e+03	3.159489e+06	1.150000e+03	3.154077e+06	1.150000e+03	3.139070e+06	1.150000e+03	3.151882e+06	1.150000e+03	3.149212e+06	1.150000e+03	3.154474e+06	1.150000e+03	3.159716e+06	1.150000e+03	3.145363e+06	1.150000e+03	3.148790e+06	1.150000e+03	3.158028e+06	1.150000e+03	3.163453e+06	1.150000e+03	3.159336e+06	1.150000e+03	3.144065e+06	1.150000e+03	3.147779e+06	1.150000e+03	3.170656e+06	1.150000e+03	3.174163e+06	1.150000e+03	3.166382e+06	1.150000e+03	3.135650e+06	1.150000e+03	3.164337e+06	1.150000e+03	3.165160e+06	1.150000e+03	3.166843e+06	1.150000e+03	3.163636e+06	1.150000e+03	3.160566e+06	1.150000e+03	3.153505e+06	1.150000e+03	3.151881e+06	1.150000e+03	3.170103e+06	1.150000e+03	3.150996e+06	1.150000e+03	3.156758e+06	1.150000e+03	3.172266e+06	1.150000e+03	3.154162e+06	1.150000e+03	3.165738e+06	1.150000e+03	3.155242e+06	1.150000e+03	3.160110e+06	1.150000e+03	3.148989e+06	1.150000e+03	3.151426e+06	1.150000e+03	3.170128e+06	1.150000e+03	3.166461e+06	1.150000e+03	3.171010e+06	1.150000e+03	3.155733e+06	1.150000e+03	3.155334e+06	1.150000e+03	3.156127e+06	1.150000e+03	3.159205e+06	1.150000e+03	3.159058e+06	1.150000e+03	3.138565e+06	1.150000e+03	3.159563e+06	1.150000e+03	3.166611e+06	1.150000e+03	3.157297e+06	1.150000e+03	3.168786e+06	1.150000e+03	3.168236e+06	1.150000e+03	3.189164e+06	1.150000e+03	3.186842e+06	1.150000e+03	3.164943e+06	1.150000e+03	3.157966e+06	1.150000e+03	3.164505e+06	1.150000e+03	3.141742e+06	1.150000e+03	3.161308e+06	1.150000e+03	3.171037e+06	1.150000e+03	3.181051e+06	1.150000e+03	3.190550e+06	1.150000e+03	3.176587e+06	1.150000e+03	3.173386e+06	1.150000e+03	3.175828e+06	1.150000e+03	3.182183e+06	1.150000e+03	3.162663e+06	1.150000e+03	3.168609e+06	1.150000e+03	3.196988e+06	1.150000e+03	3.173387e+06	1.150000e+03	3.170660e+06	1.150000e+03	3.165008e+06	1.150000e+03	3.177118e+06	1.150000e+03	3.182555e+06	1.150000e+03	3.172798e+06	1.150000e+03	3.187641e+06	1.150000e+03	3.203391e+06	1.150000e+03	3.199392e+06	1.150000e+03	3.181657e+06	1.150000e+03	3.180422e+06	1.150000e+03	3.177171e+06	1.150000e+03	3.182217e+06	1.150000e+03	3.184955e+06	1.150000e+03	3.187621e+06	1.150000e+03	3.193442e+06	1.150000e+03	3.204796e+06	1.150000e+03	3.211303e+06	1.150000e+03	3.211263e+06	1.150000e+03	3.176445e+06	1.150000e+03	3.185401e+06	1.150000e+03	3.199530e+06	1.150000e+03	3.191649e+06	1.150000e+03	3.216841e+06	1.150000e+03	3.197121e+06	1.150000e+03	3.207024e+06	1.150000e+03	3.200408e+06	1.150000e+03	3.196738e+06	1.150000e+03	3.210725e+06	1.150000e+03	3.193966e+06	1.150000e+03	3.187320e+06	1.150000e+03	3.195628e+06	1.150000e+03	3.199656e+06	1.150000e+03	3.206014e+06	1.150000e+03	3.193541e+06	1.150000e+03	3.197804e+06	1.150000e+03	3.200114e+06	1.150000e+03	3.184214e+06	1.150000e+03	3.188874e+06	1.150000e+03	3.191833e+06	1.150000e+03	3.197298e+06	1.150000e+03	3.193561e+06	1.150000e+03	3.200384e+06
1.155000e+03	3.109063e+06	1.155000e+03	3.089527e+06	1.155000e+03	3.082323e+06	1.155000e+03	3.080541e+06	1.155000e+03	3.046422e+06	1.155000e+03	3.050030e+06	1.155000e+03	3.043127e+06	1.155000e+03	3.055265e+06	1.155000e+03	3.049426e+06	1.155000e+03	3.031567e+06	1.155000e+03	3.019310e+06	1.155000e+03	3.027934e+06	1.155000e+03	3.034474e+06	1.155000e+03	3.024294e+06	1.155000e+03	3.049908e+06	1.155000e+03	3.049085e+06	1.155000e+03	3.034617e+06	1.155000e+03	3.048470e+06	1.155000e+03	3.023886e+06	1.155000e+03	3.012961e+06	1.155000e+03	3.030687e+06	1.155000e+03	3.016633e+06	1.155000e+03	2.999499e+06	1.155000e+03	3.011664e+06	1.155000e+03	3.010225e+06	1.155000e+03	3.000992e+06	1.155000e+03	3.015758e+06	1.155000e+03	3.030257e+06	1.155000e+03	3.029712e+06	1.155000e+03	3.030688e+06	1.155000e+03	3.028906e+06	1.155000e+03	3.019177e+06	1.155000e+03	2.995625e+06	1.155000e+03	3.025549e+06	1.155000e+03	3.038067e+06	1.155000e+03	3.035324e+06	1.155000e+03	3.017761e+06	1.155000e+03	3.027158e+06	1.155000e+03	3.024525e+06	1.155000e+03	3.030718e+06	1.155000e+03	3.060846e+06	1.155000e+03	3.051075e+06	1.155000e+03	3.068639e+06	1.155000e+03	3.037420e+06	1.155000e+03	3.043443e+06	1.155000e+03	3.058878e+06	1.155000e+03	3.039884e+06	1.155000e+03	3.074494e+06	1.155000e+03	3.063216e+06	1.155000e+03	3.065554e+06	1.155000e+03	3.060132e+06	1.155000e+03	3.065540e+06	1.155000e+03	3.048855e+06	1.155000e+03	3.082829e+06	1.155000e+03	3.068557e+06	1.155000e+03	3.053704e+06	1.155000e+03	3.088474e+06	1.155000e+03	3.088706e+06	1.155000e+03	3.077191e+06	1.155000e+03	3.086704e+06	1.155000e+03	3.093142e+06	1.155000e+03	3.082687e+06	1.155000e+03	3.082510e+06	1.155000e+03	3.077745e+06	1.155000e+03	3.072450e+06	1.155000e+03	3.081309e+06	1.155000e+03	3.084709e+06	1.155000e+03	3.066275e+06	1.155000e+03	3.095104e+06	1.155000e+03	3.089674e+06	1.155000e+03	3.095341e+06	1.155000e+03	3.101279e+06	1.155000e+03	3.100183e+06	1.155000e+03	3.100046e+06	1.155000e+03	3.103349e+06	1.155000e+03	3.100099e+06	1.155000e+03	3.124322e+06	1.155000e+03	3.098175e+06	1.155000e+03	3.105418e+06	1.155000e+03	3.100924e+06	1.155000e+03	3.099472e+06	1.155000e+03	3.115048e+06	1.155000e+03	3.122965e+06	1.155000e+03	3.121427e+06	1.155000e+03	3.117272e+06	1.155000e+03	3.122406e+06	1.155000e+03	3.104892e+06	1.155000e+03	3.140690e+06	1.155000e+03	3.121309e+06	1.155000e+03	3.099049e+06	1.155000e+03	3.143192e+06	1.155000e+03	3.119242e+06	1.155000e+03	3.128922e+06	1.155000e+03	3.098968e+06	1.155000e+03	3.123662e+06	1.155000e+03	3.122111e+06	1.155000e+03	3.121124e+06	1.155000e+03	3.122497e+06	1.155000e+03	3.123689e+06	1.155000e+03	3.147279e+06	1.155000e+03	3.118725e+06	1.155000e+03	3.134878e+06	1.155000e+03	3.109663e+06	1.155000e+03	3.119954e+06	1.155000e+03	3.115316e+06	1.155000e+03	3.116316e+06	1.155000e+03	3.120843e+06	1.155000e+03	3.115746e+06	1.155000e+03	3.123557e+06	1.155000e+03	3.122470e+06	1.155000e+03	3.128491e+06	1.155000e+03	3.132919e+06	1.155000e+03	3.123177e+06	1.155000e+03	3.129659e+06	1.155000e+03	3.139224e+06	1.155000e+03	3.121545e+06	1.155000e+03	3.132368e+06	1.155000e+03	3.100335e+06	1.155000e+03	3.098422e+06	1.155000e+03	3.100607e+06	1.155000e+03	3.128858e+06	1.155000e+03	3.108410e+06	1.155000e+03	3.137532e+06	1.155000e+03	3.115323e+06	1.155000e+03	3.123461e+06	1.155000e+03	3.094299e+06	1.155000e+03	3.115202e+06	1.155000e+03	3.103210e+06	1.155000e+03	3.133156e+06	1.155000e+03	3.125280e+06	1.155000e+03	3.112443e+06	1.155000e+03	3.099675e+06	1.155000e+03	3.102308e+06	1.155000e+03	3.123490e+06	1.155000e+03	3.100081e+06	1.155000e+03	3.127302e+06	1.155000e+03	3.124051e+06	1.155000e+03	3.130710e+06	1.155000e+03	3.137061e+06	1.155000e+03	3.125645e+06	1.155000e+03	3.112596e+06	1.155000e+03	3.134408e+06	1.155000e+03	3.157286e+06	1.155000e+03	3.125583e+06	1.155000e+03	3.112406e+06	1.155000e+03	3.117286e+06	1.155000e+03	3.144235e+06	1.155000e+03	3.151104e+06	1.155000e+03	3.144114e+06	1.155000e+03	3.161415e+06	1.155000e+03	3.134355e+06	1.155000e+03	3.111210e+06	1.155000e+03	3.127267e+06	1.155000e+03	3.140217e+06	1.155000e+03	3.143852e+06	1.155000e+03	3.141345e+06	1.155000e+03	3.145170e+06	1.155000e+03	3.150191e+06	1.155000e+03	3.148151e+06	1.155000e+03	3.152395e+06	1.155000e+03	3.148581e+06	1.155000e+03	3.156617e+06	1.155000e+03	3.148754e+06	1.155000e+03	3.145889e+06	1.155000e+03	3.155233e+06	1.155000e+03	3.154966e+06	1.155000e+03	3.151594e+06	1.155000e+03	3.133499e+06	1.155000e+03	3.156076e+06	1.155000e+03	3.163194e+06	1.155000e+03	3.159768e+06	1.155000e+03	3.150352e+06	1.155000e+03	3.177452e+06	1.155000e+03	3.137306e+06	1.155000e+03	3.152061e+06	1.155000e+03	3.146070e+06	1.155000e+03	3.147093e+06	1.155000e+03	3.152945e+06	1.155000e+03	3.134428e+06	1.155000e+03	3.172607e+06	1.155000e+03	3.165296e+06	1.155000e+03	3.167749e+06	1.155000e+03	3.140013e+06	1.155000e+03	3.160708e+06	1.155000e+03	3.182005e+06	1.155000e+03	3.170627e+06	1.155000e+03	3.172672e+06	1.155000e+03	3.150828e+06	1.155000e+03	3.167023e+06	1.155000e+03	3.172501e+06	1.155000e+03	3.165365e+06	1.155000e+03	3.167305e+06	1.155000e+03	3.174784e+06	1.155000e+03	3.151851e+06	1.155000e+03	3.150452e+06	1.155000e+03	3.172426e+06	1.155000e+03	3.141145e+06	1.155000e+03	3.160029e+06	1.155000e+03	3.164067e+06	1.155000e+03	3.159115e+06	1.155000e+03	3.151723e+06	1.155000e+03	3.149747e+06	1.155000e+03	3.155336e+06	1.155000e+03	3.147324e+06	1.155000e+03	3.148308e+06	1.155000e+03	3.156172e+06	1.155000e+03	3.153549e+06	1.155000e+03	3.134933e+06	1.155000e+03	3.154760e+06	1.155000e+03	3.157599e+06	1.155000e+03	3.155479e+06	1.155000e+03	3.161382e+06	1.155000e+03	3.152159e+06	1.155000e+03	3.149045e+06	1.155000e+03	3.158011e+06	1.155000e+03	3.162417e+06	1.155000e+03	3.159962e+06	1.155000e+03	3.141545e+06	1.155000e+03	3.143850e+06	1.155000e+03	3.173937e+06	1.155000e+03	3.163634e+06	1.155000e+03	3.166367e+06	1.155000e+03	3.137721e+06	1.155000e+03	3.167456e+06	1.155000e+03	3.165898e+06	1.155000e+03	3.163304e+06	1.155000e+03	3.168136e+06	1.155000e+03	3.158841e+06	1.155000e+03	3.149515e+06	1.155000e+03	3.150224e+06	1.155000e+03	3.167869e+06	1.155000e+03	3.151527e+06	1.155000e+03	3.153678e+06	1.155000e+03	3.167866e+06	1.155000e+03	3.154389e+06	1.155000e+03	3.164858e+06	1.155000e+03	3.146627e+06	1.155000e+03	3.158149e+06	1.155000e+03	3.144602e+06	1.155000e+03	3.149419e+06	1.155000e+03	3.167478e+06	1.155000e+03	3.164883e+06	1.155000e+03	3.172109e+06	1.155000e+03	3.159984e+06	1.155000e+03	3.152033e+06	1.155000e+03	3.153689e+06	1.155000e+03	3.149497e+06	1.155000e+03	3.167134e+06	1.155000e+03	3.142423e+06	1.155000e+03	3.161385e+06	1.155000e+03	3.163352e+06	1.155000e+03	3.166658e+06	1.155000e+03	3.169001e+06	1.155000e+03	3.166435e+06	1.155000e+03	3.188723e+06	1.155000e+03	3.173625e+06	1.155000e+03	3.172171e+06	1.155000e+03	3.156718e+06	1.155000e+03	3.166683e+06	1.155000e+03	3.130246e+06	1.155000e+03	3.168570e+06	1.155000e+03	3.163285e+06	1.155000e+03	3.179028e+06	1.155000e+03	3.191728e+06	1.155000e+03	3.175513e+06	1.155000e+03	3.182579e+06	1.155000e+03	3.177281e+06	1.155000e+03	3.182329e+06	1.155000e+03	3.167860e+06	1.155000e+03	3.166489e+06	1.155000e+03	3.188669e+06	1.155000e+03	3.170694e+06	1.155000e+03	3.167184e+06	1.155000e+03	3.172419e+06	1.155000e+03	3.185640e+06	1.155000e+03	3.192234e+06	1.155000e+03	3.166617e+06	1.155000e+03	3.195389e+06	1.155000e+03	3.214849e+06	1.155000e+03	3.195370e+06	1.155000e+03	3.178724e+06	1.155000e+03	3.176277e+06	1.155000e+03	3.178467e+06	1.155000e+03	3.186041e+06	1.155000e+03	3.184192e+06	1.155000e+03	3.191219e+06	1.155000e+03	3.192881e+06	1.155000e+03	3.205250e+06	1.155000e+03	3.212362e+06	1.155000e+03	3.208987e+06	1.155000e+03	3.177058e+06	1.155000e+03	3.203073e+06	1.155000e+03	3.191893e+06	1.155000e+03	3.195900e+06	1.155000e+03	3.202987e+06	1.155000e+03	3.204252e+06	1.155000e+03	3.196390e+06	1.155000e+03	3.197241e+06	1.155000e+03	3.201276e+06	1.155000e+03	3.214458e+06	1.155000e+03	3.186178e+06	1.155000e+03	3.191386e+06	1.155000e+03	3.203362e+06	1.155000e+03	3.198382e+06	1.155000e+03	3.205609e+06	1.155000e+03	3.188096e+06	1.155000e+03	3.178170e+06	1.155000e+03	3.196547e+06	1.155000e+03	3.183464e+06	1.155000e+03	3.194111e+06	1.155000e+03	3.190447e+06	1.155000e+03	3.193365e+06	1.155000e+03	3.190278e+06	1.155000e+03	3.210355e+06
1.160000e+03	3.112150e+06	1.160000e+03	3.089821e+06	1.160000e+03	3.083302e+06	1.160000e+03	3.070335e+06	1.160000e+03	3.042790e+06	1.160000e+03	3.049081e+06	1.160000e+03	3.038247e+06	1.160000e+03	3.053970e+06	1.160000e+03	3.040702e+06	1.160000e+03	3.033872e+06	1.160000e+03	3.023064e+06	1.160000e+03	3.027767e+06	1.160000e+03	3.039612e+06	1.160000e+03	3.031458e+06	1.160000e+03	3.051186e+06	1.160000e+03	3.036665e+06	1.160000e+03	3.029191e+06	1.160000e+03	3.039861e+06	1.160000e+03	3.022181e+06	1.160000e+03	3.020361e+06	1.160000e+03	3.029497e+06	1.160000e+03	3.008606e+06	1.160000e+03	3.003781e+06	1.160000e+03	3.010464e+06	1.160000e+03	3.013817e+06	1.160000e+03	3.007264e+06	1.160000e+03	3.016364e+06	1.160000e+03	3.025631e+06	1.160000e+03	3.019577e+06	1.160000e+03	3.037255e+06	1.160000e+03	3.028734e+06	1.160000e+03	3.020695e+06	1.160000e+03	2.988708e+06	1.160000e+03	3.030284e+06	1.160000e+03	3.045400e+06	1.160000e+03	3.024753e+06	1.160000e+03	3.019103e+06	1.160000e+03	3.029286e+06	1.160000e+03	3.038810e+06	1.160000e+03	3.033642e+06	1.160000e+03	3.058921e+06	1.160000e+03	3.049812e+06	1.160000e+03	3.062425e+06	1.160000e+03	3.037198e+06	1.160000e+03	3.050206e+06	1.160000e+03	3.051783e+06	1.160000e+03	3.044771e+06	1.160000e+03	3.067793e+06	1.160000e+03	3.062936e+06	1.160000e+03	3.062390e+06	1.160000e+03	3.059732e+06	1.160000e+03	3.064664e+06	1.160000e+03	3.046222e+06	1.160000e+03	3.069315e+06	1.160000e+03	3.070600e+06	1.160000e+03	3.062469e+06	1.160000e+03	3.077459e+06	1.160000e+03	3.080013e+06	1.160000e+03	3.071720e+06	1.160000e+03	3.086620e+06	1.160000e+03	3.096670e+06	1.160000e+03	3.087973e+06	1.160000e+03	3.087032e+06	1.160000e+03	3.077015e+06	1.160000e+03	3.065641e+06	1.160000e+03	3.077530e+06	1.160000e+03	3.082799e+06	1.160000e+03	3.062148e+06	1.160000e+03	3.105477e+06	1.160000e+03	3.090337e+06	1.160000e+03	3.094845e+06	1.160000e+03	3.100254e+06	1.160000e+03	3.093865e+06	1.160000e+03	3.103681e+06	1.160000e+03	3.102398e+06	1.160000e+03	3.107228e+06	1.160000e+03	3.122152e+06	1.160000e+03	3.097903e+06	1.160000e+03	3.110412e+06	1.160000e+03	3.098616e+06	1.160000e+03	3.104329e+06	1.160000e+03	3.128553e+06	1.160000e+03	3.128954e+06	1.160000e+03	3.117306e+06	1.160000e+03	3.119983e+06	1.160000e+03	3.099468e+06	1.160000e+03	3.106245e+06	1.160000e+03	3.137784e+06	1.160000e+03	3.122864e+06	1.160000e+03	3.100705e+06	1.160000e+03	3.146651e+06	1.160000e+03	3.124054e+06	1.160000e+03	3.129523e+06	1.160000e+03	3.101372e+06	1.160000e+03	3.131057e+06	1.160000e+03	3.129483e+06	1.160000e+03	3.127637e+06	1.160000e+03	3.124411e+06	1.160000e+03	3.125148e+06	1.160000e+03	3.147829e+06	1.160000e+03	3.116458e+06	1.160000e+03	3.132193e+06	1.160000e+03	3.107759e+06	1.160000e+03	3.120730e+06	1.160000e+03	3.106746e+06	1.160000e+03	3.105230e+06	1.160000e+03	3.113785e+06	1.160000e+03	3.108642e+06	1.160000e+03	3.122657e+06	1.160000e+03	3.122227e+06	1.160000e+03	3.116660e+06	1.160000e+03	3.141447e+06	1.160000e+03	3.133745e+06	1.160000e+03	3.125971e+06	1.160000e+03	3.132808e+06	1.160000e+03	3.117441e+06	1.160000e+03	3.141218e+06	1.160000e+03	3.108895e+06	1.160000e+03	3.099666e+06	1.160000e+03	3.100874e+06	1.160000e+03	3.126592e+06	1.160000e+03	3.109748e+06	1.160000e+03	3.136499e+06	1.160000e+03	3.119730e+06	1.160000e+03	3.122336e+06	1.160000e+03	3.092810e+06	1.160000e+03	3.116865e+06	1.160000e+03	3.110512e+06	1.160000e+03	3.138015e+06	1.160000e+03	3.130325e+06	1.160000e+03	3.115834e+06	1.160000e+03	3.101606e+06	1.160000e+03	3.104626e+06	1.160000e+03	3.115724e+06	1.160000e+03	3.100554e+06	1.160000e+03	3.143639e+06	1.160000e+03	3.120956e+06	1.160000e+03	3.130068e+06	1.160000e+03	3.134746e+06	1.160000e+03	3.120529e+06	1.160000e+03	3.101340e+06	1.160000e+03	3.147770e+06	1.160000e+03	3.157630e+06	1.160000e+03	3.125337e+06	1.160000e+03	3.111495e+06	1.160000e+03	3.113078e+06	1.160000e+03	3.144682e+06	1.160000e+03	3.136024e+06	1.160000e+03	3.141187e+06	1.160000e+03	3.153864e+06	1.160000e+03	3.134014e+06	1.160000e+03	3.109165e+06	1.160000e+03	3.125706e+06	1.160000e+03	3.138921e+06	1.160000e+03	3.146385e+06	1.160000e+03	3.125272e+06	1.160000e+03	3.143003e+06	1.160000e+03	3.140186e+06	1.160000e+03	3.144491e+06	1.160000e+03	3.150392e+06	1.160000e+03	3.151752e+06	1.160000e+03	3.165904e+06	1.160000e+03	3.150480e+06	1.160000e+03	3.145799e+06	1.160000e+03	3.152626e+06	1.160000e+03	3.144248e+06	1.160000e+03	3.145157e+06	1.160000e+03	3.135852e+06	1.160000e+03	3.154054e+06	1.160000e+03	3.166808e+06	1.160000e+03	3.167133e+06	1.160000e+03	3.155484e+06	1.160000e+03	3.174392e+06	1.160000e+03	3.139306e+06	1.160000e+03	3.144735e+06	1.160000e+03	3.149971e+06	1.160000e+03	3.145454e+06	1.160000e+03	3.151420e+06	1.160000e+03	3.128345e+06	1.160000e+03	3.165824e+06	1.160000e+03	3.169135e+06	1.160000e+03	3.169725e+06	1.160000e+03	3.149434e+06	1.160000e+03	3.163987e+06	1.160000e+03	3.184160e+06	1.160000e+03	3.168360e+06	1.160000e+03	3.178230e+06	1.160000e+03	3.153326e+06	1.160000e+03	3.170179e+06	1.160000e+03	3.170510e+06	1.160000e+03	3.159618e+06	1.160000e+03	3.157065e+06	1.160000e+03	3.177383e+06	1.160000e+03	3.153389e+06	1.160000e+03	3.153010e+06	1.160000e+03	3.174991e+06	1.160000e+03	3.150220e+06	1.160000e+03	3.157821e+06	1.160000e+03	3.173930e+06	1.160000e+03	3.160782e+06	1.160000e+03	3.151145e+06	1.160000e+03	3.149314e+06	1.160000e+03	3.169141e+06	1.160000e+03	3.145307e+06	1.160000e+03	3.137984e+06	1.160000e+03	3.159348e+06	1.160000e+03	3.163040e+06	1.160000e+03	3.134241e+06	1.160000e+03	3.152313e+06	1.160000e+03	3.153723e+06	1.160000e+03	3.157364e+06	1.160000e+03	3.159377e+06	1.160000e+03	3.149902e+06	1.160000e+03	3.141806e+06	1.160000e+03	3.149354e+06	1.160000e+03	3.166086e+06	1.160000e+03	3.147860e+06	1.160000e+03	3.141877e+06	1.160000e+03	3.152787e+06	1.160000e+03	3.169485e+06	1.160000e+03	3.166902e+06	1.160000e+03	3.164214e+06	1.160000e+03	3.137693e+06	1.160000e+03	3.165914e+06	1.160000e+03	3.166054e+06	1.160000e+03	3.161167e+06	1.160000e+03	3.173928e+06	1.160000e+03	3.151235e+06	1.160000e+03	3.147514e+06	1.160000e+03	3.150397e+06	1.160000e+03	3.167798e+06	1.160000e+03	3.148920e+06	1.160000e+03	3.153568e+06	1.160000e+03	3.167468e+06	1.160000e+03	3.152031e+06	1.160000e+03	3.162371e+06	1.160000e+03	3.148070e+06	1.160000e+03	3.159191e+06	1.160000e+03	3.149077e+06	1.160000e+03	3.140375e+06	1.160000e+03	3.174081e+06	1.160000e+03	3.165702e+06	1.160000e+03	3.183997e+06	1.160000e+03	3.158440e+06	1.160000e+03	3.151154e+06	1.160000e+03	3.171615e+06	1.160000e+03	3.153506e+06	1.160000e+03	3.159269e+06	1.160000e+03	3.147196e+06	1.160000e+03	3.152803e+06	1.160000e+03	3.164498e+06	1.160000e+03	3.161972e+06	1.160000e+03	3.163108e+06	1.160000e+03	3.167347e+06	1.160000e+03	3.189991e+06	1.160000e+03	3.168664e+06	1.160000e+03	3.173023e+06	1.160000e+03	3.156673e+06	1.160000e+03	3.157589e+06	1.160000e+03	3.138973e+06	1.160000e+03	3.173703e+06	1.160000e+03	3.170439e+06	1.160000e+03	3.180193e+06	1.160000e+03	3.192490e+06	1.160000e+03	3.172245e+06	1.160000e+03	3.182400e+06	1.160000e+03	3.175354e+06	1.160000e+03	3.179181e+06	1.160000e+03	3.170909e+06	1.160000e+03	3.161764e+06	1.160000e+03	3.188626e+06	1.160000e+03	3.170591e+06	1.160000e+03	3.163636e+06	1.160000e+03	3.169054e+06	1.160000e+03	3.183496e+06	1.160000e+03	3.186321e+06	1.160000e+03	3.169032e+06	1.160000e+03	3.191994e+06	1.160000e+03	3.207040e+06	1.160000e+03	3.187544e+06	1.160000e+03	3.173041e+06	1.160000e+03	3.187886e+06	1.160000e+03	3.181807e+06	1.160000e+03	3.188792e+06	1.160000e+03	3.180636e+06	1.160000e+03	3.184955e+06	1.160000e+03	3.205504e+06	1.160000e+03	3.203615e+06	1.160000e+03	3.214476e+06	1.160000e+03	3.200477e+06	1.160000e+03	3.167920e+06	1.160000e+03	3.184991e+06	1.160000e+03	3.190998e+06	1.160000e+03	3.199914e+06	1.160000e+03	3.197530e+06	1.160000e+03	3.214966e+06	1.160000e+03	3.201483e+06	1.160000e+03	3.194541e+06	1.160000e+03	3.205328e+06	1.160000e+03	3.208157e+06	1.160000e+03	3.187965e+06	1.160000e+03	3.196509e+06	1.160000e+03	3.192183e+06	1.160000e+03	3.198622e+06	1.160000e+03	3.210060e+06	1.160000e+03	3.196933e+06	1.160000e+03	3.180368e+06	1.160000e+03	3.195501e+06	1.160000e+03	3.184002e+06	1.160000e+03	3.192911e+06	1.160000e+03	3.189103e+06	1.160000e+03	3.192691e+06	1.160000e+03	3.192623e+06	1.160000e+03	3.196742e+06
1.165000e+03	3.117222e+06	1.165000e+03	3.088923e+06	1.165000e+03	3.081943e+06	1.165000e+03	3.062686e+06	1.165000e+03	3.049811e+06	1.165000e+03	3.057492e+06	1.165000e+03	3.035388e+06	1.165000e+03	3.049179e+06	1.165000e+03	3.041708e+06	1.165000e+03	3.038375e+06	1.165000e+03	3.028619e+06	1.165000e+03	3.038411e+06	1.165000e+03	3.027884e+06	1.165000e+03	3.021631e+06	1.165000e+03	3.050249e+06	1.165000e+03	3.033606e+06	1.165000e+03	3.039112e+06	1.165000e+03	3.051795e+06	1.165000e+03	3.013188e+06	1.165000e+03	3.015007e+06	1.165000e+03	3.032003e+06	1.165000e+03	3.015183e+06	1.165000e+03	3.012369e+06	1.165000e+03	3.003941e+06	1.165000e+03	3.012556e+06	1.165000e+03	3.003588e+06	1.165000e+03	3.013835e+06	1.165000e+03	3.017800e+06	1.165000e+03	3.027460e+06	1.165000e+03	3.028597e+06	1.165000e+03	3.021174e+06	1.165000e+03	3.021738e+06	1.165000e+03	2.982670e+06	1.165000e+03	3.015442e+06	1.165000e+03	3.036848e+06	1.165000e+03	3.023137e+06	1.165000e+03	3.024754e+06	1.165000e+03	3.031218e+06	1.165000e+03	3.030281e+06	1.165000e+03	3.043472e+06	1.165000e+03	3.053268e+06	1.165000e+03	3.051050e+06	1.165000e+03	3.061539e+06	1.165000e+03	3.033821e+06	1.165000e+03	3.037074e+06	1.165000e+03	3.053411e+06	1.165000e+03	3.056924e+06	1.165000e+03	3.062396e+06	1.165000e+03	3.058877e+06	1.165000e+03	3.070498e+06	1.165000e+03	3.059618e+06	1.165000e+03	3.076824e+06	1.165000e+03	3.043173e+06	1.165000e+03	3.072670e+06	1.165000e+03	3.067654e+06	1.165000e+03	3.064245e+06	1.165000e+03	3.083214e+06	1.165000e+03	3.083775e+06	1.165000e+03	3.070467e+06	1.165000e+03	3.082981e+06	1.165000e+03	3.095098e+06	1.165000e+03	3.093403e+06	1.165000e+03	3.080947e+06	1.165000e+03	3.077035e+06	1.165000e+03	3.059383e+06	1.165000e+03	3.071852e+06	1.165000e+03	3.078336e+06	1.165000e+03	3.065874e+06	1.165000e+03	3.099394e+06	1.165000e+03	3.099215e+06	1.165000e+03	3.090761e+06	1.165000e+03	3.102933e+06	1.165000e+03	3.086873e+06	1.165000e+03	3.102345e+06	1.165000e+03	3.099542e+06	1.165000e+03	3.103491e+06	1.165000e+03	3.116044e+06	1.165000e+03	3.089675e+06	1.165000e+03	3.109574e+06	1.165000e+03	3.098048e+06	1.165000e+03	3.098622e+06	1.165000e+03	3.125519e+06	1.165000e+03	3.130084e+06	1.165000e+03	3.109730e+06	1.165000e+03	3.115343e+06	1.165000e+03	3.102823e+06	1.165000e+03	3.106498e+06	1.165000e+03	3.134862e+06	1.165000e+03	3.120061e+06	1.165000e+03	3.105784e+06	1.165000e+03	3.143528e+06	1.165000e+03	3.112581e+06	1.165000e+03	3.126249e+06	1.165000e+03	3.101417e+06	1.165000e+03	3.130494e+06	1.165000e+03	3.131350e+06	1.165000e+03	3.128064e+06	1.165000e+03	3.126483e+06	1.165000e+03	3.125268e+06	1.165000e+03	3.147317e+06	1.165000e+03	3.127419e+06	1.165000e+03	3.142691e+06	1.165000e+03	3.103718e+06	1.165000e+03	3.114576e+06	1.165000e+03	3.111044e+06	1.165000e+03	3.102029e+06	1.165000e+03	3.112296e+06	1.165000e+03	3.105954e+06	1.165000e+03	3.119321e+06	1.165000e+03	3.123300e+06	1.165000e+03	3.120450e+06	1.165000e+03	3.152680e+06	1.165000e+03	3.135570e+06	1.165000e+03	3.122135e+06	1.165000e+03	3.126868e+06	1.165000e+03	3.112421e+06	1.165000e+03	3.145088e+06	1.165000e+03	3.099907e+06	1.165000e+03	3.108630e+06	1.165000e+03	3.103625e+06	1.165000e+03	3.130856e+06	1.165000e+03	3.116251e+06	1.165000e+03	3.138272e+06	1.165000e+03	3.121900e+06	1.165000e+03	3.127829e+06	1.165000e+03	3.091839e+06	1.165000e+03	3.114870e+06	1.165000e+03	3.106706e+06	1.165000e+03	3.133748e+06	1.165000e+03	3.128279e+06	1.165000e+03	3.119424e+06	1.165000e+03	3.094189e+06	1.165000e+03	3.107007e+06	1.165000e+03	3.115540e+06	1.165000e+03	3.110566e+06	1.165000e+03	3.144315e+06	1.165000e+03	3.124385e+06	1.165000e+03	3.131131e+06	1.165000e+03	3.143868e+06	1.165000e+03	3.120990e+06	1.165000e+03	3.094895e+06	1.165000e+03	3.146786e+06	1.165000e+03	3.150374e+06	1.165000e+03	3.124533e+06	1.165000e+03	3.122308e+06	1.165000e+03	3.117761e+06	1.165000e+03	3.140238e+06	1.165000e+03	3.135241e+06	1.165000e+03	3.141153e+06	1.165000e+03	3.151919e+06	1.165000e+03	3.132381e+06	1.165000e+03	3.111821e+06	1.165000e+03	3.119153e+06	1.165000e+03	3.141788e+06	1.165000e+03	3.153855e+06	1.165000e+03	3.125115e+06	1.165000e+03	3.149858e+06	1.165000e+03	3.153570e+06	1.165000e+03	3.143719e+06	1.165000e+03	3.159615e+06	1.165000e+03	3.160122e+06	1.165000e+03	3.155574e+06	1.165000e+03	3.147311e+06	1.165000e+03	3.142047e+06	1.165000e+03	3.153697e+06	1.165000e+03	3.142917e+06	1.165000e+03	3.144790e+06	1.165000e+03	3.134764e+06	1.165000e+03	3.155194e+06	1.165000e+03	3.164507e+06	1.165000e+03	3.157369e+06	1.165000e+03	3.151424e+06	1.165000e+03	3.170810e+06	1.165000e+03	3.142025e+06	1.165000e+03	3.138595e+06	1.165000e+03	3.141354e+06	1.165000e+03	3.145867e+06	1.165000e+03	3.171323e+06	1.165000e+03	3.128356e+06	1.165000e+03	3.164940e+06	1.165000e+03	3.160875e+06	1.165000e+03	3.171571e+06	1.165000e+03	3.146900e+06	1.165000e+03	3.164973e+06	1.165000e+03	3.176696e+06	1.165000e+03	3.177550e+06	1.165000e+03	3.167689e+06	1.165000e+03	3.149770e+06	1.165000e+03	3.171838e+06	1.165000e+03	3.178409e+06	1.165000e+03	3.170356e+06	1.165000e+03	3.161826e+06	1.165000e+03	3.177922e+06	1.165000e+03	3.142525e+06	1.165000e+03	3.156570e+06	1.165000e+03	3.169050e+06	1.165000e+03	3.145161e+06	1.165000e+03	3.155714e+06	1.165000e+03	3.174267e+06	1.165000e+03	3.166247e+06	1.165000e+03	3.153122e+06	1.165000e+03	3.152231e+06	1.165000e+03	3.156103e+06	1.165000e+03	3.147375e+06	1.165000e+03	3.147560e+06	1.165000e+03	3.157815e+06	1.165000e+03	3.169899e+06	1.165000e+03	3.134558e+06	1.165000e+03	3.161037e+06	1.165000e+03	3.158036e+06	1.165000e+03	3.157805e+06	1.165000e+03	3.160543e+06	1.165000e+03	3.150334e+06	1.165000e+03	3.135870e+06	1.165000e+03	3.150059e+06	1.165000e+03	3.161937e+06	1.165000e+03	3.142393e+06	1.165000e+03	3.151925e+06	1.165000e+03	3.171376e+06	1.165000e+03	3.175874e+06	1.165000e+03	3.165169e+06	1.165000e+03	3.170688e+06	1.165000e+03	3.132667e+06	1.165000e+03	3.153088e+06	1.165000e+03	3.166721e+06	1.165000e+03	3.165500e+06	1.165000e+03	3.170345e+06	1.165000e+03	3.152512e+06	1.165000e+03	3.153976e+06	1.165000e+03	3.145667e+06	1.165000e+03	3.159446e+06	1.165000e+03	3.150980e+06	1.165000e+03	3.156557e+06	1.165000e+03	3.176451e+06	1.165000e+03	3.152490e+06	1.165000e+03	3.165557e+06	1.165000e+03	3.163606e+06	1.165000e+03	3.176873e+06	1.165000e+03	3.143527e+06	1.165000e+03	3.146688e+06	1.165000e+03	3.173824e+06	1.165000e+03	3.165364e+06	1.165000e+03	3.173963e+06	1.165000e+03	3.153049e+06	1.165000e+03	3.149848e+06	1.165000e+03	3.174618e+06	1.165000e+03	3.153126e+06	1.165000e+03	3.154475e+06	1.165000e+03	3.145722e+06	1.165000e+03	3.158688e+06	1.165000e+03	3.169385e+06	1.165000e+03	3.165787e+06	1.165000e+03	3.171419e+06	1.165000e+03	3.186538e+06	1.165000e+03	3.186803e+06	1.165000e+03	3.169159e+06	1.165000e+03	3.166134e+06	1.165000e+03	3.160924e+06	1.165000e+03	3.159350e+06	1.165000e+03	3.136484e+06	1.165000e+03	3.172341e+06	1.165000e+03	3.176838e+06	1.165000e+03	3.187139e+06	1.165000e+03	3.193490e+06	1.165000e+03	3.166476e+06	1.165000e+03	3.183819e+06	1.165000e+03	3.178906e+06	1.165000e+03	3.185967e+06	1.165000e+03	3.174544e+06	1.165000e+03	3.160705e+06	1.165000e+03	3.189456e+06	1.165000e+03	3.171129e+06	1.165000e+03	3.171916e+06	1.165000e+03	3.169191e+06	1.165000e+03	3.187053e+06	1.165000e+03	3.188620e+06	1.165000e+03	3.166967e+06	1.165000e+03	3.186743e+06	1.165000e+03	3.205254e+06	1.165000e+03	3.187733e+06	1.165000e+03	3.173725e+06	1.165000e+03	3.188666e+06	1.165000e+03	3.185918e+06	1.165000e+03	3.192146e+06	1.165000e+03	3.182216e+06	1.165000e+03	3.182988e+06	1.165000e+03	3.186877e+06	1.165000e+03	3.207965e+06	1.165000e+03	3.202647e+06	1.165000e+03	3.200082e+06	1.165000e+03	3.169985e+06	1.165000e+03	3.183026e+06	1.165000e+03	3.188888e+06	1.165000e+03	3.196626e+06	1.165000e+03	3.197097e+06	1.165000e+03	3.213724e+06	1.165000e+03	3.201729e+06	1.165000e+03	3.192927e+06	1.165000e+03	3.200518e+06	1.165000e+03	3.199769e+06	1.165000e+03	3.189795e+06	1.165000e+03	3.199649e+06	1.165000e+03	3.197903e+06	1.165000e+03	3.205043e+06	1.165000e+03	3.202766e+06	1.165000e+03	3.193288e+06	1.165000e+03	3.195122e+06	1.165000e+03	3.196476e+06	1.165000e+03	3.185494e+06	1.165000e+03	3.192943e+06	1.165000e+03	3.196948e+06	1.165000e+03	3.196194e+06	1.165000e+03	3.190770e+06	1.165000e+03	3.192195e+06
1.170000e+03	3.108227e+06	1.170000e+03	3.088617e+06	1.170000e+03	3.084645e+06	1.170000e+03	3.057708e+06	1.170000e+03	3.062536e+06	1.170000e+03	3.058057e+06	1.170000e+03	3.039960e+06	1.170000e+03	3.054653e+06	1.170000e+03	3.039993e+06	1.170000e+03	3.044179e+06	1.170000e+03	3.029463e+06	1.170000e+03	3.021896e+06	1.170000e+03	3.026803e+06	1.170000e+03	3.023571e+06	1.170000e+03	3.041473e+06	1.170000e+03	3.036843e+06	1.170000e+03	3.038024e+06	1.170000e+03	3.057496e+06	1.170000e+03	3.013447e+06	1.170000e+03	3.020800e+06	1.170000e+03	3.026119e+06	1.170000e+03	3.020881e+06	1.170000e+03	3.008785e+06	1.170000e+03	3.007778e+06	1.170000e+03	3.011657e+06	1.170000e+03	3.014379e+06	1.170000e+03	3.018417e+06	1.170000e+03	3.020989e+06	1.170000e+03	3.022444e+06	1.170000e+03	3.028939e+06	1.170000e+03	3.019143e+06	1.170000e+03	3.021320e+06	1.170000e+03	2.991351e+06	1.170000e+03	3.022053e+06	1.170000e+03	3.046815e+06	1.170000e+03	3.025903e+06	1.170000e+03	3.021999e+06	1.170000e+03	3.036286e+06	1.170000e+03	3.031972e+06	1.170000e+03	3.038596e+06	1.170000e+03	3.056551e+06	1.170000e+03	3.050343e+06	1.170000e+03	3.062179e+06	1.170000e+03	3.042929e+06	1.170000e+03	3.038231e+06	1.170000e+03	3.054259e+06	1.170000e+03	3.057842e+06	1.170000e+03	3.067736e+06	1.170000e+03	3.066508e+06	1.170000e+03	3.064442e+06	1.170000e+03	3.054935e+06	1.170000e+03	3.064002e+06	1.170000e+03	3.042558e+06	1.170000e+03	3.077065e+06	1.170000e+03	3.066149e+06	1.170000e+03	3.059413e+06	1.170000e+03	3.076181e+06	1.170000e+03	3.086205e+06	1.170000e+03	3.063844e+06	1.170000e+03	3.082581e+06	1.170000e+03	3.090482e+06	1.170000e+03	3.093914e+06	1.170000e+03	3.085772e+06	1.170000e+03	3.085514e+06	1.170000e+03	3.060365e+06	1.170000e+03	3.071761e+06	1.170000e+03	3.077673e+06	1.170000e+03	3.061208e+06	1.170000e+03	3.097999e+06	1.170000e+03	3.097742e+06	1.170000e+03	3.098390e+06	1.170000e+03	3.093348e+06	1.170000e+03	3.096697e+06	1.170000e+03	3.101879e+06	1.170000e+03	3.096595e+06	1.170000e+03	3.108779e+06	1.170000e+03	3.120782e+06	1.170000e+03	3.091556e+06	1.170000e+03	3.108968e+06	1.170000e+03	3.104828e+06	1.170000e+03	3.098160e+06	1.170000e+03	3.122627e+06	1.170000e+03	3.110315e+06	1.170000e+03	3.113433e+06	1.170000e+03	3.122300e+06	1.170000e+03	3.102207e+06	1.170000e+03	3.100963e+06	1.170000e+03	3.137776e+06	1.170000e+03	3.117914e+06	1.170000e+03	3.095400e+06	1.170000e+03	3.129899e+06	1.170000e+03	3.122664e+06	1.170000e+03	3.126354e+06	1.170000e+03	3.107789e+06	1.170000e+03	3.131118e+06	1.170000e+03	3.127643e+06	1.170000e+03	3.128864e+06	1.170000e+03	3.126733e+06	1.170000e+03	3.121114e+06	1.170000e+03	3.140615e+06	1.170000e+03	3.133146e+06	1.170000e+03	3.145283e+06	1.170000e+03	3.115705e+06	1.170000e+03	3.119745e+06	1.170000e+03	3.110947e+06	1.170000e+03	3.106492e+06	1.170000e+03	3.121072e+06	1.170000e+03	3.107995e+06	1.170000e+03	3.117234e+06	1.170000e+03	3.122952e+06	1.170000e+03	3.113834e+06	1.170000e+03	3.141047e+06	1.170000e+03	3.138608e+06	1.170000e+03	3.127510e+06	1.170000e+03	3.120716e+06	1.170000e+03	3.111320e+06	1.170000e+03	3.148617e+06	1.170000e+03	3.100222e+06	1.170000e+03	3.089558e+06	1.170000e+03	3.100434e+06	1.170000e+03	3.128095e+06	1.170000e+03	3.116334e+06	1.170000e+03	3.126046e+06	1.170000e+03	3.125120e+06	1.170000e+03	3.131020e+06	1.170000e+03	3.092247e+06	1.170000e+03	3.111752e+06	1.170000e+03	3.101553e+06	1.170000e+03	3.133532e+06	1.170000e+03	3.124844e+06	1.170000e+03	3.116735e+06	1.170000e+03	3.102027e+06	1.170000e+03	3.101045e+06	1.170000e+03	3.115404e+06	1.170000e+03	3.104374e+06	1.170000e+03	3.146161e+06	1.170000e+03	3.121776e+06	1.170000e+03	3.124473e+06	1.170000e+03	3.133938e+06	1.170000e+03	3.110509e+06	1.170000e+03	3.098294e+06	1.170000e+03	3.137322e+06	1.170000e+03	3.146692e+06	1.170000e+03	3.120867e+06	1.170000e+03	3.126449e+06	1.170000e+03	3.120132e+06	1.170000e+03	3.132034e+06	1.170000e+03	3.139937e+06	1.170000e+03	3.137057e+06	1.170000e+03	3.146711e+06	1.170000e+03	3.134129e+06	1.170000e+03	3.119359e+06	1.170000e+03	3.117554e+06	1.170000e+03	3.140177e+06	1.170000e+03	3.151644e+06	1.170000e+03	3.130671e+06	1.170000e+03	3.145787e+06	1.170000e+03	3.151848e+06	1.170000e+03	3.145323e+06	1.170000e+03	3.157391e+06	1.170000e+03	3.161876e+06	1.170000e+03	3.158758e+06	1.170000e+03	3.150119e+06	1.170000e+03	3.143373e+06	1.170000e+03	3.155658e+06	1.170000e+03	3.137870e+06	1.170000e+03	3.151956e+06	1.170000e+03	3.135093e+06	1.170000e+03	3.154423e+06	1.170000e+03	3.172030e+06	1.170000e+03	3.156897e+06	1.170000e+03	3.151836e+06	1.170000e+03	3.164742e+06	1.170000e+03	3.142793e+06	1.170000e+03	3.144562e+06	1.170000e+03	3.152779e+06	1.170000e+03	3.147218e+06	1.170000e+03	3.169829e+06	1.170000e+03	3.128711e+06	1.170000e+03	3.162852e+06	1.170000e+03	3.161543e+06	1.170000e+03	3.169837e+06	1.170000e+03	3.141935e+06	1.170000e+03	3.161535e+06	1.170000e+03	3.185131e+06	1.170000e+03	3.179858e+06	1.170000e+03	3.170575e+06	1.170000e+03	3.147129e+06	1.170000e+03	3.166805e+06	1.170000e+03	3.176308e+06	1.170000e+03	3.176269e+06	1.170000e+03	3.161360e+06	1.170000e+03	3.171668e+06	1.170000e+03	3.139954e+06	1.170000e+03	3.160785e+06	1.170000e+03	3.157739e+06	1.170000e+03	3.144610e+06	1.170000e+03	3.159044e+06	1.170000e+03	3.175667e+06	1.170000e+03	3.164705e+06	1.170000e+03	3.158692e+06	1.170000e+03	3.154243e+06	1.170000e+03	3.157807e+06	1.170000e+03	3.148716e+06	1.170000e+03	3.146962e+06	1.170000e+03	3.163157e+06	1.170000e+03	3.173747e+06	1.170000e+03	3.132112e+06	1.170000e+03	3.148282e+06	1.170000e+03	3.147557e+06	1.170000e+03	3.168636e+06	1.170000e+03	3.158398e+06	1.170000e+03	3.150439e+06	1.170000e+03	3.141743e+06	1.170000e+03	3.141008e+06	1.170000e+03	3.159913e+06	1.170000e+03	3.147370e+06	1.170000e+03	3.155073e+06	1.170000e+03	3.175598e+06	1.170000e+03	3.178442e+06	1.170000e+03	3.166151e+06	1.170000e+03	3.166284e+06	1.170000e+03	3.134613e+06	1.170000e+03	3.168260e+06	1.170000e+03	3.168705e+06	1.170000e+03	3.161056e+06	1.170000e+03	3.165247e+06	1.170000e+03	3.161070e+06	1.170000e+03	3.155103e+06	1.170000e+03	3.160284e+06	1.170000e+03	3.164237e+06	1.170000e+03	3.142835e+06	1.170000e+03	3.158377e+06	1.170000e+03	3.167500e+06	1.170000e+03	3.162972e+06	1.170000e+03	3.162646e+06	1.170000e+03	3.168175e+06	1.170000e+03	3.172440e+06	1.170000e+03	3.142543e+06	1.170000e+03	3.146496e+06	1.170000e+03	3.168186e+06	1.170000e+03	3.166008e+06	1.170000e+03	3.167622e+06	1.170000e+03	3.166937e+06	1.170000e+03	3.158343e+06	1.170000e+03	3.172814e+06	1.170000e+03	3.150453e+06	1.170000e+03	3.154169e+06	1.170000e+03	3.142991e+06	1.170000e+03	3.175584e+06	1.170000e+03	3.168681e+06	1.170000e+03	3.164259e+06	1.170000e+03	3.165248e+06	1.170000e+03	3.181105e+06	1.170000e+03	3.179918e+06	1.170000e+03	3.167771e+06	1.170000e+03	3.170398e+06	1.170000e+03	3.161916e+06	1.170000e+03	3.160815e+06	1.170000e+03	3.144693e+06	1.170000e+03	3.170208e+06	1.170000e+03	3.183383e+06	1.170000e+03	3.192755e+06	1.170000e+03	3.192412e+06	1.170000e+03	3.167442e+06	1.170000e+03	3.189361e+06	1.170000e+03	3.177770e+06	1.170000e+03	3.178986e+06	1.170000e+03	3.172496e+06	1.170000e+03	3.153295e+06	1.170000e+03	3.200424e+06	1.170000e+03	3.173412e+06	1.170000e+03	3.171980e+06	1.170000e+03	3.163296e+06	1.170000e+03	3.188675e+06	1.170000e+03	3.184260e+06	1.170000e+03	3.178240e+06	1.170000e+03	3.188211e+06	1.170000e+03	3.193103e+06	1.170000e+03	3.189224e+06	1.170000e+03	3.182828e+06	1.170000e+03	3.183601e+06	1.170000e+03	3.178654e+06	1.170000e+03	3.187890e+06	1.170000e+03	3.181035e+06	1.170000e+03	3.190970e+06	1.170000e+03	3.179758e+06	1.170000e+03	3.208030e+06	1.170000e+03	3.207356e+06	1.170000e+03	3.200657e+06	1.170000e+03	3.174221e+06	1.170000e+03	3.184102e+06	1.170000e+03	3.184763e+06	1.170000e+03	3.195354e+06	1.170000e+03	3.200420e+06	1.170000e+03	3.218239e+06	1.170000e+03	3.202654e+06	1.170000e+03	3.193189e+06	1.170000e+03	3.200933e+06	1.170000e+03	3.200718e+06	1.170000e+03	3.185011e+06	1.170000e+03	3.194419e+06	1.170000e+03	3.195677e+06	1.170000e+03	3.208499e+06	1.170000e+03	3.204645e+06	1.170000e+03	3.188901e+06	1.170000e+03	3.184750e+06	1.170000e+03	3.200322e+06	1.170000e+03	3.186969e+06	1.170000e+03	3.193820e+06	1.170000e+03	3.192370e+06	1.170000e+03	3.197645e+06	1.170000e+03	3.193459e+06	1.170000e+03	3.190477e+06
1.175000e+03	3.104306e+06	1.175000e+03	3.089335e+06	1.175000e+03	3.079530e+06	1.175000e+03	3.059395e+06	1.175000e+03	3.047289e+06	1.175000e+03	3.054719e+06	1.175000e+03	3.039743e+06	1.175000e+03	3.048288e+06	1.175000e+03	3.032097e+06	1.175000e+03	3.034053e+06	1.175000e+03	3.030360e+06	1.175000e+03	3.021151e+06	1.175000e+03	3.033463e+06	1.175000e+03	3.023411e+06	1.175000e+03	3.033624e+06	1.175000e+03	3.036647e+06	1.175000e+03	3.037208e+06	1.175000e+03	3.046036e+06	1.175000e+03	3.009099e+06	1.175000e+03	3.019420e+06	1.175000e+03	3.036188e+06	1.175000e+03	3.024081e+06	1.175000e+03	3.007799e+06	1.175000e+03	3.005619e+06	1.175000e+03	3.016434e+06	1.175000e+03	3.011371e+06	1.175000e+03	3.015237e+06	1.175000e+03	3.037611e+06	1.175000e+03	3.026133e+06	1.175000e+03	3.030022e+06	1.175000e+03	3.014152e+06	1.175000e+03	3.019670e+06	1.175000e+03	2.995275e+06	1.175000e+03	3.017883e+06	1.175000e+03	3.045644e+06	1.175000e+03	3.034736e+06	1.175000e+03	3.018084e+06	1.175000e+03	3.039010e+06	1.175000e+03	3.038857e+06	1.175000e+03	3.034947e+06	1.175000e+03	3.056764e+06	1.175000e+03	3.050158e+06	1.175000e+03	3.065786e+06	1.175000e+03	3.044559e+06	1.175000e+03	3.040604e+06	1.175000e+03	3.042064e+06	1.175000e+03	3.050137e+06	1.175000e+03	3.077153e+06	1.175000e+03	3.069051e+06	1.175000e+03	3.063914e+06	1.175000e+03	3.062901e+06	1.175000e+03	3.064174e+06	1.175000e+03	3.046331e+06	1.175000e+03	3.072910e+06	1.175000e+03	3.066800e+06	1.175000e+03	3.059981e+06	1.175000e+03	3.092008e+06	1.175000e+03	3.083364e+06	1.175000e+03	3.067964e+06	1.175000e+03	3.085371e+06	1.175000e+03	3.096452e+06	1.175000e+03	3.092175e+06	1.175000e+03	3.077272e+06	1.175000e+03	3.084962e+06	1.175000e+03	3.065360e+06	1.175000e+03	3.076779e+06	1.175000e+03	3.079667e+06	1.175000e+03	3.063519e+06	1.175000e+03	3.092492e+06	1.175000e+03	3.088554e+06	1.175000e+03	3.093739e+06	1.175000e+03	3.093557e+06	1.175000e+03	3.090650e+06	1.175000e+03	3.100933e+06	1.175000e+03	3.102442e+06	1.175000e+03	3.115549e+06	1.175000e+03	3.127343e+06	1.175000e+03	3.082692e+06	1.175000e+03	3.118141e+06	1.175000e+03	3.103439e+06	1.175000e+03	3.098262e+06	1.175000e+03	3.122095e+06	1.175000e+03	3.119001e+06	1.175000e+03	3.116298e+06	1.175000e+03	3.121337e+06	1.175000e+03	3.104598e+06	1.175000e+03	3.099085e+06	1.175000e+03	3.141085e+06	1.175000e+03	3.111321e+06	1.175000e+03	3.097975e+06	1.175000e+03	3.128738e+06	1.175000e+03	3.119273e+06	1.175000e+03	3.130094e+06	1.175000e+03	3.112852e+06	1.175000e+03	3.121953e+06	1.175000e+03	3.127749e+06	1.175000e+03	3.124846e+06	1.175000e+03	3.121900e+06	1.175000e+03	3.123865e+06	1.175000e+03	3.140647e+06	1.175000e+03	3.125682e+06	1.175000e+03	3.151729e+06	1.175000e+03	3.113988e+06	1.175000e+03	3.118023e+06	1.175000e+03	3.119548e+06	1.175000e+03	3.102992e+06	1.175000e+03	3.123939e+06	1.175000e+03	3.096559e+06	1.175000e+03	3.120936e+06	1.175000e+03	3.122464e+06	1.175000e+03	3.107114e+06	1.175000e+03	3.140167e+06	1.175000e+03	3.141004e+06	1.175000e+03	3.126934e+06	1.175000e+03	3.123599e+06	1.175000e+03	3.110285e+06	1.175000e+03	3.143256e+06	1.175000e+03	3.097348e+06	1.175000e+03	3.093387e+06	1.175000e+03	3.100419e+06	1.175000e+03	3.132294e+06	1.175000e+03	3.120660e+06	1.175000e+03	3.125109e+06	1.175000e+03	3.129206e+06	1.175000e+03	3.134926e+06	1.175000e+03	3.091316e+06	1.175000e+03	3.115722e+06	1.175000e+03	3.106815e+06	1.175000e+03	3.139517e+06	1.175000e+03	3.130027e+06	1.175000e+03	3.118907e+06	1.175000e+03	3.101983e+06	1.175000e+03	3.102047e+06	1.175000e+03	3.119162e+06	1.175000e+03	3.103799e+06	1.175000e+03	3.129235e+06	1.175000e+03	3.124780e+06	1.175000e+03	3.135358e+06	1.175000e+03	3.137598e+06	1.175000e+03	3.114600e+06	1.175000e+03	3.099887e+06	1.175000e+03	3.134829e+06	1.175000e+03	3.137983e+06	1.175000e+03	3.126010e+06	1.175000e+03	3.126405e+06	1.175000e+03	3.126448e+06	1.175000e+03	3.130832e+06	1.175000e+03	3.133765e+06	1.175000e+03	3.158088e+06	1.175000e+03	3.146049e+06	1.175000e+03	3.135662e+06	1.175000e+03	3.124634e+06	1.175000e+03	3.119716e+06	1.175000e+03	3.137287e+06	1.175000e+03	3.146472e+06	1.175000e+03	3.138893e+06	1.175000e+03	3.136335e+06	1.175000e+03	3.149819e+06	1.175000e+03	3.149175e+06	1.175000e+03	3.156766e+06	1.175000e+03	3.159727e+06	1.175000e+03	3.164349e+06	1.175000e+03	3.153735e+06	1.175000e+03	3.142057e+06	1.175000e+03	3.161239e+06	1.175000e+03	3.135717e+06	1.175000e+03	3.146225e+06	1.175000e+03	3.136897e+06	1.175000e+03	3.156390e+06	1.175000e+03	3.157726e+06	1.175000e+03	3.161064e+06	1.175000e+03	3.148384e+06	1.175000e+03	3.169011e+06	1.175000e+03	3.142486e+06	1.175000e+03	3.143246e+06	1.175000e+03	3.149732e+06	1.175000e+03	3.140785e+06	1.175000e+03	3.160429e+06	1.175000e+03	3.130107e+06	1.175000e+03	3.160662e+06	1.175000e+03	3.162351e+06	1.175000e+03	3.169674e+06	1.175000e+03	3.157145e+06	1.175000e+03	3.164182e+06	1.175000e+03	3.186916e+06	1.175000e+03	3.168336e+06	1.175000e+03	3.175482e+06	1.175000e+03	3.144977e+06	1.175000e+03	3.165386e+06	1.175000e+03	3.180016e+06	1.175000e+03	3.171553e+06	1.175000e+03	3.159000e+06	1.175000e+03	3.172327e+06	1.175000e+03	3.146728e+06	1.175000e+03	3.163464e+06	1.175000e+03	3.161010e+06	1.175000e+03	3.151735e+06	1.175000e+03	3.156952e+06	1.175000e+03	3.170769e+06	1.175000e+03	3.162152e+06	1.175000e+03	3.156592e+06	1.175000e+03	3.158483e+06	1.175000e+03	3.170867e+06	1.175000e+03	3.141915e+06	1.175000e+03	3.141296e+06	1.175000e+03	3.168462e+06	1.175000e+03	3.176548e+06	1.175000e+03	3.137139e+06	1.175000e+03	3.152758e+06	1.175000e+03	3.155603e+06	1.175000e+03	3.169380e+06	1.175000e+03	3.154770e+06	1.175000e+03	3.153429e+06	1.175000e+03	3.139295e+06	1.175000e+03	3.149543e+06	1.175000e+03	3.179330e+06	1.175000e+03	3.148118e+06	1.175000e+03	3.157115e+06	1.175000e+03	3.172741e+06	1.175000e+03	3.175692e+06	1.175000e+03	3.166503e+06	1.175000e+03	3.175025e+06	1.175000e+03	3.132018e+06	1.175000e+03	3.158000e+06	1.175000e+03	3.165466e+06	1.175000e+03	3.164915e+06	1.175000e+03	3.167623e+06	1.175000e+03	3.175542e+06	1.175000e+03	3.145424e+06	1.175000e+03	3.146606e+06	1.175000e+03	3.167237e+06	1.175000e+03	3.143680e+06	1.175000e+03	3.158079e+06	1.175000e+03	3.167854e+06	1.175000e+03	3.153789e+06	1.175000e+03	3.162242e+06	1.175000e+03	3.168593e+06	1.175000e+03	3.168280e+06	1.175000e+03	3.141622e+06	1.175000e+03	3.155228e+06	1.175000e+03	3.169159e+06	1.175000e+03	3.167405e+06	1.175000e+03	3.171883e+06	1.175000e+03	3.170137e+06	1.175000e+03	3.160349e+06	1.175000e+03	3.165238e+06	1.175000e+03	3.145458e+06	1.175000e+03	3.150831e+06	1.175000e+03	3.137735e+06	1.175000e+03	3.157586e+06	1.175000e+03	3.165164e+06	1.175000e+03	3.170936e+06	1.175000e+03	3.169123e+06	1.175000e+03	3.184973e+06	1.175000e+03	3.180547e+06	1.175000e+03	3.165915e+06	1.175000e+03	3.166032e+06	1.175000e+03	3.168125e+06	1.175000e+03	3.164261e+06	1.175000e+03	3.141239e+06	1.175000e+03	3.170377e+06	1.175000e+03	3.174608e+06	1.175000e+03	3.186261e+06	1.175000e+03	3.189252e+06	1.175000e+03	3.172015e+06	1.175000e+03	3.187969e+06	1.175000e+03	3.174422e+06	1.175000e+03	3.182520e+06	1.175000e+03	3.174020e+06	1.175000e+03	3.150992e+06	1.175000e+03	3.190516e+06	1.175000e+03	3.172085e+06	1.175000e+03	3.173300e+06	1.175000e+03	3.165700e+06	1.175000e+03	3.191248e+06	1.175000e+03	3.194483e+06	1.175000e+03	3.164183e+06	1.175000e+03	3.188526e+06	1.175000e+03	3.191923e+06	1.175000e+03	3.194081e+06	1.175000e+03	3.188575e+06	1.175000e+03	3.183922e+06	1.175000e+03	3.176240e+06	1.175000e+03	3.193371e+06	1.175000e+03	3.185855e+06	1.175000e+03	3.191637e+06	1.175000e+03	3.179120e+06	1.175000e+03	3.208403e+06	1.175000e+03	3.205624e+06	1.175000e+03	3.197265e+06	1.175000e+03	3.164565e+06	1.175000e+03	3.192117e+06	1.175000e+03	3.196445e+06	1.175000e+03	3.188554e+06	1.175000e+03	3.199339e+06	1.175000e+03	3.206405e+06	1.175000e+03	3.196362e+06	1.175000e+03	3.190557e+06	1.175000e+03	3.197799e+06	1.175000e+03	3.202778e+06	1.175000e+03	3.185825e+06	1.175000e+03	3.192462e+06	1.175000e+03	3.200205e+06	1.175000e+03	3.207775e+06	1.175000e+03	3.206761e+06	1.175000e+03	3.191177e+06	1.175000e+03	3.174706e+06	1.175000e+03	3.195004e+06	1.175000e+03	3.209275e+06	1.175000e+03	3.190034e+06	1.175000e+03	3.184265e+06	1.175000e+03	3.201135e+06	1.175000e+03	3.188354e+06	1.175000e+03	3.195604e+06
1.180000e+03	3.109368e+06	1.180000e+03	3.086801e+06	1.180000e+03	3.081465e+06	1.180000e+03	3.062152e+06	1.180000e+03	3.042758e+06	1.180000e+03	3.055923e+06	1.180000e+03	3.036419e+06	1.180000e+03	3.034294e+06	1.180000e+03	3.034470e+06	1.180000e+03	3.043000e+06	1.180000e+03	3.028977e+06	1.180000e+03	3.027020e+06	1.180000e+03	3.030122e+06	1.180000e+03	3.024881e+06	1.180000e+03	3.031110e+06	1.180000e+03	3.033488e+06	1.180000e+03	3.037063e+06	1.180000e+03	3.044910e+06	1.180000e+03	3.011141e+06	1.180000e+03	3.025036e+06	1.180000e+03	3.033025e+06	1.180000e+03	3.017860e+06	1.180000e+03	3.016628e+06	1.180000e+03	3.019223e+06	1.180000e+03	3.018984e+06	1.180000e+03	3.021475e+06	1.180000e+03	3.017669e+06	1.180000e+03	3.039631e+06	1.180000e+03	3.027037e+06	1.180000e+03	3.024523e+06	1.180000e+03	3.010814e+06	1.180000e+03	3.020427e+06	1.180000e+03	3.005489e+06	1.180000e+03	3.018466e+06	1.180000e+03	3.042874e+06	1.180000e+03	3.030285e+06	1.180000e+03	3.026663e+06	1.180000e+03	3.038632e+06	1.180000e+03	3.039316e+06	1.180000e+03	3.038858e+06	1.180000e+03	3.058643e+06	1.180000e+03	3.048747e+06	1.180000e+03	3.063735e+06	1.180000e+03	3.038769e+06	1.180000e+03	3.040710e+06	1.180000e+03	3.048218e+06	1.180000e+03	3.055269e+06	1.180000e+03	3.074092e+06	1.180000e+03	3.065697e+06	1.180000e+03	3.068453e+06	1.180000e+03	3.060921e+06	1.180000e+03	3.066050e+06	1.180000e+03	3.042762e+06	1.180000e+03	3.072374e+06	1.180000e+03	3.075462e+06	1.180000e+03	3.051891e+06	1.180000e+03	3.078302e+06	1.180000e+03	3.079236e+06	1.180000e+03	3.067304e+06	1.180000e+03	3.085149e+06	1.180000e+03	3.104988e+06	1.180000e+03	3.078795e+06	1.180000e+03	3.079456e+06	1.180000e+03	3.074504e+06	1.180000e+03	3.071162e+06	1.180000e+03	3.087740e+06	1.180000e+03	3.096313e+06	1.180000e+03	3.065343e+06	1.180000e+03	3.093244e+06	1.180000e+03	3.093304e+06	1.180000e+03	3.089868e+06	1.180000e+03	3.092279e+06	1.180000e+03	3.091660e+06	1.180000e+03	3.100214e+06	1.180000e+03	3.103410e+06	1.180000e+03	3.105794e+06	1.180000e+03	3.130792e+06	1.180000e+03	3.088440e+06	1.180000e+03	3.113020e+06	1.180000e+03	3.102509e+06	1.180000e+03	3.098786e+06	1.180000e+03	3.139582e+06	1.180000e+03	3.118630e+06	1.180000e+03	3.115470e+06	1.180000e+03	3.127045e+06	1.180000e+03	3.103015e+06	1.180000e+03	3.098223e+06	1.180000e+03	3.121276e+06	1.180000e+03	3.106281e+06	1.180000e+03	3.095307e+06	1.180000e+03	3.132439e+06	1.180000e+03	3.120610e+06	1.180000e+03	3.136690e+06	1.180000e+03	3.112724e+06	1.180000e+03	3.127545e+06	1.180000e+03	3.119535e+06	1.180000e+03	3.126484e+06	1.180000e+03	3.124130e+06	1.180000e+03	3.122244e+06	1.180000e+03	3.142640e+06	1.180000e+03	3.131421e+06	1.180000e+03	3.142473e+06	1.180000e+03	3.111749e+06	1.180000e+03	3.118799e+06	1.180000e+03	3.118280e+06	1.180000e+03	3.109663e+06	1.180000e+03	3.128823e+06	1.180000e+03	3.107745e+06	1.180000e+03	3.119482e+06	1.180000e+03	3.124060e+06	1.180000e+03	3.110077e+06	1.180000e+03	3.136946e+06	1.180000e+03	3.152462e+06	1.180000e+03	3.126440e+06	1.180000e+03	3.122079e+06	1.180000e+03	3.112669e+06	1.180000e+03	3.138273e+06	1.180000e+03	3.095861e+06	1.180000e+03	3.092814e+06	1.180000e+03	3.100794e+06	1.180000e+03	3.134528e+06	1.180000e+03	3.122085e+06	1.180000e+03	3.131730e+06	1.180000e+03	3.118035e+06	1.180000e+03	3.128137e+06	1.180000e+03	3.087036e+06	1.180000e+03	3.111350e+06	1.180000e+03	3.106468e+06	1.180000e+03	3.141700e+06	1.180000e+03	3.130592e+06	1.180000e+03	3.123577e+06	1.180000e+03	3.106416e+06	1.180000e+03	3.096561e+06	1.180000e+03	3.120326e+06	1.180000e+03	3.102541e+06	1.180000e+03	3.113051e+06	1.180000e+03	3.129915e+06	1.180000e+03	3.138289e+06	1.180000e+03	3.139675e+06	1.180000e+03	3.104465e+06	1.180000e+03	3.108648e+06	1.180000e+03	3.138933e+06	1.180000e+03	3.139661e+06	1.180000e+03	3.127063e+06	1.180000e+03	3.119058e+06	1.180000e+03	3.118826e+06	1.180000e+03	3.119899e+06	1.180000e+03	3.129246e+06	1.180000e+03	3.152840e+06	1.180000e+03	3.151443e+06	1.180000e+03	3.137391e+06	1.180000e+03	3.113170e+06	1.180000e+03	3.118088e+06	1.180000e+03	3.140371e+06	1.180000e+03	3.150529e+06	1.180000e+03	3.142913e+06	1.180000e+03	3.140942e+06	1.180000e+03	3.155069e+06	1.180000e+03	3.154368e+06	1.180000e+03	3.167644e+06	1.180000e+03	3.152193e+06	1.180000e+03	3.162890e+06	1.180000e+03	3.153296e+06	1.180000e+03	3.142430e+06	1.180000e+03	3.143788e+06	1.180000e+03	3.134965e+06	1.180000e+03	3.144039e+06	1.180000e+03	3.135340e+06	1.180000e+03	3.151672e+06	1.180000e+03	3.152467e+06	1.180000e+03	3.154723e+06	1.180000e+03	3.152724e+06	1.180000e+03	3.163869e+06	1.180000e+03	3.144303e+06	1.180000e+03	3.139975e+06	1.180000e+03	3.151315e+06	1.180000e+03	3.141481e+06	1.180000e+03	3.163541e+06	1.180000e+03	3.127258e+06	1.180000e+03	3.162297e+06	1.180000e+03	3.162611e+06	1.180000e+03	3.162268e+06	1.180000e+03	3.150330e+06	1.180000e+03	3.160669e+06	1.180000e+03	3.180286e+06	1.180000e+03	3.168785e+06	1.180000e+03	3.182551e+06	1.180000e+03	3.141595e+06	1.180000e+03	3.163653e+06	1.180000e+03	3.185712e+06	1.180000e+03	3.174400e+06	1.180000e+03	3.162605e+06	1.180000e+03	3.171601e+06	1.180000e+03	3.140682e+06	1.180000e+03	3.160092e+06	1.180000e+03	3.158032e+06	1.180000e+03	3.147023e+06	1.180000e+03	3.154440e+06	1.180000e+03	3.175941e+06	1.180000e+03	3.167384e+06	1.180000e+03	3.158036e+06	1.180000e+03	3.156630e+06	1.180000e+03	3.164499e+06	1.180000e+03	3.136880e+06	1.180000e+03	3.144568e+06	1.180000e+03	3.163593e+06	1.180000e+03	3.167757e+06	1.180000e+03	3.138969e+06	1.180000e+03	3.151767e+06	1.180000e+03	3.153582e+06	1.180000e+03	3.168156e+06	1.180000e+03	3.157695e+06	1.180000e+03	3.148852e+06	1.180000e+03	3.147549e+06	1.180000e+03	3.146104e+06	1.180000e+03	3.181402e+06	1.180000e+03	3.147938e+06	1.180000e+03	3.153269e+06	1.180000e+03	3.175687e+06	1.180000e+03	3.175058e+06	1.180000e+03	3.163921e+06	1.180000e+03	3.174663e+06	1.180000e+03	3.134797e+06	1.180000e+03	3.155756e+06	1.180000e+03	3.171576e+06	1.180000e+03	3.159945e+06	1.180000e+03	3.175828e+06	1.180000e+03	3.156311e+06	1.180000e+03	3.152150e+06	1.180000e+03	3.150555e+06	1.180000e+03	3.162929e+06	1.180000e+03	3.144655e+06	1.180000e+03	3.158591e+06	1.180000e+03	3.175320e+06	1.180000e+03	3.159601e+06	1.180000e+03	3.161764e+06	1.180000e+03	3.166726e+06	1.180000e+03	3.173291e+06	1.180000e+03	3.149352e+06	1.180000e+03	3.155907e+06	1.180000e+03	3.169564e+06	1.180000e+03	3.167358e+06	1.180000e+03	3.171285e+06	1.180000e+03	3.173451e+06	1.180000e+03	3.164443e+06	1.180000e+03	3.168772e+06	1.180000e+03	3.144968e+06	1.180000e+03	3.156767e+06	1.180000e+03	3.142638e+06	1.180000e+03	3.156519e+06	1.180000e+03	3.167199e+06	1.180000e+03	3.176152e+06	1.180000e+03	3.165011e+06	1.180000e+03	3.183851e+06	1.180000e+03	3.184663e+06	1.180000e+03	3.174503e+06	1.180000e+03	3.169678e+06	1.180000e+03	3.175385e+06	1.180000e+03	3.167972e+06	1.180000e+03	3.141974e+06	1.180000e+03	3.171900e+06	1.180000e+03	3.186225e+06	1.180000e+03	3.175820e+06	1.180000e+03	3.186616e+06	1.180000e+03	3.176484e+06	1.180000e+03	3.184728e+06	1.180000e+03	3.181442e+06	1.180000e+03	3.182580e+06	1.180000e+03	3.167710e+06	1.180000e+03	3.149379e+06	1.180000e+03	3.192672e+06	1.180000e+03	3.169509e+06	1.180000e+03	3.169413e+06	1.180000e+03	3.168077e+06	1.180000e+03	3.188950e+06	1.180000e+03	3.194159e+06	1.180000e+03	3.166210e+06	1.180000e+03	3.182663e+06	1.180000e+03	3.187115e+06	1.180000e+03	3.195613e+06	1.180000e+03	3.179928e+06	1.180000e+03	3.177209e+06	1.180000e+03	3.179315e+06	1.180000e+03	3.193302e+06	1.180000e+03	3.182702e+06	1.180000e+03	3.185809e+06	1.180000e+03	3.183912e+06	1.180000e+03	3.203550e+06	1.180000e+03	3.200239e+06	1.180000e+03	3.202694e+06	1.180000e+03	3.165781e+06	1.180000e+03	3.192850e+06	1.180000e+03	3.198338e+06	1.180000e+03	3.189347e+06	1.180000e+03	3.198204e+06	1.180000e+03	3.197071e+06	1.180000e+03	3.197250e+06	1.180000e+03	3.193474e+06	1.180000e+03	3.203701e+06	1.180000e+03	3.199162e+06	1.180000e+03	3.183375e+06	1.180000e+03	3.196328e+06	1.180000e+03	3.202443e+06	1.180000e+03	3.207003e+06	1.180000e+03	3.199819e+06	1.180000e+03	3.184241e+06	1.180000e+03	3.172143e+06	1.180000e+03	3.186965e+06	1.180000e+03	3.211084e+06	1.180000e+03	3.189919e+06	1.180000e+03	3.192338e+06	1.180000e+03	3.203125e+06	1.180000e+03	3.184890e+06	1.180000e+03	3.192141e+06
1.185000e+03	3.106569e+06	1.185000e+03	3.091742e+06	1.185000e+03	3.079263e+06	1.185000e+03	3.058654e+06	1.185000e+03	3.047649e+06	1.185000e+03	3.055466e+06	1.185000e+03	3.041703e+06	1.185000e+03	3.034267e+06	1.185000e+03	3.031663e+06	1.185000e+03	3.046565e+06	1.185000e+03	3.033016e+06	1.185000e+03	3.021183e+06	1.185000e+03	3.028330e+06	1.185000e+03	3.020239e+06	1.185000e+03	3.029675e+06	1.185000e+03	3.040308e+06	1.185000e+03	3.034077e+06	1.185000e+03	3.047880e+06	1.185000e+03	3.008739e+06	1.185000e+03	3.026960e+06	1.185000e+03	3.033102e+06	1.185000e+03	3.020329e+06	1.185000e+03	3.009239e+06	1.185000e+03	3.027209e+06	1.185000e+03	3.020955e+06	1.185000e+03	3.020271e+06	1.185000e+03	3.022080e+06	1.185000e+03	3.035953e+06	1.185000e+03	3.029449e+06	1.185000e+03	3.027832e+06	1.185000e+03	3.018992e+06	1.185000e+03	3.017714e+06	1.185000e+03	3.003467e+06	1.185000e+03	3.027311e+06	1.185000e+03	3.040145e+06	1.185000e+03	3.035877e+06	1.185000e+03	3.027975e+06	1.185000e+03	3.028156e+06	1.185000e+03	3.032136e+06	1.185000e+03	3.041569e+06	1.185000e+03	3.059543e+06	1.185000e+03	3.052520e+06	1.185000e+03	3.054589e+06	1.185000e+03	3.029261e+06	1.185000e+03	3.042190e+06	1.185000e+03	3.051944e+06	1.185000e+03	3.049690e+06	1.185000e+03	3.067461e+06	1.185000e+03	3.064058e+06	1.185000e+03	3.069982e+06	1.185000e+03	3.049616e+06	1.185000e+03	3.069642e+06	1.185000e+03	3.055602e+06	1.185000e+03	3.069506e+06	1.185000e+03	3.080354e+06	1.185000e+03	3.048768e+06	1.185000e+03	3.077936e+06	1.185000e+03	3.087169e+06	1.185000e+03	3.063137e+06	1.185000e+03	3.094196e+06	1.185000e+03	3.109887e+06	1.185000e+03	3.083063e+06	1.185000e+03	3.077973e+06	1.185000e+03	3.082120e+06	1.185000e+03	3.074961e+06	1.185000e+03	3.086021e+06	1.185000e+03	3.097254e+06	1.185000e+03	3.063421e+06	1.185000e+03	3.094064e+06	1.185000e+03	3.089847e+06	1.185000e+03	3.089948e+06	1.185000e+03	3.092262e+06	1.185000e+03	3.094004e+06	1.185000e+03	3.094689e+06	1.185000e+03	3.098939e+06	1.185000e+03	3.104371e+06	1.185000e+03	3.133060e+06	1.185000e+03	3.092143e+06	1.185000e+03	3.122215e+06	1.185000e+03	3.105470e+06	1.185000e+03	3.100732e+06	1.185000e+03	3.134204e+06	1.185000e+03	3.122742e+06	1.185000e+03	3.119177e+06	1.185000e+03	3.118646e+06	1.185000e+03	3.096608e+06	1.185000e+03	3.094601e+06	1.185000e+03	3.118459e+06	1.185000e+03	3.110127e+06	1.185000e+03	3.099220e+06	1.185000e+03	3.133334e+06	1.185000e+03	3.130570e+06	1.185000e+03	3.131185e+06	1.185000e+03	3.109878e+06	1.185000e+03	3.122292e+06	1.185000e+03	3.119363e+06	1.185000e+03	3.124862e+06	1.185000e+03	3.123371e+06	1.185000e+03	3.123838e+06	1.185000e+03	3.144017e+06	1.185000e+03	3.135013e+06	1.185000e+03	3.140239e+06	1.185000e+03	3.107759e+06	1.185000e+03	3.117056e+06	1.185000e+03	3.123344e+06	1.185000e+03	3.119183e+06	1.185000e+03	3.123603e+06	1.185000e+03	3.103775e+06	1.185000e+03	3.121212e+06	1.185000e+03	3.121899e+06	1.185000e+03	3.114484e+06	1.185000e+03	3.141040e+06	1.185000e+03	3.149169e+06	1.185000e+03	3.120322e+06	1.185000e+03	3.125507e+06	1.185000e+03	3.119089e+06	1.185000e+03	3.133809e+06	1.185000e+03	3.098079e+06	1.185000e+03	3.097198e+06	1.185000e+03	3.101179e+06	1.185000e+03	3.136313e+06	1.185000e+03	3.119099e+06	1.185000e+03	3.134954e+06	1.185000e+03	3.118673e+06	1.185000e+03	3.132008e+06	1.185000e+03	3.089936e+06	1.185000e+03	3.109266e+06	1.185000e+03	3.113722e+06	1.185000e+03	3.138919e+06	1.185000e+03	3.125449e+06	1.185000e+03	3.129919e+06	1.185000e+03	3.109929e+06	1.185000e+03	3.098024e+06	1.185000e+03	3.125146e+06	1.185000e+03	3.103553e+06	1.185000e+03	3.118571e+06	1.185000e+03	3.128338e+06	1.185000e+03	3.124437e+06	1.185000e+03	3.135848e+06	1.185000e+03	3.099598e+06	1.185000e+03	3.100239e+06	1.185000e+03	3.134404e+06	1.185000e+03	3.134056e+06	1.185000e+03	3.132013e+06	1.185000e+03	3.128692e+06	1.185000e+03	3.121660e+06	1.185000e+03	3.123618e+06	1.185000e+03	3.132476e+06	1.185000e+03	3.141262e+06	1.185000e+03	3.143737e+06	1.185000e+03	3.133721e+06	1.185000e+03	3.115589e+06	1.185000e+03	3.118224e+06	1.185000e+03	3.136172e+06	1.185000e+03	3.151504e+06	1.185000e+03	3.144809e+06	1.185000e+03	3.139686e+06	1.185000e+03	3.152387e+06	1.185000e+03	3.150952e+06	1.185000e+03	3.170968e+06	1.185000e+03	3.150840e+06	1.185000e+03	3.173081e+06	1.185000e+03	3.157808e+06	1.185000e+03	3.139695e+06	1.185000e+03	3.143290e+06	1.185000e+03	3.143090e+06	1.185000e+03	3.169219e+06	1.185000e+03	3.136782e+06	1.185000e+03	3.155032e+06	1.185000e+03	3.146248e+06	1.185000e+03	3.157990e+06	1.185000e+03	3.150895e+06	1.185000e+03	3.169781e+06	1.185000e+03	3.144660e+06	1.185000e+03	3.134758e+06	1.185000e+03	3.162440e+06	1.185000e+03	3.143649e+06	1.185000e+03	3.166670e+06	1.185000e+03	3.130200e+06	1.185000e+03	3.164128e+06	1.185000e+03	3.154922e+06	1.185000e+03	3.164913e+06	1.185000e+03	3.146024e+06	1.185000e+03	3.161361e+06	1.185000e+03	3.169343e+06	1.185000e+03	3.170105e+06	1.185000e+03	3.178697e+06	1.185000e+03	3.136136e+06	1.185000e+03	3.167754e+06	1.185000e+03	3.186709e+06	1.185000e+03	3.178066e+06	1.185000e+03	3.167723e+06	1.185000e+03	3.170350e+06	1.185000e+03	3.146777e+06	1.185000e+03	3.162043e+06	1.185000e+03	3.161353e+06	1.185000e+03	3.142315e+06	1.185000e+03	3.153830e+06	1.185000e+03	3.171817e+06	1.185000e+03	3.166528e+06	1.185000e+03	3.146303e+06	1.185000e+03	3.173035e+06	1.185000e+03	3.161777e+06	1.185000e+03	3.142987e+06	1.185000e+03	3.144528e+06	1.185000e+03	3.157830e+06	1.185000e+03	3.162246e+06	1.185000e+03	3.142496e+06	1.185000e+03	3.146232e+06	1.185000e+03	3.154080e+06	1.185000e+03	3.172555e+06	1.185000e+03	3.157294e+06	1.185000e+03	3.147776e+06	1.185000e+03	3.145132e+06	1.185000e+03	3.145074e+06	1.185000e+03	3.171493e+06	1.185000e+03	3.146105e+06	1.185000e+03	3.152821e+06	1.185000e+03	3.168240e+06	1.185000e+03	3.175905e+06	1.185000e+03	3.167256e+06	1.185000e+03	3.174704e+06	1.185000e+03	3.130851e+06	1.185000e+03	3.148860e+06	1.185000e+03	3.163363e+06	1.185000e+03	3.160540e+06	1.185000e+03	3.166971e+06	1.185000e+03	3.163060e+06	1.185000e+03	3.140942e+06	1.185000e+03	3.155927e+06	1.185000e+03	3.164013e+06	1.185000e+03	3.143578e+06	1.185000e+03	3.157861e+06	1.185000e+03	3.171057e+06	1.185000e+03	3.148648e+06	1.185000e+03	3.158710e+06	1.185000e+03	3.164018e+06	1.185000e+03	3.176001e+06	1.185000e+03	3.143055e+06	1.185000e+03	3.152508e+06	1.185000e+03	3.166803e+06	1.185000e+03	3.167204e+06	1.185000e+03	3.167741e+06	1.185000e+03	3.176758e+06	1.185000e+03	3.159558e+06	1.185000e+03	3.165214e+06	1.185000e+03	3.140164e+06	1.185000e+03	3.146477e+06	1.185000e+03	3.143823e+06	1.185000e+03	3.154908e+06	1.185000e+03	3.162386e+06	1.185000e+03	3.173043e+06	1.185000e+03	3.169803e+06	1.185000e+03	3.179495e+06	1.185000e+03	3.178817e+06	1.185000e+03	3.167884e+06	1.185000e+03	3.168070e+06	1.185000e+03	3.161618e+06	1.185000e+03	3.162246e+06	1.185000e+03	3.145479e+06	1.185000e+03	3.160269e+06	1.185000e+03	3.173333e+06	1.185000e+03	3.179696e+06	1.185000e+03	3.183945e+06	1.185000e+03	3.181525e+06	1.185000e+03	3.184281e+06	1.185000e+03	3.188184e+06	1.185000e+03	3.180259e+06	1.185000e+03	3.164229e+06	1.185000e+03	3.152037e+06	1.185000e+03	3.187143e+06	1.185000e+03	3.174731e+06	1.185000e+03	3.176089e+06	1.185000e+03	3.174465e+06	1.185000e+03	3.182426e+06	1.185000e+03	3.171563e+06	1.185000e+03	3.173277e+06	1.185000e+03	3.187109e+06	1.185000e+03	3.186606e+06	1.185000e+03	3.187317e+06	1.185000e+03	3.172325e+06	1.185000e+03	3.181103e+06	1.185000e+03	3.176484e+06	1.185000e+03	3.199182e+06	1.185000e+03	3.183456e+06	1.185000e+03	3.184136e+06	1.185000e+03	3.179694e+06	1.185000e+03	3.199632e+06	1.185000e+03	3.206454e+06	1.185000e+03	3.204333e+06	1.185000e+03	3.168120e+06	1.185000e+03	3.192088e+06	1.185000e+03	3.195793e+06	1.185000e+03	3.189707e+06	1.185000e+03	3.194664e+06	1.185000e+03	3.194695e+06	1.185000e+03	3.204705e+06	1.185000e+03	3.201819e+06	1.185000e+03	3.200790e+06	1.185000e+03	3.202220e+06	1.185000e+03	3.183163e+06	1.185000e+03	3.204307e+06	1.185000e+03	3.202605e+06	1.185000e+03	3.205659e+06	1.185000e+03	3.202435e+06	1.185000e+03	3.182219e+06	1.185000e+03	3.171658e+06	1.185000e+03	3.183898e+06	1.185000e+03	3.219603e+06	1.185000e+03	3.187261e+06	1.185000e+03	3.193557e+06	1.185000e+03	3.198093e+06	1.185000e+03	3.183787e+06	1.185000e+03	3.192716e+06
1.190000e+03	3.115412e+06	1.190000e+03	3.086600e+06	1.190000e+03	3.078313e+06	1.190000e+03	3.063150e+06	1.190000e+03	3.041379e+06	1.190000e+03	3.056317e+06	1.190000e+03	3.041622e+06	1.190000e+03	3.037471e+06	1.190000e+03	3.035500e+06	1.190000e+03	3.039237e+06	1.190000e+03	3.028969e+06	1.190000e+03	3.014806e+06	1.190000e+03	3.045136e+06	1.190000e+03	3.041590e+06	1.190000e+03	3.031594e+06	1.190000e+03	3.038348e+06	1.190000e+03	3.033169e+06	1.190000e+03	3.046804e+06	1.190000e+03	3.006391e+06	1.190000e+03	3.036919e+06	1.190000e+03	3.036078e+06	1.190000e+03	3.018632e+06	1.190000e+03	3.019318e+06	1.190000e+03	3.018600e+06	1.190000e+03	3.008065e+06	1.190000e+03	3.023916e+06	1.190000e+03	3.021484e+06	1.190000e+03	3.035820e+06	1.190000e+03	3.027706e+06	1.190000e+03	3.021853e+06	1.190000e+03	3.020177e+06	1.190000e+03	3.024060e+06	1.190000e+03	3.001622e+06	1.190000e+03	3.024350e+06	1.190000e+03	3.040410e+06	1.190000e+03	3.024156e+06	1.190000e+03	3.028678e+06	1.190000e+03	3.029355e+06	1.190000e+03	3.036182e+06	1.190000e+03	3.034427e+06	1.190000e+03	3.055780e+06	1.190000e+03	3.062881e+06	1.190000e+03	3.052033e+06	1.190000e+03	3.035183e+06	1.190000e+03	3.042812e+06	1.190000e+03	3.062959e+06	1.190000e+03	3.048531e+06	1.190000e+03	3.062374e+06	1.190000e+03	3.063789e+06	1.190000e+03	3.071270e+06	1.190000e+03	3.059928e+06	1.190000e+03	3.063488e+06	1.190000e+03	3.059376e+06	1.190000e+03	3.077701e+06	1.190000e+03	3.072765e+06	1.190000e+03	3.059772e+06	1.190000e+03	3.080711e+06	1.190000e+03	3.092554e+06	1.190000e+03	3.066685e+06	1.190000e+03	3.085023e+06	1.190000e+03	3.107442e+06	1.190000e+03	3.088179e+06	1.190000e+03	3.078699e+06	1.190000e+03	3.082790e+06	1.190000e+03	3.072760e+06	1.190000e+03	3.081169e+06	1.190000e+03	3.097873e+06	1.190000e+03	3.076540e+06	1.190000e+03	3.089275e+06	1.190000e+03	3.102871e+06	1.190000e+03	3.093167e+06	1.190000e+03	3.087548e+06	1.190000e+03	3.096312e+06	1.190000e+03	3.103178e+06	1.190000e+03	3.095889e+06	1.190000e+03	3.106591e+06	1.190000e+03	3.116412e+06	1.190000e+03	3.087775e+06	1.190000e+03	3.128519e+06	1.190000e+03	3.095545e+06	1.190000e+03	3.105335e+06	1.190000e+03	3.125745e+06	1.190000e+03	3.120000e+06	1.190000e+03	3.117038e+06	1.190000e+03	3.106348e+06	1.190000e+03	3.100638e+06	1.190000e+03	3.099945e+06	1.190000e+03	3.120938e+06	1.190000e+03	3.117281e+06	1.190000e+03	3.097204e+06	1.190000e+03	3.126779e+06	1.190000e+03	3.127921e+06	1.190000e+03	3.124348e+06	1.190000e+03	3.117360e+06	1.190000e+03	3.123323e+06	1.190000e+03	3.124381e+06	1.190000e+03	3.123692e+06	1.190000e+03	3.121285e+06	1.190000e+03	3.124250e+06	1.190000e+03	3.134310e+06	1.190000e+03	3.138271e+06	1.190000e+03	3.128766e+06	1.190000e+03	3.108079e+06	1.190000e+03	3.118418e+06	1.190000e+03	3.118988e+06	1.190000e+03	3.111660e+06	1.190000e+03	3.121206e+06	1.190000e+03	3.113823e+06	1.190000e+03	3.112859e+06	1.190000e+03	3.117555e+06	1.190000e+03	3.103052e+06	1.190000e+03	3.137091e+06	1.190000e+03	3.149362e+06	1.190000e+03	3.119619e+06	1.190000e+03	3.126832e+06	1.190000e+03	3.121767e+06	1.190000e+03	3.137281e+06	1.190000e+03	3.102071e+06	1.190000e+03	3.082609e+06	1.190000e+03	3.114664e+06	1.190000e+03	3.135302e+06	1.190000e+03	3.122569e+06	1.190000e+03	3.147982e+06	1.190000e+03	3.116267e+06	1.190000e+03	3.129146e+06	1.190000e+03	3.089772e+06	1.190000e+03	3.105160e+06	1.190000e+03	3.107723e+06	1.190000e+03	3.133074e+06	1.190000e+03	3.126332e+06	1.190000e+03	3.126420e+06	1.190000e+03	3.113917e+06	1.190000e+03	3.099840e+06	1.190000e+03	3.115609e+06	1.190000e+03	3.116033e+06	1.190000e+03	3.110687e+06	1.190000e+03	3.134708e+06	1.190000e+03	3.126096e+06	1.190000e+03	3.153042e+06	1.190000e+03	3.100939e+06	1.190000e+03	3.100296e+06	1.190000e+03	3.131541e+06	1.190000e+03	3.136557e+06	1.190000e+03	3.151782e+06	1.190000e+03	3.125621e+06	1.190000e+03	3.128558e+06	1.190000e+03	3.126253e+06	1.190000e+03	3.134353e+06	1.190000e+03	3.139957e+06	1.190000e+03	3.143781e+06	1.190000e+03	3.138102e+06	1.190000e+03	3.113948e+06	1.190000e+03	3.112073e+06	1.190000e+03	3.137477e+06	1.190000e+03	3.150079e+06	1.190000e+03	3.145792e+06	1.190000e+03	3.145814e+06	1.190000e+03	3.156098e+06	1.190000e+03	3.153536e+06	1.190000e+03	3.164112e+06	1.190000e+03	3.145677e+06	1.190000e+03	3.160116e+06	1.190000e+03	3.142812e+06	1.190000e+03	3.142528e+06	1.190000e+03	3.150444e+06	1.190000e+03	3.140342e+06	1.190000e+03	3.140431e+06	1.190000e+03	3.143226e+06	1.190000e+03	3.162991e+06	1.190000e+03	3.145190e+06	1.190000e+03	3.156283e+06	1.190000e+03	3.153050e+06	1.190000e+03	3.164652e+06	1.190000e+03	3.143433e+06	1.190000e+03	3.129808e+06	1.190000e+03	3.143918e+06	1.190000e+03	3.140903e+06	1.190000e+03	3.170307e+06	1.190000e+03	3.136800e+06	1.190000e+03	3.162003e+06	1.190000e+03	3.155423e+06	1.190000e+03	3.162677e+06	1.190000e+03	3.143220e+06	1.190000e+03	3.157351e+06	1.190000e+03	3.166610e+06	1.190000e+03	3.171690e+06	1.190000e+03	3.174866e+06	1.190000e+03	3.148860e+06	1.190000e+03	3.168904e+06	1.190000e+03	3.186989e+06	1.190000e+03	3.179587e+06	1.190000e+03	3.168223e+06	1.190000e+03	3.168116e+06	1.190000e+03	3.136403e+06	1.190000e+03	3.156114e+06	1.190000e+03	3.157881e+06	1.190000e+03	3.135431e+06	1.190000e+03	3.161892e+06	1.190000e+03	3.168540e+06	1.190000e+03	3.164091e+06	1.190000e+03	3.148410e+06	1.190000e+03	3.175019e+06	1.190000e+03	3.155902e+06	1.190000e+03	3.145154e+06	1.190000e+03	3.153831e+06	1.190000e+03	3.158187e+06	1.190000e+03	3.161213e+06	1.190000e+03	3.136536e+06	1.190000e+03	3.148536e+06	1.190000e+03	3.155111e+06	1.190000e+03	3.170595e+06	1.190000e+03	3.153983e+06	1.190000e+03	3.143553e+06	1.190000e+03	3.148157e+06	1.190000e+03	3.146426e+06	1.190000e+03	3.168293e+06	1.190000e+03	3.138689e+06	1.190000e+03	3.144031e+06	1.190000e+03	3.163777e+06	1.190000e+03	3.179185e+06	1.190000e+03	3.165042e+06	1.190000e+03	3.176941e+06	1.190000e+03	3.131621e+06	1.190000e+03	3.147268e+06	1.190000e+03	3.167771e+06	1.190000e+03	3.158740e+06	1.190000e+03	3.164403e+06	1.190000e+03	3.160355e+06	1.190000e+03	3.145807e+06	1.190000e+03	3.157780e+06	1.190000e+03	3.163001e+06	1.190000e+03	3.139629e+06	1.190000e+03	3.156250e+06	1.190000e+03	3.173474e+06	1.190000e+03	3.151088e+06	1.190000e+03	3.162487e+06	1.190000e+03	3.160762e+06	1.190000e+03	3.174239e+06	1.190000e+03	3.147278e+06	1.190000e+03	3.152258e+06	1.190000e+03	3.168343e+06	1.190000e+03	3.167317e+06	1.190000e+03	3.161961e+06	1.190000e+03	3.176568e+06	1.190000e+03	3.161510e+06	1.190000e+03	3.168678e+06	1.190000e+03	3.138028e+06	1.190000e+03	3.142897e+06	1.190000e+03	3.144402e+06	1.190000e+03	3.145885e+06	1.190000e+03	3.164687e+06	1.190000e+03	3.172703e+06	1.190000e+03	3.169959e+06	1.190000e+03	3.180476e+06	1.190000e+03	3.181903e+06	1.190000e+03	3.174258e+06	1.190000e+03	3.169446e+06	1.190000e+03	3.170597e+06	1.190000e+03	3.166314e+06	1.190000e+03	3.146156e+06	1.190000e+03	3.170287e+06	1.190000e+03	3.176946e+06	1.190000e+03	3.185988e+06	1.190000e+03	3.182324e+06	1.190000e+03	3.183996e+06	1.190000e+03	3.182965e+06	1.190000e+03	3.184685e+06	1.190000e+03	3.175426e+06	1.190000e+03	3.186831e+06	1.190000e+03	3.158401e+06	1.190000e+03	3.194783e+06	1.190000e+03	3.176351e+06	1.190000e+03	3.173523e+06	1.190000e+03	3.167290e+06	1.190000e+03	3.181151e+06	1.190000e+03	3.173715e+06	1.190000e+03	3.177646e+06	1.190000e+03	3.184197e+06	1.190000e+03	3.190683e+06	1.190000e+03	3.184360e+06	1.190000e+03	3.182492e+06	1.190000e+03	3.176188e+06	1.190000e+03	3.179465e+06	1.190000e+03	3.182694e+06	1.190000e+03	3.188604e+06	1.190000e+03	3.185147e+06	1.190000e+03	3.178899e+06	1.190000e+03	3.196292e+06	1.190000e+03	3.202158e+06	1.190000e+03	3.207496e+06	1.190000e+03	3.171379e+06	1.190000e+03	3.192915e+06	1.190000e+03	3.208868e+06	1.190000e+03	3.190179e+06	1.190000e+03	3.197674e+06	1.190000e+03	3.197219e+06	1.190000e+03	3.199872e+06	1.190000e+03	3.199290e+06	1.190000e+03	3.207926e+06	1.190000e+03	3.210202e+06	1.190000e+03	3.182369e+06	1.190000e+03	3.201963e+06	1.190000e+03	3.203721e+06	1.190000e+03	3.206603e+06	1.190000e+03	3.212236e+06	1.190000e+03	3.185449e+06	1.190000e+03	3.172738e+06	1.190000e+03	3.190588e+06	1.190000e+03	3.208245e+06	1.190000e+03	3.190563e+06	1.190000e+03	3.190817e+06	1.190000e+03	3.203453e+06	1.190000e+03	3.178427e+06	1.190000e+03	3.195060e+06
1.195000e+03	3.116708e+06	1.195000e+03	3.087570e+06	1.195000e+03	3.075957e+06	1.195000e+03	3.055978e+06	1.195000e+03	3.041817e+06	1.195000e+03	3.054900e+06	1.195000e+03	3.041866e+06	1.195000e+03	3.032643e+06	1.195000e+03	3.044780e+06	1.195000e+03	3.035896e+06	1.195000e+03	3.023019e+06	1.195000e+03	3.017932e+06	1.195000e+03	3.044452e+06	1.195000e+03	3.034602e+06	1.195000e+03	3.037661e+06	1.195000e+03	3.037548e+06	1.195000e+03	3.038761e+06	1.195000e+03	3.042678e+06	1.195000e+03	3.010226e+06	1.195000e+03	3.026443e+06	1.195000e+03	3.032776e+06	1.195000e+03	3.022391e+06	1.195000e+03	3.021763e+06	1.195000e+03	3.012579e+06	1.195000e+03	3.012049e+06	1.195000e+03	3.026511e+06	1.195000e+03	3.018421e+06	1.195000e+03	3.022222e+06	1.195000e+03	3.030199e+06	1.195000e+03	3.026424e+06	1.195000e+03	3.028298e+06	1.195000e+03	3.023600e+06	1.195000e+03	2.997573e+06	1.195000e+03	3.025784e+06	1.195000e+03	3.036651e+06	1.195000e+03	3.028167e+06	1.195000e+03	3.027816e+06	1.195000e+03	3.023528e+06	1.195000e+03	3.042331e+06	1.195000e+03	3.034097e+06	1.195000e+03	3.056521e+06	1.195000e+03	3.055311e+06	1.195000e+03	3.054681e+06	1.195000e+03	3.035010e+06	1.195000e+03	3.043429e+06	1.195000e+03	3.062479e+06	1.195000e+03	3.046022e+06	1.195000e+03	3.062720e+06	1.195000e+03	3.062475e+06	1.195000e+03	3.070259e+06	1.195000e+03	3.061137e+06	1.195000e+03	3.074910e+06	1.195000e+03	3.057009e+06	1.195000e+03	3.083372e+06	1.195000e+03	3.076331e+06	1.195000e+03	3.065351e+06	1.195000e+03	3.084673e+06	1.195000e+03	3.096579e+06	1.195000e+03	3.067308e+06	1.195000e+03	3.084320e+06	1.195000e+03	3.106611e+06	1.195000e+03	3.087454e+06	1.195000e+03	3.086786e+06	1.195000e+03	3.083293e+06	1.195000e+03	3.076074e+06	1.195000e+03	3.067256e+06	1.195000e+03	3.095686e+06	1.195000e+03	3.073356e+06	1.195000e+03	3.088215e+06	1.195000e+03	3.091940e+06	1.195000e+03	3.092322e+06	1.195000e+03	3.091779e+06	1.195000e+03	3.096741e+06	1.195000e+03	3.103120e+06	1.195000e+03	3.093544e+06	1.195000e+03	3.109383e+06	1.195000e+03	3.115187e+06	1.195000e+03	3.107909e+06	1.195000e+03	3.127696e+06	1.195000e+03	3.098369e+06	1.195000e+03	3.097768e+06	1.195000e+03	3.118491e+06	1.195000e+03	3.114640e+06	1.195000e+03	3.122228e+06	1.195000e+03	3.102290e+06	1.195000e+03	3.096717e+06	1.195000e+03	3.097484e+06	1.195000e+03	3.119059e+06	1.195000e+03	3.123250e+06	1.195000e+03	3.096001e+06	1.195000e+03	3.126230e+06	1.195000e+03	3.125362e+06	1.195000e+03	3.130642e+06	1.195000e+03	3.128357e+06	1.195000e+03	3.127724e+06	1.195000e+03	3.118903e+06	1.195000e+03	3.119045e+06	1.195000e+03	3.116549e+06	1.195000e+03	3.130613e+06	1.195000e+03	3.138583e+06	1.195000e+03	3.135159e+06	1.195000e+03	3.135704e+06	1.195000e+03	3.116514e+06	1.195000e+03	3.112569e+06	1.195000e+03	3.109886e+06	1.195000e+03	3.124117e+06	1.195000e+03	3.122807e+06	1.195000e+03	3.107051e+06	1.195000e+03	3.135467e+06	1.195000e+03	3.116533e+06	1.195000e+03	3.108696e+06	1.195000e+03	3.127585e+06	1.195000e+03	3.138996e+06	1.195000e+03	3.118932e+06	1.195000e+03	3.118514e+06	1.195000e+03	3.120911e+06	1.195000e+03	3.137748e+06	1.195000e+03	3.102290e+06	1.195000e+03	3.082630e+06	1.195000e+03	3.106003e+06	1.195000e+03	3.134517e+06	1.195000e+03	3.128759e+06	1.195000e+03	3.147871e+06	1.195000e+03	3.119298e+06	1.195000e+03	3.127918e+06	1.195000e+03	3.085545e+06	1.195000e+03	3.109390e+06	1.195000e+03	3.106857e+06	1.195000e+03	3.134180e+06	1.195000e+03	3.129751e+06	1.195000e+03	3.131872e+06	1.195000e+03	3.113910e+06	1.195000e+03	3.097280e+06	1.195000e+03	3.113534e+06	1.195000e+03	3.115895e+06	1.195000e+03	3.119434e+06	1.195000e+03	3.126812e+06	1.195000e+03	3.129760e+06	1.195000e+03	3.155091e+06	1.195000e+03	3.100449e+06	1.195000e+03	3.098577e+06	1.195000e+03	3.135345e+06	1.195000e+03	3.139154e+06	1.195000e+03	3.128314e+06	1.195000e+03	3.133939e+06	1.195000e+03	3.121475e+06	1.195000e+03	3.129777e+06	1.195000e+03	3.133470e+06	1.195000e+03	3.142787e+06	1.195000e+03	3.142891e+06	1.195000e+03	3.138141e+06	1.195000e+03	3.117851e+06	1.195000e+03	3.117866e+06	1.195000e+03	3.136889e+06	1.195000e+03	3.151869e+06	1.195000e+03	3.150805e+06	1.195000e+03	3.158123e+06	1.195000e+03	3.156299e+06	1.195000e+03	3.145958e+06	1.195000e+03	3.154429e+06	1.195000e+03	3.143669e+06	1.195000e+03	3.160762e+06	1.195000e+03	3.151949e+06	1.195000e+03	3.144169e+06	1.195000e+03	3.148516e+06	1.195000e+03	3.136316e+06	1.195000e+03	3.138803e+06	1.195000e+03	3.132517e+06	1.195000e+03	3.156803e+06	1.195000e+03	3.147420e+06	1.195000e+03	3.154471e+06	1.195000e+03	3.148119e+06	1.195000e+03	3.164136e+06	1.195000e+03	3.159780e+06	1.195000e+03	3.138472e+06	1.195000e+03	3.148082e+06	1.195000e+03	3.149018e+06	1.195000e+03	3.160849e+06	1.195000e+03	3.130073e+06	1.195000e+03	3.162166e+06	1.195000e+03	3.163101e+06	1.195000e+03	3.156493e+06	1.195000e+03	3.145723e+06	1.195000e+03	3.161374e+06	1.195000e+03	3.166749e+06	1.195000e+03	3.172254e+06	1.195000e+03	3.170333e+06	1.195000e+03	3.150128e+06	1.195000e+03	3.177627e+06	1.195000e+03	3.186724e+06	1.195000e+03	3.186935e+06	1.195000e+03	3.169422e+06	1.195000e+03	3.168069e+06	1.195000e+03	3.133466e+06	1.195000e+03	3.161151e+06	1.195000e+03	3.156926e+06	1.195000e+03	3.140322e+06	1.195000e+03	3.152122e+06	1.195000e+03	3.165825e+06	1.195000e+03	3.165238e+06	1.195000e+03	3.144180e+06	1.195000e+03	3.170071e+06	1.195000e+03	3.156884e+06	1.195000e+03	3.144815e+06	1.195000e+03	3.151148e+06	1.195000e+03	3.155637e+06	1.195000e+03	3.164540e+06	1.195000e+03	3.139914e+06	1.195000e+03	3.151999e+06	1.195000e+03	3.158289e+06	1.195000e+03	3.173605e+06	1.195000e+03	3.151674e+06	1.195000e+03	3.146403e+06	1.195000e+03	3.148628e+06	1.195000e+03	3.144295e+06	1.195000e+03	3.160984e+06	1.195000e+03	3.147577e+06	1.195000e+03	3.148380e+06	1.195000e+03	3.152776e+06	1.195000e+03	3.175466e+06	1.195000e+03	3.163367e+06	1.195000e+03	3.175286e+06	1.195000e+03	3.133136e+06	1.195000e+03	3.157494e+06	1.195000e+03	3.167839e+06	1.195000e+03	3.157155e+06	1.195000e+03	3.165358e+06	1.195000e+03	3.156184e+06	1.195000e+03	3.149875e+06	1.195000e+03	3.148571e+06	1.195000e+03	3.173245e+06	1.195000e+03	3.141887e+06	1.195000e+03	3.155554e+06	1.195000e+03	3.172896e+06	1.195000e+03	3.150773e+06	1.195000e+03	3.160628e+06	1.195000e+03	3.172063e+06	1.195000e+03	3.166055e+06	1.195000e+03	3.151380e+06	1.195000e+03	3.151054e+06	1.195000e+03	3.170438e+06	1.195000e+03	3.164248e+06	1.195000e+03	3.158048e+06	1.195000e+03	3.176970e+06	1.195000e+03	3.163765e+06	1.195000e+03	3.168548e+06	1.195000e+03	3.149310e+06	1.195000e+03	3.148227e+06	1.195000e+03	3.140675e+06	1.195000e+03	3.146908e+06	1.195000e+03	3.159907e+06	1.195000e+03	3.181951e+06	1.195000e+03	3.167378e+06	1.195000e+03	3.183387e+06	1.195000e+03	3.187763e+06	1.195000e+03	3.176768e+06	1.195000e+03	3.168943e+06	1.195000e+03	3.184698e+06	1.195000e+03	3.174819e+06	1.195000e+03	3.144847e+06	1.195000e+03	3.171968e+06	1.195000e+03	3.176358e+06	1.195000e+03	3.179161e+06	1.195000e+03	3.180847e+06	1.195000e+03	3.183205e+06	1.195000e+03	3.187997e+06	1.195000e+03	3.186790e+06	1.195000e+03	3.174372e+06	1.195000e+03	3.191656e+06	1.195000e+03	3.154965e+06	1.195000e+03	3.194881e+06	1.195000e+03	3.184093e+06	1.195000e+03	3.179205e+06	1.195000e+03	3.174307e+06	1.195000e+03	3.181016e+06	1.195000e+03	3.179870e+06	1.195000e+03	3.177248e+06	1.195000e+03	3.187262e+06	1.195000e+03	3.186418e+06	1.195000e+03	3.179127e+06	1.195000e+03	3.185978e+06	1.195000e+03	3.175660e+06	1.195000e+03	3.178587e+06	1.195000e+03	3.191139e+06	1.195000e+03	3.187632e+06	1.195000e+03	3.183413e+06	1.195000e+03	3.173208e+06	1.195000e+03	3.205096e+06	1.195000e+03	3.202928e+06	1.195000e+03	3.207673e+06	1.195000e+03	3.172737e+06	1.195000e+03	3.199884e+06	1.195000e+03	3.198313e+06	1.195000e+03	3.202731e+06	1.195000e+03	3.196986e+06	1.195000e+03	3.187973e+06	1.195000e+03	3.197398e+06	1.195000e+03	3.202174e+06	1.195000e+03	3.208536e+06	1.195000e+03	3.221344e+06	1.195000e+03	3.183778e+06	1.195000e+03	3.196114e+06	1.195000e+03	3.194131e+06	1.195000e+03	3.204811e+06	1.195000e+03	3.205862e+06	1.195000e+03	3.181787e+06	1.195000e+03	3.177744e+06	1.195000e+03	3.176768e+06	1.195000e+03	3.192694e+06	1.195000e+03	3.185777e+06	1.195000e+03	3.191376e+06	1.195000e+03	3.200494e+06	1.195000e+03	3.179474e+06	1.195000e+03	3.198679e+06
1.200000e+03	3.108952e+06	1.200000e+03	3.095890e+06	1.200000e+03	3.079726e+06	1.200000e+03	3.066556e+06	1.200000e+03	3.049841e+06	1.200000e+03	3.056861e+06	1.200000e+03	3.041499e+06	1.200000e+03	3.037971e+06	1.200000e+03	3.044054e+06	1.200000e+03	3.039482e+06	1.200000e+03	3.047822e+06	1.200000e+03	3.015948e+06	1.200000e+03	3.039228e+06	1.200000e+03	3.033377e+06	1.200000e+03	3.025530e+06	1.200000e+03	3.032548e+06	1.200000e+03	3.044649e+06	1.200000e+03	3.037063e+06	1.200000e+03	3.010720e+06	1.200000e+03	3.026388e+06	1.200000e+03	3.027581e+06	1.200000e+03	3.021769e+06	1.200000e+03	3.021869e+06	1.200000e+03	3.023431e+06	1.200000e+03	3.007684e+06	1.200000e+03	3.024105e+06	1.200000e+03	3.023939e+06	1.200000e+03	3.019213e+06	1.200000e+03	3.030144e+06	1.200000e+03	3.023245e+06	1.200000e+03	3.022258e+06	1.200000e+03	3.017887e+06	1.200000e+03	3.002002e+06	1.200000e+03	3.023628e+06	1.200000e+03	3.037111e+06	1.200000e+03	3.026452e+06	1.200000e+03	3.021666e+06	1.200000e+03	3.034315e+06	1.200000e+03	3.039200e+06	1.200000e+03	3.043096e+06	1.200000e+03	3.053086e+06	1.200000e+03	3.057556e+06	1.200000e+03	3.042124e+06	1.200000e+03	3.029485e+06	1.200000e+03	3.045004e+06	1.200000e+03	3.052979e+06	1.200000e+03	3.041113e+06	1.200000e+03	3.066191e+06	1.200000e+03	3.063744e+06	1.200000e+03	3.070240e+06	1.200000e+03	3.057831e+06	1.200000e+03	3.080575e+06	1.200000e+03	3.059598e+06	1.200000e+03	3.077337e+06	1.200000e+03	3.068106e+06	1.200000e+03	3.062496e+06	1.200000e+03	3.074608e+06	1.200000e+03	3.096313e+06	1.200000e+03	3.076563e+06	1.200000e+03	3.091160e+06	1.200000e+03	3.103148e+06	1.200000e+03	3.084128e+06	1.200000e+03	3.081708e+06	1.200000e+03	3.081201e+06	1.200000e+03	3.077847e+06	1.200000e+03	3.071020e+06	1.200000e+03	3.083842e+06	1.200000e+03	3.071863e+06	1.200000e+03	3.089770e+06	1.200000e+03	3.091814e+06	1.200000e+03	3.099122e+06	1.200000e+03	3.094196e+06	1.200000e+03	3.095632e+06	1.200000e+03	3.093571e+06	1.200000e+03	3.089835e+06	1.200000e+03	3.114978e+06	1.200000e+03	3.115924e+06	1.200000e+03	3.095012e+06	1.200000e+03	3.129017e+06	1.200000e+03	3.092910e+06	1.200000e+03	3.099133e+06	1.200000e+03	3.121380e+06	1.200000e+03	3.117535e+06	1.200000e+03	3.122154e+06	1.200000e+03	3.104542e+06	1.200000e+03	3.104356e+06	1.200000e+03	3.094795e+06	1.200000e+03	3.120095e+06	1.200000e+03	3.127347e+06	1.200000e+03	3.102784e+06	1.200000e+03	3.126776e+06	1.200000e+03	3.123364e+06	1.200000e+03	3.118695e+06	1.200000e+03	3.120789e+06	1.200000e+03	3.120094e+06	1.200000e+03	3.125469e+06	1.200000e+03	3.120868e+06	1.200000e+03	3.122808e+06	1.200000e+03	3.121498e+06	1.200000e+03	3.140205e+06	1.200000e+03	3.132228e+06	1.200000e+03	3.135525e+06	1.200000e+03	3.120308e+06	1.200000e+03	3.117093e+06	1.200000e+03	3.104013e+06	1.200000e+03	3.121529e+06	1.200000e+03	3.114275e+06	1.200000e+03	3.102987e+06	1.200000e+03	3.133391e+06	1.200000e+03	3.114448e+06	1.200000e+03	3.113189e+06	1.200000e+03	3.130177e+06	1.200000e+03	3.136952e+06	1.200000e+03	3.117059e+06	1.200000e+03	3.119626e+06	1.200000e+03	3.118810e+06	1.200000e+03	3.144081e+06	1.200000e+03	3.108599e+06	1.200000e+03	3.090381e+06	1.200000e+03	3.113681e+06	1.200000e+03	3.134241e+06	1.200000e+03	3.124534e+06	1.200000e+03	3.131524e+06	1.200000e+03	3.119593e+06	1.200000e+03	3.139175e+06	1.200000e+03	3.085972e+06	1.200000e+03	3.105980e+06	1.200000e+03	3.110952e+06	1.200000e+03	3.131551e+06	1.200000e+03	3.130369e+06	1.200000e+03	3.127481e+06	1.200000e+03	3.107290e+06	1.200000e+03	3.108874e+06	1.200000e+03	3.112970e+06	1.200000e+03	3.120226e+06	1.200000e+03	3.132583e+06	1.200000e+03	3.132649e+06	1.200000e+03	3.136885e+06	1.200000e+03	3.151685e+06	1.200000e+03	3.103936e+06	1.200000e+03	3.096463e+06	1.200000e+03	3.135904e+06	1.200000e+03	3.142668e+06	1.200000e+03	3.121155e+06	1.200000e+03	3.137394e+06	1.200000e+03	3.123476e+06	1.200000e+03	3.129179e+06	1.200000e+03	3.137958e+06	1.200000e+03	3.143739e+06	1.200000e+03	3.138046e+06	1.200000e+03	3.138239e+06	1.200000e+03	3.105380e+06	1.200000e+03	3.109950e+06	1.200000e+03	3.133741e+06	1.200000e+03	3.155082e+06	1.200000e+03	3.149890e+06	1.200000e+03	3.143504e+06	1.200000e+03	3.144722e+06	1.200000e+03	3.148663e+06	1.200000e+03	3.151218e+06	1.200000e+03	3.142913e+06	1.200000e+03	3.162087e+06	1.200000e+03	3.143641e+06	1.200000e+03	3.145992e+06	1.200000e+03	3.146703e+06	1.200000e+03	3.135324e+06	1.200000e+03	3.136013e+06	1.200000e+03	3.135929e+06	1.200000e+03	3.154253e+06	1.200000e+03	3.147677e+06	1.200000e+03	3.152748e+06	1.200000e+03	3.143137e+06	1.200000e+03	3.155168e+06	1.200000e+03	3.157214e+06	1.200000e+03	3.131119e+06	1.200000e+03	3.147207e+06	1.200000e+03	3.147141e+06	1.200000e+03	3.171976e+06	1.200000e+03	3.132227e+06	1.200000e+03	3.163807e+06	1.200000e+03	3.167322e+06	1.200000e+03	3.161283e+06	1.200000e+03	3.151821e+06	1.200000e+03	3.165146e+06	1.200000e+03	3.175320e+06	1.200000e+03	3.180247e+06	1.200000e+03	3.174438e+06	1.200000e+03	3.145343e+06	1.200000e+03	3.176070e+06	1.200000e+03	3.189193e+06	1.200000e+03	3.181189e+06	1.200000e+03	3.169536e+06	1.200000e+03	3.171375e+06	1.200000e+03	3.138110e+06	1.200000e+03	3.166271e+06	1.200000e+03	3.151829e+06	1.200000e+03	3.138380e+06	1.200000e+03	3.152428e+06	1.200000e+03	3.162657e+06	1.200000e+03	3.164795e+06	1.200000e+03	3.144183e+06	1.200000e+03	3.157843e+06	1.200000e+03	3.162022e+06	1.200000e+03	3.140671e+06	1.200000e+03	3.145719e+06	1.200000e+03	3.164348e+06	1.200000e+03	3.161354e+06	1.200000e+03	3.144615e+06	1.200000e+03	3.156527e+06	1.200000e+03	3.153464e+06	1.200000e+03	3.178996e+06	1.200000e+03	3.139896e+06	1.200000e+03	3.147945e+06	1.200000e+03	3.142469e+06	1.200000e+03	3.145872e+06	1.200000e+03	3.166995e+06	1.200000e+03	3.143402e+06	1.200000e+03	3.149669e+06	1.200000e+03	3.159978e+06	1.200000e+03	3.183755e+06	1.200000e+03	3.166789e+06	1.200000e+03	3.173378e+06	1.200000e+03	3.134313e+06	1.200000e+03	3.152633e+06	1.200000e+03	3.165393e+06	1.200000e+03	3.158379e+06	1.200000e+03	3.166849e+06	1.200000e+03	3.152201e+06	1.200000e+03	3.141920e+06	1.200000e+03	3.148934e+06	1.200000e+03	3.175267e+06	1.200000e+03	3.139077e+06	1.200000e+03	3.160357e+06	1.200000e+03	3.164268e+06	1.200000e+03	3.156907e+06	1.200000e+03	3.160309e+06	1.200000e+03	3.167103e+06	1.200000e+03	3.169807e+06	1.200000e+03	3.153870e+06	1.200000e+03	3.158820e+06	1.200000e+03	3.170421e+06	1.200000e+03	3.172754e+06	1.200000e+03	3.148852e+06	1.200000e+03	3.175984e+06	1.200000e+03	3.168383e+06	1.200000e+03	3.170458e+06	1.200000e+03	3.145332e+06	1.200000e+03	3.144131e+06	1.200000e+03	3.135917e+06	1.200000e+03	3.143399e+06	1.200000e+03	3.163622e+06	1.200000e+03	3.169716e+06	1.200000e+03	3.169204e+06	1.200000e+03	3.187074e+06	1.200000e+03	3.182508e+06	1.200000e+03	3.173243e+06	1.200000e+03	3.170144e+06	1.200000e+03	3.174996e+06	1.200000e+03	3.176287e+06	1.200000e+03	3.149327e+06	1.200000e+03	3.169760e+06	1.200000e+03	3.178107e+06	1.200000e+03	3.184519e+06	1.200000e+03	3.182702e+06	1.200000e+03	3.178014e+06	1.200000e+03	3.189580e+06	1.200000e+03	3.180852e+06	1.200000e+03	3.181999e+06	1.200000e+03	3.177706e+06	1.200000e+03	3.161385e+06	1.200000e+03	3.191605e+06	1.200000e+03	3.179901e+06	1.200000e+03	3.181550e+06	1.200000e+03	3.179838e+06	1.200000e+03	3.178882e+06	1.200000e+03	3.182764e+06	1.200000e+03	3.169447e+06	1.200000e+03	3.184649e+06	1.200000e+03	3.189113e+06	1.200000e+03	3.184221e+06	1.200000e+03	3.182373e+06	1.200000e+03	3.178828e+06	1.200000e+03	3.175768e+06	1.200000e+03	3.197742e+06	1.200000e+03	3.183628e+06	1.200000e+03	3.187930e+06	1.200000e+03	3.174502e+06	1.200000e+03	3.202092e+06	1.200000e+03	3.205820e+06	1.200000e+03	3.201125e+06	1.200000e+03	3.173242e+06	1.200000e+03	3.186178e+06	1.200000e+03	3.200420e+06	1.200000e+03	3.189397e+06	1.200000e+03	3.198951e+06	1.200000e+03	3.195845e+06	1.200000e+03	3.196724e+06	1.200000e+03	3.207577e+06	1.200000e+03	3.199186e+06	1.200000e+03	3.217284e+06	1.200000e+03	3.184243e+06	1.200000e+03	3.199266e+06	1.200000e+03	3.199413e+06	1.200000e+03	3.193726e+06	1.200000e+03	3.206839e+06	1.200000e+03	3.185356e+06	1.200000e+03	3.180990e+06	1.200000e+03	3.178744e+06	1.200000e+03	3.188333e+06	1.200000e+03	3.185651e+06	1.200000e+03	3.194313e+06	1.200000e+03	3.196701e+06	1.200000e+03	3.185624e+06	1.200000e+03	3.194067e+06
1.205000e+03	3.108795e+06	1.205000e+03	3.094581e+06	1.205000e+03	3.075071e+06	1.205000e+03	3.059813e+06	1.205000e+03	3.046435e+06	1.205000e+03	3.056960e+06	1.205000e+03	3.034466e+06	1.205000e+03	3.031212e+06	1.205000e+03	3.037863e+06	1.205000e+03	3.034376e+06	1.205000e+03	3.028459e+06	1.205000e+03	3.007251e+06	1.205000e+03	3.028966e+06	1.205000e+03	3.028199e+06	1.205000e+03	3.019662e+06	1.205000e+03	3.033912e+06	1.205000e+03	3.043282e+06	1.205000e+03	3.038714e+06	1.205000e+03	3.002134e+06	1.205000e+03	3.034684e+06	1.205000e+03	3.026488e+06	1.205000e+03	3.015831e+06	1.205000e+03	3.025430e+06	1.205000e+03	3.010846e+06	1.205000e+03	3.018681e+06	1.205000e+03	3.016514e+06	1.205000e+03	3.023725e+06	1.205000e+03	3.005218e+06	1.205000e+03	3.021555e+06	1.205000e+03	3.028311e+06	1.205000e+03	3.002395e+06	1.205000e+03	3.017876e+06	1.205000e+03	2.993086e+06	1.205000e+03	3.021081e+06	1.205000e+03	3.035655e+06	1.205000e+03	3.028897e+06	1.205000e+03	3.021700e+06	1.205000e+03	3.027648e+06	1.205000e+03	3.044375e+06	1.205000e+03	3.033070e+06	1.205000e+03	3.051151e+06	1.205000e+03	3.060363e+06	1.205000e+03	3.055399e+06	1.205000e+03	3.037635e+06	1.205000e+03	3.049813e+06	1.205000e+03	3.056935e+06	1.205000e+03	3.040349e+06	1.205000e+03	3.064909e+06	1.205000e+03	3.067122e+06	1.205000e+03	3.063114e+06	1.205000e+03	3.062437e+06	1.205000e+03	3.073470e+06	1.205000e+03	3.053779e+06	1.205000e+03	3.071296e+06	1.205000e+03	3.068212e+06	1.205000e+03	3.058408e+06	1.205000e+03	3.072607e+06	1.205000e+03	3.100083e+06	1.205000e+03	3.087825e+06	1.205000e+03	3.090298e+06	1.205000e+03	3.103852e+06	1.205000e+03	3.087304e+06	1.205000e+03	3.081462e+06	1.205000e+03	3.082259e+06	1.205000e+03	3.072780e+06	1.205000e+03	3.093663e+06	1.205000e+03	3.097668e+06	1.205000e+03	3.071469e+06	1.205000e+03	3.092786e+06	1.205000e+03	3.087613e+06	1.205000e+03	3.104551e+06	1.205000e+03	3.087322e+06	1.205000e+03	3.097670e+06	1.205000e+03	3.098242e+06	1.205000e+03	3.088600e+06	1.205000e+03	3.101782e+06	1.205000e+03	3.121431e+06	1.205000e+03	3.103099e+06	1.205000e+03	3.121608e+06	1.205000e+03	3.104625e+06	1.205000e+03	3.101568e+06	1.205000e+03	3.115835e+06	1.205000e+03	3.113753e+06	1.205000e+03	3.118300e+06	1.205000e+03	3.103280e+06	1.205000e+03	3.103747e+06	1.205000e+03	3.088455e+06	1.205000e+03	3.117573e+06	1.205000e+03	3.115829e+06	1.205000e+03	3.107078e+06	1.205000e+03	3.123444e+06	1.205000e+03	3.122780e+06	1.205000e+03	3.122373e+06	1.205000e+03	3.117653e+06	1.205000e+03	3.118527e+06	1.205000e+03	3.136431e+06	1.205000e+03	3.121682e+06	1.205000e+03	3.119920e+06	1.205000e+03	3.115372e+06	1.205000e+03	3.137844e+06	1.205000e+03	3.134445e+06	1.205000e+03	3.140069e+06	1.205000e+03	3.117535e+06	1.205000e+03	3.120788e+06	1.205000e+03	3.109665e+06	1.205000e+03	3.123196e+06	1.205000e+03	3.112435e+06	1.205000e+03	3.098661e+06	1.205000e+03	3.126372e+06	1.205000e+03	3.109120e+06	1.205000e+03	3.114621e+06	1.205000e+03	3.135036e+06	1.205000e+03	3.139144e+06	1.205000e+03	3.131772e+06	1.205000e+03	3.121287e+06	1.205000e+03	3.124921e+06	1.205000e+03	3.140532e+06	1.205000e+03	3.102578e+06	1.205000e+03	3.088898e+06	1.205000e+03	3.111788e+06	1.205000e+03	3.134788e+06	1.205000e+03	3.126095e+06	1.205000e+03	3.136470e+06	1.205000e+03	3.125353e+06	1.205000e+03	3.127608e+06	1.205000e+03	3.090463e+06	1.205000e+03	3.109074e+06	1.205000e+03	3.105735e+06	1.205000e+03	3.131987e+06	1.205000e+03	3.134011e+06	1.205000e+03	3.131451e+06	1.205000e+03	3.107519e+06	1.205000e+03	3.106050e+06	1.205000e+03	3.112963e+06	1.205000e+03	3.122071e+06	1.205000e+03	3.136352e+06	1.205000e+03	3.134860e+06	1.205000e+03	3.132966e+06	1.205000e+03	3.128641e+06	1.205000e+03	3.095175e+06	1.205000e+03	3.108400e+06	1.205000e+03	3.134530e+06	1.205000e+03	3.140594e+06	1.205000e+03	3.115820e+06	1.205000e+03	3.138492e+06	1.205000e+03	3.131077e+06	1.205000e+03	3.131398e+06	1.205000e+03	3.139655e+06	1.205000e+03	3.129641e+06	1.205000e+03	3.142024e+06	1.205000e+03	3.133686e+06	1.205000e+03	3.114856e+06	1.205000e+03	3.111470e+06	1.205000e+03	3.135486e+06	1.205000e+03	3.146343e+06	1.205000e+03	3.147372e+06	1.205000e+03	3.139580e+06	1.205000e+03	3.144790e+06	1.205000e+03	3.149811e+06	1.205000e+03	3.151196e+06	1.205000e+03	3.147130e+06	1.205000e+03	3.167392e+06	1.205000e+03	3.151747e+06	1.205000e+03	3.144496e+06	1.205000e+03	3.150931e+06	1.205000e+03	3.140679e+06	1.205000e+03	3.135138e+06	1.205000e+03	3.140855e+06	1.205000e+03	3.154303e+06	1.205000e+03	3.142400e+06	1.205000e+03	3.163071e+06	1.205000e+03	3.139365e+06	1.205000e+03	3.158878e+06	1.205000e+03	3.153506e+06	1.205000e+03	3.137074e+06	1.205000e+03	3.146784e+06	1.205000e+03	3.144269e+06	1.205000e+03	3.174865e+06	1.205000e+03	3.131243e+06	1.205000e+03	3.165551e+06	1.205000e+03	3.172017e+06	1.205000e+03	3.162113e+06	1.205000e+03	3.153321e+06	1.205000e+03	3.164257e+06	1.205000e+03	3.171300e+06	1.205000e+03	3.180865e+06	1.205000e+03	3.175801e+06	1.205000e+03	3.143091e+06	1.205000e+03	3.167181e+06	1.205000e+03	3.185766e+06	1.205000e+03	3.176452e+06	1.205000e+03	3.170389e+06	1.205000e+03	3.168775e+06	1.205000e+03	3.133727e+06	1.205000e+03	3.169969e+06	1.205000e+03	3.157542e+06	1.205000e+03	3.139683e+06	1.205000e+03	3.154197e+06	1.205000e+03	3.165503e+06	1.205000e+03	3.156369e+06	1.205000e+03	3.150032e+06	1.205000e+03	3.167010e+06	1.205000e+03	3.155782e+06	1.205000e+03	3.135049e+06	1.205000e+03	3.151112e+06	1.205000e+03	3.165574e+06	1.205000e+03	3.155888e+06	1.205000e+03	3.144263e+06	1.205000e+03	3.155684e+06	1.205000e+03	3.160027e+06	1.205000e+03	3.182977e+06	1.205000e+03	3.148332e+06	1.205000e+03	3.147776e+06	1.205000e+03	3.146997e+06	1.205000e+03	3.145185e+06	1.205000e+03	3.168470e+06	1.205000e+03	3.144870e+06	1.205000e+03	3.149156e+06	1.205000e+03	3.158482e+06	1.205000e+03	3.179663e+06	1.205000e+03	3.167850e+06	1.205000e+03	3.178857e+06	1.205000e+03	3.128844e+06	1.205000e+03	3.156027e+06	1.205000e+03	3.165078e+06	1.205000e+03	3.162798e+06	1.205000e+03	3.181942e+06	1.205000e+03	3.157328e+06	1.205000e+03	3.143881e+06	1.205000e+03	3.144479e+06	1.205000e+03	3.170375e+06	1.205000e+03	3.141130e+06	1.205000e+03	3.149398e+06	1.205000e+03	3.167835e+06	1.205000e+03	3.158471e+06	1.205000e+03	3.164332e+06	1.205000e+03	3.173567e+06	1.205000e+03	3.170621e+06	1.205000e+03	3.141121e+06	1.205000e+03	3.156472e+06	1.205000e+03	3.170439e+06	1.205000e+03	3.163784e+06	1.205000e+03	3.145578e+06	1.205000e+03	3.159905e+06	1.205000e+03	3.161637e+06	1.205000e+03	3.177344e+06	1.205000e+03	3.147531e+06	1.205000e+03	3.144521e+06	1.205000e+03	3.127756e+06	1.205000e+03	3.146407e+06	1.205000e+03	3.164826e+06	1.205000e+03	3.170348e+06	1.205000e+03	3.165475e+06	1.205000e+03	3.177907e+06	1.205000e+03	3.183318e+06	1.205000e+03	3.172297e+06	1.205000e+03	3.174613e+06	1.205000e+03	3.163162e+06	1.205000e+03	3.165441e+06	1.205000e+03	3.150855e+06	1.205000e+03	3.173116e+06	1.205000e+03	3.181507e+06	1.205000e+03	3.181887e+06	1.205000e+03	3.187061e+06	1.205000e+03	3.176411e+06	1.205000e+03	3.176225e+06	1.205000e+03	3.177947e+06	1.205000e+03	3.181352e+06	1.205000e+03	3.165184e+06	1.205000e+03	3.155639e+06	1.205000e+03	3.191156e+06	1.205000e+03	3.166089e+06	1.205000e+03	3.179962e+06	1.205000e+03	3.180435e+06	1.205000e+03	3.183092e+06	1.205000e+03	3.183590e+06	1.205000e+03	3.180279e+06	1.205000e+03	3.180053e+06	1.205000e+03	3.190805e+06	1.205000e+03	3.181702e+06	1.205000e+03	3.176390e+06	1.205000e+03	3.183010e+06	1.205000e+03	3.175838e+06	1.205000e+03	3.192920e+06	1.205000e+03	3.182249e+06	1.205000e+03	3.188198e+06	1.205000e+03	3.174134e+06	1.205000e+03	3.207729e+06	1.205000e+03	3.212111e+06	1.205000e+03	3.209833e+06	1.205000e+03	3.176486e+06	1.205000e+03	3.185110e+06	1.205000e+03	3.205439e+06	1.205000e+03	3.181973e+06	1.205000e+03	3.203150e+06	1.205000e+03	3.193771e+06	1.205000e+03	3.190935e+06	1.205000e+03	3.203988e+06	1.205000e+03	3.200397e+06	1.205000e+03	3.214042e+06	1.205000e+03	3.184458e+06	1.205000e+03	3.204801e+06	1.205000e+03	3.199578e+06	1.205000e+03	3.197269e+06	1.205000e+03	3.220298e+06	1.205000e+03	3.184847e+06	1.205000e+03	3.177595e+06	1.205000e+03	3.197626e+06	1.205000e+03	3.192791e+06	1.205000e+03	3.182789e+06	1.205000e+03	3.198660e+06	1.205000e+03	3.200550e+06	1.205000e+03	3.187389e+06	1.205000e+03	3.193878e+06
1.210000e+03	3.113688e+06	1.210000e+03	3.096712e+06	1.210000e+03	3.086461e+06	1.210000e+03	3.063696e+06	1.210000e+03	3.052500e+06	1.210000e+03	3.055036e+06	1.210000e+03	3.030493e+06	1.210000e+03	3.027426e+06	1.210000e+03	3.034054e+06	1.210000e+03	3.032074e+06	1.210000e+03	3.031087e+06	1.210000e+03	3.012479e+06	1.210000e+03	3.028343e+06	1.210000e+03	3.034637e+06	1.210000e+03	3.028470e+06	1.210000e+03	3.033443e+06	1.210000e+03	3.045675e+06	1.210000e+03	3.045506e+06	1.210000e+03	3.018728e+06	1.210000e+03	3.022494e+06	1.210000e+03	3.031793e+06	1.210000e+03	3.017395e+06	1.210000e+03	3.025962e+06	1.210000e+03	3.013580e+06	1.210000e+03	3.007067e+06	1.210000e+03	3.022498e+06	1.210000e+03	3.028927e+06	1.210000e+03	3.004404e+06	1.210000e+03	3.013458e+06	1.210000e+03	3.027828e+06	1.210000e+03	3.015115e+06	1.210000e+03	3.016369e+06	1.210000e+03	2.990280e+06	1.210000e+03	3.026645e+06	1.210000e+03	3.053229e+06	1.210000e+03	3.035148e+06	1.210000e+03	3.027594e+06	1.210000e+03	3.051865e+06	1.210000e+03	3.051245e+06	1.210000e+03	3.034190e+06	1.210000e+03	3.055243e+06	1.210000e+03	3.061646e+06	1.210000e+03	3.053663e+06	1.210000e+03	3.032658e+06	1.210000e+03	3.054565e+06	1.210000e+03	3.056774e+06	1.210000e+03	3.048050e+06	1.210000e+03	3.056369e+06	1.210000e+03	3.076232e+06	1.210000e+03	3.064831e+06	1.210000e+03	3.060073e+06	1.210000e+03	3.073927e+06	1.210000e+03	3.054326e+06	1.210000e+03	3.069350e+06	1.210000e+03	3.061116e+06	1.210000e+03	3.069233e+06	1.210000e+03	3.075677e+06	1.210000e+03	3.098607e+06	1.210000e+03	3.071937e+06	1.210000e+03	3.090524e+06	1.210000e+03	3.104195e+06	1.210000e+03	3.085899e+06	1.210000e+03	3.075915e+06	1.210000e+03	3.078584e+06	1.210000e+03	3.078453e+06	1.210000e+03	3.098068e+06	1.210000e+03	3.095334e+06	1.210000e+03	3.073708e+06	1.210000e+03	3.084947e+06	1.210000e+03	3.092759e+06	1.210000e+03	3.107980e+06	1.210000e+03	3.086711e+06	1.210000e+03	3.099628e+06	1.210000e+03	3.094182e+06	1.210000e+03	3.090345e+06	1.210000e+03	3.093344e+06	1.210000e+03	3.124208e+06	1.210000e+03	3.087820e+06	1.210000e+03	3.113896e+06	1.210000e+03	3.110934e+06	1.210000e+03	3.103586e+06	1.210000e+03	3.114846e+06	1.210000e+03	3.111002e+06	1.210000e+03	3.120480e+06	1.210000e+03	3.100889e+06	1.210000e+03	3.101110e+06	1.210000e+03	3.098325e+06	1.210000e+03	3.117102e+06	1.210000e+03	3.113546e+06	1.210000e+03	3.105983e+06	1.210000e+03	3.130767e+06	1.210000e+03	3.122328e+06	1.210000e+03	3.121050e+06	1.210000e+03	3.112123e+06	1.210000e+03	3.124125e+06	1.210000e+03	3.129815e+06	1.210000e+03	3.120800e+06	1.210000e+03	3.141629e+06	1.210000e+03	3.120106e+06	1.210000e+03	3.136502e+06	1.210000e+03	3.128195e+06	1.210000e+03	3.138037e+06	1.210000e+03	3.131630e+06	1.210000e+03	3.119527e+06	1.210000e+03	3.112825e+06	1.210000e+03	3.123687e+06	1.210000e+03	3.112831e+06	1.210000e+03	3.099714e+06	1.210000e+03	3.120121e+06	1.210000e+03	3.112467e+06	1.210000e+03	3.114592e+06	1.210000e+03	3.131764e+06	1.210000e+03	3.131489e+06	1.210000e+03	3.129013e+06	1.210000e+03	3.115248e+06	1.210000e+03	3.126714e+06	1.210000e+03	3.138504e+06	1.210000e+03	3.103355e+06	1.210000e+03	3.094813e+06	1.210000e+03	3.111896e+06	1.210000e+03	3.133313e+06	1.210000e+03	3.119723e+06	1.210000e+03	3.134080e+06	1.210000e+03	3.125722e+06	1.210000e+03	3.122913e+06	1.210000e+03	3.096279e+06	1.210000e+03	3.108408e+06	1.210000e+03	3.102022e+06	1.210000e+03	3.123896e+06	1.210000e+03	3.128022e+06	1.210000e+03	3.126576e+06	1.210000e+03	3.112715e+06	1.210000e+03	3.100671e+06	1.210000e+03	3.119461e+06	1.210000e+03	3.115326e+06	1.210000e+03	3.121420e+06	1.210000e+03	3.129553e+06	1.210000e+03	3.135344e+06	1.210000e+03	3.130648e+06	1.210000e+03	3.099800e+06	1.210000e+03	3.112177e+06	1.210000e+03	3.131541e+06	1.210000e+03	3.139170e+06	1.210000e+03	3.113808e+06	1.210000e+03	3.129255e+06	1.210000e+03	3.127392e+06	1.210000e+03	3.123901e+06	1.210000e+03	3.142550e+06	1.210000e+03	3.135266e+06	1.210000e+03	3.147947e+06	1.210000e+03	3.136802e+06	1.210000e+03	3.118472e+06	1.210000e+03	3.110099e+06	1.210000e+03	3.132955e+06	1.210000e+03	3.145550e+06	1.210000e+03	3.151330e+06	1.210000e+03	3.128551e+06	1.210000e+03	3.138391e+06	1.210000e+03	3.146242e+06	1.210000e+03	3.150944e+06	1.210000e+03	3.147165e+06	1.210000e+03	3.159929e+06	1.210000e+03	3.149960e+06	1.210000e+03	3.140814e+06	1.210000e+03	3.148203e+06	1.210000e+03	3.146399e+06	1.210000e+03	3.134663e+06	1.210000e+03	3.141933e+06	1.210000e+03	3.152600e+06	1.210000e+03	3.141527e+06	1.210000e+03	3.152936e+06	1.210000e+03	3.142957e+06	1.210000e+03	3.156211e+06	1.210000e+03	3.147413e+06	1.210000e+03	3.126019e+06	1.210000e+03	3.144963e+06	1.210000e+03	3.149749e+06	1.210000e+03	3.170405e+06	1.210000e+03	3.137989e+06	1.210000e+03	3.166053e+06	1.210000e+03	3.167563e+06	1.210000e+03	3.157244e+06	1.210000e+03	3.151413e+06	1.210000e+03	3.159128e+06	1.210000e+03	3.171057e+06	1.210000e+03	3.172277e+06	1.210000e+03	3.175709e+06	1.210000e+03	3.138694e+06	1.210000e+03	3.166914e+06	1.210000e+03	3.182748e+06	1.210000e+03	3.175396e+06	1.210000e+03	3.175360e+06	1.210000e+03	3.169865e+06	1.210000e+03	3.132516e+06	1.210000e+03	3.169653e+06	1.210000e+03	3.160870e+06	1.210000e+03	3.149864e+06	1.210000e+03	3.158206e+06	1.210000e+03	3.170913e+06	1.210000e+03	3.159916e+06	1.210000e+03	3.143509e+06	1.210000e+03	3.158765e+06	1.210000e+03	3.159347e+06	1.210000e+03	3.144822e+06	1.210000e+03	3.144752e+06	1.210000e+03	3.163000e+06	1.210000e+03	3.153297e+06	1.210000e+03	3.143928e+06	1.210000e+03	3.155282e+06	1.210000e+03	3.161894e+06	1.210000e+03	3.172560e+06	1.210000e+03	3.148626e+06	1.210000e+03	3.160266e+06	1.210000e+03	3.151801e+06	1.210000e+03	3.145492e+06	1.210000e+03	3.168732e+06	1.210000e+03	3.142888e+06	1.210000e+03	3.144871e+06	1.210000e+03	3.165230e+06	1.210000e+03	3.174971e+06	1.210000e+03	3.173641e+06	1.210000e+03	3.185112e+06	1.210000e+03	3.144980e+06	1.210000e+03	3.156565e+06	1.210000e+03	3.166765e+06	1.210000e+03	3.158190e+06	1.210000e+03	3.170418e+06	1.210000e+03	3.162268e+06	1.210000e+03	3.140754e+06	1.210000e+03	3.142785e+06	1.210000e+03	3.174778e+06	1.210000e+03	3.138070e+06	1.210000e+03	3.148673e+06	1.210000e+03	3.171077e+06	1.210000e+03	3.154398e+06	1.210000e+03	3.168239e+06	1.210000e+03	3.164819e+06	1.210000e+03	3.170789e+06	1.210000e+03	3.138678e+06	1.210000e+03	3.151760e+06	1.210000e+03	3.172476e+06	1.210000e+03	3.155436e+06	1.210000e+03	3.149933e+06	1.210000e+03	3.170316e+06	1.210000e+03	3.157579e+06	1.210000e+03	3.174871e+06	1.210000e+03	3.152651e+06	1.210000e+03	3.151165e+06	1.210000e+03	3.131230e+06	1.210000e+03	3.149664e+06	1.210000e+03	3.161386e+06	1.210000e+03	3.168928e+06	1.210000e+03	3.156129e+06	1.210000e+03	3.176918e+06	1.210000e+03	3.185075e+06	1.210000e+03	3.168658e+06	1.210000e+03	3.174933e+06	1.210000e+03	3.159470e+06	1.210000e+03	3.159501e+06	1.210000e+03	3.151927e+06	1.210000e+03	3.170781e+06	1.210000e+03	3.207280e+06	1.210000e+03	3.180197e+06	1.210000e+03	3.191609e+06	1.210000e+03	3.174162e+06	1.210000e+03	3.177656e+06	1.210000e+03	3.173967e+06	1.210000e+03	3.183399e+06	1.210000e+03	3.171792e+06	1.210000e+03	3.168670e+06	1.210000e+03	3.169268e+06	1.210000e+03	3.168774e+06	1.210000e+03	3.174713e+06	1.210000e+03	3.181328e+06	1.210000e+03	3.191737e+06	1.210000e+03	3.182267e+06	1.210000e+03	3.170607e+06	1.210000e+03	3.184885e+06	1.210000e+03	3.183893e+06	1.210000e+03	3.181472e+06	1.210000e+03	3.176476e+06	1.210000e+03	3.176668e+06	1.210000e+03	3.184853e+06	1.210000e+03	3.197670e+06	1.210000e+03	3.186311e+06	1.210000e+03	3.188776e+06	1.210000e+03	3.180043e+06	1.210000e+03	3.202164e+06	1.210000e+03	3.213042e+06	1.210000e+03	3.210365e+06	1.210000e+03	3.179787e+06	1.210000e+03	3.186635e+06	1.210000e+03	3.197279e+06	1.210000e+03	3.188127e+06	1.210000e+03	3.203251e+06	1.210000e+03	3.192309e+06	1.210000e+03	3.189868e+06	1.210000e+03	3.198277e+06	1.210000e+03	3.190217e+06	1.210000e+03	3.198142e+06	1.210000e+03	3.187750e+06	1.210000e+03	3.202019e+06	1.210000e+03	3.199430e+06	1.210000e+03	3.203912e+06	1.210000e+03	3.214845e+06	1.210000e+03	3.185286e+06	1.210000e+03	3.181732e+06	1.210000e+03	3.190069e+06	1.210000e+03	3.191843e+06	1.210000e+03	3.188886e+06	1.210000e+03	3.200682e+06	1.210000e+03	3.202549e+06	1.210000e+03	3.179875e+06	1.210000e+03	3.202334e+06
1.215000e+03	3.111422e+06	1.215000e+03	3.102075e+06	1.215000e+03	3.079108e+06	1.215000e+03	3.066308e+06	1.215000e+03	3.051636e+06	1.215000e+03	3.058018e+06	1.215000e+03	3.048091e+06	1.215000e+03	3.028880e+06	1.215000e+03	3.034450e+06	1.215000e+03	3.033084e+06	1.215000e+03	3.032983e+06	1.215000e+03	3.012951e+06	1.215000e+03	3.030599e+06	1.215000e+03	3.033378e+06	1.215000e+03	3.024993e+06	1.215000e+03	3.029850e+06	1.215000e+03	3.046860e+06	1.215000e+03	3.046072e+06	1.215000e+03	3.005433e+06	1.215000e+03	3.035483e+06	1.215000e+03	3.031356e+06	1.215000e+03	3.019086e+06	1.215000e+03	3.025299e+06	1.215000e+03	3.016030e+06	1.215000e+03	3.010844e+06	1.215000e+03	3.001388e+06	1.215000e+03	3.023345e+06	1.215000e+03	3.008159e+06	1.215000e+03	3.029068e+06	1.215000e+03	3.026392e+06	1.215000e+03	3.009146e+06	1.215000e+03	3.013062e+06	1.215000e+03	2.992699e+06	1.215000e+03	3.029018e+06	1.215000e+03	3.053882e+06	1.215000e+03	3.033452e+06	1.215000e+03	3.033202e+06	1.215000e+03	3.056790e+06	1.215000e+03	3.049953e+06	1.215000e+03	3.034721e+06	1.215000e+03	3.061629e+06	1.215000e+03	3.062689e+06	1.215000e+03	3.052044e+06	1.215000e+03	3.042176e+06	1.215000e+03	3.057341e+06	1.215000e+03	3.056314e+06	1.215000e+03	3.060948e+06	1.215000e+03	3.058432e+06	1.215000e+03	3.081917e+06	1.215000e+03	3.079348e+06	1.215000e+03	3.065448e+06	1.215000e+03	3.068758e+06	1.215000e+03	3.051452e+06	1.215000e+03	3.080830e+06	1.215000e+03	3.062887e+06	1.215000e+03	3.065293e+06	1.215000e+03	3.077295e+06	1.215000e+03	3.094901e+06	1.215000e+03	3.060996e+06	1.215000e+03	3.098308e+06	1.215000e+03	3.097576e+06	1.215000e+03	3.084853e+06	1.215000e+03	3.077148e+06	1.215000e+03	3.077790e+06	1.215000e+03	3.068086e+06	1.215000e+03	3.093389e+06	1.215000e+03	3.096077e+06	1.215000e+03	3.073757e+06	1.215000e+03	3.091641e+06	1.215000e+03	3.090717e+06	1.215000e+03	3.094324e+06	1.215000e+03	3.084744e+06	1.215000e+03	3.101376e+06	1.215000e+03	3.091739e+06	1.215000e+03	3.090011e+06	1.215000e+03	3.099681e+06	1.215000e+03	3.118007e+06	1.215000e+03	3.087239e+06	1.215000e+03	3.120612e+06	1.215000e+03	3.092607e+06	1.215000e+03	3.107767e+06	1.215000e+03	3.113047e+06	1.215000e+03	3.119083e+06	1.215000e+03	3.109056e+06	1.215000e+03	3.101143e+06	1.215000e+03	3.102211e+06	1.215000e+03	3.090065e+06	1.215000e+03	3.123565e+06	1.215000e+03	3.110840e+06	1.215000e+03	3.101353e+06	1.215000e+03	3.130109e+06	1.215000e+03	3.121140e+06	1.215000e+03	3.120097e+06	1.215000e+03	3.104193e+06	1.215000e+03	3.116351e+06	1.215000e+03	3.131456e+06	1.215000e+03	3.124424e+06	1.215000e+03	3.139672e+06	1.215000e+03	3.115456e+06	1.215000e+03	3.137665e+06	1.215000e+03	3.131016e+06	1.215000e+03	3.137478e+06	1.215000e+03	3.138821e+06	1.215000e+03	3.115501e+06	1.215000e+03	3.111196e+06	1.215000e+03	3.129410e+06	1.215000e+03	3.108343e+06	1.215000e+03	3.101523e+06	1.215000e+03	3.115830e+06	1.215000e+03	3.110284e+06	1.215000e+03	3.112105e+06	1.215000e+03	3.134480e+06	1.215000e+03	3.130785e+06	1.215000e+03	3.121090e+06	1.215000e+03	3.121777e+06	1.215000e+03	3.131186e+06	1.215000e+03	3.135607e+06	1.215000e+03	3.106210e+06	1.215000e+03	3.094640e+06	1.215000e+03	3.114809e+06	1.215000e+03	3.130668e+06	1.215000e+03	3.116543e+06	1.215000e+03	3.142020e+06	1.215000e+03	3.126087e+06	1.215000e+03	3.125291e+06	1.215000e+03	3.087445e+06	1.215000e+03	3.113022e+06	1.215000e+03	3.107949e+06	1.215000e+03	3.127235e+06	1.215000e+03	3.134955e+06	1.215000e+03	3.129158e+06	1.215000e+03	3.121511e+06	1.215000e+03	3.096619e+06	1.215000e+03	3.126625e+06	1.215000e+03	3.116431e+06	1.215000e+03	3.119351e+06	1.215000e+03	3.130228e+06	1.215000e+03	3.128957e+06	1.215000e+03	3.122017e+06	1.215000e+03	3.095962e+06	1.215000e+03	3.106720e+06	1.215000e+03	3.129873e+06	1.215000e+03	3.142301e+06	1.215000e+03	3.115216e+06	1.215000e+03	3.132927e+06	1.215000e+03	3.123849e+06	1.215000e+03	3.122379e+06	1.215000e+03	3.139773e+06	1.215000e+03	3.136276e+06	1.215000e+03	3.164826e+06	1.215000e+03	3.134366e+06	1.215000e+03	3.127812e+06	1.215000e+03	3.110727e+06	1.215000e+03	3.140703e+06	1.215000e+03	3.144037e+06	1.215000e+03	3.140656e+06	1.215000e+03	3.139737e+06	1.215000e+03	3.143012e+06	1.215000e+03	3.151648e+06	1.215000e+03	3.151488e+06	1.215000e+03	3.152720e+06	1.215000e+03	3.162259e+06	1.215000e+03	3.148491e+06	1.215000e+03	3.143889e+06	1.215000e+03	3.148685e+06	1.215000e+03	3.151086e+06	1.215000e+03	3.130279e+06	1.215000e+03	3.137319e+06	1.215000e+03	3.152446e+06	1.215000e+03	3.146666e+06	1.215000e+03	3.152991e+06	1.215000e+03	3.140292e+06	1.215000e+03	3.158014e+06	1.215000e+03	3.145513e+06	1.215000e+03	3.125481e+06	1.215000e+03	3.151591e+06	1.215000e+03	3.148366e+06	1.215000e+03	3.168080e+06	1.215000e+03	3.132966e+06	1.215000e+03	3.159523e+06	1.215000e+03	3.160407e+06	1.215000e+03	3.172822e+06	1.215000e+03	3.150044e+06	1.215000e+03	3.172425e+06	1.215000e+03	3.172448e+06	1.215000e+03	3.172983e+06	1.215000e+03	3.179367e+06	1.215000e+03	3.132313e+06	1.215000e+03	3.170398e+06	1.215000e+03	3.180221e+06	1.215000e+03	3.179735e+06	1.215000e+03	3.170857e+06	1.215000e+03	3.174641e+06	1.215000e+03	3.135177e+06	1.215000e+03	3.177760e+06	1.215000e+03	3.158847e+06	1.215000e+03	3.159929e+06	1.215000e+03	3.156991e+06	1.215000e+03	3.172144e+06	1.215000e+03	3.156770e+06	1.215000e+03	3.139708e+06	1.215000e+03	3.143142e+06	1.215000e+03	3.165385e+06	1.215000e+03	3.130827e+06	1.215000e+03	3.148169e+06	1.215000e+03	3.168149e+06	1.215000e+03	3.149251e+06	1.215000e+03	3.144433e+06	1.215000e+03	3.150460e+06	1.215000e+03	3.159398e+06	1.215000e+03	3.168300e+06	1.215000e+03	3.153518e+06	1.215000e+03	3.151843e+06	1.215000e+03	3.148754e+06	1.215000e+03	3.139443e+06	1.215000e+03	3.155938e+06	1.215000e+03	3.137538e+06	1.215000e+03	3.146510e+06	1.215000e+03	3.159727e+06	1.215000e+03	3.166782e+06	1.215000e+03	3.174441e+06	1.215000e+03	3.182804e+06	1.215000e+03	3.140179e+06	1.215000e+03	3.155032e+06	1.215000e+03	3.170773e+06	1.215000e+03	3.167933e+06	1.215000e+03	3.166505e+06	1.215000e+03	3.165656e+06	1.215000e+03	3.144269e+06	1.215000e+03	3.149133e+06	1.215000e+03	3.173943e+06	1.215000e+03	3.140740e+06	1.215000e+03	3.148753e+06	1.215000e+03	3.171959e+06	1.215000e+03	3.157256e+06	1.215000e+03	3.167653e+06	1.215000e+03	3.163631e+06	1.215000e+03	3.170600e+06	1.215000e+03	3.151398e+06	1.215000e+03	3.143215e+06	1.215000e+03	3.172575e+06	1.215000e+03	3.158117e+06	1.215000e+03	3.144255e+06	1.215000e+03	3.168369e+06	1.215000e+03	3.160634e+06	1.215000e+03	3.179654e+06	1.215000e+03	3.158013e+06	1.215000e+03	3.155083e+06	1.215000e+03	3.123217e+06	1.215000e+03	3.150391e+06	1.215000e+03	3.166244e+06	1.215000e+03	3.172909e+06	1.215000e+03	3.166903e+06	1.215000e+03	3.179462e+06	1.215000e+03	3.189095e+06	1.215000e+03	3.166758e+06	1.215000e+03	3.170746e+06	1.215000e+03	3.162034e+06	1.215000e+03	3.164747e+06	1.215000e+03	3.155512e+06	1.215000e+03	3.162065e+06	1.215000e+03	3.198861e+06	1.215000e+03	3.181449e+06	1.215000e+03	3.190582e+06	1.215000e+03	3.175304e+06	1.215000e+03	3.183100e+06	1.215000e+03	3.168012e+06	1.215000e+03	3.178166e+06	1.215000e+03	3.174405e+06	1.215000e+03	3.172778e+06	1.215000e+03	3.181890e+06	1.215000e+03	3.166475e+06	1.215000e+03	3.178365e+06	1.215000e+03	3.189017e+06	1.215000e+03	3.187883e+06	1.215000e+03	3.181627e+06	1.215000e+03	3.172230e+06	1.215000e+03	3.179159e+06	1.215000e+03	3.182896e+06	1.215000e+03	3.183278e+06	1.215000e+03	3.169899e+06	1.215000e+03	3.174395e+06	1.215000e+03	3.185372e+06	1.215000e+03	3.194999e+06	1.215000e+03	3.184119e+06	1.215000e+03	3.185861e+06	1.215000e+03	3.184343e+06	1.215000e+03	3.205578e+06	1.215000e+03	3.213968e+06	1.215000e+03	3.209509e+06	1.215000e+03	3.172070e+06	1.215000e+03	3.186342e+06	1.215000e+03	3.192654e+06	1.215000e+03	3.197091e+06	1.215000e+03	3.204898e+06	1.215000e+03	3.204664e+06	1.215000e+03	3.194909e+06	1.215000e+03	3.194461e+06	1.215000e+03	3.194260e+06	1.215000e+03	3.196675e+06	1.215000e+03	3.184366e+06	1.215000e+03	3.205714e+06	1.215000e+03	3.206995e+06	1.215000e+03	3.194594e+06	1.215000e+03	3.211232e+06	1.215000e+03	3.186061e+06	1.215000e+03	3.189097e+06	1.215000e+03	3.193879e+06	1.215000e+03	3.194646e+06	1.215000e+03	3.183588e+06	1.215000e+03	3.200300e+06	1.215000e+03	3.201615e+06	1.215000e+03	3.182679e+06	1.215000e+03	3.211354e+06
1.220000e+03	3.116691e+06	1.220000e+03	3.112516e+06	1.220000e+03	3.082022e+06	1.220000e+03	3.067228e+06	1.220000e+03	3.045846e+06	1.220000e+03	3.050127e+06	1.220000e+03	3.050676e+06	1.220000e+03	3.035158e+06	1.220000e+03	3.033044e+06	1.220000e+03	3.035737e+06	1.220000e+03	3.027019e+06	1.220000e+03	3.014448e+06	1.220000e+03	3.022873e+06	1.220000e+03	3.031778e+06	1.220000e+03	3.025929e+06	1.220000e+03	3.030110e+06	1.220000e+03	3.046459e+06	1.220000e+03	3.040921e+06	1.220000e+03	2.999936e+06	1.220000e+03	3.031472e+06	1.220000e+03	3.027500e+06	1.220000e+03	3.010952e+06	1.220000e+03	3.030245e+06	1.220000e+03	3.016846e+06	1.220000e+03	3.014696e+06	1.220000e+03	3.004326e+06	1.220000e+03	3.019545e+06	1.220000e+03	3.021747e+06	1.220000e+03	3.026919e+06	1.220000e+03	3.038680e+06	1.220000e+03	3.012124e+06	1.220000e+03	3.006549e+06	1.220000e+03	2.996926e+06	1.220000e+03	3.025037e+06	1.220000e+03	3.049403e+06	1.220000e+03	3.038050e+06	1.220000e+03	3.023010e+06	1.220000e+03	3.049418e+06	1.220000e+03	3.043884e+06	1.220000e+03	3.032368e+06	1.220000e+03	3.057984e+06	1.220000e+03	3.052677e+06	1.220000e+03	3.044822e+06	1.220000e+03	3.036398e+06	1.220000e+03	3.053975e+06	1.220000e+03	3.063318e+06	1.220000e+03	3.064010e+06	1.220000e+03	3.056009e+06	1.220000e+03	3.087989e+06	1.220000e+03	3.074249e+06	1.220000e+03	3.069017e+06	1.220000e+03	3.067854e+06	1.220000e+03	3.056488e+06	1.220000e+03	3.090946e+06	1.220000e+03	3.065425e+06	1.220000e+03	3.059373e+06	1.220000e+03	3.078671e+06	1.220000e+03	3.093596e+06	1.220000e+03	3.063833e+06	1.220000e+03	3.082891e+06	1.220000e+03	3.096776e+06	1.220000e+03	3.084669e+06	1.220000e+03	3.081326e+06	1.220000e+03	3.082950e+06	1.220000e+03	3.071843e+06	1.220000e+03	3.101839e+06	1.220000e+03	3.093742e+06	1.220000e+03	3.068729e+06	1.220000e+03	3.088528e+06	1.220000e+03	3.097261e+06	1.220000e+03	3.092209e+06	1.220000e+03	3.091960e+06	1.220000e+03	3.103571e+06	1.220000e+03	3.097039e+06	1.220000e+03	3.080882e+06	1.220000e+03	3.103901e+06	1.220000e+03	3.123992e+06	1.220000e+03	3.091602e+06	1.220000e+03	3.130447e+06	1.220000e+03	3.090560e+06	1.220000e+03	3.105573e+06	1.220000e+03	3.105420e+06	1.220000e+03	3.117816e+06	1.220000e+03	3.120438e+06	1.220000e+03	3.104035e+06	1.220000e+03	3.101054e+06	1.220000e+03	3.093466e+06	1.220000e+03	3.119248e+06	1.220000e+03	3.109928e+06	1.220000e+03	3.098160e+06	1.220000e+03	3.131810e+06	1.220000e+03	3.116850e+06	1.220000e+03	3.117073e+06	1.220000e+03	3.112974e+06	1.220000e+03	3.123334e+06	1.220000e+03	3.131834e+06	1.220000e+03	3.120243e+06	1.220000e+03	3.130609e+06	1.220000e+03	3.123041e+06	1.220000e+03	3.140282e+06	1.220000e+03	3.131935e+06	1.220000e+03	3.140512e+06	1.220000e+03	3.128375e+06	1.220000e+03	3.126087e+06	1.220000e+03	3.108434e+06	1.220000e+03	3.109449e+06	1.220000e+03	3.114411e+06	1.220000e+03	3.108028e+06	1.220000e+03	3.120160e+06	1.220000e+03	3.108932e+06	1.220000e+03	3.116745e+06	1.220000e+03	3.136839e+06	1.220000e+03	3.120993e+06	1.220000e+03	3.126644e+06	1.220000e+03	3.116563e+06	1.220000e+03	3.132489e+06	1.220000e+03	3.131826e+06	1.220000e+03	3.110649e+06	1.220000e+03	3.088753e+06	1.220000e+03	3.112016e+06	1.220000e+03	3.133985e+06	1.220000e+03	3.122254e+06	1.220000e+03	3.136412e+06	1.220000e+03	3.129682e+06	1.220000e+03	3.130103e+06	1.220000e+03	3.087548e+06	1.220000e+03	3.107497e+06	1.220000e+03	3.109780e+06	1.220000e+03	3.127678e+06	1.220000e+03	3.140777e+06	1.220000e+03	3.139798e+06	1.220000e+03	3.119190e+06	1.220000e+03	3.098425e+06	1.220000e+03	3.125282e+06	1.220000e+03	3.110962e+06	1.220000e+03	3.123095e+06	1.220000e+03	3.132963e+06	1.220000e+03	3.127573e+06	1.220000e+03	3.128151e+06	1.220000e+03	3.104554e+06	1.220000e+03	3.111429e+06	1.220000e+03	3.133633e+06	1.220000e+03	3.139541e+06	1.220000e+03	3.121310e+06	1.220000e+03	3.128946e+06	1.220000e+03	3.124513e+06	1.220000e+03	3.120617e+06	1.220000e+03	3.138983e+06	1.220000e+03	3.143653e+06	1.220000e+03	3.142248e+06	1.220000e+03	3.133678e+06	1.220000e+03	3.123741e+06	1.220000e+03	3.117232e+06	1.220000e+03	3.133976e+06	1.220000e+03	3.147408e+06	1.220000e+03	3.143604e+06	1.220000e+03	3.132843e+06	1.220000e+03	3.147395e+06	1.220000e+03	3.140373e+06	1.220000e+03	3.155948e+06	1.220000e+03	3.156245e+06	1.220000e+03	3.168757e+06	1.220000e+03	3.141130e+06	1.220000e+03	3.143527e+06	1.220000e+03	3.155039e+06	1.220000e+03	3.152043e+06	1.220000e+03	3.135815e+06	1.220000e+03	3.138461e+06	1.220000e+03	3.150502e+06	1.220000e+03	3.142749e+06	1.220000e+03	3.150968e+06	1.220000e+03	3.148306e+06	1.220000e+03	3.160304e+06	1.220000e+03	3.150597e+06	1.220000e+03	3.122741e+06	1.220000e+03	3.153596e+06	1.220000e+03	3.148347e+06	1.220000e+03	3.177651e+06	1.220000e+03	3.131238e+06	1.220000e+03	3.158250e+06	1.220000e+03	3.162514e+06	1.220000e+03	3.163307e+06	1.220000e+03	3.146837e+06	1.220000e+03	3.170353e+06	1.220000e+03	3.173395e+06	1.220000e+03	3.165190e+06	1.220000e+03	3.176691e+06	1.220000e+03	3.134115e+06	1.220000e+03	3.168119e+06	1.220000e+03	3.177950e+06	1.220000e+03	3.168812e+06	1.220000e+03	3.176006e+06	1.220000e+03	3.178577e+06	1.220000e+03	3.150329e+06	1.220000e+03	3.178282e+06	1.220000e+03	3.151807e+06	1.220000e+03	3.153838e+06	1.220000e+03	3.154798e+06	1.220000e+03	3.166713e+06	1.220000e+03	3.157307e+06	1.220000e+03	3.147409e+06	1.220000e+03	3.152194e+06	1.220000e+03	3.159490e+06	1.220000e+03	3.138194e+06	1.220000e+03	3.150944e+06	1.220000e+03	3.167138e+06	1.220000e+03	3.156861e+06	1.220000e+03	3.145414e+06	1.220000e+03	3.148587e+06	1.220000e+03	3.160768e+06	1.220000e+03	3.167231e+06	1.220000e+03	3.155945e+06	1.220000e+03	3.150949e+06	1.220000e+03	3.148904e+06	1.220000e+03	3.142384e+06	1.220000e+03	3.175852e+06	1.220000e+03	3.134847e+06	1.220000e+03	3.150539e+06	1.220000e+03	3.156154e+06	1.220000e+03	3.165179e+06	1.220000e+03	3.168813e+06	1.220000e+03	3.185735e+06	1.220000e+03	3.146841e+06	1.220000e+03	3.159204e+06	1.220000e+03	3.170368e+06	1.220000e+03	3.176345e+06	1.220000e+03	3.165256e+06	1.220000e+03	3.155976e+06	1.220000e+03	3.148545e+06	1.220000e+03	3.150194e+06	1.220000e+03	3.172247e+06	1.220000e+03	3.150442e+06	1.220000e+03	3.152117e+06	1.220000e+03	3.172671e+06	1.220000e+03	3.159614e+06	1.220000e+03	3.168958e+06	1.220000e+03	3.168170e+06	1.220000e+03	3.175202e+06	1.220000e+03	3.148808e+06	1.220000e+03	3.149581e+06	1.220000e+03	3.169143e+06	1.220000e+03	3.158691e+06	1.220000e+03	3.150122e+06	1.220000e+03	3.166194e+06	1.220000e+03	3.160107e+06	1.220000e+03	3.185995e+06	1.220000e+03	3.147324e+06	1.220000e+03	3.152600e+06	1.220000e+03	3.136412e+06	1.220000e+03	3.155067e+06	1.220000e+03	3.162462e+06	1.220000e+03	3.165997e+06	1.220000e+03	3.181453e+06	1.220000e+03	3.179046e+06	1.220000e+03	3.184628e+06	1.220000e+03	3.171890e+06	1.220000e+03	3.180099e+06	1.220000e+03	3.167861e+06	1.220000e+03	3.167292e+06	1.220000e+03	3.156235e+06	1.220000e+03	3.161047e+06	1.220000e+03	3.180678e+06	1.220000e+03	3.178599e+06	1.220000e+03	3.192717e+06	1.220000e+03	3.178175e+06	1.220000e+03	3.180506e+06	1.220000e+03	3.169098e+06	1.220000e+03	3.176470e+06	1.220000e+03	3.169250e+06	1.220000e+03	3.163072e+06	1.220000e+03	3.203151e+06	1.220000e+03	3.162344e+06	1.220000e+03	3.169462e+06	1.220000e+03	3.183624e+06	1.220000e+03	3.188953e+06	1.220000e+03	3.189091e+06	1.220000e+03	3.175449e+06	1.220000e+03	3.194464e+06	1.220000e+03	3.182173e+06	1.220000e+03	3.183929e+06	1.220000e+03	3.169483e+06	1.220000e+03	3.176089e+06	1.220000e+03	3.187407e+06	1.220000e+03	3.187599e+06	1.220000e+03	3.180304e+06	1.220000e+03	3.185536e+06	1.220000e+03	3.183503e+06	1.220000e+03	3.203150e+06	1.220000e+03	3.203615e+06	1.220000e+03	3.209904e+06	1.220000e+03	3.172250e+06	1.220000e+03	3.181799e+06	1.220000e+03	3.200818e+06	1.220000e+03	3.191858e+06	1.220000e+03	3.205845e+06	1.220000e+03	3.193594e+06	1.220000e+03	3.204209e+06	1.220000e+03	3.194740e+06	1.220000e+03	3.195909e+06	1.220000e+03	3.204915e+06	1.220000e+03	3.185179e+06	1.220000e+03	3.204216e+06	1.220000e+03	3.206738e+06	1.220000e+03	3.193878e+06	1.220000e+03	3.206571e+06	1.220000e+03	3.187813e+06	1.220000e+03	3.185125e+06	1.220000e+03	3.198856e+06	1.220000e+03	3.195408e+06	1.220000e+03	3.187802e+06	1.220000e+03	3.197096e+06	1.220000e+03	3.204371e+06	1.220000e+03	3.188888e+06	1.220000e+03	3.210994e+06
1.225000e+03	3.113606e+06	1.225000e+03	3.104401e+06	1.225000e+03	3.084040e+06	1.225000e+03	3.071526e+06	1.225000e+03	3.048899e+06	1.225000e+03	3.057369e+06	1.225000e+03	3.051009e+06	1.225000e+03	3.044357e+06	1.225000e+03	3.037052e+06	1.225000e+03	3.033369e+06	1.225000e+03	3.026877e+06	1.225000e+03	3.019502e+06	1.225000e+03	3.030740e+06	1.225000e+03	3.028718e+06	1.225000e+03	3.034763e+06	1.225000e+03	3.033859e+06	1.225000e+03	3.042315e+06	1.225000e+03	3.041929e+06	1.225000e+03	3.012509e+06	1.225000e+03	3.029549e+06	1.225000e+03	3.039054e+06	1.225000e+03	3.016277e+06	1.225000e+03	3.031365e+06	1.225000e+03	3.012292e+06	1.225000e+03	3.002942e+06	1.225000e+03	3.008199e+06	1.225000e+03	3.016261e+06	1.225000e+03	3.027240e+06	1.225000e+03	3.020170e+06	1.225000e+03	3.044514e+06	1.225000e+03	3.001690e+06	1.225000e+03	3.010688e+06	1.225000e+03	2.994877e+06	1.225000e+03	3.027931e+06	1.225000e+03	3.037929e+06	1.225000e+03	3.049979e+06	1.225000e+03	3.022799e+06	1.225000e+03	3.036812e+06	1.225000e+03	3.035459e+06	1.225000e+03	3.028668e+06	1.225000e+03	3.044384e+06	1.225000e+03	3.052838e+06	1.225000e+03	3.046970e+06	1.225000e+03	3.040231e+06	1.225000e+03	3.050043e+06	1.225000e+03	3.067405e+06	1.225000e+03	3.061198e+06	1.225000e+03	3.053652e+06	1.225000e+03	3.080884e+06	1.225000e+03	3.071710e+06	1.225000e+03	3.064347e+06	1.225000e+03	3.070661e+06	1.225000e+03	3.054355e+06	1.225000e+03	3.095477e+06	1.225000e+03	3.063635e+06	1.225000e+03	3.063993e+06	1.225000e+03	3.079318e+06	1.225000e+03	3.092716e+06	1.225000e+03	3.061003e+06	1.225000e+03	3.080074e+06	1.225000e+03	3.099855e+06	1.225000e+03	3.083911e+06	1.225000e+03	3.086856e+06	1.225000e+03	3.076194e+06	1.225000e+03	3.072150e+06	1.225000e+03	3.105066e+06	1.225000e+03	3.091945e+06	1.225000e+03	3.069200e+06	1.225000e+03	3.091214e+06	1.225000e+03	3.095183e+06	1.225000e+03	3.091423e+06	1.225000e+03	3.087203e+06	1.225000e+03	3.104272e+06	1.225000e+03	3.091414e+06	1.225000e+03	3.079808e+06	1.225000e+03	3.096035e+06	1.225000e+03	3.131770e+06	1.225000e+03	3.093689e+06	1.225000e+03	3.127358e+06	1.225000e+03	3.090990e+06	1.225000e+03	3.104052e+06	1.225000e+03	3.113154e+06	1.225000e+03	3.113718e+06	1.225000e+03	3.115332e+06	1.225000e+03	3.107169e+06	1.225000e+03	3.099721e+06	1.225000e+03	3.095790e+06	1.225000e+03	3.123002e+06	1.225000e+03	3.107858e+06	1.225000e+03	3.098956e+06	1.225000e+03	3.129463e+06	1.225000e+03	3.116238e+06	1.225000e+03	3.114821e+06	1.225000e+03	3.123782e+06	1.225000e+03	3.115494e+06	1.225000e+03	3.117107e+06	1.225000e+03	3.123881e+06	1.225000e+03	3.123346e+06	1.225000e+03	3.114134e+06	1.225000e+03	3.138447e+06	1.225000e+03	3.129883e+06	1.225000e+03	3.137122e+06	1.225000e+03	3.124189e+06	1.225000e+03	3.119690e+06	1.225000e+03	3.111914e+06	1.225000e+03	3.112414e+06	1.225000e+03	3.110621e+06	1.225000e+03	3.109899e+06	1.225000e+03	3.121456e+06	1.225000e+03	3.112204e+06	1.225000e+03	3.110833e+06	1.225000e+03	3.139158e+06	1.225000e+03	3.123217e+06	1.225000e+03	3.131201e+06	1.225000e+03	3.115773e+06	1.225000e+03	3.128634e+06	1.225000e+03	3.140685e+06	1.225000e+03	3.110623e+06	1.225000e+03	3.087023e+06	1.225000e+03	3.104800e+06	1.225000e+03	3.134136e+06	1.225000e+03	3.126484e+06	1.225000e+03	3.119934e+06	1.225000e+03	3.125165e+06	1.225000e+03	3.123644e+06	1.225000e+03	3.092761e+06	1.225000e+03	3.117002e+06	1.225000e+03	3.110588e+06	1.225000e+03	3.132734e+06	1.225000e+03	3.128600e+06	1.225000e+03	3.123894e+06	1.225000e+03	3.116669e+06	1.225000e+03	3.098392e+06	1.225000e+03	3.118965e+06	1.225000e+03	3.107125e+06	1.225000e+03	3.122709e+06	1.225000e+03	3.133643e+06	1.225000e+03	3.129055e+06	1.225000e+03	3.121895e+06	1.225000e+03	3.094373e+06	1.225000e+03	3.106787e+06	1.225000e+03	3.130844e+06	1.225000e+03	3.141648e+06	1.225000e+03	3.128658e+06	1.225000e+03	3.145965e+06	1.225000e+03	3.123155e+06	1.225000e+03	3.123059e+06	1.225000e+03	3.134260e+06	1.225000e+03	3.134127e+06	1.225000e+03	3.145554e+06	1.225000e+03	3.137040e+06	1.225000e+03	3.125922e+06	1.225000e+03	3.119026e+06	1.225000e+03	3.141255e+06	1.225000e+03	3.152915e+06	1.225000e+03	3.146591e+06	1.225000e+03	3.128822e+06	1.225000e+03	3.147496e+06	1.225000e+03	3.137629e+06	1.225000e+03	3.155566e+06	1.225000e+03	3.150608e+06	1.225000e+03	3.162538e+06	1.225000e+03	3.140933e+06	1.225000e+03	3.140528e+06	1.225000e+03	3.149210e+06	1.225000e+03	3.150719e+06	1.225000e+03	3.143428e+06	1.225000e+03	3.144697e+06	1.225000e+03	3.149729e+06	1.225000e+03	3.147199e+06	1.225000e+03	3.155071e+06	1.225000e+03	3.142632e+06	1.225000e+03	3.156801e+06	1.225000e+03	3.145771e+06	1.225000e+03	3.128633e+06	1.225000e+03	3.151025e+06	1.225000e+03	3.139193e+06	1.225000e+03	3.168160e+06	1.225000e+03	3.134658e+06	1.225000e+03	3.161974e+06	1.225000e+03	3.159408e+06	1.225000e+03	3.153766e+06	1.225000e+03	3.146927e+06	1.225000e+03	3.162391e+06	1.225000e+03	3.177257e+06	1.225000e+03	3.165030e+06	1.225000e+03	3.169232e+06	1.225000e+03	3.131544e+06	1.225000e+03	3.169202e+06	1.225000e+03	3.180153e+06	1.225000e+03	3.173295e+06	1.225000e+03	3.177457e+06	1.225000e+03	3.177643e+06	1.225000e+03	3.142773e+06	1.225000e+03	3.165267e+06	1.225000e+03	3.151279e+06	1.225000e+03	3.139130e+06	1.225000e+03	3.162414e+06	1.225000e+03	3.164406e+06	1.225000e+03	3.158878e+06	1.225000e+03	3.140418e+06	1.225000e+03	3.151801e+06	1.225000e+03	3.164853e+06	1.225000e+03	3.145093e+06	1.225000e+03	3.144177e+06	1.225000e+03	3.162036e+06	1.225000e+03	3.157404e+06	1.225000e+03	3.149504e+06	1.225000e+03	3.155283e+06	1.225000e+03	3.167386e+06	1.225000e+03	3.162925e+06	1.225000e+03	3.158690e+06	1.225000e+03	3.154985e+06	1.225000e+03	3.153681e+06	1.225000e+03	3.148111e+06	1.225000e+03	3.171464e+06	1.225000e+03	3.146916e+06	1.225000e+03	3.155927e+06	1.225000e+03	3.159007e+06	1.225000e+03	3.160708e+06	1.225000e+03	3.170019e+06	1.225000e+03	3.179677e+06	1.225000e+03	3.140829e+06	1.225000e+03	3.156082e+06	1.225000e+03	3.170469e+06	1.225000e+03	3.167074e+06	1.225000e+03	3.180465e+06	1.225000e+03	3.162331e+06	1.225000e+03	3.148366e+06	1.225000e+03	3.154894e+06	1.225000e+03	3.162269e+06	1.225000e+03	3.146905e+06	1.225000e+03	3.152009e+06	1.225000e+03	3.168362e+06	1.225000e+03	3.161579e+06	1.225000e+03	3.170757e+06	1.225000e+03	3.162389e+06	1.225000e+03	3.173058e+06	1.225000e+03	3.155005e+06	1.225000e+03	3.156083e+06	1.225000e+03	3.182582e+06	1.225000e+03	3.164229e+06	1.225000e+03	3.154044e+06	1.225000e+03	3.169132e+06	1.225000e+03	3.170970e+06	1.225000e+03	3.187241e+06	1.225000e+03	3.135416e+06	1.225000e+03	3.154344e+06	1.225000e+03	3.138088e+06	1.225000e+03	3.150787e+06	1.225000e+03	3.162836e+06	1.225000e+03	3.161475e+06	1.225000e+03	3.180796e+06	1.225000e+03	3.178487e+06	1.225000e+03	3.181967e+06	1.225000e+03	3.167750e+06	1.225000e+03	3.184237e+06	1.225000e+03	3.159943e+06	1.225000e+03	3.158104e+06	1.225000e+03	3.161098e+06	1.225000e+03	3.158014e+06	1.225000e+03	3.169696e+06	1.225000e+03	3.188253e+06	1.225000e+03	3.185965e+06	1.225000e+03	3.168652e+06	1.225000e+03	3.185364e+06	1.225000e+03	3.172025e+06	1.225000e+03	3.180777e+06	1.225000e+03	3.169548e+06	1.225000e+03	3.155495e+06	1.225000e+03	3.205546e+06	1.225000e+03	3.160009e+06	1.225000e+03	3.168539e+06	1.225000e+03	3.180360e+06	1.225000e+03	3.187620e+06	1.225000e+03	3.183908e+06	1.225000e+03	3.164665e+06	1.225000e+03	3.196346e+06	1.225000e+03	3.180362e+06	1.225000e+03	3.182015e+06	1.225000e+03	3.162936e+06	1.225000e+03	3.184576e+06	1.225000e+03	3.182520e+06	1.225000e+03	3.183683e+06	1.225000e+03	3.184138e+06	1.225000e+03	3.186453e+06	1.225000e+03	3.188129e+06	1.225000e+03	3.202479e+06	1.225000e+03	3.203591e+06	1.225000e+03	3.215393e+06	1.225000e+03	3.170584e+06	1.225000e+03	3.180982e+06	1.225000e+03	3.196159e+06	1.225000e+03	3.193277e+06	1.225000e+03	3.202760e+06	1.225000e+03	3.185187e+06	1.225000e+03	3.197735e+06	1.225000e+03	3.193035e+06	1.225000e+03	3.201599e+06	1.225000e+03	3.210956e+06	1.225000e+03	3.182634e+06	1.225000e+03	3.198051e+06	1.225000e+03	3.199456e+06	1.225000e+03	3.199010e+06	1.225000e+03	3.208288e+06	1.225000e+03	3.176772e+06	1.225000e+03	3.193157e+06	1.225000e+03	3.199468e+06	1.225000e+03	3.197889e+06	1.225000e+03	3.196050e+06	1.225000e+03	3.200196e+06	1.225000e+03	3.204007e+06	1.225000e+03	3.181335e+06	1.225000e+03	3.204743e+06
1.230000e+03	3.110931e+06	1.230000e+03	3.102119e+06	1.230000e+03	3.078648e+06	1.230000e+03	3.066143e+06	1.230000e+03	3.047311e+06	1.230000e+03	3.050211e+06	1.230000e+03	3.050915e+06	1.230000e+03	3.027485e+06	1.230000e+03	3.036108e+06	1.230000e+03	3.030575e+06	1.230000e+03	3.021653e+06	1.230000e+03	3.016925e+06	1.230000e+03	3.029206e+06	1.230000e+03	3.035921e+06	1.230000e+03	3.030272e+06	1.230000e+03	3.024013e+06	1.230000e+03	3.046593e+06	1.230000e+03	3.039587e+06	1.230000e+03	3.013119e+06	1.230000e+03	3.033559e+06	1.230000e+03	3.041767e+06	1.230000e+03	3.010859e+06	1.230000e+03	3.028062e+06	1.230000e+03	3.016249e+06	1.230000e+03	3.007371e+06	1.230000e+03	3.009676e+06	1.230000e+03	3.015833e+06	1.230000e+03	3.008306e+06	1.230000e+03	3.023877e+06	1.230000e+03	3.043983e+06	1.230000e+03	3.006008e+06	1.230000e+03	3.014584e+06	1.230000e+03	2.996381e+06	1.230000e+03	3.021213e+06	1.230000e+03	3.029445e+06	1.230000e+03	3.047283e+06	1.230000e+03	3.018526e+06	1.230000e+03	3.028728e+06	1.230000e+03	3.040506e+06	1.230000e+03	3.032284e+06	1.230000e+03	3.037880e+06	1.230000e+03	3.053437e+06	1.230000e+03	3.044052e+06	1.230000e+03	3.034471e+06	1.230000e+03	3.050834e+06	1.230000e+03	3.058516e+06	1.230000e+03	3.056240e+06	1.230000e+03	3.051254e+06	1.230000e+03	3.074115e+06	1.230000e+03	3.078323e+06	1.230000e+03	3.064952e+06	1.230000e+03	3.069127e+06	1.230000e+03	3.045744e+06	1.230000e+03	3.078126e+06	1.230000e+03	3.073766e+06	1.230000e+03	3.058903e+06	1.230000e+03	3.075068e+06	1.230000e+03	3.086531e+06	1.230000e+03	3.068908e+06	1.230000e+03	3.079499e+06	1.230000e+03	3.100684e+06	1.230000e+03	3.088159e+06	1.230000e+03	3.092080e+06	1.230000e+03	3.077783e+06	1.230000e+03	3.065976e+06	1.230000e+03	3.110451e+06	1.230000e+03	3.096588e+06	1.230000e+03	3.062472e+06	1.230000e+03	3.088753e+06	1.230000e+03	3.095457e+06	1.230000e+03	3.080657e+06	1.230000e+03	3.085623e+06	1.230000e+03	3.105724e+06	1.230000e+03	3.085019e+06	1.230000e+03	3.079944e+06	1.230000e+03	3.099890e+06	1.230000e+03	3.120611e+06	1.230000e+03	3.099015e+06	1.230000e+03	3.137771e+06	1.230000e+03	3.092317e+06	1.230000e+03	3.111170e+06	1.230000e+03	3.112356e+06	1.230000e+03	3.112622e+06	1.230000e+03	3.111111e+06	1.230000e+03	3.104765e+06	1.230000e+03	3.104220e+06	1.230000e+03	3.106010e+06	1.230000e+03	3.123914e+06	1.230000e+03	3.105665e+06	1.230000e+03	3.106930e+06	1.230000e+03	3.138044e+06	1.230000e+03	3.120234e+06	1.230000e+03	3.110548e+06	1.230000e+03	3.112941e+06	1.230000e+03	3.118618e+06	1.230000e+03	3.126217e+06	1.230000e+03	3.128586e+06	1.230000e+03	3.126573e+06	1.230000e+03	3.109358e+06	1.230000e+03	3.135489e+06	1.230000e+03	3.137716e+06	1.230000e+03	3.127573e+06	1.230000e+03	3.125576e+06	1.230000e+03	3.118023e+06	1.230000e+03	3.111514e+06	1.230000e+03	3.120169e+06	1.230000e+03	3.114551e+06	1.230000e+03	3.105249e+06	1.230000e+03	3.123017e+06	1.230000e+03	3.110127e+06	1.230000e+03	3.119780e+06	1.230000e+03	3.139081e+06	1.230000e+03	3.119379e+06	1.230000e+03	3.125645e+06	1.230000e+03	3.114880e+06	1.230000e+03	3.140953e+06	1.230000e+03	3.143434e+06	1.230000e+03	3.111356e+06	1.230000e+03	3.085877e+06	1.230000e+03	3.099797e+06	1.230000e+03	3.138363e+06	1.230000e+03	3.125894e+06	1.230000e+03	3.124155e+06	1.230000e+03	3.119478e+06	1.230000e+03	3.124833e+06	1.230000e+03	3.092701e+06	1.230000e+03	3.114834e+06	1.230000e+03	3.109388e+06	1.230000e+03	3.131064e+06	1.230000e+03	3.122898e+06	1.230000e+03	3.122676e+06	1.230000e+03	3.116598e+06	1.230000e+03	3.091495e+06	1.230000e+03	3.117050e+06	1.230000e+03	3.107428e+06	1.230000e+03	3.121817e+06	1.230000e+03	3.134478e+06	1.230000e+03	3.129650e+06	1.230000e+03	3.125845e+06	1.230000e+03	3.103595e+06	1.230000e+03	3.104109e+06	1.230000e+03	3.135821e+06	1.230000e+03	3.143693e+06	1.230000e+03	3.123904e+06	1.230000e+03	3.143338e+06	1.230000e+03	3.122995e+06	1.230000e+03	3.119384e+06	1.230000e+03	3.131843e+06	1.230000e+03	3.138082e+06	1.230000e+03	3.145521e+06	1.230000e+03	3.136525e+06	1.230000e+03	3.127905e+06	1.230000e+03	3.123612e+06	1.230000e+03	3.149697e+06	1.230000e+03	3.148998e+06	1.230000e+03	3.148607e+06	1.230000e+03	3.122222e+06	1.230000e+03	3.142255e+06	1.230000e+03	3.139879e+06	1.230000e+03	3.146670e+06	1.230000e+03	3.146593e+06	1.230000e+03	3.163515e+06	1.230000e+03	3.136925e+06	1.230000e+03	3.135201e+06	1.230000e+03	3.145506e+06	1.230000e+03	3.162310e+06	1.230000e+03	3.139432e+06	1.230000e+03	3.142918e+06	1.230000e+03	3.146006e+06	1.230000e+03	3.149657e+06	1.230000e+03	3.157735e+06	1.230000e+03	3.146859e+06	1.230000e+03	3.161154e+06	1.230000e+03	3.149895e+06	1.230000e+03	3.125684e+06	1.230000e+03	3.152355e+06	1.230000e+03	3.144764e+06	1.230000e+03	3.165342e+06	1.230000e+03	3.137867e+06	1.230000e+03	3.162398e+06	1.230000e+03	3.156758e+06	1.230000e+03	3.159857e+06	1.230000e+03	3.149094e+06	1.230000e+03	3.155182e+06	1.230000e+03	3.171746e+06	1.230000e+03	3.170740e+06	1.230000e+03	3.180988e+06	1.230000e+03	3.134018e+06	1.230000e+03	3.173947e+06	1.230000e+03	3.174152e+06	1.230000e+03	3.167497e+06	1.230000e+03	3.182881e+06	1.230000e+03	3.168078e+06	1.230000e+03	3.142242e+06	1.230000e+03	3.171785e+06	1.230000e+03	3.152183e+06	1.230000e+03	3.139518e+06	1.230000e+03	3.161016e+06	1.230000e+03	3.165773e+06	1.230000e+03	3.159492e+06	1.230000e+03	3.145886e+06	1.230000e+03	3.153223e+06	1.230000e+03	3.167486e+06	1.230000e+03	3.145299e+06	1.230000e+03	3.147731e+06	1.230000e+03	3.165961e+06	1.230000e+03	3.158661e+06	1.230000e+03	3.146424e+06	1.230000e+03	3.156022e+06	1.230000e+03	3.171308e+06	1.230000e+03	3.164456e+06	1.230000e+03	3.159037e+06	1.230000e+03	3.152480e+06	1.230000e+03	3.164405e+06	1.230000e+03	3.151147e+06	1.230000e+03	3.159474e+06	1.230000e+03	3.146620e+06	1.230000e+03	3.150667e+06	1.230000e+03	3.162406e+06	1.230000e+03	3.163705e+06	1.230000e+03	3.162850e+06	1.230000e+03	3.176925e+06	1.230000e+03	3.140040e+06	1.230000e+03	3.156238e+06	1.230000e+03	3.170208e+06	1.230000e+03	3.169081e+06	1.230000e+03	3.169138e+06	1.230000e+03	3.165924e+06	1.230000e+03	3.146133e+06	1.230000e+03	3.156666e+06	1.230000e+03	3.160931e+06	1.230000e+03	3.146770e+06	1.230000e+03	3.151485e+06	1.230000e+03	3.159641e+06	1.230000e+03	3.163472e+06	1.230000e+03	3.165037e+06	1.230000e+03	3.161531e+06	1.230000e+03	3.179983e+06	1.230000e+03	3.150473e+06	1.230000e+03	3.152090e+06	1.230000e+03	3.184454e+06	1.230000e+03	3.160556e+06	1.230000e+03	3.150061e+06	1.230000e+03	3.179706e+06	1.230000e+03	3.161612e+06	1.230000e+03	3.188879e+06	1.230000e+03	3.136178e+06	1.230000e+03	3.152684e+06	1.230000e+03	3.138547e+06	1.230000e+03	3.153059e+06	1.230000e+03	3.157720e+06	1.230000e+03	3.164227e+06	1.230000e+03	3.181861e+06	1.230000e+03	3.180566e+06	1.230000e+03	3.183615e+06	1.230000e+03	3.167035e+06	1.230000e+03	3.173177e+06	1.230000e+03	3.167006e+06	1.230000e+03	3.166400e+06	1.230000e+03	3.158755e+06	1.230000e+03	3.160355e+06	1.230000e+03	3.173919e+06	1.230000e+03	3.184217e+06	1.230000e+03	3.174285e+06	1.230000e+03	3.170822e+06	1.230000e+03	3.182617e+06	1.230000e+03	3.167809e+06	1.230000e+03	3.178511e+06	1.230000e+03	3.171478e+06	1.230000e+03	3.158175e+06	1.230000e+03	3.190616e+06	1.230000e+03	3.161549e+06	1.230000e+03	3.165734e+06	1.230000e+03	3.182409e+06	1.230000e+03	3.185327e+06	1.230000e+03	3.187404e+06	1.230000e+03	3.172618e+06	1.230000e+03	3.185630e+06	1.230000e+03	3.186677e+06	1.230000e+03	3.193201e+06	1.230000e+03	3.176649e+06	1.230000e+03	3.184432e+06	1.230000e+03	3.186331e+06	1.230000e+03	3.190558e+06	1.230000e+03	3.180145e+06	1.230000e+03	3.194165e+06	1.230000e+03	3.182565e+06	1.230000e+03	3.202352e+06	1.230000e+03	3.207302e+06	1.230000e+03	3.213528e+06	1.230000e+03	3.172815e+06	1.230000e+03	3.186219e+06	1.230000e+03	3.191303e+06	1.230000e+03	3.193313e+06	1.230000e+03	3.206620e+06	1.230000e+03	3.192190e+06	1.230000e+03	3.193124e+06	1.230000e+03	3.194669e+06	1.230000e+03	3.199133e+06	1.230000e+03	3.208153e+06	1.230000e+03	3.182994e+06	1.230000e+03	3.202498e+06	1.230000e+03	3.197633e+06	1.230000e+03	3.198719e+06	1.230000e+03	3.209435e+06	1.230000e+03	3.176691e+06	1.230000e+03	3.194800e+06	1.230000e+03	3.189957e+06	1.230000e+03	3.197604e+06	1.230000e+03	3.203178e+06	1.230000e+03	3.195744e+06	1.230000e+03	3.198953e+06	1.230000e+03	3.180351e+06	1.230000e+03	3.194926e+06
1.235000e+03	3.118524e+06	1.235000e+03	3.100154e+06	1.235000e+03	3.080701e+06	1.235000e+03	3.076373e+06	1.235000e+03	3.042868e+06	1.235000e+03	3.052688e+06	1.235000e+03	3.048972e+06	1.235000e+03	3.025752e+06	1.235000e+03	3.042706e+06	1.235000e+03	3.030211e+06	1.235000e+03	3.021478e+06	1.235000e+03	3.016798e+06	1.235000e+03	3.027754e+06	1.235000e+03	3.035169e+06	1.235000e+03	3.029486e+06	1.235000e+03	3.029239e+06	1.235000e+03	3.055268e+06	1.235000e+03	3.046682e+06	1.235000e+03	3.005272e+06	1.235000e+03	3.035730e+06	1.235000e+03	3.044903e+06	1.235000e+03	3.010583e+06	1.235000e+03	3.023340e+06	1.235000e+03	3.011445e+06	1.235000e+03	3.010176e+06	1.235000e+03	3.000477e+06	1.235000e+03	3.016772e+06	1.235000e+03	3.006697e+06	1.235000e+03	3.027961e+06	1.235000e+03	3.035036e+06	1.235000e+03	3.014286e+06	1.235000e+03	3.009277e+06	1.235000e+03	2.999462e+06	1.235000e+03	3.029889e+06	1.235000e+03	3.042903e+06	1.235000e+03	3.046934e+06	1.235000e+03	3.023878e+06	1.235000e+03	3.032478e+06	1.235000e+03	3.039401e+06	1.235000e+03	3.031303e+06	1.235000e+03	3.038251e+06	1.235000e+03	3.061411e+06	1.235000e+03	3.050762e+06	1.235000e+03	3.041447e+06	1.235000e+03	3.050210e+06	1.235000e+03	3.060598e+06	1.235000e+03	3.044882e+06	1.235000e+03	3.056574e+06	1.235000e+03	3.080839e+06	1.235000e+03	3.081499e+06	1.235000e+03	3.062400e+06	1.235000e+03	3.067236e+06	1.235000e+03	3.049877e+06	1.235000e+03	3.077076e+06	1.235000e+03	3.071946e+06	1.235000e+03	3.071880e+06	1.235000e+03	3.078703e+06	1.235000e+03	3.082835e+06	1.235000e+03	3.059622e+06	1.235000e+03	3.085681e+06	1.235000e+03	3.097849e+06	1.235000e+03	3.080076e+06	1.235000e+03	3.091538e+06	1.235000e+03	3.073751e+06	1.235000e+03	3.072149e+06	1.235000e+03	3.089636e+06	1.235000e+03	3.096552e+06	1.235000e+03	3.063162e+06	1.235000e+03	3.092622e+06	1.235000e+03	3.094226e+06	1.235000e+03	3.087267e+06	1.235000e+03	3.085406e+06	1.235000e+03	3.103727e+06	1.235000e+03	3.089355e+06	1.235000e+03	3.082954e+06	1.235000e+03	3.096781e+06	1.235000e+03	3.115126e+06	1.235000e+03	3.107345e+06	1.235000e+03	3.135150e+06	1.235000e+03	3.093130e+06	1.235000e+03	3.105636e+06	1.235000e+03	3.131899e+06	1.235000e+03	3.109776e+06	1.235000e+03	3.108488e+06	1.235000e+03	3.104909e+06	1.235000e+03	3.114784e+06	1.235000e+03	3.090418e+06	1.235000e+03	3.120260e+06	1.235000e+03	3.110904e+06	1.235000e+03	3.106610e+06	1.235000e+03	3.123525e+06	1.235000e+03	3.110917e+06	1.235000e+03	3.118865e+06	1.235000e+03	3.110416e+06	1.235000e+03	3.139240e+06	1.235000e+03	3.126409e+06	1.235000e+03	3.122847e+06	1.235000e+03	3.131760e+06	1.235000e+03	3.109017e+06	1.235000e+03	3.131999e+06	1.235000e+03	3.136563e+06	1.235000e+03	3.127169e+06	1.235000e+03	3.122363e+06	1.235000e+03	3.133435e+06	1.235000e+03	3.118460e+06	1.235000e+03	3.121703e+06	1.235000e+03	3.110777e+06	1.235000e+03	3.101926e+06	1.235000e+03	3.124789e+06	1.235000e+03	3.113670e+06	1.235000e+03	3.113652e+06	1.235000e+03	3.139076e+06	1.235000e+03	3.125077e+06	1.235000e+03	3.126817e+06	1.235000e+03	3.117400e+06	1.235000e+03	3.143129e+06	1.235000e+03	3.146566e+06	1.235000e+03	3.108613e+06	1.235000e+03	3.083410e+06	1.235000e+03	3.100538e+06	1.235000e+03	3.148518e+06	1.235000e+03	3.119397e+06	1.235000e+03	3.123576e+06	1.235000e+03	3.119241e+06	1.235000e+03	3.127714e+06	1.235000e+03	3.093346e+06	1.235000e+03	3.112301e+06	1.235000e+03	3.113970e+06	1.235000e+03	3.132088e+06	1.235000e+03	3.120983e+06	1.235000e+03	3.129095e+06	1.235000e+03	3.123648e+06	1.235000e+03	3.106396e+06	1.235000e+03	3.114784e+06	1.235000e+03	3.107056e+06	1.235000e+03	3.116777e+06	1.235000e+03	3.130775e+06	1.235000e+03	3.124829e+06	1.235000e+03	3.127063e+06	1.235000e+03	3.100819e+06	1.235000e+03	3.110861e+06	1.235000e+03	3.137961e+06	1.235000e+03	3.133420e+06	1.235000e+03	3.125663e+06	1.235000e+03	3.155914e+06	1.235000e+03	3.131303e+06	1.235000e+03	3.131505e+06	1.235000e+03	3.133127e+06	1.235000e+03	3.131461e+06	1.235000e+03	3.140416e+06	1.235000e+03	3.137468e+06	1.235000e+03	3.135695e+06	1.235000e+03	3.120507e+06	1.235000e+03	3.146598e+06	1.235000e+03	3.150780e+06	1.235000e+03	3.146595e+06	1.235000e+03	3.129211e+06	1.235000e+03	3.148973e+06	1.235000e+03	3.149937e+06	1.235000e+03	3.153250e+06	1.235000e+03	3.151062e+06	1.235000e+03	3.164248e+06	1.235000e+03	3.151485e+06	1.235000e+03	3.127478e+06	1.235000e+03	3.147972e+06	1.235000e+03	3.164039e+06	1.235000e+03	3.143661e+06	1.235000e+03	3.144819e+06	1.235000e+03	3.145112e+06	1.235000e+03	3.166470e+06	1.235000e+03	3.166808e+06	1.235000e+03	3.149239e+06	1.235000e+03	3.159261e+06	1.235000e+03	3.150125e+06	1.235000e+03	3.138286e+06	1.235000e+03	3.156671e+06	1.235000e+03	3.152161e+06	1.235000e+03	3.184675e+06	1.235000e+03	3.138136e+06	1.235000e+03	3.158069e+06	1.235000e+03	3.154190e+06	1.235000e+03	3.157491e+06	1.235000e+03	3.149575e+06	1.235000e+03	3.151784e+06	1.235000e+03	3.173401e+06	1.235000e+03	3.182302e+06	1.235000e+03	3.167173e+06	1.235000e+03	3.131837e+06	1.235000e+03	3.173309e+06	1.235000e+03	3.179094e+06	1.235000e+03	3.164968e+06	1.235000e+03	3.193153e+06	1.235000e+03	3.175680e+06	1.235000e+03	3.143640e+06	1.235000e+03	3.173201e+06	1.235000e+03	3.154307e+06	1.235000e+03	3.132083e+06	1.235000e+03	3.168507e+06	1.235000e+03	3.163801e+06	1.235000e+03	3.158094e+06	1.235000e+03	3.148565e+06	1.235000e+03	3.151758e+06	1.235000e+03	3.162905e+06	1.235000e+03	3.152585e+06	1.235000e+03	3.154563e+06	1.235000e+03	3.162841e+06	1.235000e+03	3.165665e+06	1.235000e+03	3.145329e+06	1.235000e+03	3.153815e+06	1.235000e+03	3.174510e+06	1.235000e+03	3.162269e+06	1.235000e+03	3.154111e+06	1.235000e+03	3.153094e+06	1.235000e+03	3.166198e+06	1.235000e+03	3.162613e+06	1.235000e+03	3.166683e+06	1.235000e+03	3.140017e+06	1.235000e+03	3.149737e+06	1.235000e+03	3.159108e+06	1.235000e+03	3.162758e+06	1.235000e+03	3.171799e+06	1.235000e+03	3.180761e+06	1.235000e+03	3.134998e+06	1.235000e+03	3.146710e+06	1.235000e+03	3.173905e+06	1.235000e+03	3.175647e+06	1.235000e+03	3.167421e+06	1.235000e+03	3.162497e+06	1.235000e+03	3.151663e+06	1.235000e+03	3.141992e+06	1.235000e+03	3.167101e+06	1.235000e+03	3.147884e+06	1.235000e+03	3.152702e+06	1.235000e+03	3.160781e+06	1.235000e+03	3.162516e+06	1.235000e+03	3.161868e+06	1.235000e+03	3.167267e+06	1.235000e+03	3.169973e+06	1.235000e+03	3.147212e+06	1.235000e+03	3.146653e+06	1.235000e+03	3.177865e+06	1.235000e+03	3.154611e+06	1.235000e+03	3.148768e+06	1.235000e+03	3.179213e+06	1.235000e+03	3.159866e+06	1.235000e+03	3.198771e+06	1.235000e+03	3.134740e+06	1.235000e+03	3.150771e+06	1.235000e+03	3.133952e+06	1.235000e+03	3.156188e+06	1.235000e+03	3.169715e+06	1.235000e+03	3.163158e+06	1.235000e+03	3.187684e+06	1.235000e+03	3.179168e+06	1.235000e+03	3.187999e+06	1.235000e+03	3.166944e+06	1.235000e+03	3.168317e+06	1.235000e+03	3.166860e+06	1.235000e+03	3.165519e+06	1.235000e+03	3.161568e+06	1.235000e+03	3.158212e+06	1.235000e+03	3.178242e+06	1.235000e+03	3.178962e+06	1.235000e+03	3.173382e+06	1.235000e+03	3.174058e+06	1.235000e+03	3.179708e+06	1.235000e+03	3.169789e+06	1.235000e+03	3.187110e+06	1.235000e+03	3.172347e+06	1.235000e+03	3.149970e+06	1.235000e+03	3.171910e+06	1.235000e+03	3.158896e+06	1.235000e+03	3.163406e+06	1.235000e+03	3.184614e+06	1.235000e+03	3.177727e+06	1.235000e+03	3.183545e+06	1.235000e+03	3.170245e+06	1.235000e+03	3.181867e+06	1.235000e+03	3.201136e+06	1.235000e+03	3.186494e+06	1.235000e+03	3.175055e+06	1.235000e+03	3.189215e+06	1.235000e+03	3.178473e+06	1.235000e+03	3.185674e+06	1.235000e+03	3.177891e+06	1.235000e+03	3.184132e+06	1.235000e+03	3.188097e+06	1.235000e+03	3.201672e+06	1.235000e+03	3.211107e+06	1.235000e+03	3.210255e+06	1.235000e+03	3.178853e+06	1.235000e+03	3.181860e+06	1.235000e+03	3.196448e+06	1.235000e+03	3.189576e+06	1.235000e+03	3.206863e+06	1.235000e+03	3.188279e+06	1.235000e+03	3.190382e+06	1.235000e+03	3.197064e+06	1.235000e+03	3.190427e+06	1.235000e+03	3.206483e+06	1.235000e+03	3.194972e+06	1.235000e+03	3.203132e+06	1.235000e+03	3.196744e+06	1.235000e+03	3.194061e+06	1.235000e+03	3.211763e+06	1.235000e+03	3.177974e+06	1.235000e+03	3.207761e+06	1.235000e+03	3.188376e+06	1.235000e+03	3.189165e+06	1.235000e+03	3.197870e+06	1.235000e+03	3.197624e+06	1.235000e+03	3.193059e+06	1.235000e+03	3.178969e+06	1.235000e+03	3.192945e+06
1.240000e+03	3.117281e+06	1.240000e+03	3.104345e+06	1.240000e+03	3.083659e+06	1.240000e+03	3.069544e+06	1.240000e+03	3.048611e+06	1.240000e+03	3.046558e+06	1.240000e+03	3.056413e+06	1.240000e+03	3.019372e+06	1.240000e+03	3.040981e+06	1.240000e+03	3.040224e+06	1.240000e+03	3.026822e+06	1.240000e+03	3.013387e+06	1.240000e+03	3.025413e+06	1.240000e+03	3.034535e+06	1.240000e+03	3.030151e+06	1.240000e+03	3.027438e+06	1.240000e+03	3.047794e+06	1.240000e+03	3.042510e+06	1.240000e+03	3.015872e+06	1.240000e+03	3.041244e+06	1.240000e+03	3.042577e+06	1.240000e+03	3.008397e+06	1.240000e+03	3.025439e+06	1.240000e+03	3.014776e+06	1.240000e+03	3.013663e+06	1.240000e+03	2.999093e+06	1.240000e+03	3.013833e+06	1.240000e+03	3.000411e+06	1.240000e+03	3.025567e+06	1.240000e+03	3.027116e+06	1.240000e+03	3.011571e+06	1.240000e+03	3.009246e+06	1.240000e+03	2.994731e+06	1.240000e+03	3.018325e+06	1.240000e+03	3.044749e+06	1.240000e+03	3.048293e+06	1.240000e+03	3.024401e+06	1.240000e+03	3.043417e+06	1.240000e+03	3.026842e+06	1.240000e+03	3.023101e+06	1.240000e+03	3.035041e+06	1.240000e+03	3.055290e+06	1.240000e+03	3.046353e+06	1.240000e+03	3.039534e+06	1.240000e+03	3.046645e+06	1.240000e+03	3.063675e+06	1.240000e+03	3.047789e+06	1.240000e+03	3.055902e+06	1.240000e+03	3.074602e+06	1.240000e+03	3.075632e+06	1.240000e+03	3.067996e+06	1.240000e+03	3.073131e+06	1.240000e+03	3.056900e+06	1.240000e+03	3.087307e+06	1.240000e+03	3.067586e+06	1.240000e+03	3.070201e+06	1.240000e+03	3.074294e+06	1.240000e+03	3.081138e+06	1.240000e+03	3.074607e+06	1.240000e+03	3.090853e+06	1.240000e+03	3.105816e+06	1.240000e+03	3.084843e+06	1.240000e+03	3.089783e+06	1.240000e+03	3.075668e+06	1.240000e+03	3.070027e+06	1.240000e+03	3.091635e+06	1.240000e+03	3.097915e+06	1.240000e+03	3.063561e+06	1.240000e+03	3.092044e+06	1.240000e+03	3.089365e+06	1.240000e+03	3.095231e+06	1.240000e+03	3.078903e+06	1.240000e+03	3.100510e+06	1.240000e+03	3.091549e+06	1.240000e+03	3.079632e+06	1.240000e+03	3.106475e+06	1.240000e+03	3.119171e+06	1.240000e+03	3.110136e+06	1.240000e+03	3.114849e+06	1.240000e+03	3.094327e+06	1.240000e+03	3.104873e+06	1.240000e+03	3.109039e+06	1.240000e+03	3.111364e+06	1.240000e+03	3.106377e+06	1.240000e+03	3.116049e+06	1.240000e+03	3.093664e+06	1.240000e+03	3.097422e+06	1.240000e+03	3.129692e+06	1.240000e+03	3.112933e+06	1.240000e+03	3.106728e+06	1.240000e+03	3.129819e+06	1.240000e+03	3.115525e+06	1.240000e+03	3.128011e+06	1.240000e+03	3.107777e+06	1.240000e+03	3.116054e+06	1.240000e+03	3.122847e+06	1.240000e+03	3.115205e+06	1.240000e+03	3.132277e+06	1.240000e+03	3.109087e+06	1.240000e+03	3.140000e+06	1.240000e+03	3.131673e+06	1.240000e+03	3.128459e+06	1.240000e+03	3.124460e+06	1.240000e+03	3.137929e+06	1.240000e+03	3.107599e+06	1.240000e+03	3.123202e+06	1.240000e+03	3.105539e+06	1.240000e+03	3.103409e+06	1.240000e+03	3.116950e+06	1.240000e+03	3.114302e+06	1.240000e+03	3.111928e+06	1.240000e+03	3.137403e+06	1.240000e+03	3.119873e+06	1.240000e+03	3.128877e+06	1.240000e+03	3.117814e+06	1.240000e+03	3.140883e+06	1.240000e+03	3.133927e+06	1.240000e+03	3.091860e+06	1.240000e+03	3.087843e+06	1.240000e+03	3.104896e+06	1.240000e+03	3.146098e+06	1.240000e+03	3.126624e+06	1.240000e+03	3.115465e+06	1.240000e+03	3.119030e+06	1.240000e+03	3.131116e+06	1.240000e+03	3.099022e+06	1.240000e+03	3.116137e+06	1.240000e+03	3.118493e+06	1.240000e+03	3.133818e+06	1.240000e+03	3.123335e+06	1.240000e+03	3.122824e+06	1.240000e+03	3.120192e+06	1.240000e+03	3.111299e+06	1.240000e+03	3.116821e+06	1.240000e+03	3.109292e+06	1.240000e+03	3.116374e+06	1.240000e+03	3.130731e+06	1.240000e+03	3.121263e+06	1.240000e+03	3.134458e+06	1.240000e+03	3.104573e+06	1.240000e+03	3.109398e+06	1.240000e+03	3.133623e+06	1.240000e+03	3.141013e+06	1.240000e+03	3.129172e+06	1.240000e+03	3.157832e+06	1.240000e+03	3.121014e+06	1.240000e+03	3.131744e+06	1.240000e+03	3.131206e+06	1.240000e+03	3.133614e+06	1.240000e+03	3.139697e+06	1.240000e+03	3.141870e+06	1.240000e+03	3.127892e+06	1.240000e+03	3.126485e+06	1.240000e+03	3.156509e+06	1.240000e+03	3.155813e+06	1.240000e+03	3.147757e+06	1.240000e+03	3.125290e+06	1.240000e+03	3.141641e+06	1.240000e+03	3.144368e+06	1.240000e+03	3.147984e+06	1.240000e+03	3.149814e+06	1.240000e+03	3.159189e+06	1.240000e+03	3.136634e+06	1.240000e+03	3.127133e+06	1.240000e+03	3.142047e+06	1.240000e+03	3.163531e+06	1.240000e+03	3.141648e+06	1.240000e+03	3.149492e+06	1.240000e+03	3.142702e+06	1.240000e+03	3.155589e+06	1.240000e+03	3.170428e+06	1.240000e+03	3.151445e+06	1.240000e+03	3.160781e+06	1.240000e+03	3.151313e+06	1.240000e+03	3.144309e+06	1.240000e+03	3.152029e+06	1.240000e+03	3.152839e+06	1.240000e+03	3.185377e+06	1.240000e+03	3.142445e+06	1.240000e+03	3.154655e+06	1.240000e+03	3.147912e+06	1.240000e+03	3.150536e+06	1.240000e+03	3.141687e+06	1.240000e+03	3.153811e+06	1.240000e+03	3.175684e+06	1.240000e+03	3.179296e+06	1.240000e+03	3.163014e+06	1.240000e+03	3.137331e+06	1.240000e+03	3.168229e+06	1.240000e+03	3.179048e+06	1.240000e+03	3.161121e+06	1.240000e+03	3.199068e+06	1.240000e+03	3.175948e+06	1.240000e+03	3.146060e+06	1.240000e+03	3.172329e+06	1.240000e+03	3.152902e+06	1.240000e+03	3.136063e+06	1.240000e+03	3.167743e+06	1.240000e+03	3.164022e+06	1.240000e+03	3.172502e+06	1.240000e+03	3.147622e+06	1.240000e+03	3.155598e+06	1.240000e+03	3.162377e+06	1.240000e+03	3.148713e+06	1.240000e+03	3.154495e+06	1.240000e+03	3.153262e+06	1.240000e+03	3.164442e+06	1.240000e+03	3.143997e+06	1.240000e+03	3.157736e+06	1.240000e+03	3.187894e+06	1.240000e+03	3.161230e+06	1.240000e+03	3.153375e+06	1.240000e+03	3.155034e+06	1.240000e+03	3.162042e+06	1.240000e+03	3.164697e+06	1.240000e+03	3.158138e+06	1.240000e+03	3.153395e+06	1.240000e+03	3.148857e+06	1.240000e+03	3.156566e+06	1.240000e+03	3.159555e+06	1.240000e+03	3.164771e+06	1.240000e+03	3.185575e+06	1.240000e+03	3.137466e+06	1.240000e+03	3.150577e+06	1.240000e+03	3.170959e+06	1.240000e+03	3.178794e+06	1.240000e+03	3.162646e+06	1.240000e+03	3.161824e+06	1.240000e+03	3.165162e+06	1.240000e+03	3.144224e+06	1.240000e+03	3.166936e+06	1.240000e+03	3.148736e+06	1.240000e+03	3.156966e+06	1.240000e+03	3.162949e+06	1.240000e+03	3.159568e+06	1.240000e+03	3.162838e+06	1.240000e+03	3.161713e+06	1.240000e+03	3.171457e+06	1.240000e+03	3.148764e+06	1.240000e+03	3.159760e+06	1.240000e+03	3.170000e+06	1.240000e+03	3.167625e+06	1.240000e+03	3.150889e+06	1.240000e+03	3.159991e+06	1.240000e+03	3.162208e+06	1.240000e+03	3.193130e+06	1.240000e+03	3.132867e+06	1.240000e+03	3.159000e+06	1.240000e+03	3.146805e+06	1.240000e+03	3.152018e+06	1.240000e+03	3.183463e+06	1.240000e+03	3.161214e+06	1.240000e+03	3.159834e+06	1.240000e+03	3.182504e+06	1.240000e+03	3.183791e+06	1.240000e+03	3.169670e+06	1.240000e+03	3.162484e+06	1.240000e+03	3.166142e+06	1.240000e+03	3.161620e+06	1.240000e+03	3.150919e+06	1.240000e+03	3.171805e+06	1.240000e+03	3.185827e+06	1.240000e+03	3.176460e+06	1.240000e+03	3.183056e+06	1.240000e+03	3.173437e+06	1.240000e+03	3.178226e+06	1.240000e+03	3.163735e+06	1.240000e+03	3.195177e+06	1.240000e+03	3.175836e+06	1.240000e+03	3.150491e+06	1.240000e+03	3.169103e+06	1.240000e+03	3.161377e+06	1.240000e+03	3.164818e+06	1.240000e+03	3.184422e+06	1.240000e+03	3.177025e+06	1.240000e+03	3.178487e+06	1.240000e+03	3.170173e+06	1.240000e+03	3.187636e+06	1.240000e+03	3.202586e+06	1.240000e+03	3.183038e+06	1.240000e+03	3.171313e+06	1.240000e+03	3.182670e+06	1.240000e+03	3.175038e+06	1.240000e+03	3.185553e+06	1.240000e+03	3.176162e+06	1.240000e+03	3.178076e+06	1.240000e+03	3.191191e+06	1.240000e+03	3.202019e+06	1.240000e+03	3.197735e+06	1.240000e+03	3.216159e+06	1.240000e+03	3.188249e+06	1.240000e+03	3.177128e+06	1.240000e+03	3.199767e+06	1.240000e+03	3.182808e+06	1.240000e+03	3.215788e+06	1.240000e+03	3.185489e+06	1.240000e+03	3.190321e+06	1.240000e+03	3.203302e+06	1.240000e+03	3.191234e+06	1.240000e+03	3.205499e+06	1.240000e+03	3.184445e+06	1.240000e+03	3.196852e+06	1.240000e+03	3.194222e+06	1.240000e+03	3.199429e+06	1.240000e+03	3.206226e+06	1.240000e+03	3.182283e+06	1.240000e+03	3.208719e+06	1.240000e+03	3.196984e+06	1.240000e+03	3.191724e+06	1.240000e+03	3.203456e+06	1.240000e+03	3.198831e+06	1.240000e+03	3.189776e+06	1.240000e+03	3.184289e+06	1.240000e+03	3.196349e+06
1.245000e+03	3.123183e+06	1.245000e+03	3.108384e+06	1.245000e+03	3.091051e+06	1.245000e+03	3.074496e+06	1.245000e+03	3.048450e+06	1.245000e+03	3.040785e+06	1.245000e+03	3.057809e+06	1.245000e+03	3.022233e+06	1.245000e+03	3.037650e+06	1.245000e+03	3.033756e+06	1.245000e+03	3.037955e+06	1.245000e+03	3.019948e+06	1.245000e+03	3.028653e+06	1.245000e+03	3.032974e+06	1.245000e+03	3.036246e+06	1.245000e+03	3.027915e+06	1.245000e+03	3.032522e+06	1.245000e+03	3.045340e+06	1.245000e+03	3.018911e+06	1.245000e+03	3.037896e+06	1.245000e+03	3.043208e+06	1.245000e+03	3.016052e+06	1.245000e+03	3.041540e+06	1.245000e+03	3.006011e+06	1.245000e+03	3.004432e+06	1.245000e+03	2.991973e+06	1.245000e+03	3.021074e+06	1.245000e+03	3.007263e+06	1.245000e+03	3.026611e+06	1.245000e+03	3.031106e+06	1.245000e+03	3.014399e+06	1.245000e+03	3.013410e+06	1.245000e+03	3.000078e+06	1.245000e+03	3.011386e+06	1.245000e+03	3.032471e+06	1.245000e+03	3.031229e+06	1.245000e+03	3.021346e+06	1.245000e+03	3.048848e+06	1.245000e+03	3.023985e+06	1.245000e+03	3.033435e+06	1.245000e+03	3.040323e+06	1.245000e+03	3.054808e+06	1.245000e+03	3.047434e+06	1.245000e+03	3.039766e+06	1.245000e+03	3.043770e+06	1.245000e+03	3.067462e+06	1.245000e+03	3.048859e+06	1.245000e+03	3.049130e+06	1.245000e+03	3.077233e+06	1.245000e+03	3.061333e+06	1.245000e+03	3.068260e+06	1.245000e+03	3.070260e+06	1.245000e+03	3.054551e+06	1.245000e+03	3.091266e+06	1.245000e+03	3.067513e+06	1.245000e+03	3.068414e+06	1.245000e+03	3.082168e+06	1.245000e+03	3.086036e+06	1.245000e+03	3.075678e+06	1.245000e+03	3.088380e+06	1.245000e+03	3.099592e+06	1.245000e+03	3.099207e+06	1.245000e+03	3.078133e+06	1.245000e+03	3.078547e+06	1.245000e+03	3.071617e+06	1.245000e+03	3.091296e+06	1.245000e+03	3.097158e+06	1.245000e+03	3.062285e+06	1.245000e+03	3.096124e+06	1.245000e+03	3.094585e+06	1.245000e+03	3.110089e+06	1.245000e+03	3.071877e+06	1.245000e+03	3.101321e+06	1.245000e+03	3.085567e+06	1.245000e+03	3.087563e+06	1.245000e+03	3.095078e+06	1.245000e+03	3.116632e+06	1.245000e+03	3.100990e+06	1.245000e+03	3.114857e+06	1.245000e+03	3.092860e+06	1.245000e+03	3.131889e+06	1.245000e+03	3.115019e+06	1.245000e+03	3.117207e+06	1.245000e+03	3.102856e+06	1.245000e+03	3.111693e+06	1.245000e+03	3.090809e+06	1.245000e+03	3.100486e+06	1.245000e+03	3.122861e+06	1.245000e+03	3.108854e+06	1.245000e+03	3.099510e+06	1.245000e+03	3.127848e+06	1.245000e+03	3.114938e+06	1.245000e+03	3.126712e+06	1.245000e+03	3.110205e+06	1.245000e+03	3.120041e+06	1.245000e+03	3.128652e+06	1.245000e+03	3.125500e+06	1.245000e+03	3.125991e+06	1.245000e+03	3.110446e+06	1.245000e+03	3.131893e+06	1.245000e+03	3.131056e+06	1.245000e+03	3.135390e+06	1.245000e+03	3.122798e+06	1.245000e+03	3.126564e+06	1.245000e+03	3.109129e+06	1.245000e+03	3.128702e+06	1.245000e+03	3.102835e+06	1.245000e+03	3.108204e+06	1.245000e+03	3.132709e+06	1.245000e+03	3.115564e+06	1.245000e+03	3.117058e+06	1.245000e+03	3.135048e+06	1.245000e+03	3.119283e+06	1.245000e+03	3.127609e+06	1.245000e+03	3.120325e+06	1.245000e+03	3.144963e+06	1.245000e+03	3.134674e+06	1.245000e+03	3.097848e+06	1.245000e+03	3.090147e+06	1.245000e+03	3.105744e+06	1.245000e+03	3.146309e+06	1.245000e+03	3.128772e+06	1.245000e+03	3.120563e+06	1.245000e+03	3.120703e+06	1.245000e+03	3.124665e+06	1.245000e+03	3.105445e+06	1.245000e+03	3.123565e+06	1.245000e+03	3.114479e+06	1.245000e+03	3.132589e+06	1.245000e+03	3.122293e+06	1.245000e+03	3.124643e+06	1.245000e+03	3.122226e+06	1.245000e+03	3.112272e+06	1.245000e+03	3.120686e+06	1.245000e+03	3.110865e+06	1.245000e+03	3.111829e+06	1.245000e+03	3.131715e+06	1.245000e+03	3.132988e+06	1.245000e+03	3.130920e+06	1.245000e+03	3.102381e+06	1.245000e+03	3.110293e+06	1.245000e+03	3.134231e+06	1.245000e+03	3.141952e+06	1.245000e+03	3.121765e+06	1.245000e+03	3.155977e+06	1.245000e+03	3.108566e+06	1.245000e+03	3.127840e+06	1.245000e+03	3.128671e+06	1.245000e+03	3.128559e+06	1.245000e+03	3.133862e+06	1.245000e+03	3.133476e+06	1.245000e+03	3.121003e+06	1.245000e+03	3.119264e+06	1.245000e+03	3.141448e+06	1.245000e+03	3.159012e+06	1.245000e+03	3.148659e+06	1.245000e+03	3.128916e+06	1.245000e+03	3.144253e+06	1.245000e+03	3.145230e+06	1.245000e+03	3.156520e+06	1.245000e+03	3.146790e+06	1.245000e+03	3.149796e+06	1.245000e+03	3.140522e+06	1.245000e+03	3.135465e+06	1.245000e+03	3.149017e+06	1.245000e+03	3.154343e+06	1.245000e+03	3.135279e+06	1.245000e+03	3.147636e+06	1.245000e+03	3.140349e+06	1.245000e+03	3.165150e+06	1.245000e+03	3.162461e+06	1.245000e+03	3.150453e+06	1.245000e+03	3.156804e+06	1.245000e+03	3.148406e+06	1.245000e+03	3.140482e+06	1.245000e+03	3.142894e+06	1.245000e+03	3.156510e+06	1.245000e+03	3.174055e+06	1.245000e+03	3.131902e+06	1.245000e+03	3.156828e+06	1.245000e+03	3.153185e+06	1.245000e+03	3.155677e+06	1.245000e+03	3.145490e+06	1.245000e+03	3.164646e+06	1.245000e+03	3.176995e+06	1.245000e+03	3.180217e+06	1.245000e+03	3.169000e+06	1.245000e+03	3.135151e+06	1.245000e+03	3.170261e+06	1.245000e+03	3.172063e+06	1.245000e+03	3.163879e+06	1.245000e+03	3.192716e+06	1.245000e+03	3.181074e+06	1.245000e+03	3.145458e+06	1.245000e+03	3.170335e+06	1.245000e+03	3.152852e+06	1.245000e+03	3.138752e+06	1.245000e+03	3.166109e+06	1.245000e+03	3.158190e+06	1.245000e+03	3.175572e+06	1.245000e+03	3.150839e+06	1.245000e+03	3.155590e+06	1.245000e+03	3.165357e+06	1.245000e+03	3.143761e+06	1.245000e+03	3.153815e+06	1.245000e+03	3.152579e+06	1.245000e+03	3.184778e+06	1.245000e+03	3.156153e+06	1.245000e+03	3.153053e+06	1.245000e+03	3.186667e+06	1.245000e+03	3.175205e+06	1.245000e+03	3.160950e+06	1.245000e+03	3.158168e+06	1.245000e+03	3.150288e+06	1.245000e+03	3.178878e+06	1.245000e+03	3.156350e+06	1.245000e+03	3.149654e+06	1.245000e+03	3.144743e+06	1.245000e+03	3.154945e+06	1.245000e+03	3.161267e+06	1.245000e+03	3.168003e+06	1.245000e+03	3.183647e+06	1.245000e+03	3.139046e+06	1.245000e+03	3.149893e+06	1.245000e+03	3.170439e+06	1.245000e+03	3.177497e+06	1.245000e+03	3.160622e+06	1.245000e+03	3.165819e+06	1.245000e+03	3.169903e+06	1.245000e+03	3.143188e+06	1.245000e+03	3.162511e+06	1.245000e+03	3.146121e+06	1.245000e+03	3.161183e+06	1.245000e+03	3.163461e+06	1.245000e+03	3.160411e+06	1.245000e+03	3.160658e+06	1.245000e+03	3.163132e+06	1.245000e+03	3.172016e+06	1.245000e+03	3.156377e+06	1.245000e+03	3.150399e+06	1.245000e+03	3.177856e+06	1.245000e+03	3.167582e+06	1.245000e+03	3.148521e+06	1.245000e+03	3.169605e+06	1.245000e+03	3.161991e+06	1.245000e+03	3.192883e+06	1.245000e+03	3.140429e+06	1.245000e+03	3.156536e+06	1.245000e+03	3.141953e+06	1.245000e+03	3.154071e+06	1.245000e+03	3.166533e+06	1.245000e+03	3.155189e+06	1.245000e+03	3.160292e+06	1.245000e+03	3.186164e+06	1.245000e+03	3.187941e+06	1.245000e+03	3.172569e+06	1.245000e+03	3.169940e+06	1.245000e+03	3.168899e+06	1.245000e+03	3.155229e+06	1.245000e+03	3.150479e+06	1.245000e+03	3.169743e+06	1.245000e+03	3.186523e+06	1.245000e+03	3.181249e+06	1.245000e+03	3.178604e+06	1.245000e+03	3.170063e+06	1.245000e+03	3.180308e+06	1.245000e+03	3.164232e+06	1.245000e+03	3.192470e+06	1.245000e+03	3.180703e+06	1.245000e+03	3.156623e+06	1.245000e+03	3.169645e+06	1.245000e+03	3.158635e+06	1.245000e+03	3.170870e+06	1.245000e+03	3.187282e+06	1.245000e+03	3.174367e+06	1.245000e+03	3.187595e+06	1.245000e+03	3.175367e+06	1.245000e+03	3.187888e+06	1.245000e+03	3.195647e+06	1.245000e+03	3.196822e+06	1.245000e+03	3.165208e+06	1.245000e+03	3.192116e+06	1.245000e+03	3.181700e+06	1.245000e+03	3.187837e+06	1.245000e+03	3.180200e+06	1.245000e+03	3.183068e+06	1.245000e+03	3.201255e+06	1.245000e+03	3.206726e+06	1.245000e+03	3.198072e+06	1.245000e+03	3.209094e+06	1.245000e+03	3.187448e+06	1.245000e+03	3.176026e+06	1.245000e+03	3.196631e+06	1.245000e+03	3.184959e+06	1.245000e+03	3.213491e+06	1.245000e+03	3.189111e+06	1.245000e+03	3.193250e+06	1.245000e+03	3.202337e+06	1.245000e+03	3.192282e+06	1.245000e+03	3.195782e+06	1.245000e+03	3.183345e+06	1.245000e+03	3.196375e+06	1.245000e+03	3.194034e+06	1.245000e+03	3.198228e+06	1.245000e+03	3.198543e+06	1.245000e+03	3.184587e+06	1.245000e+03	3.207330e+06	1.245000e+03	3.193984e+06	1.245000e+03	3.192204e+06	1.245000e+03	3.206250e+06	1.245000e+03	3.199478e+06	1.245000e+03	3.186674e+06	1.245000e+03	3.191035e+06	1.245000e+03	3.196662e+06
1.250000e+03	3.127935e+06	1.250000e+03	3.109356e+06	1.250000e+03	3.084730e+06	1.250000e+03	3.074353e+06	1.250000e+03	3.039693e+06	1.250000e+03	3.046809e+06	1.250000e+03	3.046530e+06	1.250000e+03	3.025318e+06	1.250000e+03	3.043028e+06	1.250000e+03	3.021226e+06	1.250000e+03	3.036154e+06	1.250000e+03	3.022282e+06	1.250000e+03	3.020984e+06	1.250000e+03	3.043812e+06	1.250000e+03	3.039471e+06	1.250000e+03	3.019087e+06	1.250000e+03	3.039420e+06	1.250000e+03	3.042362e+06	1.250000e+03	3.009817e+06	1.250000e+03	3.045554e+06	1.250000e+03	3.033059e+06	1.250000e+03	3.017800e+06	1.250000e+03	3.044670e+06	1.250000e+03	3.013303e+06	1.250000e+03	3.000180e+06	1.250000e+03	2.999728e+06	1.250000e+03	3.020066e+06	1.250000e+03	3.001402e+06	1.250000e+03	3.031954e+06	1.250000e+03	3.028392e+06	1.250000e+03	3.025182e+06	1.250000e+03	3.018064e+06	1.250000e+03	3.008784e+06	1.250000e+03	3.019350e+06	1.250000e+03	3.032777e+06	1.250000e+03	3.035596e+06	1.250000e+03	3.017857e+06	1.250000e+03	3.048747e+06	1.250000e+03	3.035038e+06	1.250000e+03	3.034860e+06	1.250000e+03	3.055038e+06	1.250000e+03	3.051380e+06	1.250000e+03	3.047168e+06	1.250000e+03	3.040571e+06	1.250000e+03	3.047295e+06	1.250000e+03	3.068214e+06	1.250000e+03	3.050071e+06	1.250000e+03	3.057475e+06	1.250000e+03	3.070048e+06	1.250000e+03	3.066838e+06	1.250000e+03	3.065354e+06	1.250000e+03	3.071936e+06	1.250000e+03	3.060925e+06	1.250000e+03	3.092518e+06	1.250000e+03	3.062982e+06	1.250000e+03	3.064970e+06	1.250000e+03	3.084606e+06	1.250000e+03	3.092095e+06	1.250000e+03	3.067919e+06	1.250000e+03	3.086498e+06	1.250000e+03	3.107305e+06	1.250000e+03	3.100883e+06	1.250000e+03	3.075886e+06	1.250000e+03	3.070686e+06	1.250000e+03	3.070544e+06	1.250000e+03	3.095286e+06	1.250000e+03	3.092165e+06	1.250000e+03	3.067539e+06	1.250000e+03	3.082261e+06	1.250000e+03	3.098238e+06	1.250000e+03	3.109640e+06	1.250000e+03	3.081909e+06	1.250000e+03	3.099794e+06	1.250000e+03	3.087186e+06	1.250000e+03	3.086033e+06	1.250000e+03	3.086328e+06	1.250000e+03	3.120350e+06	1.250000e+03	3.099231e+06	1.250000e+03	3.120171e+06	1.250000e+03	3.093974e+06	1.250000e+03	3.102410e+06	1.250000e+03	3.104220e+06	1.250000e+03	3.109318e+06	1.250000e+03	3.110579e+06	1.250000e+03	3.110110e+06	1.250000e+03	3.087625e+06	1.250000e+03	3.098229e+06	1.250000e+03	3.124687e+06	1.250000e+03	3.110464e+06	1.250000e+03	3.098753e+06	1.250000e+03	3.136520e+06	1.250000e+03	3.117270e+06	1.250000e+03	3.122238e+06	1.250000e+03	3.116426e+06	1.250000e+03	3.118487e+06	1.250000e+03	3.125543e+06	1.250000e+03	3.129447e+06	1.250000e+03	3.123650e+06	1.250000e+03	3.112610e+06	1.250000e+03	3.131600e+06	1.250000e+03	3.130169e+06	1.250000e+03	3.142290e+06	1.250000e+03	3.114936e+06	1.250000e+03	3.132973e+06	1.250000e+03	3.112922e+06	1.250000e+03	3.125274e+06	1.250000e+03	3.105706e+06	1.250000e+03	3.107478e+06	1.250000e+03	3.121504e+06	1.250000e+03	3.117217e+06	1.250000e+03	3.117427e+06	1.250000e+03	3.145890e+06	1.250000e+03	3.120528e+06	1.250000e+03	3.122086e+06	1.250000e+03	3.121062e+06	1.250000e+03	3.143647e+06	1.250000e+03	3.139920e+06	1.250000e+03	3.098925e+06	1.250000e+03	3.089984e+06	1.250000e+03	3.106699e+06	1.250000e+03	3.148121e+06	1.250000e+03	3.115977e+06	1.250000e+03	3.117639e+06	1.250000e+03	3.119677e+06	1.250000e+03	3.122588e+06	1.250000e+03	3.106800e+06	1.250000e+03	3.116617e+06	1.250000e+03	3.109026e+06	1.250000e+03	3.133774e+06	1.250000e+03	3.129438e+06	1.250000e+03	3.115838e+06	1.250000e+03	3.110222e+06	1.250000e+03	3.109431e+06	1.250000e+03	3.119274e+06	1.250000e+03	3.109967e+06	1.250000e+03	3.110515e+06	1.250000e+03	3.127334e+06	1.250000e+03	3.129620e+06	1.250000e+03	3.126773e+06	1.250000e+03	3.102248e+06	1.250000e+03	3.101656e+06	1.250000e+03	3.135110e+06	1.250000e+03	3.142007e+06	1.250000e+03	3.115093e+06	1.250000e+03	3.154131e+06	1.250000e+03	3.115305e+06	1.250000e+03	3.125023e+06	1.250000e+03	3.131568e+06	1.250000e+03	3.131944e+06	1.250000e+03	3.136550e+06	1.250000e+03	3.140295e+06	1.250000e+03	3.123091e+06	1.250000e+03	3.125201e+06	1.250000e+03	3.138393e+06	1.250000e+03	3.155259e+06	1.250000e+03	3.148678e+06	1.250000e+03	3.127216e+06	1.250000e+03	3.148202e+06	1.250000e+03	3.146932e+06	1.250000e+03	3.153844e+06	1.250000e+03	3.153088e+06	1.250000e+03	3.157165e+06	1.250000e+03	3.148022e+06	1.250000e+03	3.133202e+06	1.250000e+03	3.141326e+06	1.250000e+03	3.152004e+06	1.250000e+03	3.162226e+06	1.250000e+03	3.140686e+06	1.250000e+03	3.148777e+06	1.250000e+03	3.165029e+06	1.250000e+03	3.155649e+06	1.250000e+03	3.149577e+06	1.250000e+03	3.166474e+06	1.250000e+03	3.152309e+06	1.250000e+03	3.134690e+06	1.250000e+03	3.148300e+06	1.250000e+03	3.154079e+06	1.250000e+03	3.175518e+06	1.250000e+03	3.137060e+06	1.250000e+03	3.158050e+06	1.250000e+03	3.152986e+06	1.250000e+03	3.158915e+06	1.250000e+03	3.147913e+06	1.250000e+03	3.171525e+06	1.250000e+03	3.169751e+06	1.250000e+03	3.176211e+06	1.250000e+03	3.166243e+06	1.250000e+03	3.134374e+06	1.250000e+03	3.176375e+06	1.250000e+03	3.182732e+06	1.250000e+03	3.166181e+06	1.250000e+03	3.193752e+06	1.250000e+03	3.180167e+06	1.250000e+03	3.142490e+06	1.250000e+03	3.170535e+06	1.250000e+03	3.148018e+06	1.250000e+03	3.136607e+06	1.250000e+03	3.163980e+06	1.250000e+03	3.165675e+06	1.250000e+03	3.176941e+06	1.250000e+03	3.155288e+06	1.250000e+03	3.155687e+06	1.250000e+03	3.159912e+06	1.250000e+03	3.134612e+06	1.250000e+03	3.157289e+06	1.250000e+03	3.152933e+06	1.250000e+03	3.174506e+06	1.250000e+03	3.148051e+06	1.250000e+03	3.152989e+06	1.250000e+03	3.170455e+06	1.250000e+03	3.172273e+06	1.250000e+03	3.162055e+06	1.250000e+03	3.156243e+06	1.250000e+03	3.151729e+06	1.250000e+03	3.177313e+06	1.250000e+03	3.150985e+06	1.250000e+03	3.140548e+06	1.250000e+03	3.149678e+06	1.250000e+03	3.160962e+06	1.250000e+03	3.168616e+06	1.250000e+03	3.173893e+06	1.250000e+03	3.179660e+06	1.250000e+03	3.141210e+06	1.250000e+03	3.149902e+06	1.250000e+03	3.173738e+06	1.250000e+03	3.170226e+06	1.250000e+03	3.159173e+06	1.250000e+03	3.169507e+06	1.250000e+03	3.156239e+06	1.250000e+03	3.147514e+06	1.250000e+03	3.166326e+06	1.250000e+03	3.142918e+06	1.250000e+03	3.163027e+06	1.250000e+03	3.160470e+06	1.250000e+03	3.157804e+06	1.250000e+03	3.159806e+06	1.250000e+03	3.164393e+06	1.250000e+03	3.171577e+06	1.250000e+03	3.145571e+06	1.250000e+03	3.150346e+06	1.250000e+03	3.190437e+06	1.250000e+03	3.168919e+06	1.250000e+03	3.152741e+06	1.250000e+03	3.171643e+06	1.250000e+03	3.159132e+06	1.250000e+03	3.187837e+06	1.250000e+03	3.149625e+06	1.250000e+03	3.157059e+06	1.250000e+03	3.145689e+06	1.250000e+03	3.161060e+06	1.250000e+03	3.174929e+06	1.250000e+03	3.156392e+06	1.250000e+03	3.160054e+06	1.250000e+03	3.187345e+06	1.250000e+03	3.188228e+06	1.250000e+03	3.169610e+06	1.250000e+03	3.174793e+06	1.250000e+03	3.176377e+06	1.250000e+03	3.158955e+06	1.250000e+03	3.149601e+06	1.250000e+03	3.160555e+06	1.250000e+03	3.187061e+06	1.250000e+03	3.178771e+06	1.250000e+03	3.179841e+06	1.250000e+03	3.176890e+06	1.250000e+03	3.180181e+06	1.250000e+03	3.163193e+06	1.250000e+03	3.181471e+06	1.250000e+03	3.176591e+06	1.250000e+03	3.155322e+06	1.250000e+03	3.167958e+06	1.250000e+03	3.172065e+06	1.250000e+03	3.163173e+06	1.250000e+03	3.186934e+06	1.250000e+03	3.176694e+06	1.250000e+03	3.188746e+06	1.250000e+03	3.176566e+06	1.250000e+03	3.182335e+06	1.250000e+03	3.183570e+06	1.250000e+03	3.193505e+06	1.250000e+03	3.173270e+06	1.250000e+03	3.193267e+06	1.250000e+03	3.182715e+06	1.250000e+03	3.187659e+06	1.250000e+03	3.179550e+06	1.250000e+03	3.181944e+06	1.250000e+03	3.198139e+06	1.250000e+03	3.212575e+06	1.250000e+03	3.198554e+06	1.250000e+03	3.209388e+06	1.250000e+03	3.183504e+06	1.250000e+03	3.181400e+06	1.250000e+03	3.188498e+06	1.250000e+03	3.185639e+06	1.250000e+03	3.203343e+06	1.250000e+03	3.192125e+06	1.250000e+03	3.196175e+06	1.250000e+03	3.208854e+06	1.250000e+03	3.194217e+06	1.250000e+03	3.191981e+06	1.250000e+03	3.190529e+06	1.250000e+03	3.191427e+06	1.250000e+03	3.194729e+06	1.250000e+03	3.195313e+06	1.250000e+03	3.194547e+06	1.250000e+03	3.186627e+06	1.250000e+03	3.209373e+06	1.250000e+03	3.181465e+06	1.250000e+03	3.203869e+06	1.250000e+03	3.207384e+06	1.250000e+03	3.196727e+06	1.250000e+03	3.188429e+06	1.250000e+03	3.197238e+06	1.250000e+03	3.190896e+06
1.255000e+03	3.120260e+06	1.255000e+03	3.112517e+06	1.255000e+03	3.078782e+06	1.255000e+03	3.074250e+06	1.255000e+03	3.047097e+06	1.255000e+03	3.048296e+06	1.255000e+03	3.036766e+06	1.255000e+03	3.032754e+06	1.255000e+03	3.035036e+06	1.255000e+03	3.028846e+06	1.255000e+03	3.031954e+06	1.255000e+03	3.024582e+06	1.255000e+03	3.021959e+06	1.255000e+03	3.036607e+06	1.255000e+03	3.036970e+06	1.255000e+03	3.029078e+06	1.255000e+03	3.041138e+06	1.255000e+03	3.044940e+06	1.255000e+03	3.008270e+06	1.255000e+03	3.047867e+06	1.255000e+03	3.038053e+06	1.255000e+03	3.034180e+06	1.255000e+03	3.048394e+06	1.255000e+03	3.009592e+06	1.255000e+03	3.011035e+06	1.255000e+03	3.001192e+06	1.255000e+03	3.020812e+06	1.255000e+03	3.004678e+06	1.255000e+03	3.024541e+06	1.255000e+03	3.023989e+06	1.255000e+03	3.013194e+06	1.255000e+03	3.020692e+06	1.255000e+03	3.011488e+06	1.255000e+03	3.012851e+06	1.255000e+03	3.025622e+06	1.255000e+03	3.031093e+06	1.255000e+03	3.027151e+06	1.255000e+03	3.039898e+06	1.255000e+03	3.042473e+06	1.255000e+03	3.037198e+06	1.255000e+03	3.036541e+06	1.255000e+03	3.047444e+06	1.255000e+03	3.047465e+06	1.255000e+03	3.033453e+06	1.255000e+03	3.052322e+06	1.255000e+03	3.066424e+06	1.255000e+03	3.049470e+06	1.255000e+03	3.052022e+06	1.255000e+03	3.079370e+06	1.255000e+03	3.058622e+06	1.255000e+03	3.067288e+06	1.255000e+03	3.066903e+06	1.255000e+03	3.059552e+06	1.255000e+03	3.100301e+06	1.255000e+03	3.062202e+06	1.255000e+03	3.066407e+06	1.255000e+03	3.083359e+06	1.255000e+03	3.093672e+06	1.255000e+03	3.067354e+06	1.255000e+03	3.099312e+06	1.255000e+03	3.107162e+06	1.255000e+03	3.095307e+06	1.255000e+03	3.074779e+06	1.255000e+03	3.079506e+06	1.255000e+03	3.067378e+06	1.255000e+03	3.100184e+06	1.255000e+03	3.093436e+06	1.255000e+03	3.075594e+06	1.255000e+03	3.089786e+06	1.255000e+03	3.087126e+06	1.255000e+03	3.106594e+06	1.255000e+03	3.076937e+06	1.255000e+03	3.094564e+06	1.255000e+03	3.085937e+06	1.255000e+03	3.081437e+06	1.255000e+03	3.095472e+06	1.255000e+03	3.120162e+06	1.255000e+03	3.096457e+06	1.255000e+03	3.118409e+06	1.255000e+03	3.092889e+06	1.255000e+03	3.109765e+06	1.255000e+03	3.104928e+06	1.255000e+03	3.120457e+06	1.255000e+03	3.107932e+06	1.255000e+03	3.110805e+06	1.255000e+03	3.094673e+06	1.255000e+03	3.095141e+06	1.255000e+03	3.122742e+06	1.255000e+03	3.101372e+06	1.255000e+03	3.103135e+06	1.255000e+03	3.129849e+06	1.255000e+03	3.120513e+06	1.255000e+03	3.116400e+06	1.255000e+03	3.109672e+06	1.255000e+03	3.116132e+06	1.255000e+03	3.126786e+06	1.255000e+03	3.127223e+06	1.255000e+03	3.129810e+06	1.255000e+03	3.105519e+06	1.255000e+03	3.134669e+06	1.255000e+03	3.133624e+06	1.255000e+03	3.134808e+06	1.255000e+03	3.112224e+06	1.255000e+03	3.145293e+06	1.255000e+03	3.114884e+06	1.255000e+03	3.119924e+06	1.255000e+03	3.106239e+06	1.255000e+03	3.102186e+06	1.255000e+03	3.126753e+06	1.255000e+03	3.115974e+06	1.255000e+03	3.124396e+06	1.255000e+03	3.146154e+06	1.255000e+03	3.120290e+06	1.255000e+03	3.126785e+06	1.255000e+03	3.114216e+06	1.255000e+03	3.146968e+06	1.255000e+03	3.145244e+06	1.255000e+03	3.100539e+06	1.255000e+03	3.094770e+06	1.255000e+03	3.101052e+06	1.255000e+03	3.144551e+06	1.255000e+03	3.117189e+06	1.255000e+03	3.124260e+06	1.255000e+03	3.123429e+06	1.255000e+03	3.120312e+06	1.255000e+03	3.121208e+06	1.255000e+03	3.111202e+06	1.255000e+03	3.126064e+06	1.255000e+03	3.134135e+06	1.255000e+03	3.118705e+06	1.255000e+03	3.113992e+06	1.255000e+03	3.114127e+06	1.255000e+03	3.106638e+06	1.255000e+03	3.119113e+06	1.255000e+03	3.102912e+06	1.255000e+03	3.117576e+06	1.255000e+03	3.131104e+06	1.255000e+03	3.151409e+06	1.255000e+03	3.128843e+06	1.255000e+03	3.107669e+06	1.255000e+03	3.112901e+06	1.255000e+03	3.147470e+06	1.255000e+03	3.135716e+06	1.255000e+03	3.123090e+06	1.255000e+03	3.154193e+06	1.255000e+03	3.116116e+06	1.255000e+03	3.127159e+06	1.255000e+03	3.140265e+06	1.255000e+03	3.132417e+06	1.255000e+03	3.131857e+06	1.255000e+03	3.135691e+06	1.255000e+03	3.117809e+06	1.255000e+03	3.124284e+06	1.255000e+03	3.136664e+06	1.255000e+03	3.153212e+06	1.255000e+03	3.150824e+06	1.255000e+03	3.126141e+06	1.255000e+03	3.151409e+06	1.255000e+03	3.142361e+06	1.255000e+03	3.153848e+06	1.255000e+03	3.154488e+06	1.255000e+03	3.155053e+06	1.255000e+03	3.142752e+06	1.255000e+03	3.136242e+06	1.255000e+03	3.130776e+06	1.255000e+03	3.155973e+06	1.255000e+03	3.155327e+06	1.255000e+03	3.138393e+06	1.255000e+03	3.143945e+06	1.255000e+03	3.164032e+06	1.255000e+03	3.154926e+06	1.255000e+03	3.151913e+06	1.255000e+03	3.160241e+06	1.255000e+03	3.144552e+06	1.255000e+03	3.141516e+06	1.255000e+03	3.157900e+06	1.255000e+03	3.143324e+06	1.255000e+03	3.175297e+06	1.255000e+03	3.141945e+06	1.255000e+03	3.162412e+06	1.255000e+03	3.151004e+06	1.255000e+03	3.158079e+06	1.255000e+03	3.154630e+06	1.255000e+03	3.173381e+06	1.255000e+03	3.168058e+06	1.255000e+03	3.170655e+06	1.255000e+03	3.171816e+06	1.255000e+03	3.131929e+06	1.255000e+03	3.172930e+06	1.255000e+03	3.182783e+06	1.255000e+03	3.164266e+06	1.255000e+03	3.194671e+06	1.255000e+03	3.167785e+06	1.255000e+03	3.142805e+06	1.255000e+03	3.166008e+06	1.255000e+03	3.154079e+06	1.255000e+03	3.137259e+06	1.255000e+03	3.169910e+06	1.255000e+03	3.154229e+06	1.255000e+03	3.173182e+06	1.255000e+03	3.150688e+06	1.255000e+03	3.156925e+06	1.255000e+03	3.162745e+06	1.255000e+03	3.136434e+06	1.255000e+03	3.157879e+06	1.255000e+03	3.148152e+06	1.255000e+03	3.178982e+06	1.255000e+03	3.149058e+06	1.255000e+03	3.157685e+06	1.255000e+03	3.158250e+06	1.255000e+03	3.172781e+06	1.255000e+03	3.156685e+06	1.255000e+03	3.156739e+06	1.255000e+03	3.149995e+06	1.255000e+03	3.165739e+06	1.255000e+03	3.152763e+06	1.255000e+03	3.142091e+06	1.255000e+03	3.154626e+06	1.255000e+03	3.159180e+06	1.255000e+03	3.156268e+06	1.255000e+03	3.182161e+06	1.255000e+03	3.180420e+06	1.255000e+03	3.147467e+06	1.255000e+03	3.158966e+06	1.255000e+03	3.171685e+06	1.255000e+03	3.161319e+06	1.255000e+03	3.157422e+06	1.255000e+03	3.165661e+06	1.255000e+03	3.160919e+06	1.255000e+03	3.143495e+06	1.255000e+03	3.165744e+06	1.255000e+03	3.146729e+06	1.255000e+03	3.172738e+06	1.255000e+03	3.157070e+06	1.255000e+03	3.159977e+06	1.255000e+03	3.159589e+06	1.255000e+03	3.155054e+06	1.255000e+03	3.166083e+06	1.255000e+03	3.142362e+06	1.255000e+03	3.158951e+06	1.255000e+03	3.195877e+06	1.255000e+03	3.170388e+06	1.255000e+03	3.155767e+06	1.255000e+03	3.181263e+06	1.255000e+03	3.165190e+06	1.255000e+03	3.181856e+06	1.255000e+03	3.150730e+06	1.255000e+03	3.156767e+06	1.255000e+03	3.147438e+06	1.255000e+03	3.158678e+06	1.255000e+03	3.175168e+06	1.255000e+03	3.168553e+06	1.255000e+03	3.156343e+06	1.255000e+03	3.189173e+06	1.255000e+03	3.185532e+06	1.255000e+03	3.176013e+06	1.255000e+03	3.181238e+06	1.255000e+03	3.171793e+06	1.255000e+03	3.159671e+06	1.255000e+03	3.149922e+06	1.255000e+03	3.169862e+06	1.255000e+03	3.187694e+06	1.255000e+03	3.185092e+06	1.255000e+03	3.175940e+06	1.255000e+03	3.175349e+06	1.255000e+03	3.186835e+06	1.255000e+03	3.171841e+06	1.255000e+03	3.180853e+06	1.255000e+03	3.178022e+06	1.255000e+03	3.153930e+06	1.255000e+03	3.168575e+06	1.255000e+03	3.155166e+06	1.255000e+03	3.161635e+06	1.255000e+03	3.183974e+06	1.255000e+03	3.196127e+06	1.255000e+03	3.184633e+06	1.255000e+03	3.177641e+06	1.255000e+03	3.182403e+06	1.255000e+03	3.182589e+06	1.255000e+03	3.194664e+06	1.255000e+03	3.171642e+06	1.255000e+03	3.188185e+06	1.255000e+03	3.177080e+06	1.255000e+03	3.187142e+06	1.255000e+03	3.179210e+06	1.255000e+03	3.177597e+06	1.255000e+03	3.193130e+06	1.255000e+03	3.210178e+06	1.255000e+03	3.203029e+06	1.255000e+03	3.208628e+06	1.255000e+03	3.177676e+06	1.255000e+03	3.185429e+06	1.255000e+03	3.186905e+06	1.255000e+03	3.184959e+06	1.255000e+03	3.201283e+06	1.255000e+03	3.182669e+06	1.255000e+03	3.200651e+06	1.255000e+03	3.219312e+06	1.255000e+03	3.199244e+06	1.255000e+03	3.198194e+06	1.255000e+03	3.192626e+06	1.255000e+03	3.198834e+06	1.255000e+03	3.194905e+06	1.255000e+03	3.195561e+06	1.255000e+03	3.200310e+06	1.255000e+03	3.196624e+06	1.255000e+03	3.199946e+06	1.255000e+03	3.188392e+06	1.255000e+03	3.195183e+06	1.255000e+03	3.213437e+06	1.255000e+03	3.195265e+06	1.255000e+03	3.195670e+06	1.255000e+03	3.180154e+06	1.255000e+03	3.194619e+06
1.260000e+03	3.117169e+06	1.260000e+03	3.108025e+06	1.260000e+03	3.071140e+06	1.260000e+03	3.073368e+06	1.260000e+03	3.053021e+06	1.260000e+03	3.045044e+06	1.260000e+03	3.034198e+06	1.260000e+03	3.034920e+06	1.260000e+03	3.033174e+06	1.260000e+03	3.023218e+06	1.260000e+03	3.031444e+06	1.260000e+03	3.024886e+06	1.260000e+03	3.021303e+06	1.260000e+03	3.035627e+06	1.260000e+03	3.034107e+06	1.260000e+03	3.028853e+06	1.260000e+03	3.048509e+06	1.260000e+03	3.044735e+06	1.260000e+03	3.011756e+06	1.260000e+03	3.035290e+06	1.260000e+03	3.025097e+06	1.260000e+03	3.027761e+06	1.260000e+03	3.045309e+06	1.260000e+03	2.996146e+06	1.260000e+03	3.019618e+06	1.260000e+03	3.003499e+06	1.260000e+03	3.016068e+06	1.260000e+03	3.006754e+06	1.260000e+03	3.027413e+06	1.260000e+03	3.039298e+06	1.260000e+03	3.001929e+06	1.260000e+03	3.046350e+06	1.260000e+03	3.009603e+06	1.260000e+03	3.016845e+06	1.260000e+03	3.023608e+06	1.260000e+03	3.030352e+06	1.260000e+03	3.023610e+06	1.260000e+03	3.039320e+06	1.260000e+03	3.043028e+06	1.260000e+03	3.037687e+06	1.260000e+03	3.031941e+06	1.260000e+03	3.048855e+06	1.260000e+03	3.042845e+06	1.260000e+03	3.032444e+06	1.260000e+03	3.054542e+06	1.260000e+03	3.061874e+06	1.260000e+03	3.048833e+06	1.260000e+03	3.055348e+06	1.260000e+03	3.083364e+06	1.260000e+03	3.059899e+06	1.260000e+03	3.066783e+06	1.260000e+03	3.063405e+06	1.260000e+03	3.057110e+06	1.260000e+03	3.096590e+06	1.260000e+03	3.057697e+06	1.260000e+03	3.072863e+06	1.260000e+03	3.082304e+06	1.260000e+03	3.101766e+06	1.260000e+03	3.073952e+06	1.260000e+03	3.094234e+06	1.260000e+03	3.111746e+06	1.260000e+03	3.097805e+06	1.260000e+03	3.072353e+06	1.260000e+03	3.079222e+06	1.260000e+03	3.064466e+06	1.260000e+03	3.109247e+06	1.260000e+03	3.087972e+06	1.260000e+03	3.072074e+06	1.260000e+03	3.098334e+06	1.260000e+03	3.082978e+06	1.260000e+03	3.105676e+06	1.260000e+03	3.083405e+06	1.260000e+03	3.110337e+06	1.260000e+03	3.092957e+06	1.260000e+03	3.088256e+06	1.260000e+03	3.106297e+06	1.260000e+03	3.119169e+06	1.260000e+03	3.100124e+06	1.260000e+03	3.120265e+06	1.260000e+03	3.097824e+06	1.260000e+03	3.119299e+06	1.260000e+03	3.104007e+06	1.260000e+03	3.122458e+06	1.260000e+03	3.120894e+06	1.260000e+03	3.109367e+06	1.260000e+03	3.096080e+06	1.260000e+03	3.095185e+06	1.260000e+03	3.120876e+06	1.260000e+03	3.108725e+06	1.260000e+03	3.104574e+06	1.260000e+03	3.128215e+06	1.260000e+03	3.118425e+06	1.260000e+03	3.124389e+06	1.260000e+03	3.106986e+06	1.260000e+03	3.117316e+06	1.260000e+03	3.124227e+06	1.260000e+03	3.128491e+06	1.260000e+03	3.128104e+06	1.260000e+03	3.109876e+06	1.260000e+03	3.132440e+06	1.260000e+03	3.136325e+06	1.260000e+03	3.138188e+06	1.260000e+03	3.118971e+06	1.260000e+03	3.129132e+06	1.260000e+03	3.118493e+06	1.260000e+03	3.119159e+06	1.260000e+03	3.110016e+06	1.260000e+03	3.107442e+06	1.260000e+03	3.125155e+06	1.260000e+03	3.120607e+06	1.260000e+03	3.110676e+06	1.260000e+03	3.144238e+06	1.260000e+03	3.121631e+06	1.260000e+03	3.129611e+06	1.260000e+03	3.118989e+06	1.260000e+03	3.148172e+06	1.260000e+03	3.145261e+06	1.260000e+03	3.096903e+06	1.260000e+03	3.089056e+06	1.260000e+03	3.108299e+06	1.260000e+03	3.134927e+06	1.260000e+03	3.118224e+06	1.260000e+03	3.127502e+06	1.260000e+03	3.123081e+06	1.260000e+03	3.120710e+06	1.260000e+03	3.125781e+06	1.260000e+03	3.113626e+06	1.260000e+03	3.123678e+06	1.260000e+03	3.134042e+06	1.260000e+03	3.121425e+06	1.260000e+03	3.123632e+06	1.260000e+03	3.117068e+06	1.260000e+03	3.106888e+06	1.260000e+03	3.119456e+06	1.260000e+03	3.101895e+06	1.260000e+03	3.114023e+06	1.260000e+03	3.136715e+06	1.260000e+03	3.159924e+06	1.260000e+03	3.117892e+06	1.260000e+03	3.110457e+06	1.260000e+03	3.104731e+06	1.260000e+03	3.144305e+06	1.260000e+03	3.131751e+06	1.260000e+03	3.118393e+06	1.260000e+03	3.126912e+06	1.260000e+03	3.114571e+06	1.260000e+03	3.126316e+06	1.260000e+03	3.136891e+06	1.260000e+03	3.129221e+06	1.260000e+03	3.122489e+06	1.260000e+03	3.140230e+06	1.260000e+03	3.120978e+06	1.260000e+03	3.126763e+06	1.260000e+03	3.138178e+06	1.260000e+03	3.152393e+06	1.260000e+03	3.151566e+06	1.260000e+03	3.129522e+06	1.260000e+03	3.146293e+06	1.260000e+03	3.146259e+06	1.260000e+03	3.150893e+06	1.260000e+03	3.147062e+06	1.260000e+03	3.149052e+06	1.260000e+03	3.136959e+06	1.260000e+03	3.137669e+06	1.260000e+03	3.136402e+06	1.260000e+03	3.156338e+06	1.260000e+03	3.152912e+06	1.260000e+03	3.143403e+06	1.260000e+03	3.148691e+06	1.260000e+03	3.163439e+06	1.260000e+03	3.156970e+06	1.260000e+03	3.153069e+06	1.260000e+03	3.161882e+06	1.260000e+03	3.146265e+06	1.260000e+03	3.136043e+06	1.260000e+03	3.154324e+06	1.260000e+03	3.147203e+06	1.260000e+03	3.161727e+06	1.260000e+03	3.139288e+06	1.260000e+03	3.177488e+06	1.260000e+03	3.152224e+06	1.260000e+03	3.159358e+06	1.260000e+03	3.159267e+06	1.260000e+03	3.174934e+06	1.260000e+03	3.164507e+06	1.260000e+03	3.163301e+06	1.260000e+03	3.172728e+06	1.260000e+03	3.141738e+06	1.260000e+03	3.175130e+06	1.260000e+03	3.176654e+06	1.260000e+03	3.172635e+06	1.260000e+03	3.173814e+06	1.260000e+03	3.167969e+06	1.260000e+03	3.153387e+06	1.260000e+03	3.165091e+06	1.260000e+03	3.153265e+06	1.260000e+03	3.144181e+06	1.260000e+03	3.166168e+06	1.260000e+03	3.155734e+06	1.260000e+03	3.176377e+06	1.260000e+03	3.147537e+06	1.260000e+03	3.158606e+06	1.260000e+03	3.169206e+06	1.260000e+03	3.147833e+06	1.260000e+03	3.160781e+06	1.260000e+03	3.145073e+06	1.260000e+03	3.177208e+06	1.260000e+03	3.149470e+06	1.260000e+03	3.163856e+06	1.260000e+03	3.159907e+06	1.260000e+03	3.162365e+06	1.260000e+03	3.160316e+06	1.260000e+03	3.158198e+06	1.260000e+03	3.157643e+06	1.260000e+03	3.157770e+06	1.260000e+03	3.153960e+06	1.260000e+03	3.136592e+06	1.260000e+03	3.151718e+06	1.260000e+03	3.154737e+06	1.260000e+03	3.162016e+06	1.260000e+03	3.180671e+06	1.260000e+03	3.176065e+06	1.260000e+03	3.147735e+06	1.260000e+03	3.160121e+06	1.260000e+03	3.171084e+06	1.260000e+03	3.164332e+06	1.260000e+03	3.160181e+06	1.260000e+03	3.170648e+06	1.260000e+03	3.163496e+06	1.260000e+03	3.139720e+06	1.260000e+03	3.148725e+06	1.260000e+03	3.140622e+06	1.260000e+03	3.163142e+06	1.260000e+03	3.156122e+06	1.260000e+03	3.163440e+06	1.260000e+03	3.152423e+06	1.260000e+03	3.159961e+06	1.260000e+03	3.172596e+06	1.260000e+03	3.139302e+06	1.260000e+03	3.155297e+06	1.260000e+03	3.191679e+06	1.260000e+03	3.173625e+06	1.260000e+03	3.151814e+06	1.260000e+03	3.186251e+06	1.260000e+03	3.157370e+06	1.260000e+03	3.199482e+06	1.260000e+03	3.146826e+06	1.260000e+03	3.151305e+06	1.260000e+03	3.144038e+06	1.260000e+03	3.154124e+06	1.260000e+03	3.171195e+06	1.260000e+03	3.160584e+06	1.260000e+03	3.166021e+06	1.260000e+03	3.185503e+06	1.260000e+03	3.177516e+06	1.260000e+03	3.169717e+06	1.260000e+03	3.176985e+06	1.260000e+03	3.170631e+06	1.260000e+03	3.158275e+06	1.260000e+03	3.151066e+06	1.260000e+03	3.170880e+06	1.260000e+03	3.181968e+06	1.260000e+03	3.189397e+06	1.260000e+03	3.179542e+06	1.260000e+03	3.179540e+06	1.260000e+03	3.180805e+06	1.260000e+03	3.175756e+06	1.260000e+03	3.181035e+06	1.260000e+03	3.176866e+06	1.260000e+03	3.152788e+06	1.260000e+03	3.184793e+06	1.260000e+03	3.164043e+06	1.260000e+03	3.168028e+06	1.260000e+03	3.179304e+06	1.260000e+03	3.185640e+06	1.260000e+03	3.178003e+06	1.260000e+03	3.169068e+06	1.260000e+03	3.181746e+06	1.260000e+03	3.180894e+06	1.260000e+03	3.195293e+06	1.260000e+03	3.168165e+06	1.260000e+03	3.189810e+06	1.260000e+03	3.190346e+06	1.260000e+03	3.193124e+06	1.260000e+03	3.175222e+06	1.260000e+03	3.171219e+06	1.260000e+03	3.186527e+06	1.260000e+03	3.201977e+06	1.260000e+03	3.193734e+06	1.260000e+03	3.210358e+06	1.260000e+03	3.177919e+06	1.260000e+03	3.190113e+06	1.260000e+03	3.187373e+06	1.260000e+03	3.183176e+06	1.260000e+03	3.207588e+06	1.260000e+03	3.181602e+06	1.260000e+03	3.195566e+06	1.260000e+03	3.210025e+06	1.260000e+03	3.198691e+06	1.260000e+03	3.198593e+06	1.260000e+03	3.201586e+06	1.260000e+03	3.199958e+06	1.260000e+03	3.197468e+06	1.260000e+03	3.193656e+06	1.260000e+03	3.202817e+06	1.260000e+03	3.201014e+06	1.260000e+03	3.188445e+06	1.260000e+03	3.190519e+06	1.260000e+03	3.195589e+06	1.260000e+03	3.213015e+06	1.260000e+03	3.203259e+06	1.260000e+03	3.191953e+06	1.260000e+03	3.182470e+06	1.260000e+03	3.194719e+06
1.265000e+03	3.104983e+06	1.265000e+03	3.118341e+06	1.265000e+03	3.069993e+06	1.265000e+03	3.076913e+06	1.265000e+03	3.048333e+06	1.265000e+03	3.048704e+06	1.265000e+03	3.034547e+06	1.265000e+03	3.037275e+06	1.265000e+03	3.031342e+06	1.265000e+03	3.017388e+06	1.265000e+03	3.022991e+06	1.265000e+03	3.018159e+06	1.265000e+03	3.024327e+06	1.265000e+03	3.036998e+06	1.265000e+03	3.025945e+06	1.265000e+03	3.031441e+06	1.265000e+03	3.043391e+06	1.265000e+03	3.046691e+06	1.265000e+03	3.013567e+06	1.265000e+03	3.033455e+06	1.265000e+03	3.018515e+06	1.265000e+03	3.011454e+06	1.265000e+03	3.053663e+06	1.265000e+03	3.003220e+06	1.265000e+03	3.022706e+06	1.265000e+03	3.006343e+06	1.265000e+03	3.022257e+06	1.265000e+03	3.012055e+06	1.265000e+03	3.024401e+06	1.265000e+03	3.037370e+06	1.265000e+03	3.004900e+06	1.265000e+03	3.048656e+06	1.265000e+03	3.007121e+06	1.265000e+03	3.015586e+06	1.265000e+03	3.027185e+06	1.265000e+03	3.034813e+06	1.265000e+03	3.022826e+06	1.265000e+03	3.036133e+06	1.265000e+03	3.040543e+06	1.265000e+03	3.042710e+06	1.265000e+03	3.032135e+06	1.265000e+03	3.054088e+06	1.265000e+03	3.041288e+06	1.265000e+03	3.047415e+06	1.265000e+03	3.044798e+06	1.265000e+03	3.062714e+06	1.265000e+03	3.044301e+06	1.265000e+03	3.047909e+06	1.265000e+03	3.079708e+06	1.265000e+03	3.066468e+06	1.265000e+03	3.073138e+06	1.265000e+03	3.069062e+06	1.265000e+03	3.063132e+06	1.265000e+03	3.081262e+06	1.265000e+03	3.058463e+06	1.265000e+03	3.069128e+06	1.265000e+03	3.088566e+06	1.265000e+03	3.099753e+06	1.265000e+03	3.080991e+06	1.265000e+03	3.100589e+06	1.265000e+03	3.097521e+06	1.265000e+03	3.081691e+06	1.265000e+03	3.068390e+06	1.265000e+03	3.083395e+06	1.265000e+03	3.065381e+06	1.265000e+03	3.094671e+06	1.265000e+03	3.087687e+06	1.265000e+03	3.068828e+06	1.265000e+03	3.102002e+06	1.265000e+03	3.089650e+06	1.265000e+03	3.098846e+06	1.265000e+03	3.090887e+06	1.265000e+03	3.110488e+06	1.265000e+03	3.089778e+06	1.265000e+03	3.085141e+06	1.265000e+03	3.107128e+06	1.265000e+03	3.133211e+06	1.265000e+03	3.102703e+06	1.265000e+03	3.119982e+06	1.265000e+03	3.094116e+06	1.265000e+03	3.110619e+06	1.265000e+03	3.106155e+06	1.265000e+03	3.124141e+06	1.265000e+03	3.109201e+06	1.265000e+03	3.108854e+06	1.265000e+03	3.101350e+06	1.265000e+03	3.099394e+06	1.265000e+03	3.111137e+06	1.265000e+03	3.103449e+06	1.265000e+03	3.098866e+06	1.265000e+03	3.137681e+06	1.265000e+03	3.120926e+06	1.265000e+03	3.121747e+06	1.265000e+03	3.107408e+06	1.265000e+03	3.114611e+06	1.265000e+03	3.116340e+06	1.265000e+03	3.130545e+06	1.265000e+03	3.141453e+06	1.265000e+03	3.113165e+06	1.265000e+03	3.131797e+06	1.265000e+03	3.129130e+06	1.265000e+03	3.139151e+06	1.265000e+03	3.131728e+06	1.265000e+03	3.126332e+06	1.265000e+03	3.118391e+06	1.265000e+03	3.119422e+06	1.265000e+03	3.108135e+06	1.265000e+03	3.112931e+06	1.265000e+03	3.125903e+06	1.265000e+03	3.114856e+06	1.265000e+03	3.110595e+06	1.265000e+03	3.137328e+06	1.265000e+03	3.114776e+06	1.265000e+03	3.116513e+06	1.265000e+03	3.112492e+06	1.265000e+03	3.143430e+06	1.265000e+03	3.133306e+06	1.265000e+03	3.096142e+06	1.265000e+03	3.090160e+06	1.265000e+03	3.127355e+06	1.265000e+03	3.133363e+06	1.265000e+03	3.125148e+06	1.265000e+03	3.119999e+06	1.265000e+03	3.119934e+06	1.265000e+03	3.117650e+06	1.265000e+03	3.118459e+06	1.265000e+03	3.120790e+06	1.265000e+03	3.103942e+06	1.265000e+03	3.140844e+06	1.265000e+03	3.117150e+06	1.265000e+03	3.127213e+06	1.265000e+03	3.111224e+06	1.265000e+03	3.111408e+06	1.265000e+03	3.117304e+06	1.265000e+03	3.100343e+06	1.265000e+03	3.115248e+06	1.265000e+03	3.138259e+06	1.265000e+03	3.169694e+06	1.265000e+03	3.118335e+06	1.265000e+03	3.118723e+06	1.265000e+03	3.110409e+06	1.265000e+03	3.145174e+06	1.265000e+03	3.136033e+06	1.265000e+03	3.112196e+06	1.265000e+03	3.130071e+06	1.265000e+03	3.117993e+06	1.265000e+03	3.133686e+06	1.265000e+03	3.133903e+06	1.265000e+03	3.134860e+06	1.265000e+03	3.115753e+06	1.265000e+03	3.136784e+06	1.265000e+03	3.116048e+06	1.265000e+03	3.123469e+06	1.265000e+03	3.141013e+06	1.265000e+03	3.152110e+06	1.265000e+03	3.156867e+06	1.265000e+03	3.130575e+06	1.265000e+03	3.145155e+06	1.265000e+03	3.148951e+06	1.265000e+03	3.147752e+06	1.265000e+03	3.144548e+06	1.265000e+03	3.159541e+06	1.265000e+03	3.136762e+06	1.265000e+03	3.130774e+06	1.265000e+03	3.130465e+06	1.265000e+03	3.155516e+06	1.265000e+03	3.152196e+06	1.265000e+03	3.149326e+06	1.265000e+03	3.148696e+06	1.265000e+03	3.157664e+06	1.265000e+03	3.169219e+06	1.265000e+03	3.164682e+06	1.265000e+03	3.151650e+06	1.265000e+03	3.153998e+06	1.265000e+03	3.137407e+06	1.265000e+03	3.160550e+06	1.265000e+03	3.148929e+06	1.265000e+03	3.170173e+06	1.265000e+03	3.145394e+06	1.265000e+03	3.162879e+06	1.265000e+03	3.160630e+06	1.265000e+03	3.164602e+06	1.265000e+03	3.157797e+06	1.265000e+03	3.156650e+06	1.265000e+03	3.166142e+06	1.265000e+03	3.171337e+06	1.265000e+03	3.160635e+06	1.265000e+03	3.132864e+06	1.265000e+03	3.169144e+06	1.265000e+03	3.172945e+06	1.265000e+03	3.165414e+06	1.265000e+03	3.167453e+06	1.265000e+03	3.164161e+06	1.265000e+03	3.146500e+06	1.265000e+03	3.154985e+06	1.265000e+03	3.149438e+06	1.265000e+03	3.144241e+06	1.265000e+03	3.160944e+06	1.265000e+03	3.159091e+06	1.265000e+03	3.189478e+06	1.265000e+03	3.150604e+06	1.265000e+03	3.165907e+06	1.265000e+03	3.175945e+06	1.265000e+03	3.150048e+06	1.265000e+03	3.159015e+06	1.265000e+03	3.151798e+06	1.265000e+03	3.166782e+06	1.265000e+03	3.147634e+06	1.265000e+03	3.157389e+06	1.265000e+03	3.159757e+06	1.265000e+03	3.160494e+06	1.265000e+03	3.162424e+06	1.265000e+03	3.155749e+06	1.265000e+03	3.151845e+06	1.265000e+03	3.162580e+06	1.265000e+03	3.152873e+06	1.265000e+03	3.138688e+06	1.265000e+03	3.147173e+06	1.265000e+03	3.160644e+06	1.265000e+03	3.170623e+06	1.265000e+03	3.186173e+06	1.265000e+03	3.178495e+06	1.265000e+03	3.139923e+06	1.265000e+03	3.158249e+06	1.265000e+03	3.176697e+06	1.265000e+03	3.162975e+06	1.265000e+03	3.158432e+06	1.265000e+03	3.173839e+06	1.265000e+03	3.157694e+06	1.265000e+03	3.141548e+06	1.265000e+03	3.144108e+06	1.265000e+03	3.139472e+06	1.265000e+03	3.168335e+06	1.265000e+03	3.155143e+06	1.265000e+03	3.177209e+06	1.265000e+03	3.148906e+06	1.265000e+03	3.160360e+06	1.265000e+03	3.175232e+06	1.265000e+03	3.143601e+06	1.265000e+03	3.157046e+06	1.265000e+03	3.187048e+06	1.265000e+03	3.171247e+06	1.265000e+03	3.152886e+06	1.265000e+03	3.189435e+06	1.265000e+03	3.158894e+06	1.265000e+03	3.187405e+06	1.265000e+03	3.150400e+06	1.265000e+03	3.149089e+06	1.265000e+03	3.144053e+06	1.265000e+03	3.160427e+06	1.265000e+03	3.179787e+06	1.265000e+03	3.161675e+06	1.265000e+03	3.166156e+06	1.265000e+03	3.177622e+06	1.265000e+03	3.179731e+06	1.265000e+03	3.169276e+06	1.265000e+03	3.184221e+06	1.265000e+03	3.168571e+06	1.265000e+03	3.154251e+06	1.265000e+03	3.160448e+06	1.265000e+03	3.170377e+06	1.265000e+03	3.179422e+06	1.265000e+03	3.190957e+06	1.265000e+03	3.178565e+06	1.265000e+03	3.176856e+06	1.265000e+03	3.183878e+06	1.265000e+03	3.172225e+06	1.265000e+03	3.182450e+06	1.265000e+03	3.189023e+06	1.265000e+03	3.156336e+06	1.265000e+03	3.183184e+06	1.265000e+03	3.169950e+06	1.265000e+03	3.174815e+06	1.265000e+03	3.181183e+06	1.265000e+03	3.172459e+06	1.265000e+03	3.181470e+06	1.265000e+03	3.178022e+06	1.265000e+03	3.179768e+06	1.265000e+03	3.182965e+06	1.265000e+03	3.183968e+06	1.265000e+03	3.169842e+06	1.265000e+03	3.188169e+06	1.265000e+03	3.177247e+06	1.265000e+03	3.195818e+06	1.265000e+03	3.169501e+06	1.265000e+03	3.173497e+06	1.265000e+03	3.191947e+06	1.265000e+03	3.207653e+06	1.265000e+03	3.194642e+06	1.265000e+03	3.198641e+06	1.265000e+03	3.181320e+06	1.265000e+03	3.196710e+06	1.265000e+03	3.202760e+06	1.265000e+03	3.183534e+06	1.265000e+03	3.202518e+06	1.265000e+03	3.182221e+06	1.265000e+03	3.196503e+06	1.265000e+03	3.198008e+06	1.265000e+03	3.198372e+06	1.265000e+03	3.195069e+06	1.265000e+03	3.192996e+06	1.265000e+03	3.198580e+06	1.265000e+03	3.197055e+06	1.265000e+03	3.198796e+06	1.265000e+03	3.198061e+06	1.265000e+03	3.194322e+06	1.265000e+03	3.193950e+06	1.265000e+03	3.177543e+06	1.265000e+03	3.190030e+06	1.265000e+03	3.206971e+06	1.265000e+03	3.204066e+06	1.265000e+03	3.187164e+06	1.265000e+03	3.181883e+06	1.265000e+03	3.193730e+06
1.270000e+03	3.106856e+06	1.270000e+03	3.114703e+06	1.270000e+03	3.073132e+06	1.270000e+03	3.069655e+06	1.270000e+03	3.048141e+06	1.270000e+03	3.047014e+06	1.270000e+03	3.046166e+06	1.270000e+03	3.037344e+06	1.270000e+03	3.033491e+06	1.270000e+03	3.005583e+06	1.270000e+03	3.025547e+06	1.270000e+03	3.018625e+06	1.270000e+03	3.027068e+06	1.270000e+03	3.035719e+06	1.270000e+03	3.029887e+06	1.270000e+03	3.031397e+06	1.270000e+03	3.038986e+06	1.270000e+03	3.046583e+06	1.270000e+03	3.025727e+06	1.270000e+03	3.035496e+06	1.270000e+03	3.021172e+06	1.270000e+03	3.018364e+06	1.270000e+03	3.046545e+06	1.270000e+03	3.009661e+06	1.270000e+03	3.023038e+06	1.270000e+03	3.009567e+06	1.270000e+03	3.021841e+06	1.270000e+03	3.008827e+06	1.270000e+03	3.017919e+06	1.270000e+03	3.039726e+06	1.270000e+03	3.000204e+06	1.270000e+03	3.030008e+06	1.270000e+03	3.011744e+06	1.270000e+03	3.017353e+06	1.270000e+03	3.027953e+06	1.270000e+03	3.035304e+06	1.270000e+03	3.030102e+06	1.270000e+03	3.042281e+06	1.270000e+03	3.039806e+06	1.270000e+03	3.042516e+06	1.270000e+03	3.037162e+06	1.270000e+03	3.052883e+06	1.270000e+03	3.045268e+06	1.270000e+03	3.054990e+06	1.270000e+03	3.059474e+06	1.270000e+03	3.069287e+06	1.270000e+03	3.043247e+06	1.270000e+03	3.053452e+06	1.270000e+03	3.078428e+06	1.270000e+03	3.064515e+06	1.270000e+03	3.065622e+06	1.270000e+03	3.060335e+06	1.270000e+03	3.060059e+06	1.270000e+03	3.082754e+06	1.270000e+03	3.055719e+06	1.270000e+03	3.071594e+06	1.270000e+03	3.088070e+06	1.270000e+03	3.097724e+06	1.270000e+03	3.065892e+06	1.270000e+03	3.091335e+06	1.270000e+03	3.092251e+06	1.270000e+03	3.076419e+06	1.270000e+03	3.082153e+06	1.270000e+03	3.080312e+06	1.270000e+03	3.061425e+06	1.270000e+03	3.111279e+06	1.270000e+03	3.078714e+06	1.270000e+03	3.074728e+06	1.270000e+03	3.100476e+06	1.270000e+03	3.085953e+06	1.270000e+03	3.092951e+06	1.270000e+03	3.084235e+06	1.270000e+03	3.100783e+06	1.270000e+03	3.088650e+06	1.270000e+03	3.094385e+06	1.270000e+03	3.104618e+06	1.270000e+03	3.123770e+06	1.270000e+03	3.104014e+06	1.270000e+03	3.133806e+06	1.270000e+03	3.098221e+06	1.270000e+03	3.113464e+06	1.270000e+03	3.110792e+06	1.270000e+03	3.118503e+06	1.270000e+03	3.107428e+06	1.270000e+03	3.108284e+06	1.270000e+03	3.099871e+06	1.270000e+03	3.099292e+06	1.270000e+03	3.116006e+06	1.270000e+03	3.107430e+06	1.270000e+03	3.099580e+06	1.270000e+03	3.128832e+06	1.270000e+03	3.125860e+06	1.270000e+03	3.130839e+06	1.270000e+03	3.115605e+06	1.270000e+03	3.116455e+06	1.270000e+03	3.113553e+06	1.270000e+03	3.123891e+06	1.270000e+03	3.150285e+06	1.270000e+03	3.115058e+06	1.270000e+03	3.132396e+06	1.270000e+03	3.135009e+06	1.270000e+03	3.128983e+06	1.270000e+03	3.135761e+06	1.270000e+03	3.119776e+06	1.270000e+03	3.115746e+06	1.270000e+03	3.121148e+06	1.270000e+03	3.115767e+06	1.270000e+03	3.111063e+06	1.270000e+03	3.127643e+06	1.270000e+03	3.120626e+06	1.270000e+03	3.128555e+06	1.270000e+03	3.140356e+06	1.270000e+03	3.113929e+06	1.270000e+03	3.119012e+06	1.270000e+03	3.110559e+06	1.270000e+03	3.141355e+06	1.270000e+03	3.131391e+06	1.270000e+03	3.086944e+06	1.270000e+03	3.092062e+06	1.270000e+03	3.128002e+06	1.270000e+03	3.133149e+06	1.270000e+03	3.122240e+06	1.270000e+03	3.116497e+06	1.270000e+03	3.124854e+06	1.270000e+03	3.126103e+06	1.270000e+03	3.121664e+06	1.270000e+03	3.121696e+06	1.270000e+03	3.101629e+06	1.270000e+03	3.145917e+06	1.270000e+03	3.117328e+06	1.270000e+03	3.131158e+06	1.270000e+03	3.111509e+06	1.270000e+03	3.105352e+06	1.270000e+03	3.120568e+06	1.270000e+03	3.102093e+06	1.270000e+03	3.110145e+06	1.270000e+03	3.133896e+06	1.270000e+03	3.158477e+06	1.270000e+03	3.123306e+06	1.270000e+03	3.105424e+06	1.270000e+03	3.111204e+06	1.270000e+03	3.138206e+06	1.270000e+03	3.135239e+06	1.270000e+03	3.107236e+06	1.270000e+03	3.134392e+06	1.270000e+03	3.116057e+06	1.270000e+03	3.126491e+06	1.270000e+03	3.134318e+06	1.270000e+03	3.133928e+06	1.270000e+03	3.119775e+06	1.270000e+03	3.135965e+06	1.270000e+03	3.117602e+06	1.270000e+03	3.130973e+06	1.270000e+03	3.142539e+06	1.270000e+03	3.156172e+06	1.270000e+03	3.142156e+06	1.270000e+03	3.132068e+06	1.270000e+03	3.145486e+06	1.270000e+03	3.148023e+06	1.270000e+03	3.143844e+06	1.270000e+03	3.139884e+06	1.270000e+03	3.146337e+06	1.270000e+03	3.137685e+06	1.270000e+03	3.129659e+06	1.270000e+03	3.135821e+06	1.270000e+03	3.155086e+06	1.270000e+03	3.150062e+06	1.270000e+03	3.153936e+06	1.270000e+03	3.155176e+06	1.270000e+03	3.161468e+06	1.270000e+03	3.153461e+06	1.270000e+03	3.153566e+06	1.270000e+03	3.162607e+06	1.270000e+03	3.147307e+06	1.270000e+03	3.143619e+06	1.270000e+03	3.160662e+06	1.270000e+03	3.153483e+06	1.270000e+03	3.168794e+06	1.270000e+03	3.151415e+06	1.270000e+03	3.163031e+06	1.270000e+03	3.153154e+06	1.270000e+03	3.159964e+06	1.270000e+03	3.155335e+06	1.270000e+03	3.152844e+06	1.270000e+03	3.168142e+06	1.270000e+03	3.161859e+06	1.270000e+03	3.162822e+06	1.270000e+03	3.131410e+06	1.270000e+03	3.178236e+06	1.270000e+03	3.181571e+06	1.270000e+03	3.170114e+06	1.270000e+03	3.163808e+06	1.270000e+03	3.168251e+06	1.270000e+03	3.146867e+06	1.270000e+03	3.156512e+06	1.270000e+03	3.157760e+06	1.270000e+03	3.153497e+06	1.270000e+03	3.168708e+06	1.270000e+03	3.163015e+06	1.270000e+03	3.179599e+06	1.270000e+03	3.155822e+06	1.270000e+03	3.169000e+06	1.270000e+03	3.172982e+06	1.270000e+03	3.153462e+06	1.270000e+03	3.160839e+06	1.270000e+03	3.153329e+06	1.270000e+03	3.171937e+06	1.270000e+03	3.143983e+06	1.270000e+03	3.157141e+06	1.270000e+03	3.164072e+06	1.270000e+03	3.161120e+06	1.270000e+03	3.166196e+06	1.270000e+03	3.159384e+06	1.270000e+03	3.158621e+06	1.270000e+03	3.165922e+06	1.270000e+03	3.150578e+06	1.270000e+03	3.142686e+06	1.270000e+03	3.143524e+06	1.270000e+03	3.162455e+06	1.270000e+03	3.179394e+06	1.270000e+03	3.187658e+06	1.270000e+03	3.176693e+06	1.270000e+03	3.142246e+06	1.270000e+03	3.160577e+06	1.270000e+03	3.167247e+06	1.270000e+03	3.162753e+06	1.270000e+03	3.159398e+06	1.270000e+03	3.167722e+06	1.270000e+03	3.159337e+06	1.270000e+03	3.145216e+06	1.270000e+03	3.147756e+06	1.270000e+03	3.159583e+06	1.270000e+03	3.160049e+06	1.270000e+03	3.155710e+06	1.270000e+03	3.167407e+06	1.270000e+03	3.154632e+06	1.270000e+03	3.162312e+06	1.270000e+03	3.172244e+06	1.270000e+03	3.142433e+06	1.270000e+03	3.159697e+06	1.270000e+03	3.174362e+06	1.270000e+03	3.167417e+06	1.270000e+03	3.152538e+06	1.270000e+03	3.189673e+06	1.270000e+03	3.157293e+06	1.270000e+03	3.188138e+06	1.270000e+03	3.141065e+06	1.270000e+03	3.154807e+06	1.270000e+03	3.144883e+06	1.270000e+03	3.157315e+06	1.270000e+03	3.174146e+06	1.270000e+03	3.158696e+06	1.270000e+03	3.160411e+06	1.270000e+03	3.176972e+06	1.270000e+03	3.179852e+06	1.270000e+03	3.165294e+06	1.270000e+03	3.184586e+06	1.270000e+03	3.166832e+06	1.270000e+03	3.167630e+06	1.270000e+03	3.160685e+06	1.270000e+03	3.163395e+06	1.270000e+03	3.184168e+06	1.270000e+03	3.185595e+06	1.270000e+03	3.177291e+06	1.270000e+03	3.178701e+06	1.270000e+03	3.188756e+06	1.270000e+03	3.169106e+06	1.270000e+03	3.180535e+06	1.270000e+03	3.200030e+06	1.270000e+03	3.159989e+06	1.270000e+03	3.177932e+06	1.270000e+03	3.168116e+06	1.270000e+03	3.171906e+06	1.270000e+03	3.170121e+06	1.270000e+03	3.174534e+06	1.270000e+03	3.177139e+06	1.270000e+03	3.183279e+06	1.270000e+03	3.181089e+06	1.270000e+03	3.182311e+06	1.270000e+03	3.183085e+06	1.270000e+03	3.167228e+06	1.270000e+03	3.178916e+06	1.270000e+03	3.183365e+06	1.270000e+03	3.189495e+06	1.270000e+03	3.174101e+06	1.270000e+03	3.175814e+06	1.270000e+03	3.195611e+06	1.270000e+03	3.203218e+06	1.270000e+03	3.200415e+06	1.270000e+03	3.205674e+06	1.270000e+03	3.186437e+06	1.270000e+03	3.194825e+06	1.270000e+03	3.198598e+06	1.270000e+03	3.184608e+06	1.270000e+03	3.203646e+06	1.270000e+03	3.180664e+06	1.270000e+03	3.195569e+06	1.270000e+03	3.197864e+06	1.270000e+03	3.205833e+06	1.270000e+03	3.197728e+06	1.270000e+03	3.197611e+06	1.270000e+03	3.193184e+06	1.270000e+03	3.201080e+06	1.270000e+03	3.196974e+06	1.270000e+03	3.201512e+06	1.270000e+03	3.180629e+06	1.270000e+03	3.178442e+06	1.270000e+03	3.175665e+06	1.270000e+03	3.190035e+06	1.270000e+03	3.189551e+06	1.270000e+03	3.199011e+06	1.270000e+03	3.183051e+06	1.270000e+03	3.189394e+06	1.270000e+03	3.194792e+06
1.275000e+03	3.112638e+06	1.275000e+03	3.107670e+06	1.275000e+03	3.068332e+06	1.275000e+03	3.070446e+06	1.275000e+03	3.051281e+06	1.275000e+03	3.042648e+06	1.275000e+03	3.046619e+06	1.275000e+03	3.037428e+06	1.275000e+03	3.035340e+06	1.275000e+03	3.011559e+06	1.275000e+03	3.038845e+06	1.275000e+03	3.017247e+06	1.275000e+03	3.026581e+06	1.275000e+03	3.034585e+06	1.275000e+03	3.027100e+06	1.275000e+03	3.027826e+06	1.275000e+03	3.040456e+06	1.275000e+03	3.048458e+06	1.275000e+03	3.029729e+06	1.275000e+03	3.045103e+06	1.275000e+03	3.013310e+06	1.275000e+03	3.022694e+06	1.275000e+03	3.030242e+06	1.275000e+03	3.002894e+06	1.275000e+03	3.021035e+06	1.275000e+03	2.997829e+06	1.275000e+03	3.021571e+06	1.275000e+03	3.006931e+06	1.275000e+03	3.024562e+06	1.275000e+03	3.035602e+06	1.275000e+03	3.011481e+06	1.275000e+03	3.032590e+06	1.275000e+03	3.012941e+06	1.275000e+03	3.018857e+06	1.275000e+03	3.022405e+06	1.275000e+03	3.030094e+06	1.275000e+03	3.028653e+06	1.275000e+03	3.039112e+06	1.275000e+03	3.026474e+06	1.275000e+03	3.045094e+06	1.275000e+03	3.034351e+06	1.275000e+03	3.051069e+06	1.275000e+03	3.032862e+06	1.275000e+03	3.040448e+06	1.275000e+03	3.040921e+06	1.275000e+03	3.065455e+06	1.275000e+03	3.046741e+06	1.275000e+03	3.050045e+06	1.275000e+03	3.076224e+06	1.275000e+03	3.068205e+06	1.275000e+03	3.081376e+06	1.275000e+03	3.060744e+06	1.275000e+03	3.062446e+06	1.275000e+03	3.085824e+06	1.275000e+03	3.067269e+06	1.275000e+03	3.069582e+06	1.275000e+03	3.091699e+06	1.275000e+03	3.089412e+06	1.275000e+03	3.065766e+06	1.275000e+03	3.080630e+06	1.275000e+03	3.095542e+06	1.275000e+03	3.081087e+06	1.275000e+03	3.087551e+06	1.275000e+03	3.068765e+06	1.275000e+03	3.061325e+06	1.275000e+03	3.106956e+06	1.275000e+03	3.077510e+06	1.275000e+03	3.063534e+06	1.275000e+03	3.100651e+06	1.275000e+03	3.085473e+06	1.275000e+03	3.094024e+06	1.275000e+03	3.084881e+06	1.275000e+03	3.099912e+06	1.275000e+03	3.091052e+06	1.275000e+03	3.095191e+06	1.275000e+03	3.106213e+06	1.275000e+03	3.124786e+06	1.275000e+03	3.095469e+06	1.275000e+03	3.136602e+06	1.275000e+03	3.095515e+06	1.275000e+03	3.111719e+06	1.275000e+03	3.118560e+06	1.275000e+03	3.132042e+06	1.275000e+03	3.113253e+06	1.275000e+03	3.113873e+06	1.275000e+03	3.096550e+06	1.275000e+03	3.095320e+06	1.275000e+03	3.118484e+06	1.275000e+03	3.099467e+06	1.275000e+03	3.103102e+06	1.275000e+03	3.129843e+06	1.275000e+03	3.118192e+06	1.275000e+03	3.134493e+06	1.275000e+03	3.112503e+06	1.275000e+03	3.119640e+06	1.275000e+03	3.113356e+06	1.275000e+03	3.123732e+06	1.275000e+03	3.139423e+06	1.275000e+03	3.114270e+06	1.275000e+03	3.134300e+06	1.275000e+03	3.144704e+06	1.275000e+03	3.135697e+06	1.275000e+03	3.137081e+06	1.275000e+03	3.121042e+06	1.275000e+03	3.113981e+06	1.275000e+03	3.122037e+06	1.275000e+03	3.109501e+06	1.275000e+03	3.111801e+06	1.275000e+03	3.122480e+06	1.275000e+03	3.118492e+06	1.275000e+03	3.145927e+06	1.275000e+03	3.142506e+06	1.275000e+03	3.123491e+06	1.275000e+03	3.125461e+06	1.275000e+03	3.127684e+06	1.275000e+03	3.149823e+06	1.275000e+03	3.137085e+06	1.275000e+03	3.093206e+06	1.275000e+03	3.091074e+06	1.275000e+03	3.134664e+06	1.275000e+03	3.153313e+06	1.275000e+03	3.123294e+06	1.275000e+03	3.117279e+06	1.275000e+03	3.118155e+06	1.275000e+03	3.115830e+06	1.275000e+03	3.122632e+06	1.275000e+03	3.122291e+06	1.275000e+03	3.106843e+06	1.275000e+03	3.144268e+06	1.275000e+03	3.129203e+06	1.275000e+03	3.137312e+06	1.275000e+03	3.113135e+06	1.275000e+03	3.111280e+06	1.275000e+03	3.118981e+06	1.275000e+03	3.104519e+06	1.275000e+03	3.110974e+06	1.275000e+03	3.132765e+06	1.275000e+03	3.141507e+06	1.275000e+03	3.128901e+06	1.275000e+03	3.105774e+06	1.275000e+03	3.111184e+06	1.275000e+03	3.135887e+06	1.275000e+03	3.130134e+06	1.275000e+03	3.110773e+06	1.275000e+03	3.131872e+06	1.275000e+03	3.123229e+06	1.275000e+03	3.126399e+06	1.275000e+03	3.136497e+06	1.275000e+03	3.133028e+06	1.275000e+03	3.123198e+06	1.275000e+03	3.133000e+06	1.275000e+03	3.118210e+06	1.275000e+03	3.124918e+06	1.275000e+03	3.150410e+06	1.275000e+03	3.156658e+06	1.275000e+03	3.144348e+06	1.275000e+03	3.127360e+06	1.275000e+03	3.151305e+06	1.275000e+03	3.144773e+06	1.275000e+03	3.143222e+06	1.275000e+03	3.141318e+06	1.275000e+03	3.147141e+06	1.275000e+03	3.140378e+06	1.275000e+03	3.134827e+06	1.275000e+03	3.140428e+06	1.275000e+03	3.156354e+06	1.275000e+03	3.149272e+06	1.275000e+03	3.150346e+06	1.275000e+03	3.162318e+06	1.275000e+03	3.148466e+06	1.275000e+03	3.150965e+06	1.275000e+03	3.143168e+06	1.275000e+03	3.174083e+06	1.275000e+03	3.150849e+06	1.275000e+03	3.155738e+06	1.275000e+03	3.157287e+06	1.275000e+03	3.150199e+06	1.275000e+03	3.168194e+06	1.275000e+03	3.159839e+06	1.275000e+03	3.155785e+06	1.275000e+03	3.156239e+06	1.275000e+03	3.160597e+06	1.275000e+03	3.160606e+06	1.275000e+03	3.154064e+06	1.275000e+03	3.169217e+06	1.275000e+03	3.160084e+06	1.275000e+03	3.168491e+06	1.275000e+03	3.127120e+06	1.275000e+03	3.173184e+06	1.275000e+03	3.177934e+06	1.275000e+03	3.165721e+06	1.275000e+03	3.177695e+06	1.275000e+03	3.170390e+06	1.275000e+03	3.142662e+06	1.275000e+03	3.157384e+06	1.275000e+03	3.156121e+06	1.275000e+03	3.149891e+06	1.275000e+03	3.172350e+06	1.275000e+03	3.161996e+06	1.275000e+03	3.170622e+06	1.275000e+03	3.156539e+06	1.275000e+03	3.162270e+06	1.275000e+03	3.170103e+06	1.275000e+03	3.141418e+06	1.275000e+03	3.150076e+06	1.275000e+03	3.140799e+06	1.275000e+03	3.174062e+06	1.275000e+03	3.144539e+06	1.275000e+03	3.158223e+06	1.275000e+03	3.159395e+06	1.275000e+03	3.156741e+06	1.275000e+03	3.165195e+06	1.275000e+03	3.156603e+06	1.275000e+03	3.157848e+06	1.275000e+03	3.161850e+06	1.275000e+03	3.149878e+06	1.275000e+03	3.141379e+06	1.275000e+03	3.153161e+06	1.275000e+03	3.162884e+06	1.275000e+03	3.174840e+06	1.275000e+03	3.173353e+06	1.275000e+03	3.176953e+06	1.275000e+03	3.151262e+06	1.275000e+03	3.170380e+06	1.275000e+03	3.166179e+06	1.275000e+03	3.167414e+06	1.275000e+03	3.163380e+06	1.275000e+03	3.166475e+06	1.275000e+03	3.162665e+06	1.275000e+03	3.148721e+06	1.275000e+03	3.147416e+06	1.275000e+03	3.146282e+06	1.275000e+03	3.162658e+06	1.275000e+03	3.150934e+06	1.275000e+03	3.171195e+06	1.275000e+03	3.152945e+06	1.275000e+03	3.160923e+06	1.275000e+03	3.170865e+06	1.275000e+03	3.146251e+06	1.275000e+03	3.155157e+06	1.275000e+03	3.174978e+06	1.275000e+03	3.170377e+06	1.275000e+03	3.155389e+06	1.275000e+03	3.192244e+06	1.275000e+03	3.156557e+06	1.275000e+03	3.182645e+06	1.275000e+03	3.142096e+06	1.275000e+03	3.154716e+06	1.275000e+03	3.133349e+06	1.275000e+03	3.145905e+06	1.275000e+03	3.169922e+06	1.275000e+03	3.155806e+06	1.275000e+03	3.160874e+06	1.275000e+03	3.174018e+06	1.275000e+03	3.173714e+06	1.275000e+03	3.161735e+06	1.275000e+03	3.185749e+06	1.275000e+03	3.164723e+06	1.275000e+03	3.162910e+06	1.275000e+03	3.158734e+06	1.275000e+03	3.165348e+06	1.275000e+03	3.180131e+06	1.275000e+03	3.193961e+06	1.275000e+03	3.176187e+06	1.275000e+03	3.177529e+06	1.275000e+03	3.184740e+06	1.275000e+03	3.168769e+06	1.275000e+03	3.179937e+06	1.275000e+03	3.188361e+06	1.275000e+03	3.158821e+06	1.275000e+03	3.169013e+06	1.275000e+03	3.167752e+06	1.275000e+03	3.167213e+06	1.275000e+03	3.175925e+06	1.275000e+03	3.175862e+06	1.275000e+03	3.186529e+06	1.275000e+03	3.178980e+06	1.275000e+03	3.173633e+06	1.275000e+03	3.184021e+06	1.275000e+03	3.179692e+06	1.275000e+03	3.183151e+06	1.275000e+03	3.181934e+06	1.275000e+03	3.179399e+06	1.275000e+03	3.189588e+06	1.275000e+03	3.174119e+06	1.275000e+03	3.174581e+06	1.275000e+03	3.199768e+06	1.275000e+03	3.208447e+06	1.275000e+03	3.196509e+06	1.275000e+03	3.202323e+06	1.275000e+03	3.186289e+06	1.275000e+03	3.196822e+06	1.275000e+03	3.197135e+06	1.275000e+03	3.187882e+06	1.275000e+03	3.197999e+06	1.275000e+03	3.182831e+06	1.275000e+03	3.192336e+06	1.275000e+03	3.195224e+06	1.275000e+03	3.198327e+06	1.275000e+03	3.200902e+06	1.275000e+03	3.214417e+06	1.275000e+03	3.194699e+06	1.275000e+03	3.199457e+06	1.275000e+03	3.202149e+06	1.275000e+03	3.202011e+06	1.275000e+03	3.168517e+06	1.275000e+03	3.184989e+06	1.275000e+03	3.177513e+06	1.275000e+03	3.198361e+06	1.275000e+03	3.199156e+06	1.275000e+03	3.197911e+06	1.275000e+03	3.181494e+06	1.275000e+03	3.188593e+06	1.275000e+03	3.190527e+06
1.280000e+03	3.105794e+06	1.280000e+03	3.112060e+06	1.280000e+03	3.071771e+06	1.280000e+03	3.070727e+06	1.280000e+03	3.057650e+06	1.280000e+03	3.045261e+06	1.280000e+03	3.045696e+06	1.280000e+03	3.039386e+06	1.280000e+03	3.033777e+06	1.280000e+03	3.019728e+06	1.280000e+03	3.027654e+06	1.280000e+03	3.014200e+06	1.280000e+03	3.027386e+06	1.280000e+03	3.035926e+06	1.280000e+03	3.029237e+06	1.280000e+03	3.030977e+06	1.280000e+03	3.041419e+06	1.280000e+03	3.041907e+06	1.280000e+03	3.032647e+06	1.280000e+03	3.042038e+06	1.280000e+03	3.030157e+06	1.280000e+03	3.015039e+06	1.280000e+03	3.031118e+06	1.280000e+03	2.996490e+06	1.280000e+03	3.025960e+06	1.280000e+03	3.005679e+06	1.280000e+03	3.017702e+06	1.280000e+03	3.009983e+06	1.280000e+03	3.016410e+06	1.280000e+03	3.034599e+06	1.280000e+03	3.012691e+06	1.280000e+03	3.028551e+06	1.280000e+03	3.009350e+06	1.280000e+03	3.022306e+06	1.280000e+03	3.035437e+06	1.280000e+03	3.025006e+06	1.280000e+03	3.036465e+06	1.280000e+03	3.044590e+06	1.280000e+03	3.025028e+06	1.280000e+03	3.054485e+06	1.280000e+03	3.042241e+06	1.280000e+03	3.055984e+06	1.280000e+03	3.037881e+06	1.280000e+03	3.037500e+06	1.280000e+03	3.043279e+06	1.280000e+03	3.061182e+06	1.280000e+03	3.049619e+06	1.280000e+03	3.060703e+06	1.280000e+03	3.072603e+06	1.280000e+03	3.067269e+06	1.280000e+03	3.064042e+06	1.280000e+03	3.065820e+06	1.280000e+03	3.062790e+06	1.280000e+03	3.077337e+06	1.280000e+03	3.058005e+06	1.280000e+03	3.072101e+06	1.280000e+03	3.085538e+06	1.280000e+03	3.089835e+06	1.280000e+03	3.068252e+06	1.280000e+03	3.083952e+06	1.280000e+03	3.087848e+06	1.280000e+03	3.087601e+06	1.280000e+03	3.082447e+06	1.280000e+03	3.070850e+06	1.280000e+03	3.064567e+06	1.280000e+03	3.100070e+06	1.280000e+03	3.079917e+06	1.280000e+03	3.069710e+06	1.280000e+03	3.090823e+06	1.280000e+03	3.090349e+06	1.280000e+03	3.109586e+06	1.280000e+03	3.083572e+06	1.280000e+03	3.101671e+06	1.280000e+03	3.090260e+06	1.280000e+03	3.091888e+06	1.280000e+03	3.103567e+06	1.280000e+03	3.125263e+06	1.280000e+03	3.099405e+06	1.280000e+03	3.124247e+06	1.280000e+03	3.098780e+06	1.280000e+03	3.100523e+06	1.280000e+03	3.129565e+06	1.280000e+03	3.124886e+06	1.280000e+03	3.104201e+06	1.280000e+03	3.111568e+06	1.280000e+03	3.098825e+06	1.280000e+03	3.104406e+06	1.280000e+03	3.116126e+06	1.280000e+03	3.102657e+06	1.280000e+03	3.113925e+06	1.280000e+03	3.131143e+06	1.280000e+03	3.119459e+06	1.280000e+03	3.133727e+06	1.280000e+03	3.112197e+06	1.280000e+03	3.119785e+06	1.280000e+03	3.114388e+06	1.280000e+03	3.122666e+06	1.280000e+03	3.134685e+06	1.280000e+03	3.116166e+06	1.280000e+03	3.136284e+06	1.280000e+03	3.137478e+06	1.280000e+03	3.136104e+06	1.280000e+03	3.131722e+06	1.280000e+03	3.125376e+06	1.280000e+03	3.115880e+06	1.280000e+03	3.119089e+06	1.280000e+03	3.106223e+06	1.280000e+03	3.119048e+06	1.280000e+03	3.130364e+06	1.280000e+03	3.116390e+06	1.280000e+03	3.142882e+06	1.280000e+03	3.137141e+06	1.280000e+03	3.124978e+06	1.280000e+03	3.123427e+06	1.280000e+03	3.119521e+06	1.280000e+03	3.145995e+06	1.280000e+03	3.137014e+06	1.280000e+03	3.090199e+06	1.280000e+03	3.091299e+06	1.280000e+03	3.131701e+06	1.280000e+03	3.153490e+06	1.280000e+03	3.139720e+06	1.280000e+03	3.119709e+06	1.280000e+03	3.129026e+06	1.280000e+03	3.119112e+06	1.280000e+03	3.124755e+06	1.280000e+03	3.130121e+06	1.280000e+03	3.113481e+06	1.280000e+03	3.148273e+06	1.280000e+03	3.126355e+06	1.280000e+03	3.137415e+06	1.280000e+03	3.115457e+06	1.280000e+03	3.112212e+06	1.280000e+03	3.126302e+06	1.280000e+03	3.105506e+06	1.280000e+03	3.107095e+06	1.280000e+03	3.132535e+06	1.280000e+03	3.139554e+06	1.280000e+03	3.123667e+06	1.280000e+03	3.096709e+06	1.280000e+03	3.108830e+06	1.280000e+03	3.132362e+06	1.280000e+03	3.126957e+06	1.280000e+03	3.129558e+06	1.280000e+03	3.133148e+06	1.280000e+03	3.121283e+06	1.280000e+03	3.128605e+06	1.280000e+03	3.137102e+06	1.280000e+03	3.134029e+06	1.280000e+03	3.123428e+06	1.280000e+03	3.133692e+06	1.280000e+03	3.118234e+06	1.280000e+03	3.123319e+06	1.280000e+03	3.152201e+06	1.280000e+03	3.149494e+06	1.280000e+03	3.152412e+06	1.280000e+03	3.133448e+06	1.280000e+03	3.149854e+06	1.280000e+03	3.150452e+06	1.280000e+03	3.145254e+06	1.280000e+03	3.135497e+06	1.280000e+03	3.145189e+06	1.280000e+03	3.141569e+06	1.280000e+03	3.138272e+06	1.280000e+03	3.139006e+06	1.280000e+03	3.151416e+06	1.280000e+03	3.148196e+06	1.280000e+03	3.152723e+06	1.280000e+03	3.159449e+06	1.280000e+03	3.138276e+06	1.280000e+03	3.145312e+06	1.280000e+03	3.153497e+06	1.280000e+03	3.177653e+06	1.280000e+03	3.160819e+06	1.280000e+03	3.154384e+06	1.280000e+03	3.157262e+06	1.280000e+03	3.149007e+06	1.280000e+03	3.163922e+06	1.280000e+03	3.161374e+06	1.280000e+03	3.157579e+06	1.280000e+03	3.155405e+06	1.280000e+03	3.160237e+06	1.280000e+03	3.157623e+06	1.280000e+03	3.154085e+06	1.280000e+03	3.169517e+06	1.280000e+03	3.158841e+06	1.280000e+03	3.168089e+06	1.280000e+03	3.134838e+06	1.280000e+03	3.190752e+06	1.280000e+03	3.178294e+06	1.280000e+03	3.171573e+06	1.280000e+03	3.168304e+06	1.280000e+03	3.176583e+06	1.280000e+03	3.143139e+06	1.280000e+03	3.158346e+06	1.280000e+03	3.157910e+06	1.280000e+03	3.143060e+06	1.280000e+03	3.166857e+06	1.280000e+03	3.158240e+06	1.280000e+03	3.162795e+06	1.280000e+03	3.161554e+06	1.280000e+03	3.161016e+06	1.280000e+03	3.172209e+06	1.280000e+03	3.135099e+06	1.280000e+03	3.154531e+06	1.280000e+03	3.155364e+06	1.280000e+03	3.172395e+06	1.280000e+03	3.151627e+06	1.280000e+03	3.158565e+06	1.280000e+03	3.164080e+06	1.280000e+03	3.159406e+06	1.280000e+03	3.164412e+06	1.280000e+03	3.155867e+06	1.280000e+03	3.158792e+06	1.280000e+03	3.164672e+06	1.280000e+03	3.152144e+06	1.280000e+03	3.151172e+06	1.280000e+03	3.152461e+06	1.280000e+03	3.157331e+06	1.280000e+03	3.170006e+06	1.280000e+03	3.172834e+06	1.280000e+03	3.166445e+06	1.280000e+03	3.151219e+06	1.280000e+03	3.172089e+06	1.280000e+03	3.169439e+06	1.280000e+03	3.165740e+06	1.280000e+03	3.158338e+06	1.280000e+03	3.168680e+06	1.280000e+03	3.162666e+06	1.280000e+03	3.142624e+06	1.280000e+03	3.144733e+06	1.280000e+03	3.147982e+06	1.280000e+03	3.164654e+06	1.280000e+03	3.149206e+06	1.280000e+03	3.166564e+06	1.280000e+03	3.149884e+06	1.280000e+03	3.157286e+06	1.280000e+03	3.165832e+06	1.280000e+03	3.143745e+06	1.280000e+03	3.155639e+06	1.280000e+03	3.181177e+06	1.280000e+03	3.175583e+06	1.280000e+03	3.151927e+06	1.280000e+03	3.175917e+06	1.280000e+03	3.147968e+06	1.280000e+03	3.179718e+06	1.280000e+03	3.140371e+06	1.280000e+03	3.147840e+06	1.280000e+03	3.135273e+06	1.280000e+03	3.153592e+06	1.280000e+03	3.176890e+06	1.280000e+03	3.158772e+06	1.280000e+03	3.155921e+06	1.280000e+03	3.179081e+06	1.280000e+03	3.174818e+06	1.280000e+03	3.159800e+06	1.280000e+03	3.177198e+06	1.280000e+03	3.162735e+06	1.280000e+03	3.150554e+06	1.280000e+03	3.158285e+06	1.280000e+03	3.163423e+06	1.280000e+03	3.176403e+06	1.280000e+03	3.187696e+06	1.280000e+03	3.174073e+06	1.280000e+03	3.182666e+06	1.280000e+03	3.187347e+06	1.280000e+03	3.167792e+06	1.280000e+03	3.176527e+06	1.280000e+03	3.166571e+06	1.280000e+03	3.158960e+06	1.280000e+03	3.174110e+06	1.280000e+03	3.169540e+06	1.280000e+03	3.167714e+06	1.280000e+03	3.173575e+06	1.280000e+03	3.172150e+06	1.280000e+03	3.190326e+06	1.280000e+03	3.176387e+06	1.280000e+03	3.174847e+06	1.280000e+03	3.181043e+06	1.280000e+03	3.187049e+06	1.280000e+03	3.178038e+06	1.280000e+03	3.180044e+06	1.280000e+03	3.188917e+06	1.280000e+03	3.193253e+06	1.280000e+03	3.175054e+06	1.280000e+03	3.183149e+06	1.280000e+03	3.200690e+06	1.280000e+03	3.205196e+06	1.280000e+03	3.201882e+06	1.280000e+03	3.200897e+06	1.280000e+03	3.201757e+06	1.280000e+03	3.178806e+06	1.280000e+03	3.194158e+06	1.280000e+03	3.191513e+06	1.280000e+03	3.199145e+06	1.280000e+03	3.184710e+06	1.280000e+03	3.184264e+06	1.280000e+03	3.198325e+06	1.280000e+03	3.209409e+06	1.280000e+03	3.202149e+06	1.280000e+03	3.196472e+06	1.280000e+03	3.194946e+06	1.280000e+03	3.195405e+06	1.280000e+03	3.202550e+06	1.280000e+03	3.211148e+06	1.280000e+03	3.174441e+06	1.280000e+03	3.192038e+06	1.280000e+03	3.180600e+06	1.280000e+03	3.203849e+06	1.280000e+03	3.197079e+06	1.280000e+03	3.195650e+06	1.280000e+03	3.183180e+06	1.280000e+03	3.190854e+06	1.280000e+03	3.190486e+06
1.285000e+03	3.109107e+06	1.285000e+03	3.102350e+06	1.285000e+03	3.071692e+06	1.285000e+03	3.070224e+06	1.285000e+03	3.053949e+06	1.285000e+03	3.048164e+06	1.285000e+03	3.045807e+06	1.285000e+03	3.039189e+06	1.285000e+03	3.027504e+06	1.285000e+03	3.027972e+06	1.285000e+03	3.034285e+06	1.285000e+03	3.016921e+06	1.285000e+03	3.020387e+06	1.285000e+03	3.034996e+06	1.285000e+03	3.026827e+06	1.285000e+03	3.022066e+06	1.285000e+03	3.039173e+06	1.285000e+03	3.044749e+06	1.285000e+03	3.029866e+06	1.285000e+03	3.044087e+06	1.285000e+03	3.026735e+06	1.285000e+03	3.015463e+06	1.285000e+03	3.042476e+06	1.285000e+03	3.003391e+06	1.285000e+03	3.016146e+06	1.285000e+03	3.000520e+06	1.285000e+03	3.018363e+06	1.285000e+03	3.008856e+06	1.285000e+03	3.016758e+06	1.285000e+03	3.029479e+06	1.285000e+03	3.016372e+06	1.285000e+03	3.038410e+06	1.285000e+03	3.020573e+06	1.285000e+03	3.030183e+06	1.285000e+03	3.023147e+06	1.285000e+03	3.028719e+06	1.285000e+03	3.034181e+06	1.285000e+03	3.045892e+06	1.285000e+03	3.026136e+06	1.285000e+03	3.033780e+06	1.285000e+03	3.030061e+06	1.285000e+03	3.051308e+06	1.285000e+03	3.038639e+06	1.285000e+03	3.033802e+06	1.285000e+03	3.047065e+06	1.285000e+03	3.056756e+06	1.285000e+03	3.049225e+06	1.285000e+03	3.064277e+06	1.285000e+03	3.070409e+06	1.285000e+03	3.065770e+06	1.285000e+03	3.061372e+06	1.285000e+03	3.067903e+06	1.285000e+03	3.067900e+06	1.285000e+03	3.080579e+06	1.285000e+03	3.054787e+06	1.285000e+03	3.070062e+06	1.285000e+03	3.092570e+06	1.285000e+03	3.083299e+06	1.285000e+03	3.070512e+06	1.285000e+03	3.083119e+06	1.285000e+03	3.088692e+06	1.285000e+03	3.084334e+06	1.285000e+03	3.077528e+06	1.285000e+03	3.073073e+06	1.285000e+03	3.062456e+06	1.285000e+03	3.100159e+06	1.285000e+03	3.077461e+06	1.285000e+03	3.067131e+06	1.285000e+03	3.093197e+06	1.285000e+03	3.093992e+06	1.285000e+03	3.102144e+06	1.285000e+03	3.086003e+06	1.285000e+03	3.099899e+06	1.285000e+03	3.091445e+06	1.285000e+03	3.084996e+06	1.285000e+03	3.099566e+06	1.285000e+03	3.124349e+06	1.285000e+03	3.102547e+06	1.285000e+03	3.119314e+06	1.285000e+03	3.093405e+06	1.285000e+03	3.100081e+06	1.285000e+03	3.126083e+06	1.285000e+03	3.104525e+06	1.285000e+03	3.109738e+06	1.285000e+03	3.109426e+06	1.285000e+03	3.099153e+06	1.285000e+03	3.100146e+06	1.285000e+03	3.116336e+06	1.285000e+03	3.112406e+06	1.285000e+03	3.109483e+06	1.285000e+03	3.130841e+06	1.285000e+03	3.118807e+06	1.285000e+03	3.140327e+06	1.285000e+03	3.109360e+06	1.285000e+03	3.114098e+06	1.285000e+03	3.115949e+06	1.285000e+03	3.123268e+06	1.285000e+03	3.119084e+06	1.285000e+03	3.113555e+06	1.285000e+03	3.133901e+06	1.285000e+03	3.145357e+06	1.285000e+03	3.137568e+06	1.285000e+03	3.131306e+06	1.285000e+03	3.123136e+06	1.285000e+03	3.120382e+06	1.285000e+03	3.120166e+06	1.285000e+03	3.109048e+06	1.285000e+03	3.120080e+06	1.285000e+03	3.136439e+06	1.285000e+03	3.124205e+06	1.285000e+03	3.138649e+06	1.285000e+03	3.134673e+06	1.285000e+03	3.125984e+06	1.285000e+03	3.112519e+06	1.285000e+03	3.118173e+06	1.285000e+03	3.146305e+06	1.285000e+03	3.136877e+06	1.285000e+03	3.093167e+06	1.285000e+03	3.090961e+06	1.285000e+03	3.125892e+06	1.285000e+03	3.150642e+06	1.285000e+03	3.127912e+06	1.285000e+03	3.126008e+06	1.285000e+03	3.123159e+06	1.285000e+03	3.113308e+06	1.285000e+03	3.109459e+06	1.285000e+03	3.126279e+06	1.285000e+03	3.116710e+06	1.285000e+03	3.154010e+06	1.285000e+03	3.121183e+06	1.285000e+03	3.126750e+06	1.285000e+03	3.110655e+06	1.285000e+03	3.111469e+06	1.285000e+03	3.120193e+06	1.285000e+03	3.104644e+06	1.285000e+03	3.107784e+06	1.285000e+03	3.130315e+06	1.285000e+03	3.141257e+06	1.285000e+03	3.131027e+06	1.285000e+03	3.096099e+06	1.285000e+03	3.109327e+06	1.285000e+03	3.134520e+06	1.285000e+03	3.135499e+06	1.285000e+03	3.133797e+06	1.285000e+03	3.134483e+06	1.285000e+03	3.122570e+06	1.285000e+03	3.131930e+06	1.285000e+03	3.131794e+06	1.285000e+03	3.148725e+06	1.285000e+03	3.118402e+06	1.285000e+03	3.130965e+06	1.285000e+03	3.117044e+06	1.285000e+03	3.125237e+06	1.285000e+03	3.148741e+06	1.285000e+03	3.153645e+06	1.285000e+03	3.148227e+06	1.285000e+03	3.129713e+06	1.285000e+03	3.147791e+06	1.285000e+03	3.150766e+06	1.285000e+03	3.145869e+06	1.285000e+03	3.134094e+06	1.285000e+03	3.144766e+06	1.285000e+03	3.149045e+06	1.285000e+03	3.139022e+06	1.285000e+03	3.133999e+06	1.285000e+03	3.149193e+06	1.285000e+03	3.155551e+06	1.285000e+03	3.162680e+06	1.285000e+03	3.166359e+06	1.285000e+03	3.150382e+06	1.285000e+03	3.145464e+06	1.285000e+03	3.151692e+06	1.285000e+03	3.160291e+06	1.285000e+03	3.165864e+06	1.285000e+03	3.149418e+06	1.285000e+03	3.160488e+06	1.285000e+03	3.158214e+06	1.285000e+03	3.165055e+06	1.285000e+03	3.144192e+06	1.285000e+03	3.154820e+06	1.285000e+03	3.156507e+06	1.285000e+03	3.158358e+06	1.285000e+03	3.153920e+06	1.285000e+03	3.152474e+06	1.285000e+03	3.170284e+06	1.285000e+03	3.161965e+06	1.285000e+03	3.174516e+06	1.285000e+03	3.133620e+06	1.285000e+03	3.187201e+06	1.285000e+03	3.182050e+06	1.285000e+03	3.161028e+06	1.285000e+03	3.164239e+06	1.285000e+03	3.172729e+06	1.285000e+03	3.148777e+06	1.285000e+03	3.158025e+06	1.285000e+03	3.158041e+06	1.285000e+03	3.148829e+06	1.285000e+03	3.169925e+06	1.285000e+03	3.158902e+06	1.285000e+03	3.160923e+06	1.285000e+03	3.168212e+06	1.285000e+03	3.161245e+06	1.285000e+03	3.173240e+06	1.285000e+03	3.141529e+06	1.285000e+03	3.156137e+06	1.285000e+03	3.147000e+06	1.285000e+03	3.168579e+06	1.285000e+03	3.141640e+06	1.285000e+03	3.164066e+06	1.285000e+03	3.160414e+06	1.285000e+03	3.160786e+06	1.285000e+03	3.164622e+06	1.285000e+03	3.157057e+06	1.285000e+03	3.159101e+06	1.285000e+03	3.165754e+06	1.285000e+03	3.141247e+06	1.285000e+03	3.151343e+06	1.285000e+03	3.151747e+06	1.285000e+03	3.160640e+06	1.285000e+03	3.172775e+06	1.285000e+03	3.177001e+06	1.285000e+03	3.165604e+06	1.285000e+03	3.152160e+06	1.285000e+03	3.167744e+06	1.285000e+03	3.165061e+06	1.285000e+03	3.166272e+06	1.285000e+03	3.155901e+06	1.285000e+03	3.162109e+06	1.285000e+03	3.158759e+06	1.285000e+03	3.135247e+06	1.285000e+03	3.144794e+06	1.285000e+03	3.142992e+06	1.285000e+03	3.175304e+06	1.285000e+03	3.151709e+06	1.285000e+03	3.161832e+06	1.285000e+03	3.151609e+06	1.285000e+03	3.166445e+06	1.285000e+03	3.171957e+06	1.285000e+03	3.152150e+06	1.285000e+03	3.171486e+06	1.285000e+03	3.177650e+06	1.285000e+03	3.173187e+06	1.285000e+03	3.152474e+06	1.285000e+03	3.175693e+06	1.285000e+03	3.149647e+06	1.285000e+03	3.179455e+06	1.285000e+03	3.154940e+06	1.285000e+03	3.146207e+06	1.285000e+03	3.137288e+06	1.285000e+03	3.152356e+06	1.285000e+03	3.177276e+06	1.285000e+03	3.159316e+06	1.285000e+03	3.154220e+06	1.285000e+03	3.180056e+06	1.285000e+03	3.174845e+06	1.285000e+03	3.158258e+06	1.285000e+03	3.180362e+06	1.285000e+03	3.175830e+06	1.285000e+03	3.152226e+06	1.285000e+03	3.159150e+06	1.285000e+03	3.166071e+06	1.285000e+03	3.175399e+06	1.285000e+03	3.177762e+06	1.285000e+03	3.171312e+06	1.285000e+03	3.181267e+06	1.285000e+03	3.188210e+06	1.285000e+03	3.162256e+06	1.285000e+03	3.180125e+06	1.285000e+03	3.170029e+06	1.285000e+03	3.163470e+06	1.285000e+03	3.180405e+06	1.285000e+03	3.169429e+06	1.285000e+03	3.166596e+06	1.285000e+03	3.177007e+06	1.285000e+03	3.176843e+06	1.285000e+03	3.186984e+06	1.285000e+03	3.175222e+06	1.285000e+03	3.169168e+06	1.285000e+03	3.177610e+06	1.285000e+03	3.187881e+06	1.285000e+03	3.178960e+06	1.285000e+03	3.184016e+06	1.285000e+03	3.185004e+06	1.285000e+03	3.192227e+06	1.285000e+03	3.176335e+06	1.285000e+03	3.185039e+06	1.285000e+03	3.194384e+06	1.285000e+03	3.197260e+06	1.285000e+03	3.194872e+06	1.285000e+03	3.199413e+06	1.285000e+03	3.208916e+06	1.285000e+03	3.173614e+06	1.285000e+03	3.195066e+06	1.285000e+03	3.191840e+06	1.285000e+03	3.200179e+06	1.285000e+03	3.186519e+06	1.285000e+03	3.181418e+06	1.285000e+03	3.200573e+06	1.285000e+03	3.209485e+06	1.285000e+03	3.192867e+06	1.285000e+03	3.201234e+06	1.285000e+03	3.191320e+06	1.285000e+03	3.195069e+06	1.285000e+03	3.198964e+06	1.285000e+03	3.212185e+06	1.285000e+03	3.180455e+06	1.285000e+03	3.203283e+06	1.285000e+03	3.174812e+06	1.285000e+03	3.195772e+06	1.285000e+03	3.199093e+06	1.285000e+03	3.190765e+06	1.285000e+03	3.178462e+06	1.285000e+03	3.192934e+06	1.285000e+03	3.201775e+06
1.290000e+03	3.115904e+06	1.290000e+03	3.116066e+06	1.290000e+03	3.074339e+06	1.290000e+03	3.071322e+06	1.290000e+03	3.057148e+06	1.290000e+03	3.044907e+06	1.290000e+03	3.044497e+06	1.290000e+03	3.044190e+06	1.290000e+03	3.024230e+06	1.290000e+03	3.025008e+06	1.290000e+03	3.025854e+06	1.290000e+03	3.013853e+06	1.290000e+03	3.022361e+06	1.290000e+03	3.044808e+06	1.290000e+03	3.026001e+06	1.290000e+03	3.021756e+06	1.290000e+03	3.042316e+06	1.290000e+03	3.054083e+06	1.290000e+03	3.044904e+06	1.290000e+03	3.036559e+06	1.290000e+03	3.035275e+06	1.290000e+03	3.026341e+06	1.290000e+03	3.042813e+06	1.290000e+03	3.008303e+06	1.290000e+03	3.016565e+06	1.290000e+03	3.006638e+06	1.290000e+03	3.017174e+06	1.290000e+03	3.007082e+06	1.290000e+03	3.022069e+06	1.290000e+03	3.025950e+06	1.290000e+03	3.005408e+06	1.290000e+03	3.022775e+06	1.290000e+03	3.019609e+06	1.290000e+03	3.031265e+06	1.290000e+03	3.025947e+06	1.290000e+03	3.024299e+06	1.290000e+03	3.040106e+06	1.290000e+03	3.040248e+06	1.290000e+03	3.022247e+06	1.290000e+03	3.040846e+06	1.290000e+03	3.033111e+06	1.290000e+03	3.051196e+06	1.290000e+03	3.036203e+06	1.290000e+03	3.030837e+06	1.290000e+03	3.041102e+06	1.290000e+03	3.054699e+06	1.290000e+03	3.039981e+06	1.290000e+03	3.064965e+06	1.290000e+03	3.068853e+06	1.290000e+03	3.063244e+06	1.290000e+03	3.057581e+06	1.290000e+03	3.071599e+06	1.290000e+03	3.077655e+06	1.290000e+03	3.067405e+06	1.290000e+03	3.058176e+06	1.290000e+03	3.069021e+06	1.290000e+03	3.085175e+06	1.290000e+03	3.078990e+06	1.290000e+03	3.065849e+06	1.290000e+03	3.093749e+06	1.290000e+03	3.092824e+06	1.290000e+03	3.083616e+06	1.290000e+03	3.077139e+06	1.290000e+03	3.089559e+06	1.290000e+03	3.068629e+06	1.290000e+03	3.103533e+06	1.290000e+03	3.074357e+06	1.290000e+03	3.062929e+06	1.290000e+03	3.109910e+06	1.290000e+03	3.090638e+06	1.290000e+03	3.096704e+06	1.290000e+03	3.075254e+06	1.290000e+03	3.103072e+06	1.290000e+03	3.097521e+06	1.290000e+03	3.083893e+06	1.290000e+03	3.106944e+06	1.290000e+03	3.119047e+06	1.290000e+03	3.105692e+06	1.290000e+03	3.118857e+06	1.290000e+03	3.094154e+06	1.290000e+03	3.094755e+06	1.290000e+03	3.126487e+06	1.290000e+03	3.106236e+06	1.290000e+03	3.113211e+06	1.290000e+03	3.111537e+06	1.290000e+03	3.101578e+06	1.290000e+03	3.108301e+06	1.290000e+03	3.125608e+06	1.290000e+03	3.109977e+06	1.290000e+03	3.114781e+06	1.290000e+03	3.124863e+06	1.290000e+03	3.117207e+06	1.290000e+03	3.128658e+06	1.290000e+03	3.112862e+06	1.290000e+03	3.117278e+06	1.290000e+03	3.113090e+06	1.290000e+03	3.118921e+06	1.290000e+03	3.127135e+06	1.290000e+03	3.115835e+06	1.290000e+03	3.130245e+06	1.290000e+03	3.132289e+06	1.290000e+03	3.135559e+06	1.290000e+03	3.116480e+06	1.290000e+03	3.119549e+06	1.290000e+03	3.117453e+06	1.290000e+03	3.122556e+06	1.290000e+03	3.111018e+06	1.290000e+03	3.112097e+06	1.290000e+03	3.132906e+06	1.290000e+03	3.119843e+06	1.290000e+03	3.136189e+06	1.290000e+03	3.141217e+06	1.290000e+03	3.137243e+06	1.290000e+03	3.114603e+06	1.290000e+03	3.118915e+06	1.290000e+03	3.150841e+06	1.290000e+03	3.136593e+06	1.290000e+03	3.092975e+06	1.290000e+03	3.099020e+06	1.290000e+03	3.110893e+06	1.290000e+03	3.139295e+06	1.290000e+03	3.131098e+06	1.290000e+03	3.121406e+06	1.290000e+03	3.125279e+06	1.290000e+03	3.115761e+06	1.290000e+03	3.103163e+06	1.290000e+03	3.123004e+06	1.290000e+03	3.118308e+06	1.290000e+03	3.145701e+06	1.290000e+03	3.122579e+06	1.290000e+03	3.126790e+06	1.290000e+03	3.119048e+06	1.290000e+03	3.108450e+06	1.290000e+03	3.112484e+06	1.290000e+03	3.111702e+06	1.290000e+03	3.107364e+06	1.290000e+03	3.131830e+06	1.290000e+03	3.144916e+06	1.290000e+03	3.136754e+06	1.290000e+03	3.098768e+06	1.290000e+03	3.111955e+06	1.290000e+03	3.132776e+06	1.290000e+03	3.133816e+06	1.290000e+03	3.133198e+06	1.290000e+03	3.131554e+06	1.290000e+03	3.120381e+06	1.290000e+03	3.132459e+06	1.290000e+03	3.129455e+06	1.290000e+03	3.152472e+06	1.290000e+03	3.112925e+06	1.290000e+03	3.131130e+06	1.290000e+03	3.110301e+06	1.290000e+03	3.126617e+06	1.290000e+03	3.162613e+06	1.290000e+03	3.146355e+06	1.290000e+03	3.148715e+06	1.290000e+03	3.134262e+06	1.290000e+03	3.149417e+06	1.290000e+03	3.147426e+06	1.290000e+03	3.147829e+06	1.290000e+03	3.129680e+06	1.290000e+03	3.147204e+06	1.290000e+03	3.144292e+06	1.290000e+03	3.137640e+06	1.290000e+03	3.140461e+06	1.290000e+03	3.149563e+06	1.290000e+03	3.168840e+06	1.290000e+03	3.152821e+06	1.290000e+03	3.158857e+06	1.290000e+03	3.157290e+06	1.290000e+03	3.151881e+06	1.290000e+03	3.153286e+06	1.290000e+03	3.156744e+06	1.290000e+03	3.152313e+06	1.290000e+03	3.144656e+06	1.290000e+03	3.160105e+06	1.290000e+03	3.154821e+06	1.290000e+03	3.167257e+06	1.290000e+03	3.144618e+06	1.290000e+03	3.165607e+06	1.290000e+03	3.153963e+06	1.290000e+03	3.158465e+06	1.290000e+03	3.145680e+06	1.290000e+03	3.149327e+06	1.290000e+03	3.167139e+06	1.290000e+03	3.156746e+06	1.290000e+03	3.175906e+06	1.290000e+03	3.140391e+06	1.290000e+03	3.177741e+06	1.290000e+03	3.172942e+06	1.290000e+03	3.163620e+06	1.290000e+03	3.168126e+06	1.290000e+03	3.169999e+06	1.290000e+03	3.149391e+06	1.290000e+03	3.156655e+06	1.290000e+03	3.161414e+06	1.290000e+03	3.144834e+06	1.290000e+03	3.167243e+06	1.290000e+03	3.158170e+06	1.290000e+03	3.161933e+06	1.290000e+03	3.167478e+06	1.290000e+03	3.155352e+06	1.290000e+03	3.173632e+06	1.290000e+03	3.155371e+06	1.290000e+03	3.161926e+06	1.290000e+03	3.153214e+06	1.290000e+03	3.159135e+06	1.290000e+03	3.145719e+06	1.290000e+03	3.156049e+06	1.290000e+03	3.153787e+06	1.290000e+03	3.160552e+06	1.290000e+03	3.160131e+06	1.290000e+03	3.166740e+06	1.290000e+03	3.161263e+06	1.290000e+03	3.154398e+06	1.290000e+03	3.148712e+06	1.290000e+03	3.151287e+06	1.290000e+03	3.151714e+06	1.290000e+03	3.160722e+06	1.290000e+03	3.171296e+06	1.290000e+03	3.162547e+06	1.290000e+03	3.171334e+06	1.290000e+03	3.145458e+06	1.290000e+03	3.158481e+06	1.290000e+03	3.163060e+06	1.290000e+03	3.164818e+06	1.290000e+03	3.154468e+06	1.290000e+03	3.164654e+06	1.290000e+03	3.165508e+06	1.290000e+03	3.143107e+06	1.290000e+03	3.147915e+06	1.290000e+03	3.148022e+06	1.290000e+03	3.162791e+06	1.290000e+03	3.157150e+06	1.290000e+03	3.157523e+06	1.290000e+03	3.164138e+06	1.290000e+03	3.164050e+06	1.290000e+03	3.174971e+06	1.290000e+03	3.158818e+06	1.290000e+03	3.168899e+06	1.290000e+03	3.175922e+06	1.290000e+03	3.178824e+06	1.290000e+03	3.157061e+06	1.290000e+03	3.174730e+06	1.290000e+03	3.157773e+06	1.290000e+03	3.179653e+06	1.290000e+03	3.154028e+06	1.290000e+03	3.145508e+06	1.290000e+03	3.135640e+06	1.290000e+03	3.151667e+06	1.290000e+03	3.172680e+06	1.290000e+03	3.155388e+06	1.290000e+03	3.154934e+06	1.290000e+03	3.177116e+06	1.290000e+03	3.172989e+06	1.290000e+03	3.162364e+06	1.290000e+03	3.183795e+06	1.290000e+03	3.177275e+06	1.290000e+03	3.153975e+06	1.290000e+03	3.171066e+06	1.290000e+03	3.169403e+06	1.290000e+03	3.176362e+06	1.290000e+03	3.185746e+06	1.290000e+03	3.171215e+06	1.290000e+03	3.174242e+06	1.290000e+03	3.184786e+06	1.290000e+03	3.168225e+06	1.290000e+03	3.178984e+06	1.290000e+03	3.168192e+06	1.290000e+03	3.161080e+06	1.290000e+03	3.168487e+06	1.290000e+03	3.165881e+06	1.290000e+03	3.163057e+06	1.290000e+03	3.174848e+06	1.290000e+03	3.175541e+06	1.290000e+03	3.183962e+06	1.290000e+03	3.171798e+06	1.290000e+03	3.169812e+06	1.290000e+03	3.173376e+06	1.290000e+03	3.190704e+06	1.290000e+03	3.172472e+06	1.290000e+03	3.179135e+06	1.290000e+03	3.187378e+06	1.290000e+03	3.188226e+06	1.290000e+03	3.173063e+06	1.290000e+03	3.178507e+06	1.290000e+03	3.196637e+06	1.290000e+03	3.203551e+06	1.290000e+03	3.201426e+06	1.290000e+03	3.200218e+06	1.290000e+03	3.206183e+06	1.290000e+03	3.174520e+06	1.290000e+03	3.194694e+06	1.290000e+03	3.192719e+06	1.290000e+03	3.205432e+06	1.290000e+03	3.184827e+06	1.290000e+03	3.196685e+06	1.290000e+03	3.201206e+06	1.290000e+03	3.206871e+06	1.290000e+03	3.191725e+06	1.290000e+03	3.195374e+06	1.290000e+03	3.195491e+06	1.290000e+03	3.197294e+06	1.290000e+03	3.205641e+06	1.290000e+03	3.205911e+06	1.290000e+03	3.175038e+06	1.290000e+03	3.196222e+06	1.290000e+03	3.177435e+06	1.290000e+03	3.196506e+06	1.290000e+03	3.191047e+06	1.290000e+03	3.184364e+06	1.290000e+03	3.175392e+06	1.290000e+03	3.194892e+06	1.290000e+03	3.190969e+06
1.295000e+03	3.110802e+06	1.295000e+03	3.111376e+06	1.295000e+03	3.071451e+06	1.295000e+03	3.066397e+06	1.295000e+03	3.058887e+06	1.295000e+03	3.053688e+06	1.295000e+03	3.049972e+06	1.295000e+03	3.045993e+06	1.295000e+03	3.025011e+06	1.295000e+03	3.022001e+06	1.295000e+03	3.027236e+06	1.295000e+03	3.017265e+06	1.295000e+03	3.018522e+06	1.295000e+03	3.039494e+06	1.295000e+03	3.032060e+06	1.295000e+03	3.024706e+06	1.295000e+03	3.039508e+06	1.295000e+03	3.042119e+06	1.295000e+03	3.034273e+06	1.295000e+03	3.029380e+06	1.295000e+03	3.034038e+06	1.295000e+03	3.024140e+06	1.295000e+03	3.041657e+06	1.295000e+03	3.005377e+06	1.295000e+03	3.028396e+06	1.295000e+03	3.002642e+06	1.295000e+03	3.016607e+06	1.295000e+03	3.008633e+06	1.295000e+03	3.022174e+06	1.295000e+03	3.018301e+06	1.295000e+03	3.010356e+06	1.295000e+03	3.025055e+06	1.295000e+03	3.027031e+06	1.295000e+03	3.026478e+06	1.295000e+03	3.028225e+06	1.295000e+03	3.026765e+06	1.295000e+03	3.033273e+06	1.295000e+03	3.036524e+06	1.295000e+03	3.027426e+06	1.295000e+03	3.043906e+06	1.295000e+03	3.038764e+06	1.295000e+03	3.066533e+06	1.295000e+03	3.038876e+06	1.295000e+03	3.030507e+06	1.295000e+03	3.037968e+06	1.295000e+03	3.062579e+06	1.295000e+03	3.045721e+06	1.295000e+03	3.061662e+06	1.295000e+03	3.071476e+06	1.295000e+03	3.061713e+06	1.295000e+03	3.051431e+06	1.295000e+03	3.070188e+06	1.295000e+03	3.077445e+06	1.295000e+03	3.068222e+06	1.295000e+03	3.052736e+06	1.295000e+03	3.068845e+06	1.295000e+03	3.075822e+06	1.295000e+03	3.077072e+06	1.295000e+03	3.077263e+06	1.295000e+03	3.086678e+06	1.295000e+03	3.095182e+06	1.295000e+03	3.081532e+06	1.295000e+03	3.076643e+06	1.295000e+03	3.091034e+06	1.295000e+03	3.069323e+06	1.295000e+03	3.101216e+06	1.295000e+03	3.082033e+06	1.295000e+03	3.062832e+06	1.295000e+03	3.104334e+06	1.295000e+03	3.093634e+06	1.295000e+03	3.100423e+06	1.295000e+03	3.074626e+06	1.295000e+03	3.099363e+06	1.295000e+03	3.092318e+06	1.295000e+03	3.081670e+06	1.295000e+03	3.105201e+06	1.295000e+03	3.119467e+06	1.295000e+03	3.112090e+06	1.295000e+03	3.128221e+06	1.295000e+03	3.090983e+06	1.295000e+03	3.099037e+06	1.295000e+03	3.125063e+06	1.295000e+03	3.111799e+06	1.295000e+03	3.114796e+06	1.295000e+03	3.111194e+06	1.295000e+03	3.095667e+06	1.295000e+03	3.108044e+06	1.295000e+03	3.123994e+06	1.295000e+03	3.098901e+06	1.295000e+03	3.104368e+06	1.295000e+03	3.111665e+06	1.295000e+03	3.119291e+06	1.295000e+03	3.132304e+06	1.295000e+03	3.113080e+06	1.295000e+03	3.109683e+06	1.295000e+03	3.109933e+06	1.295000e+03	3.124739e+06	1.295000e+03	3.125544e+06	1.295000e+03	3.110873e+06	1.295000e+03	3.138934e+06	1.295000e+03	3.134499e+06	1.295000e+03	3.137260e+06	1.295000e+03	3.117022e+06	1.295000e+03	3.119032e+06	1.295000e+03	3.123324e+06	1.295000e+03	3.120846e+06	1.295000e+03	3.116609e+06	1.295000e+03	3.120335e+06	1.295000e+03	3.138692e+06	1.295000e+03	3.127737e+06	1.295000e+03	3.132086e+06	1.295000e+03	3.148789e+06	1.295000e+03	3.135970e+06	1.295000e+03	3.121457e+06	1.295000e+03	3.121307e+06	1.295000e+03	3.154225e+06	1.295000e+03	3.131576e+06	1.295000e+03	3.099232e+06	1.295000e+03	3.099984e+06	1.295000e+03	3.110925e+06	1.295000e+03	3.136023e+06	1.295000e+03	3.113499e+06	1.295000e+03	3.114299e+06	1.295000e+03	3.123628e+06	1.295000e+03	3.123985e+06	1.295000e+03	3.099253e+06	1.295000e+03	3.115761e+06	1.295000e+03	3.118223e+06	1.295000e+03	3.149075e+06	1.295000e+03	3.119221e+06	1.295000e+03	3.128601e+06	1.295000e+03	3.121237e+06	1.295000e+03	3.109338e+06	1.295000e+03	3.126103e+06	1.295000e+03	3.114108e+06	1.295000e+03	3.107563e+06	1.295000e+03	3.125621e+06	1.295000e+03	3.145047e+06	1.295000e+03	3.120936e+06	1.295000e+03	3.100142e+06	1.295000e+03	3.109057e+06	1.295000e+03	3.128418e+06	1.295000e+03	3.127508e+06	1.295000e+03	3.137045e+06	1.295000e+03	3.145904e+06	1.295000e+03	3.126421e+06	1.295000e+03	3.139822e+06	1.295000e+03	3.125926e+06	1.295000e+03	3.144159e+06	1.295000e+03	3.128385e+06	1.295000e+03	3.129244e+06	1.295000e+03	3.123810e+06	1.295000e+03	3.129025e+06	1.295000e+03	3.178082e+06	1.295000e+03	3.140965e+06	1.295000e+03	3.150634e+06	1.295000e+03	3.132036e+06	1.295000e+03	3.142876e+06	1.295000e+03	3.145468e+06	1.295000e+03	3.150839e+06	1.295000e+03	3.125372e+06	1.295000e+03	3.141234e+06	1.295000e+03	3.148135e+06	1.295000e+03	3.136460e+06	1.295000e+03	3.135641e+06	1.295000e+03	3.145075e+06	1.295000e+03	3.159081e+06	1.295000e+03	3.162066e+06	1.295000e+03	3.155568e+06	1.295000e+03	3.152430e+06	1.295000e+03	3.153704e+06	1.295000e+03	3.152818e+06	1.295000e+03	3.155757e+06	1.295000e+03	3.155611e+06	1.295000e+03	3.148124e+06	1.295000e+03	3.158622e+06	1.295000e+03	3.152863e+06	1.295000e+03	3.155384e+06	1.295000e+03	3.150804e+06	1.295000e+03	3.163007e+06	1.295000e+03	3.155438e+06	1.295000e+03	3.170431e+06	1.295000e+03	3.146580e+06	1.295000e+03	3.154674e+06	1.295000e+03	3.168698e+06	1.295000e+03	3.151614e+06	1.295000e+03	3.165573e+06	1.295000e+03	3.138495e+06	1.295000e+03	3.175580e+06	1.295000e+03	3.179776e+06	1.295000e+03	3.163685e+06	1.295000e+03	3.165749e+06	1.295000e+03	3.172775e+06	1.295000e+03	3.144219e+06	1.295000e+03	3.153575e+06	1.295000e+03	3.161341e+06	1.295000e+03	3.149079e+06	1.295000e+03	3.170691e+06	1.295000e+03	3.155993e+06	1.295000e+03	3.168287e+06	1.295000e+03	3.154926e+06	1.295000e+03	3.154804e+06	1.295000e+03	3.169067e+06	1.295000e+03	3.141621e+06	1.295000e+03	3.161727e+06	1.295000e+03	3.157633e+06	1.295000e+03	3.151667e+06	1.295000e+03	3.146842e+06	1.295000e+03	3.165236e+06	1.295000e+03	3.150112e+06	1.295000e+03	3.151086e+06	1.295000e+03	3.166939e+06	1.295000e+03	3.160510e+06	1.295000e+03	3.158321e+06	1.295000e+03	3.156598e+06	1.295000e+03	3.148382e+06	1.295000e+03	3.150155e+06	1.295000e+03	3.154696e+06	1.295000e+03	3.152251e+06	1.295000e+03	3.179185e+06	1.295000e+03	3.165077e+06	1.295000e+03	3.167862e+06	1.295000e+03	3.145830e+06	1.295000e+03	3.160177e+06	1.295000e+03	3.168361e+06	1.295000e+03	3.173004e+06	1.295000e+03	3.156800e+06	1.295000e+03	3.167642e+06	1.295000e+03	3.168270e+06	1.295000e+03	3.146293e+06	1.295000e+03	3.147417e+06	1.295000e+03	3.141498e+06	1.295000e+03	3.172166e+06	1.295000e+03	3.153098e+06	1.295000e+03	3.155279e+06	1.295000e+03	3.157686e+06	1.295000e+03	3.168093e+06	1.295000e+03	3.176524e+06	1.295000e+03	3.158170e+06	1.295000e+03	3.175928e+06	1.295000e+03	3.180812e+06	1.295000e+03	3.169185e+06	1.295000e+03	3.148595e+06	1.295000e+03	3.176211e+06	1.295000e+03	3.162185e+06	1.295000e+03	3.177131e+06	1.295000e+03	3.159282e+06	1.295000e+03	3.147506e+06	1.295000e+03	3.135128e+06	1.295000e+03	3.159166e+06	1.295000e+03	3.168645e+06	1.295000e+03	3.151717e+06	1.295000e+03	3.157179e+06	1.295000e+03	3.175364e+06	1.295000e+03	3.173501e+06	1.295000e+03	3.161474e+06	1.295000e+03	3.192848e+06	1.295000e+03	3.181363e+06	1.295000e+03	3.154759e+06	1.295000e+03	3.171870e+06	1.295000e+03	3.171970e+06	1.295000e+03	3.182846e+06	1.295000e+03	3.186789e+06	1.295000e+03	3.164763e+06	1.295000e+03	3.179449e+06	1.295000e+03	3.183238e+06	1.295000e+03	3.168453e+06	1.295000e+03	3.179982e+06	1.295000e+03	3.169184e+06	1.295000e+03	3.165286e+06	1.295000e+03	3.172694e+06	1.295000e+03	3.156584e+06	1.295000e+03	3.171134e+06	1.295000e+03	3.180112e+06	1.295000e+03	3.173536e+06	1.295000e+03	3.182653e+06	1.295000e+03	3.171179e+06	1.295000e+03	3.171843e+06	1.295000e+03	3.170978e+06	1.295000e+03	3.186875e+06	1.295000e+03	3.170997e+06	1.295000e+03	3.179436e+06	1.295000e+03	3.174798e+06	1.295000e+03	3.193852e+06	1.295000e+03	3.171139e+06	1.295000e+03	3.179108e+06	1.295000e+03	3.184316e+06	1.295000e+03	3.202234e+06	1.295000e+03	3.202060e+06	1.295000e+03	3.202087e+06	1.295000e+03	3.198404e+06	1.295000e+03	3.182271e+06	1.295000e+03	3.192771e+06	1.295000e+03	3.191844e+06	1.295000e+03	3.206700e+06	1.295000e+03	3.188662e+06	1.295000e+03	3.185615e+06	1.295000e+03	3.200994e+06	1.295000e+03	3.197057e+06	1.295000e+03	3.185923e+06	1.295000e+03	3.200351e+06	1.295000e+03	3.189053e+06	1.295000e+03	3.196827e+06	1.295000e+03	3.197788e+06	1.295000e+03	3.200863e+06	1.295000e+03	3.172325e+06	1.295000e+03	3.185130e+06	1.295000e+03	3.180010e+06	1.295000e+03	3.199609e+06	1.295000e+03	3.194762e+06	1.295000e+03	3.185890e+06	1.295000e+03	3.176026e+06	1.295000e+03	3.193654e+06	1.295000e+03	3.192925e+06
1.300000e+03	3.115386e+06	1.300000e+03	3.105920e+06	1.300000e+03	3.067131e+06	1.300000e+03	3.062224e+06	1.300000e+03	3.058506e+06	1.300000e+03	3.049085e+06	1.300000e+03	3.044313e+06	1.300000e+03	3.043118e+06	1.300000e+03	3.028083e+06	1.300000e+03	3.026352e+06	1.300000e+03	3.024652e+06	1.300000e+03	3.016120e+06	1.300000e+03	3.030383e+06	1.300000e+03	3.039132e+06	1.300000e+03	3.030722e+06	1.300000e+03	3.020305e+06	1.300000e+03	3.038647e+06	1.300000e+03	3.048701e+06	1.300000e+03	3.034674e+06	1.300000e+03	3.028840e+06	1.300000e+03	3.030730e+06	1.300000e+03	3.017554e+06	1.300000e+03	3.028278e+06	1.300000e+03	3.007996e+06	1.300000e+03	3.014828e+06	1.300000e+03	3.005957e+06	1.300000e+03	3.015187e+06	1.300000e+03	3.009280e+06	1.300000e+03	3.022532e+06	1.300000e+03	3.038924e+06	1.300000e+03	2.999633e+06	1.300000e+03	3.032968e+06	1.300000e+03	3.036804e+06	1.300000e+03	3.015131e+06	1.300000e+03	3.027981e+06	1.300000e+03	3.015584e+06	1.300000e+03	3.025009e+06	1.300000e+03	3.042438e+06	1.300000e+03	3.028032e+06	1.300000e+03	3.044350e+06	1.300000e+03	3.039102e+06	1.300000e+03	3.063299e+06	1.300000e+03	3.032353e+06	1.300000e+03	3.020727e+06	1.300000e+03	3.041613e+06	1.300000e+03	3.059725e+06	1.300000e+03	3.071233e+06	1.300000e+03	3.075710e+06	1.300000e+03	3.065950e+06	1.300000e+03	3.067847e+06	1.300000e+03	3.064059e+06	1.300000e+03	3.072538e+06	1.300000e+03	3.059206e+06	1.300000e+03	3.064607e+06	1.300000e+03	3.053931e+06	1.300000e+03	3.062849e+06	1.300000e+03	3.074976e+06	1.300000e+03	3.078512e+06	1.300000e+03	3.076339e+06	1.300000e+03	3.083726e+06	1.300000e+03	3.097037e+06	1.300000e+03	3.080513e+06	1.300000e+03	3.089827e+06	1.300000e+03	3.083422e+06	1.300000e+03	3.073750e+06	1.300000e+03	3.106374e+06	1.300000e+03	3.086820e+06	1.300000e+03	3.051457e+06	1.300000e+03	3.091540e+06	1.300000e+03	3.086636e+06	1.300000e+03	3.087328e+06	1.300000e+03	3.080511e+06	1.300000e+03	3.102928e+06	1.300000e+03	3.090318e+06	1.300000e+03	3.085066e+06	1.300000e+03	3.102830e+06	1.300000e+03	3.119080e+06	1.300000e+03	3.102467e+06	1.300000e+03	3.113236e+06	1.300000e+03	3.088988e+06	1.300000e+03	3.099130e+06	1.300000e+03	3.121348e+06	1.300000e+03	3.093984e+06	1.300000e+03	3.125679e+06	1.300000e+03	3.111046e+06	1.300000e+03	3.093594e+06	1.300000e+03	3.105410e+06	1.300000e+03	3.120222e+06	1.300000e+03	3.097671e+06	1.300000e+03	3.122822e+06	1.300000e+03	3.118658e+06	1.300000e+03	3.117058e+06	1.300000e+03	3.119305e+06	1.300000e+03	3.118235e+06	1.300000e+03	3.114902e+06	1.300000e+03	3.124017e+06	1.300000e+03	3.122944e+06	1.300000e+03	3.123084e+06	1.300000e+03	3.112000e+06	1.300000e+03	3.138446e+06	1.300000e+03	3.134376e+06	1.300000e+03	3.138236e+06	1.300000e+03	3.116602e+06	1.300000e+03	3.116483e+06	1.300000e+03	3.125526e+06	1.300000e+03	3.117740e+06	1.300000e+03	3.114167e+06	1.300000e+03	3.115644e+06	1.300000e+03	3.135026e+06	1.300000e+03	3.121827e+06	1.300000e+03	3.122416e+06	1.300000e+03	3.141932e+06	1.300000e+03	3.136191e+06	1.300000e+03	3.116990e+06	1.300000e+03	3.121429e+06	1.300000e+03	3.154891e+06	1.300000e+03	3.135205e+06	1.300000e+03	3.101751e+06	1.300000e+03	3.108491e+06	1.300000e+03	3.110016e+06	1.300000e+03	3.136255e+06	1.300000e+03	3.112712e+06	1.300000e+03	3.118017e+06	1.300000e+03	3.118041e+06	1.300000e+03	3.122522e+06	1.300000e+03	3.107137e+06	1.300000e+03	3.111146e+06	1.300000e+03	3.116182e+06	1.300000e+03	3.144411e+06	1.300000e+03	3.114456e+06	1.300000e+03	3.119696e+06	1.300000e+03	3.113978e+06	1.300000e+03	3.105505e+06	1.300000e+03	3.116734e+06	1.300000e+03	3.105819e+06	1.300000e+03	3.109795e+06	1.300000e+03	3.126204e+06	1.300000e+03	3.128477e+06	1.300000e+03	3.120606e+06	1.300000e+03	3.098823e+06	1.300000e+03	3.109010e+06	1.300000e+03	3.130508e+06	1.300000e+03	3.133373e+06	1.300000e+03	3.141545e+06	1.300000e+03	3.151894e+06	1.300000e+03	3.120314e+06	1.300000e+03	3.147098e+06	1.300000e+03	3.133784e+06	1.300000e+03	3.144663e+06	1.300000e+03	3.125913e+06	1.300000e+03	3.131939e+06	1.300000e+03	3.138170e+06	1.300000e+03	3.127442e+06	1.300000e+03	3.158088e+06	1.300000e+03	3.145243e+06	1.300000e+03	3.145930e+06	1.300000e+03	3.137587e+06	1.300000e+03	3.145869e+06	1.300000e+03	3.153357e+06	1.300000e+03	3.150416e+06	1.300000e+03	3.124113e+06	1.300000e+03	3.143686e+06	1.300000e+03	3.141757e+06	1.300000e+03	3.140866e+06	1.300000e+03	3.139024e+06	1.300000e+03	3.150078e+06	1.300000e+03	3.159399e+06	1.300000e+03	3.161854e+06	1.300000e+03	3.152780e+06	1.300000e+03	3.149599e+06	1.300000e+03	3.158606e+06	1.300000e+03	3.158149e+06	1.300000e+03	3.158085e+06	1.300000e+03	3.161122e+06	1.300000e+03	3.145678e+06	1.300000e+03	3.156965e+06	1.300000e+03	3.150894e+06	1.300000e+03	3.162851e+06	1.300000e+03	3.150550e+06	1.300000e+03	3.163252e+06	1.300000e+03	3.153683e+06	1.300000e+03	3.169203e+06	1.300000e+03	3.144278e+06	1.300000e+03	3.153236e+06	1.300000e+03	3.169759e+06	1.300000e+03	3.154068e+06	1.300000e+03	3.164135e+06	1.300000e+03	3.132470e+06	1.300000e+03	3.174190e+06	1.300000e+03	3.169922e+06	1.300000e+03	3.161678e+06	1.300000e+03	3.166986e+06	1.300000e+03	3.169855e+06	1.300000e+03	3.146310e+06	1.300000e+03	3.153431e+06	1.300000e+03	3.161371e+06	1.300000e+03	3.152470e+06	1.300000e+03	3.167120e+06	1.300000e+03	3.160011e+06	1.300000e+03	3.170923e+06	1.300000e+03	3.156914e+06	1.300000e+03	3.158765e+06	1.300000e+03	3.162546e+06	1.300000e+03	3.142387e+06	1.300000e+03	3.157540e+06	1.300000e+03	3.160110e+06	1.300000e+03	3.150581e+06	1.300000e+03	3.154302e+06	1.300000e+03	3.163364e+06	1.300000e+03	3.154821e+06	1.300000e+03	3.153099e+06	1.300000e+03	3.162296e+06	1.300000e+03	3.154711e+06	1.300000e+03	3.153743e+06	1.300000e+03	3.180840e+06	1.300000e+03	3.146768e+06	1.300000e+03	3.149994e+06	1.300000e+03	3.154161e+06	1.300000e+03	3.156956e+06	1.300000e+03	3.181400e+06	1.300000e+03	3.184425e+06	1.300000e+03	3.170586e+06	1.300000e+03	3.143529e+06	1.300000e+03	3.157925e+06	1.300000e+03	3.173263e+06	1.300000e+03	3.172977e+06	1.300000e+03	3.153554e+06	1.300000e+03	3.175561e+06	1.300000e+03	3.170775e+06	1.300000e+03	3.145139e+06	1.300000e+03	3.143048e+06	1.300000e+03	3.144798e+06	1.300000e+03	3.173133e+06	1.300000e+03	3.150960e+06	1.300000e+03	3.156200e+06	1.300000e+03	3.154304e+06	1.300000e+03	3.163003e+06	1.300000e+03	3.171047e+06	1.300000e+03	3.144377e+06	1.300000e+03	3.176630e+06	1.300000e+03	3.176822e+06	1.300000e+03	3.170688e+06	1.300000e+03	3.156300e+06	1.300000e+03	3.176138e+06	1.300000e+03	3.163971e+06	1.300000e+03	3.179901e+06	1.300000e+03	3.152959e+06	1.300000e+03	3.151791e+06	1.300000e+03	3.140725e+06	1.300000e+03	3.160136e+06	1.300000e+03	3.167770e+06	1.300000e+03	3.142108e+06	1.300000e+03	3.158682e+06	1.300000e+03	3.177826e+06	1.300000e+03	3.170491e+06	1.300000e+03	3.165723e+06	1.300000e+03	3.175340e+06	1.300000e+03	3.174858e+06	1.300000e+03	3.154421e+06	1.300000e+03	3.167165e+06	1.300000e+03	3.170462e+06	1.300000e+03	3.181319e+06	1.300000e+03	3.183648e+06	1.300000e+03	3.162786e+06	1.300000e+03	3.180355e+06	1.300000e+03	3.189888e+06	1.300000e+03	3.159345e+06	1.300000e+03	3.179561e+06	1.300000e+03	3.169520e+06	1.300000e+03	3.161733e+06	1.300000e+03	3.176311e+06	1.300000e+03	3.165477e+06	1.300000e+03	3.170750e+06	1.300000e+03	3.176136e+06	1.300000e+03	3.173139e+06	1.300000e+03	3.186331e+06	1.300000e+03	3.185509e+06	1.300000e+03	3.179779e+06	1.300000e+03	3.175635e+06	1.300000e+03	3.187985e+06	1.300000e+03	3.177418e+06	1.300000e+03	3.174608e+06	1.300000e+03	3.180886e+06	1.300000e+03	3.196325e+06	1.300000e+03	3.172891e+06	1.300000e+03	3.167831e+06	1.300000e+03	3.190805e+06	1.300000e+03	3.200666e+06	1.300000e+03	3.197220e+06	1.300000e+03	3.203581e+06	1.300000e+03	3.206246e+06	1.300000e+03	3.175994e+06	1.300000e+03	3.193405e+06	1.300000e+03	3.194172e+06	1.300000e+03	3.196276e+06	1.300000e+03	3.186332e+06	1.300000e+03	3.193033e+06	1.300000e+03	3.196150e+06	1.300000e+03	3.194486e+06	1.300000e+03	3.184265e+06	1.300000e+03	3.198357e+06	1.300000e+03	3.183931e+06	1.300000e+03	3.191516e+06	1.300000e+03	3.193927e+06	1.300000e+03	3.203501e+06	1.300000e+03	3.175413e+06	1.300000e+03	3.189619e+06	1.300000e+03	3.181131e+06	1.300000e+03	3.195377e+06	1.300000e+03	3.196379e+06	1.300000e+03	3.183250e+06	1.300000e+03	3.175440e+06	1.300000e+03	3.194180e+06	1.300000e+03	3.192755e+06
1.305000e+03	3.115240e+06	1.305000e+03	3.108894e+06	1.305000e+03	3.067665e+06	1.305000e+03	3.063793e+06	1.305000e+03	3.058992e+06	1.305000e+03	3.043761e+06	1.305000e+03	3.049287e+06	1.305000e+03	3.042053e+06	1.305000e+03	3.032983e+06	1.305000e+03	3.038394e+06	1.305000e+03	3.020068e+06	1.305000e+03	3.017234e+06	1.305000e+03	3.023282e+06	1.305000e+03	3.044446e+06	1.305000e+03	3.025723e+06	1.305000e+03	3.016545e+06	1.305000e+03	3.037512e+06	1.305000e+03	3.042320e+06	1.305000e+03	3.036922e+06	1.305000e+03	3.033207e+06	1.305000e+03	3.034748e+06	1.305000e+03	3.009498e+06	1.305000e+03	3.022353e+06	1.305000e+03	3.002742e+06	1.305000e+03	3.014333e+06	1.305000e+03	3.009356e+06	1.305000e+03	3.017088e+06	1.305000e+03	3.005959e+06	1.305000e+03	3.019230e+06	1.305000e+03	3.035699e+06	1.305000e+03	3.001975e+06	1.305000e+03	3.024373e+06	1.305000e+03	3.038510e+06	1.305000e+03	3.016335e+06	1.305000e+03	3.025396e+06	1.305000e+03	3.015577e+06	1.305000e+03	3.027422e+06	1.305000e+03	3.046880e+06	1.305000e+03	3.034018e+06	1.305000e+03	3.047048e+06	1.305000e+03	3.032657e+06	1.305000e+03	3.060804e+06	1.305000e+03	3.034116e+06	1.305000e+03	3.017114e+06	1.305000e+03	3.047467e+06	1.305000e+03	3.055939e+06	1.305000e+03	3.072219e+06	1.305000e+03	3.068971e+06	1.305000e+03	3.077065e+06	1.305000e+03	3.062066e+06	1.305000e+03	3.055889e+06	1.305000e+03	3.069893e+06	1.305000e+03	3.063557e+06	1.305000e+03	3.066598e+06	1.305000e+03	3.055113e+06	1.305000e+03	3.067271e+06	1.305000e+03	3.084579e+06	1.305000e+03	3.076180e+06	1.305000e+03	3.069181e+06	1.305000e+03	3.096588e+06	1.305000e+03	3.097065e+06	1.305000e+03	3.083968e+06	1.305000e+03	3.091623e+06	1.305000e+03	3.064863e+06	1.305000e+03	3.075505e+06	1.305000e+03	3.102970e+06	1.305000e+03	3.095525e+06	1.305000e+03	3.059988e+06	1.305000e+03	3.091815e+06	1.305000e+03	3.092232e+06	1.305000e+03	3.092365e+06	1.305000e+03	3.077681e+06	1.305000e+03	3.091738e+06	1.305000e+03	3.104362e+06	1.305000e+03	3.088994e+06	1.305000e+03	3.103267e+06	1.305000e+03	3.121118e+06	1.305000e+03	3.108838e+06	1.305000e+03	3.116133e+06	1.305000e+03	3.092362e+06	1.305000e+03	3.095747e+06	1.305000e+03	3.115161e+06	1.305000e+03	3.097728e+06	1.305000e+03	3.125138e+06	1.305000e+03	3.115838e+06	1.305000e+03	3.092611e+06	1.305000e+03	3.104581e+06	1.305000e+03	3.121881e+06	1.305000e+03	3.100401e+06	1.305000e+03	3.118591e+06	1.305000e+03	3.119147e+06	1.305000e+03	3.125412e+06	1.305000e+03	3.115512e+06	1.305000e+03	3.116186e+06	1.305000e+03	3.115461e+06	1.305000e+03	3.117319e+06	1.305000e+03	3.126410e+06	1.305000e+03	3.121279e+06	1.305000e+03	3.108252e+06	1.305000e+03	3.149620e+06	1.305000e+03	3.144789e+06	1.305000e+03	3.143225e+06	1.305000e+03	3.122708e+06	1.305000e+03	3.119261e+06	1.305000e+03	3.116041e+06	1.305000e+03	3.103600e+06	1.305000e+03	3.095526e+06	1.305000e+03	3.122469e+06	1.305000e+03	3.131268e+06	1.305000e+03	3.123818e+06	1.305000e+03	3.132519e+06	1.305000e+03	3.140876e+06	1.305000e+03	3.132803e+06	1.305000e+03	3.114138e+06	1.305000e+03	3.120735e+06	1.305000e+03	3.151024e+06	1.305000e+03	3.140171e+06	1.305000e+03	3.100838e+06	1.305000e+03	3.096257e+06	1.305000e+03	3.101174e+06	1.305000e+03	3.128124e+06	1.305000e+03	3.117813e+06	1.305000e+03	3.119486e+06	1.305000e+03	3.118530e+06	1.305000e+03	3.118521e+06	1.305000e+03	3.103816e+06	1.305000e+03	3.112324e+06	1.305000e+03	3.124443e+06	1.305000e+03	3.142067e+06	1.305000e+03	3.113679e+06	1.305000e+03	3.115527e+06	1.305000e+03	3.110505e+06	1.305000e+03	3.115206e+06	1.305000e+03	3.120601e+06	1.305000e+03	3.104789e+06	1.305000e+03	3.105494e+06	1.305000e+03	3.119472e+06	1.305000e+03	3.135715e+06	1.305000e+03	3.118241e+06	1.305000e+03	3.100940e+06	1.305000e+03	3.115708e+06	1.305000e+03	3.133112e+06	1.305000e+03	3.129886e+06	1.305000e+03	3.132619e+06	1.305000e+03	3.127723e+06	1.305000e+03	3.119612e+06	1.305000e+03	3.136605e+06	1.305000e+03	3.130199e+06	1.305000e+03	3.148702e+06	1.305000e+03	3.127673e+06	1.305000e+03	3.128193e+06	1.305000e+03	3.136767e+06	1.305000e+03	3.120804e+06	1.305000e+03	3.149961e+06	1.305000e+03	3.149576e+06	1.305000e+03	3.148355e+06	1.305000e+03	3.137803e+06	1.305000e+03	3.145357e+06	1.305000e+03	3.146703e+06	1.305000e+03	3.149474e+06	1.305000e+03	3.128620e+06	1.305000e+03	3.145143e+06	1.305000e+03	3.145129e+06	1.305000e+03	3.130742e+06	1.305000e+03	3.140817e+06	1.305000e+03	3.152382e+06	1.305000e+03	3.152791e+06	1.305000e+03	3.153573e+06	1.305000e+03	3.154319e+06	1.305000e+03	3.161138e+06	1.305000e+03	3.154604e+06	1.305000e+03	3.152473e+06	1.305000e+03	3.156956e+06	1.305000e+03	3.158368e+06	1.305000e+03	3.149113e+06	1.305000e+03	3.153891e+06	1.305000e+03	3.144251e+06	1.305000e+03	3.162628e+06	1.305000e+03	3.154289e+06	1.305000e+03	3.170419e+06	1.305000e+03	3.153409e+06	1.305000e+03	3.165645e+06	1.305000e+03	3.144427e+06	1.305000e+03	3.152018e+06	1.305000e+03	3.160545e+06	1.305000e+03	3.156868e+06	1.305000e+03	3.162310e+06	1.305000e+03	3.127897e+06	1.305000e+03	3.173039e+06	1.305000e+03	3.167168e+06	1.305000e+03	3.163260e+06	1.305000e+03	3.165751e+06	1.305000e+03	3.164861e+06	1.305000e+03	3.152126e+06	1.305000e+03	3.153896e+06	1.305000e+03	3.157140e+06	1.305000e+03	3.150854e+06	1.305000e+03	3.167242e+06	1.305000e+03	3.163303e+06	1.305000e+03	3.171282e+06	1.305000e+03	3.151379e+06	1.305000e+03	3.167885e+06	1.305000e+03	3.163213e+06	1.305000e+03	3.153972e+06	1.305000e+03	3.156317e+06	1.305000e+03	3.159610e+06	1.305000e+03	3.166487e+06	1.305000e+03	3.146019e+06	1.305000e+03	3.161720e+06	1.305000e+03	3.150099e+06	1.305000e+03	3.150063e+06	1.305000e+03	3.163359e+06	1.305000e+03	3.155838e+06	1.305000e+03	3.144700e+06	1.305000e+03	3.176928e+06	1.305000e+03	3.153859e+06	1.305000e+03	3.152874e+06	1.305000e+03	3.152626e+06	1.305000e+03	3.158056e+06	1.305000e+03	3.182165e+06	1.305000e+03	3.185003e+06	1.305000e+03	3.167730e+06	1.305000e+03	3.143069e+06	1.305000e+03	3.159119e+06	1.305000e+03	3.176427e+06	1.305000e+03	3.176507e+06	1.305000e+03	3.153517e+06	1.305000e+03	3.170235e+06	1.305000e+03	3.168330e+06	1.305000e+03	3.148198e+06	1.305000e+03	3.140771e+06	1.305000e+03	3.149428e+06	1.305000e+03	3.170081e+06	1.305000e+03	3.154157e+06	1.305000e+03	3.163095e+06	1.305000e+03	3.148381e+06	1.305000e+03	3.162494e+06	1.305000e+03	3.172014e+06	1.305000e+03	3.147823e+06	1.305000e+03	3.176962e+06	1.305000e+03	3.171896e+06	1.305000e+03	3.158562e+06	1.305000e+03	3.151862e+06	1.305000e+03	3.178663e+06	1.305000e+03	3.167318e+06	1.305000e+03	3.182063e+06	1.305000e+03	3.147562e+06	1.305000e+03	3.144692e+06	1.305000e+03	3.143301e+06	1.305000e+03	3.162590e+06	1.305000e+03	3.160563e+06	1.305000e+03	3.153792e+06	1.305000e+03	3.168151e+06	1.305000e+03	3.184599e+06	1.305000e+03	3.179128e+06	1.305000e+03	3.167341e+06	1.305000e+03	3.166696e+06	1.305000e+03	3.167582e+06	1.305000e+03	3.153499e+06	1.305000e+03	3.163417e+06	1.305000e+03	3.161649e+06	1.305000e+03	3.187183e+06	1.305000e+03	3.190567e+06	1.305000e+03	3.171456e+06	1.305000e+03	3.189610e+06	1.305000e+03	3.184893e+06	1.305000e+03	3.157008e+06	1.305000e+03	3.175017e+06	1.305000e+03	3.177545e+06	1.305000e+03	3.165389e+06	1.305000e+03	3.177488e+06	1.305000e+03	3.164124e+06	1.305000e+03	3.175241e+06	1.305000e+03	3.182288e+06	1.305000e+03	3.170860e+06	1.305000e+03	3.183949e+06	1.305000e+03	3.180933e+06	1.305000e+03	3.184154e+06	1.305000e+03	3.177580e+06	1.305000e+03	3.178792e+06	1.305000e+03	3.179449e+06	1.305000e+03	3.181458e+06	1.305000e+03	3.178320e+06	1.305000e+03	3.210876e+06	1.305000e+03	3.176151e+06	1.305000e+03	3.165607e+06	1.305000e+03	3.186011e+06	1.305000e+03	3.198146e+06	1.305000e+03	3.195594e+06	1.305000e+03	3.199695e+06	1.305000e+03	3.203054e+06	1.305000e+03	3.178534e+06	1.305000e+03	3.196525e+06	1.305000e+03	3.194147e+06	1.305000e+03	3.195893e+06	1.305000e+03	3.184614e+06	1.305000e+03	3.193521e+06	1.305000e+03	3.200063e+06	1.305000e+03	3.211474e+06	1.305000e+03	3.184495e+06	1.305000e+03	3.199274e+06	1.305000e+03	3.190653e+06	1.305000e+03	3.188322e+06	1.305000e+03	3.192752e+06	1.305000e+03	3.214460e+06	1.305000e+03	3.173858e+06	1.305000e+03	3.188556e+06	1.305000e+03	3.183131e+06	1.305000e+03	3.192426e+06	1.305000e+03	3.207643e+06	1.305000e+03	3.185131e+06	1.305000e+03	3.182835e+06	1.305000e+03	3.194259e+06	1.305000e+03	3.204014e+06
1.310000e+03	3.111761e+06	1.310000e+03	3.102935e+06	1.310000e+03	3.075147e+06	1.310000e+03	3.087458e+06	1.310000e+03	3.059036e+06	1.310000e+03	3.043060e+06	1.310000e+03	3.045510e+06	1.310000e+03	3.047650e+06	1.310000e+03	3.046436e+06	1.310000e+03	3.036570e+06	1.310000e+03	3.022508e+06	1.310000e+03	3.014951e+06	1.310000e+03	3.020546e+06	1.310000e+03	3.033532e+06	1.310000e+03	3.020362e+06	1.310000e+03	3.025921e+06	1.310000e+03	3.043659e+06	1.310000e+03	3.047197e+06	1.310000e+03	3.040776e+06	1.310000e+03	3.029648e+06	1.310000e+03	3.035923e+06	1.310000e+03	3.017981e+06	1.310000e+03	3.033504e+06	1.310000e+03	3.002411e+06	1.310000e+03	3.016379e+06	1.310000e+03	3.006311e+06	1.310000e+03	3.017881e+06	1.310000e+03	3.008442e+06	1.310000e+03	3.022446e+06	1.310000e+03	3.038329e+06	1.310000e+03	3.014599e+06	1.310000e+03	3.023019e+06	1.310000e+03	3.026648e+06	1.310000e+03	3.015536e+06	1.310000e+03	3.026165e+06	1.310000e+03	3.016392e+06	1.310000e+03	3.036801e+06	1.310000e+03	3.043455e+06	1.310000e+03	3.038231e+06	1.310000e+03	3.042039e+06	1.310000e+03	3.033965e+06	1.310000e+03	3.064477e+06	1.310000e+03	3.025475e+06	1.310000e+03	3.027145e+06	1.310000e+03	3.055597e+06	1.310000e+03	3.053225e+06	1.310000e+03	3.062132e+06	1.310000e+03	3.065807e+06	1.310000e+03	3.073998e+06	1.310000e+03	3.050297e+06	1.310000e+03	3.055564e+06	1.310000e+03	3.071718e+06	1.310000e+03	3.057653e+06	1.310000e+03	3.069183e+06	1.310000e+03	3.058939e+06	1.310000e+03	3.072839e+06	1.310000e+03	3.084905e+06	1.310000e+03	3.077925e+06	1.310000e+03	3.070119e+06	1.310000e+03	3.093846e+06	1.310000e+03	3.092156e+06	1.310000e+03	3.087214e+06	1.310000e+03	3.088956e+06	1.310000e+03	3.065472e+06	1.310000e+03	3.071224e+06	1.310000e+03	3.097221e+06	1.310000e+03	3.095359e+06	1.310000e+03	3.061588e+06	1.310000e+03	3.088584e+06	1.310000e+03	3.100671e+06	1.310000e+03	3.095405e+06	1.310000e+03	3.074122e+06	1.310000e+03	3.100758e+06	1.310000e+03	3.106862e+06	1.310000e+03	3.092727e+06	1.310000e+03	3.095057e+06	1.310000e+03	3.116338e+06	1.310000e+03	3.110742e+06	1.310000e+03	3.110917e+06	1.310000e+03	3.088321e+06	1.310000e+03	3.099595e+06	1.310000e+03	3.113578e+06	1.310000e+03	3.100985e+06	1.310000e+03	3.126108e+06	1.310000e+03	3.109918e+06	1.310000e+03	3.092638e+06	1.310000e+03	3.106864e+06	1.310000e+03	3.117728e+06	1.310000e+03	3.090126e+06	1.310000e+03	3.122996e+06	1.310000e+03	3.116053e+06	1.310000e+03	3.117054e+06	1.310000e+03	3.116249e+06	1.310000e+03	3.116867e+06	1.310000e+03	3.111557e+06	1.310000e+03	3.104755e+06	1.310000e+03	3.126136e+06	1.310000e+03	3.124384e+06	1.310000e+03	3.102168e+06	1.310000e+03	3.143749e+06	1.310000e+03	3.145012e+06	1.310000e+03	3.138971e+06	1.310000e+03	3.119096e+06	1.310000e+03	3.112787e+06	1.310000e+03	3.113793e+06	1.310000e+03	3.106988e+06	1.310000e+03	3.097438e+06	1.310000e+03	3.123195e+06	1.310000e+03	3.144774e+06	1.310000e+03	3.123851e+06	1.310000e+03	3.121851e+06	1.310000e+03	3.142349e+06	1.310000e+03	3.131740e+06	1.310000e+03	3.113953e+06	1.310000e+03	3.125429e+06	1.310000e+03	3.154090e+06	1.310000e+03	3.124296e+06	1.310000e+03	3.101699e+06	1.310000e+03	3.096802e+06	1.310000e+03	3.108421e+06	1.310000e+03	3.122235e+06	1.310000e+03	3.122599e+06	1.310000e+03	3.121678e+06	1.310000e+03	3.123090e+06	1.310000e+03	3.124762e+06	1.310000e+03	3.101334e+06	1.310000e+03	3.116716e+06	1.310000e+03	3.123391e+06	1.310000e+03	3.138908e+06	1.310000e+03	3.114125e+06	1.310000e+03	3.112344e+06	1.310000e+03	3.119360e+06	1.310000e+03	3.102294e+06	1.310000e+03	3.118029e+06	1.310000e+03	3.103458e+06	1.310000e+03	3.101179e+06	1.310000e+03	3.127819e+06	1.310000e+03	3.138134e+06	1.310000e+03	3.118836e+06	1.310000e+03	3.101182e+06	1.310000e+03	3.116096e+06	1.310000e+03	3.129389e+06	1.310000e+03	3.134015e+06	1.310000e+03	3.129172e+06	1.310000e+03	3.131883e+06	1.310000e+03	3.125375e+06	1.310000e+03	3.146321e+06	1.310000e+03	3.124059e+06	1.310000e+03	3.141910e+06	1.310000e+03	3.130472e+06	1.310000e+03	3.127942e+06	1.310000e+03	3.129953e+06	1.310000e+03	3.122499e+06	1.310000e+03	3.154740e+06	1.310000e+03	3.137820e+06	1.310000e+03	3.152445e+06	1.310000e+03	3.132923e+06	1.310000e+03	3.141189e+06	1.310000e+03	3.148229e+06	1.310000e+03	3.150180e+06	1.310000e+03	3.137955e+06	1.310000e+03	3.143345e+06	1.310000e+03	3.143500e+06	1.310000e+03	3.133181e+06	1.310000e+03	3.135939e+06	1.310000e+03	3.152471e+06	1.310000e+03	3.159467e+06	1.310000e+03	3.144689e+06	1.310000e+03	3.139733e+06	1.310000e+03	3.160269e+06	1.310000e+03	3.146103e+06	1.310000e+03	3.151316e+06	1.310000e+03	3.154380e+06	1.310000e+03	3.156036e+06	1.310000e+03	3.147469e+06	1.310000e+03	3.157568e+06	1.310000e+03	3.143183e+06	1.310000e+03	3.164806e+06	1.310000e+03	3.154490e+06	1.310000e+03	3.163661e+06	1.310000e+03	3.159508e+06	1.310000e+03	3.169215e+06	1.310000e+03	3.146299e+06	1.310000e+03	3.153358e+06	1.310000e+03	3.160653e+06	1.310000e+03	3.158086e+06	1.310000e+03	3.164384e+06	1.310000e+03	3.141049e+06	1.310000e+03	3.166912e+06	1.310000e+03	3.176239e+06	1.310000e+03	3.166476e+06	1.310000e+03	3.169225e+06	1.310000e+03	3.174333e+06	1.310000e+03	3.152685e+06	1.310000e+03	3.155264e+06	1.310000e+03	3.168283e+06	1.310000e+03	3.143625e+06	1.310000e+03	3.169657e+06	1.310000e+03	3.156953e+06	1.310000e+03	3.167643e+06	1.310000e+03	3.155121e+06	1.310000e+03	3.166768e+06	1.310000e+03	3.163579e+06	1.310000e+03	3.157343e+06	1.310000e+03	3.156520e+06	1.310000e+03	3.154837e+06	1.310000e+03	3.159881e+06	1.310000e+03	3.140033e+06	1.310000e+03	3.161082e+06	1.310000e+03	3.156023e+06	1.310000e+03	3.160984e+06	1.310000e+03	3.161976e+06	1.310000e+03	3.157655e+06	1.310000e+03	3.155653e+06	1.310000e+03	3.159021e+06	1.310000e+03	3.153419e+06	1.310000e+03	3.151390e+06	1.310000e+03	3.153823e+06	1.310000e+03	3.161418e+06	1.310000e+03	3.177734e+06	1.310000e+03	3.176334e+06	1.310000e+03	3.175292e+06	1.310000e+03	3.149707e+06	1.310000e+03	3.159718e+06	1.310000e+03	3.168790e+06	1.310000e+03	3.174001e+06	1.310000e+03	3.172358e+06	1.310000e+03	3.166489e+06	1.310000e+03	3.164505e+06	1.310000e+03	3.144890e+06	1.310000e+03	3.147065e+06	1.310000e+03	3.154748e+06	1.310000e+03	3.168205e+06	1.310000e+03	3.149750e+06	1.310000e+03	3.155820e+06	1.310000e+03	3.154238e+06	1.310000e+03	3.161374e+06	1.310000e+03	3.184405e+06	1.310000e+03	3.158853e+06	1.310000e+03	3.176498e+06	1.310000e+03	3.168922e+06	1.310000e+03	3.160654e+06	1.310000e+03	3.146886e+06	1.310000e+03	3.178423e+06	1.310000e+03	3.169230e+06	1.310000e+03	3.172717e+06	1.310000e+03	3.152316e+06	1.310000e+03	3.152991e+06	1.310000e+03	3.152745e+06	1.310000e+03	3.166846e+06	1.310000e+03	3.164688e+06	1.310000e+03	3.156253e+06	1.310000e+03	3.167653e+06	1.310000e+03	3.187915e+06	1.310000e+03	3.178992e+06	1.310000e+03	3.158951e+06	1.310000e+03	3.166863e+06	1.310000e+03	3.162929e+06	1.310000e+03	3.152322e+06	1.310000e+03	3.165682e+06	1.310000e+03	3.159850e+06	1.310000e+03	3.183120e+06	1.310000e+03	3.182502e+06	1.310000e+03	3.178515e+06	1.310000e+03	3.194908e+06	1.310000e+03	3.186621e+06	1.310000e+03	3.158930e+06	1.310000e+03	3.180795e+06	1.310000e+03	3.181330e+06	1.310000e+03	3.165396e+06	1.310000e+03	3.173326e+06	1.310000e+03	3.158216e+06	1.310000e+03	3.171204e+06	1.310000e+03	3.180802e+06	1.310000e+03	3.172231e+06	1.310000e+03	3.176003e+06	1.310000e+03	3.172911e+06	1.310000e+03	3.188238e+06	1.310000e+03	3.174209e+06	1.310000e+03	3.184993e+06	1.310000e+03	3.175282e+06	1.310000e+03	3.183662e+06	1.310000e+03	3.172827e+06	1.310000e+03	3.205602e+06	1.310000e+03	3.177374e+06	1.310000e+03	3.161722e+06	1.310000e+03	3.184978e+06	1.310000e+03	3.198403e+06	1.310000e+03	3.203724e+06	1.310000e+03	3.199033e+06	1.310000e+03	3.186817e+06	1.310000e+03	3.179869e+06	1.310000e+03	3.197065e+06	1.310000e+03	3.194990e+06	1.310000e+03	3.208367e+06	1.310000e+03	3.189870e+06	1.310000e+03	3.187914e+06	1.310000e+03	3.192334e+06	1.310000e+03	3.208715e+06	1.310000e+03	3.189897e+06	1.310000e+03	3.201307e+06	1.310000e+03	3.194521e+06	1.310000e+03	3.188327e+06	1.310000e+03	3.189636e+06	1.310000e+03	3.207014e+06	1.310000e+03	3.183430e+06	1.310000e+03	3.195273e+06	1.310000e+03	3.183250e+06	1.310000e+03	3.194913e+06	1.310000e+03	3.211325e+06	1.310000e+03	3.184048e+06	1.310000e+03	3.184255e+06	1.310000e+03	3.201858e+06	1.310000e+03	3.198018e+06
1.315000e+03	3.126265e+06	1.315000e+03	3.101739e+06	1.315000e+03	3.062256e+06	1.315000e+03	3.066817e+06	1.315000e+03	3.067912e+06	1.315000e+03	3.047415e+06	1.315000e+03	3.044140e+06	1.315000e+03	3.044362e+06	1.315000e+03	3.042055e+06	1.315000e+03	3.038576e+06	1.315000e+03	3.023314e+06	1.315000e+03	3.012875e+06	1.315000e+03	3.025324e+06	1.315000e+03	3.034338e+06	1.315000e+03	3.024804e+06	1.315000e+03	3.024288e+06	1.315000e+03	3.035912e+06	1.315000e+03	3.050175e+06	1.315000e+03	3.027284e+06	1.315000e+03	3.035472e+06	1.315000e+03	3.035370e+06	1.315000e+03	3.016754e+06	1.315000e+03	3.028521e+06	1.315000e+03	2.994864e+06	1.315000e+03	3.013736e+06	1.315000e+03	3.007671e+06	1.315000e+03	3.013455e+06	1.315000e+03	3.008042e+06	1.315000e+03	3.021916e+06	1.315000e+03	3.030072e+06	1.315000e+03	3.015835e+06	1.315000e+03	3.029624e+06	1.315000e+03	3.029370e+06	1.315000e+03	3.025403e+06	1.315000e+03	3.038364e+06	1.315000e+03	3.016166e+06	1.315000e+03	3.042228e+06	1.315000e+03	3.050888e+06	1.315000e+03	3.032015e+06	1.315000e+03	3.036207e+06	1.315000e+03	3.031342e+06	1.315000e+03	3.064048e+06	1.315000e+03	3.024726e+06	1.315000e+03	3.038427e+06	1.315000e+03	3.052582e+06	1.315000e+03	3.048695e+06	1.315000e+03	3.047760e+06	1.315000e+03	3.064926e+06	1.315000e+03	3.072489e+06	1.315000e+03	3.048116e+06	1.315000e+03	3.063692e+06	1.315000e+03	3.072887e+06	1.315000e+03	3.059874e+06	1.315000e+03	3.063544e+06	1.315000e+03	3.056540e+06	1.315000e+03	3.066309e+06	1.315000e+03	3.087420e+06	1.315000e+03	3.083268e+06	1.315000e+03	3.076312e+06	1.315000e+03	3.086464e+06	1.315000e+03	3.088901e+06	1.315000e+03	3.077171e+06	1.315000e+03	3.092212e+06	1.315000e+03	3.064618e+06	1.315000e+03	3.069452e+06	1.315000e+03	3.091508e+06	1.315000e+03	3.099815e+06	1.315000e+03	3.066619e+06	1.315000e+03	3.090183e+06	1.315000e+03	3.112159e+06	1.315000e+03	3.096882e+06	1.315000e+03	3.068065e+06	1.315000e+03	3.094826e+06	1.315000e+03	3.103891e+06	1.315000e+03	3.090749e+06	1.315000e+03	3.099317e+06	1.315000e+03	3.112810e+06	1.315000e+03	3.108890e+06	1.315000e+03	3.103778e+06	1.315000e+03	3.083800e+06	1.315000e+03	3.101818e+06	1.315000e+03	3.113539e+06	1.315000e+03	3.104621e+06	1.315000e+03	3.116063e+06	1.315000e+03	3.116744e+06	1.315000e+03	3.094692e+06	1.315000e+03	3.110367e+06	1.315000e+03	3.122310e+06	1.315000e+03	3.090507e+06	1.315000e+03	3.119481e+06	1.315000e+03	3.122178e+06	1.315000e+03	3.123123e+06	1.315000e+03	3.119975e+06	1.315000e+03	3.120271e+06	1.315000e+03	3.111569e+06	1.315000e+03	3.113834e+06	1.315000e+03	3.131464e+06	1.315000e+03	3.121700e+06	1.315000e+03	3.106487e+06	1.315000e+03	3.137875e+06	1.315000e+03	3.139552e+06	1.315000e+03	3.147438e+06	1.315000e+03	3.117563e+06	1.315000e+03	3.113059e+06	1.315000e+03	3.107893e+06	1.315000e+03	3.105216e+06	1.315000e+03	3.094513e+06	1.315000e+03	3.125870e+06	1.315000e+03	3.150786e+06	1.315000e+03	3.124147e+06	1.315000e+03	3.118251e+06	1.315000e+03	3.139248e+06	1.315000e+03	3.141638e+06	1.315000e+03	3.107067e+06	1.315000e+03	3.119170e+06	1.315000e+03	3.156493e+06	1.315000e+03	3.128047e+06	1.315000e+03	3.095554e+06	1.315000e+03	3.097686e+06	1.315000e+03	3.110300e+06	1.315000e+03	3.122161e+06	1.315000e+03	3.134539e+06	1.315000e+03	3.129630e+06	1.315000e+03	3.133695e+06	1.315000e+03	3.120736e+06	1.315000e+03	3.103048e+06	1.315000e+03	3.124519e+06	1.315000e+03	3.110343e+06	1.315000e+03	3.135729e+06	1.315000e+03	3.118769e+06	1.315000e+03	3.112627e+06	1.315000e+03	3.120091e+06	1.315000e+03	3.108864e+06	1.315000e+03	3.117014e+06	1.315000e+03	3.112635e+06	1.315000e+03	3.107424e+06	1.315000e+03	3.128624e+06	1.315000e+03	3.128580e+06	1.315000e+03	3.123498e+06	1.315000e+03	3.105358e+06	1.315000e+03	3.112759e+06	1.315000e+03	3.132817e+06	1.315000e+03	3.136046e+06	1.315000e+03	3.130862e+06	1.315000e+03	3.126448e+06	1.315000e+03	3.131235e+06	1.315000e+03	3.135909e+06	1.315000e+03	3.128658e+06	1.315000e+03	3.131035e+06	1.315000e+03	3.139621e+06	1.315000e+03	3.127356e+06	1.315000e+03	3.114477e+06	1.315000e+03	3.124096e+06	1.315000e+03	3.150325e+06	1.315000e+03	3.137880e+06	1.315000e+03	3.159566e+06	1.315000e+03	3.137019e+06	1.315000e+03	3.142008e+06	1.315000e+03	3.148428e+06	1.315000e+03	3.170029e+06	1.315000e+03	3.132867e+06	1.315000e+03	3.150006e+06	1.315000e+03	3.135651e+06	1.315000e+03	3.129798e+06	1.315000e+03	3.145775e+06	1.315000e+03	3.158925e+06	1.315000e+03	3.154361e+06	1.315000e+03	3.147779e+06	1.315000e+03	3.149534e+06	1.315000e+03	3.155626e+06	1.315000e+03	3.145423e+06	1.315000e+03	3.157214e+06	1.315000e+03	3.156001e+06	1.315000e+03	3.148157e+06	1.315000e+03	3.150962e+06	1.315000e+03	3.175173e+06	1.315000e+03	3.142057e+06	1.315000e+03	3.163387e+06	1.315000e+03	3.153909e+06	1.315000e+03	3.161355e+06	1.315000e+03	3.164554e+06	1.315000e+03	3.165594e+06	1.315000e+03	3.140363e+06	1.315000e+03	3.155373e+06	1.315000e+03	3.156688e+06	1.315000e+03	3.161393e+06	1.315000e+03	3.163700e+06	1.315000e+03	3.131615e+06	1.315000e+03	3.174560e+06	1.315000e+03	3.172234e+06	1.315000e+03	3.172578e+06	1.315000e+03	3.172639e+06	1.315000e+03	3.181170e+06	1.315000e+03	3.152820e+06	1.315000e+03	3.156014e+06	1.315000e+03	3.156577e+06	1.315000e+03	3.147127e+06	1.315000e+03	3.171901e+06	1.315000e+03	3.161092e+06	1.315000e+03	3.158886e+06	1.315000e+03	3.154299e+06	1.315000e+03	3.162502e+06	1.315000e+03	3.159297e+06	1.315000e+03	3.161166e+06	1.315000e+03	3.152383e+06	1.315000e+03	3.163966e+06	1.315000e+03	3.156850e+06	1.315000e+03	3.140452e+06	1.315000e+03	3.161722e+06	1.315000e+03	3.155380e+06	1.315000e+03	3.160056e+06	1.315000e+03	3.160587e+06	1.315000e+03	3.160383e+06	1.315000e+03	3.152357e+06	1.315000e+03	3.161902e+06	1.315000e+03	3.149581e+06	1.315000e+03	3.146395e+06	1.315000e+03	3.160757e+06	1.315000e+03	3.166292e+06	1.315000e+03	3.175624e+06	1.315000e+03	3.156233e+06	1.315000e+03	3.180466e+06	1.315000e+03	3.148856e+06	1.315000e+03	3.165023e+06	1.315000e+03	3.167744e+06	1.315000e+03	3.172497e+06	1.315000e+03	3.168169e+06	1.315000e+03	3.163562e+06	1.315000e+03	3.159680e+06	1.315000e+03	3.147774e+06	1.315000e+03	3.145342e+06	1.315000e+03	3.149348e+06	1.315000e+03	3.173286e+06	1.315000e+03	3.148401e+06	1.315000e+03	3.155304e+06	1.315000e+03	3.156438e+06	1.315000e+03	3.164473e+06	1.315000e+03	3.180960e+06	1.315000e+03	3.154060e+06	1.315000e+03	3.165690e+06	1.315000e+03	3.175364e+06	1.315000e+03	3.161149e+06	1.315000e+03	3.156165e+06	1.315000e+03	3.176550e+06	1.315000e+03	3.166142e+06	1.315000e+03	3.167148e+06	1.315000e+03	3.162291e+06	1.315000e+03	3.147378e+06	1.315000e+03	3.151562e+06	1.315000e+03	3.167117e+06	1.315000e+03	3.164205e+06	1.315000e+03	3.154579e+06	1.315000e+03	3.155267e+06	1.315000e+03	3.180139e+06	1.315000e+03	3.172164e+06	1.315000e+03	3.166692e+06	1.315000e+03	3.170721e+06	1.315000e+03	3.169878e+06	1.315000e+03	3.154882e+06	1.315000e+03	3.158049e+06	1.315000e+03	3.160046e+06	1.315000e+03	3.178565e+06	1.315000e+03	3.184369e+06	1.315000e+03	3.179918e+06	1.315000e+03	3.186403e+06	1.315000e+03	3.187854e+06	1.315000e+03	3.162659e+06	1.315000e+03	3.180813e+06	1.315000e+03	3.183701e+06	1.315000e+03	3.167375e+06	1.315000e+03	3.170533e+06	1.315000e+03	3.159538e+06	1.315000e+03	3.172652e+06	1.315000e+03	3.175597e+06	1.315000e+03	3.166092e+06	1.315000e+03	3.177053e+06	1.315000e+03	3.168553e+06	1.315000e+03	3.188562e+06	1.315000e+03	3.180842e+06	1.315000e+03	3.190739e+06	1.315000e+03	3.171516e+06	1.315000e+03	3.182634e+06	1.315000e+03	3.179726e+06	1.315000e+03	3.214741e+06	1.315000e+03	3.182359e+06	1.315000e+03	3.160662e+06	1.315000e+03	3.185732e+06	1.315000e+03	3.199582e+06	1.315000e+03	3.205113e+06	1.315000e+03	3.204229e+06	1.315000e+03	3.185702e+06	1.315000e+03	3.185300e+06	1.315000e+03	3.189162e+06	1.315000e+03	3.188040e+06	1.315000e+03	3.209919e+06	1.315000e+03	3.192212e+06	1.315000e+03	3.193521e+06	1.315000e+03	3.193696e+06	1.315000e+03	3.193333e+06	1.315000e+03	3.190522e+06	1.315000e+03	3.197094e+06	1.315000e+03	3.196697e+06	1.315000e+03	3.182498e+06	1.315000e+03	3.188767e+06	1.315000e+03	3.199603e+06	1.315000e+03	3.186449e+06	1.315000e+03	3.205459e+06	1.315000e+03	3.183014e+06	1.315000e+03	3.201961e+06	1.315000e+03	3.200689e+06	1.315000e+03	3.184043e+06	1.315000e+03	3.184076e+06	1.315000e+03	3.205074e+06	1.315000e+03	3.184486e+06
1.320000e+03	3.115629e+06	1.320000e+03	3.108973e+06	1.320000e+03	3.064854e+06	1.320000e+03	3.067359e+06	1.320000e+03	3.058423e+06	1.320000e+03	3.044790e+06	1.320000e+03	3.043480e+06	1.320000e+03	3.036987e+06	1.320000e+03	3.031915e+06	1.320000e+03	3.038180e+06	1.320000e+03	3.030706e+06	1.320000e+03	3.013427e+06	1.320000e+03	3.042335e+06	1.320000e+03	3.035421e+06	1.320000e+03	3.022845e+06	1.320000e+03	3.023177e+06	1.320000e+03	3.038304e+06	1.320000e+03	3.047373e+06	1.320000e+03	3.029753e+06	1.320000e+03	3.038043e+06	1.320000e+03	3.039223e+06	1.320000e+03	3.008625e+06	1.320000e+03	3.032644e+06	1.320000e+03	3.002240e+06	1.320000e+03	3.019837e+06	1.320000e+03	3.022553e+06	1.320000e+03	3.015394e+06	1.320000e+03	3.014414e+06	1.320000e+03	3.024318e+06	1.320000e+03	3.018410e+06	1.320000e+03	3.020864e+06	1.320000e+03	3.032626e+06	1.320000e+03	3.029547e+06	1.320000e+03	3.017741e+06	1.320000e+03	3.033074e+06	1.320000e+03	3.026293e+06	1.320000e+03	3.042183e+06	1.320000e+03	3.054104e+06	1.320000e+03	3.029482e+06	1.320000e+03	3.036531e+06	1.320000e+03	3.035716e+06	1.320000e+03	3.066590e+06	1.320000e+03	3.024733e+06	1.320000e+03	3.049435e+06	1.320000e+03	3.046307e+06	1.320000e+03	3.051572e+06	1.320000e+03	3.034805e+06	1.320000e+03	3.066154e+06	1.320000e+03	3.069207e+06	1.320000e+03	3.056542e+06	1.320000e+03	3.066113e+06	1.320000e+03	3.066802e+06	1.320000e+03	3.056914e+06	1.320000e+03	3.077068e+06	1.320000e+03	3.057806e+06	1.320000e+03	3.068379e+06	1.320000e+03	3.091956e+06	1.320000e+03	3.081661e+06	1.320000e+03	3.078542e+06	1.320000e+03	3.088429e+06	1.320000e+03	3.086636e+06	1.320000e+03	3.080582e+06	1.320000e+03	3.092334e+06	1.320000e+03	3.066812e+06	1.320000e+03	3.071581e+06	1.320000e+03	3.094005e+06	1.320000e+03	3.091502e+06	1.320000e+03	3.070064e+06	1.320000e+03	3.090505e+06	1.320000e+03	3.110860e+06	1.320000e+03	3.098690e+06	1.320000e+03	3.065645e+06	1.320000e+03	3.097985e+06	1.320000e+03	3.098617e+06	1.320000e+03	3.095125e+06	1.320000e+03	3.099412e+06	1.320000e+03	3.124401e+06	1.320000e+03	3.112071e+06	1.320000e+03	3.104961e+06	1.320000e+03	3.092649e+06	1.320000e+03	3.100591e+06	1.320000e+03	3.115754e+06	1.320000e+03	3.102772e+06	1.320000e+03	3.117120e+06	1.320000e+03	3.120161e+06	1.320000e+03	3.106753e+06	1.320000e+03	3.113544e+06	1.320000e+03	3.129678e+06	1.320000e+03	3.097894e+06	1.320000e+03	3.125270e+06	1.320000e+03	3.119240e+06	1.320000e+03	3.112784e+06	1.320000e+03	3.116132e+06	1.320000e+03	3.122435e+06	1.320000e+03	3.113260e+06	1.320000e+03	3.113110e+06	1.320000e+03	3.126729e+06	1.320000e+03	3.118349e+06	1.320000e+03	3.106813e+06	1.320000e+03	3.139946e+06	1.320000e+03	3.140297e+06	1.320000e+03	3.139683e+06	1.320000e+03	3.119603e+06	1.320000e+03	3.109270e+06	1.320000e+03	3.110589e+06	1.320000e+03	3.107894e+06	1.320000e+03	3.103132e+06	1.320000e+03	3.124027e+06	1.320000e+03	3.150743e+06	1.320000e+03	3.125151e+06	1.320000e+03	3.119528e+06	1.320000e+03	3.150529e+06	1.320000e+03	3.144540e+06	1.320000e+03	3.112358e+06	1.320000e+03	3.115062e+06	1.320000e+03	3.154944e+06	1.320000e+03	3.125313e+06	1.320000e+03	3.094876e+06	1.320000e+03	3.094967e+06	1.320000e+03	3.106854e+06	1.320000e+03	3.123250e+06	1.320000e+03	3.142112e+06	1.320000e+03	3.129021e+06	1.320000e+03	3.151377e+06	1.320000e+03	3.118209e+06	1.320000e+03	3.106502e+06	1.320000e+03	3.109344e+06	1.320000e+03	3.121894e+06	1.320000e+03	3.135709e+06	1.320000e+03	3.125798e+06	1.320000e+03	3.111277e+06	1.320000e+03	3.118105e+06	1.320000e+03	3.105763e+06	1.320000e+03	3.116053e+06	1.320000e+03	3.116843e+06	1.320000e+03	3.102525e+06	1.320000e+03	3.138847e+06	1.320000e+03	3.128273e+06	1.320000e+03	3.118528e+06	1.320000e+03	3.110530e+06	1.320000e+03	3.119165e+06	1.320000e+03	3.134025e+06	1.320000e+03	3.139521e+06	1.320000e+03	3.128346e+06	1.320000e+03	3.137868e+06	1.320000e+03	3.118806e+06	1.320000e+03	3.136926e+06	1.320000e+03	3.135740e+06	1.320000e+03	3.137181e+06	1.320000e+03	3.132819e+06	1.320000e+03	3.127228e+06	1.320000e+03	3.107481e+06	1.320000e+03	3.123038e+06	1.320000e+03	3.152719e+06	1.320000e+03	3.154201e+06	1.320000e+03	3.147136e+06	1.320000e+03	3.139545e+06	1.320000e+03	3.151123e+06	1.320000e+03	3.152765e+06	1.320000e+03	3.159206e+06	1.320000e+03	3.122172e+06	1.320000e+03	3.152701e+06	1.320000e+03	3.139654e+06	1.320000e+03	3.132947e+06	1.320000e+03	3.149001e+06	1.320000e+03	3.155532e+06	1.320000e+03	3.158324e+06	1.320000e+03	3.151566e+06	1.320000e+03	3.147130e+06	1.320000e+03	3.146487e+06	1.320000e+03	3.145750e+06	1.320000e+03	3.153391e+06	1.320000e+03	3.151204e+06	1.320000e+03	3.150531e+06	1.320000e+03	3.153873e+06	1.320000e+03	3.180730e+06	1.320000e+03	3.145433e+06	1.320000e+03	3.161844e+06	1.320000e+03	3.161160e+06	1.320000e+03	3.161984e+06	1.320000e+03	3.164736e+06	1.320000e+03	3.162401e+06	1.320000e+03	3.145703e+06	1.320000e+03	3.154339e+06	1.320000e+03	3.161781e+06	1.320000e+03	3.154964e+06	1.320000e+03	3.170109e+06	1.320000e+03	3.134094e+06	1.320000e+03	3.170955e+06	1.320000e+03	3.167430e+06	1.320000e+03	3.172814e+06	1.320000e+03	3.176433e+06	1.320000e+03	3.162623e+06	1.320000e+03	3.145332e+06	1.320000e+03	3.146930e+06	1.320000e+03	3.155734e+06	1.320000e+03	3.144463e+06	1.320000e+03	3.167273e+06	1.320000e+03	3.160007e+06	1.320000e+03	3.162994e+06	1.320000e+03	3.155617e+06	1.320000e+03	3.166556e+06	1.320000e+03	3.163389e+06	1.320000e+03	3.148272e+06	1.320000e+03	3.153889e+06	1.320000e+03	3.153633e+06	1.320000e+03	3.155738e+06	1.320000e+03	3.159254e+06	1.320000e+03	3.164253e+06	1.320000e+03	3.141821e+06	1.320000e+03	3.154559e+06	1.320000e+03	3.165436e+06	1.320000e+03	3.164162e+06	1.320000e+03	3.145271e+06	1.320000e+03	3.163624e+06	1.320000e+03	3.153750e+06	1.320000e+03	3.148039e+06	1.320000e+03	3.161309e+06	1.320000e+03	3.161480e+06	1.320000e+03	3.172549e+06	1.320000e+03	3.159141e+06	1.320000e+03	3.180507e+06	1.320000e+03	3.148541e+06	1.320000e+03	3.159702e+06	1.320000e+03	3.169302e+06	1.320000e+03	3.169691e+06	1.320000e+03	3.156923e+06	1.320000e+03	3.159132e+06	1.320000e+03	3.159081e+06	1.320000e+03	3.154090e+06	1.320000e+03	3.141910e+06	1.320000e+03	3.143786e+06	1.320000e+03	3.168906e+06	1.320000e+03	3.155956e+06	1.320000e+03	3.158315e+06	1.320000e+03	3.162453e+06	1.320000e+03	3.159566e+06	1.320000e+03	3.174386e+06	1.320000e+03	3.157017e+06	1.320000e+03	3.174606e+06	1.320000e+03	3.185430e+06	1.320000e+03	3.155995e+06	1.320000e+03	3.154190e+06	1.320000e+03	3.175836e+06	1.320000e+03	3.164293e+06	1.320000e+03	3.162995e+06	1.320000e+03	3.166857e+06	1.320000e+03	3.153248e+06	1.320000e+03	3.144171e+06	1.320000e+03	3.165302e+06	1.320000e+03	3.165085e+06	1.320000e+03	3.151711e+06	1.320000e+03	3.156419e+06	1.320000e+03	3.179698e+06	1.320000e+03	3.173641e+06	1.320000e+03	3.153793e+06	1.320000e+03	3.169881e+06	1.320000e+03	3.168067e+06	1.320000e+03	3.156873e+06	1.320000e+03	3.160647e+06	1.320000e+03	3.167007e+06	1.320000e+03	3.183183e+06	1.320000e+03	3.181901e+06	1.320000e+03	3.172559e+06	1.320000e+03	3.189279e+06	1.320000e+03	3.191494e+06	1.320000e+03	3.161988e+06	1.320000e+03	3.185036e+06	1.320000e+03	3.173013e+06	1.320000e+03	3.162794e+06	1.320000e+03	3.176899e+06	1.320000e+03	3.161999e+06	1.320000e+03	3.168029e+06	1.320000e+03	3.170255e+06	1.320000e+03	3.173559e+06	1.320000e+03	3.179587e+06	1.320000e+03	3.165177e+06	1.320000e+03	3.180645e+06	1.320000e+03	3.187819e+06	1.320000e+03	3.195686e+06	1.320000e+03	3.174736e+06	1.320000e+03	3.184659e+06	1.320000e+03	3.174421e+06	1.320000e+03	3.207846e+06	1.320000e+03	3.180999e+06	1.320000e+03	3.170895e+06	1.320000e+03	3.180846e+06	1.320000e+03	3.199630e+06	1.320000e+03	3.195765e+06	1.320000e+03	3.202331e+06	1.320000e+03	3.188623e+06	1.320000e+03	3.187130e+06	1.320000e+03	3.195462e+06	1.320000e+03	3.187937e+06	1.320000e+03	3.211616e+06	1.320000e+03	3.190643e+06	1.320000e+03	3.193284e+06	1.320000e+03	3.190464e+06	1.320000e+03	3.191648e+06	1.320000e+03	3.186323e+06	1.320000e+03	3.197591e+06	1.320000e+03	3.205890e+06	1.320000e+03	3.185468e+06	1.320000e+03	3.193796e+06	1.320000e+03	3.195379e+06	1.320000e+03	3.190603e+06	1.320000e+03	3.198640e+06	1.320000e+03	3.185404e+06	1.320000e+03	3.188292e+06	1.320000e+03	3.197346e+06	1.320000e+03	3.186407e+06	1.320000e+03	3.189442e+06	1.320000e+03	3.201268e+06	1.320000e+03	3.183880e+06
1.325000e+03	3.113501e+06	1.325000e+03	3.104422e+06	1.325000e+03	3.065662e+06	1.325000e+03	3.063270e+06	1.325000e+03	3.052600e+06	1.325000e+03	3.038915e+06	1.325000e+03	3.044235e+06	1.325000e+03	3.027862e+06	1.325000e+03	3.043248e+06	1.325000e+03	3.037463e+06	1.325000e+03	3.030146e+06	1.325000e+03	3.026099e+06	1.325000e+03	3.030831e+06	1.325000e+03	3.035465e+06	1.325000e+03	3.025572e+06	1.325000e+03	3.024485e+06	1.325000e+03	3.036852e+06	1.325000e+03	3.051046e+06	1.325000e+03	3.028628e+06	1.325000e+03	3.038828e+06	1.325000e+03	3.032625e+06	1.325000e+03	3.018155e+06	1.325000e+03	3.027246e+06	1.325000e+03	3.004046e+06	1.325000e+03	3.038794e+06	1.325000e+03	3.022675e+06	1.325000e+03	3.018255e+06	1.325000e+03	3.003500e+06	1.325000e+03	3.019663e+06	1.325000e+03	3.023026e+06	1.325000e+03	3.018525e+06	1.325000e+03	3.028311e+06	1.325000e+03	3.025754e+06	1.325000e+03	3.029198e+06	1.325000e+03	3.030009e+06	1.325000e+03	3.017851e+06	1.325000e+03	3.038253e+06	1.325000e+03	3.046997e+06	1.325000e+03	3.020016e+06	1.325000e+03	3.040523e+06	1.325000e+03	3.038260e+06	1.325000e+03	3.063950e+06	1.325000e+03	3.041413e+06	1.325000e+03	3.047063e+06	1.325000e+03	3.054226e+06	1.325000e+03	3.068998e+06	1.325000e+03	3.037875e+06	1.325000e+03	3.076337e+06	1.325000e+03	3.066241e+06	1.325000e+03	3.047246e+06	1.325000e+03	3.060257e+06	1.325000e+03	3.066488e+06	1.325000e+03	3.055734e+06	1.325000e+03	3.077366e+06	1.325000e+03	3.058920e+06	1.325000e+03	3.066372e+06	1.325000e+03	3.088646e+06	1.325000e+03	3.094465e+06	1.325000e+03	3.080284e+06	1.325000e+03	3.092127e+06	1.325000e+03	3.091814e+06	1.325000e+03	3.084592e+06	1.325000e+03	3.088040e+06	1.325000e+03	3.071635e+06	1.325000e+03	3.076524e+06	1.325000e+03	3.089504e+06	1.325000e+03	3.100727e+06	1.325000e+03	3.060381e+06	1.325000e+03	3.095743e+06	1.325000e+03	3.106273e+06	1.325000e+03	3.094830e+06	1.325000e+03	3.069355e+06	1.325000e+03	3.091312e+06	1.325000e+03	3.092287e+06	1.325000e+03	3.089883e+06	1.325000e+03	3.090684e+06	1.325000e+03	3.117267e+06	1.325000e+03	3.114448e+06	1.325000e+03	3.111446e+06	1.325000e+03	3.096851e+06	1.325000e+03	3.097502e+06	1.325000e+03	3.120200e+06	1.325000e+03	3.101063e+06	1.325000e+03	3.109813e+06	1.325000e+03	3.117689e+06	1.325000e+03	3.088714e+06	1.325000e+03	3.122404e+06	1.325000e+03	3.120746e+06	1.325000e+03	3.105041e+06	1.325000e+03	3.121648e+06	1.325000e+03	3.116619e+06	1.325000e+03	3.116670e+06	1.325000e+03	3.114913e+06	1.325000e+03	3.123248e+06	1.325000e+03	3.114456e+06	1.325000e+03	3.106499e+06	1.325000e+03	3.135230e+06	1.325000e+03	3.116065e+06	1.325000e+03	3.101170e+06	1.325000e+03	3.133022e+06	1.325000e+03	3.142683e+06	1.325000e+03	3.136924e+06	1.325000e+03	3.122126e+06	1.325000e+03	3.114166e+06	1.325000e+03	3.107336e+06	1.325000e+03	3.114468e+06	1.325000e+03	3.099790e+06	1.325000e+03	3.128985e+06	1.325000e+03	3.148289e+06	1.325000e+03	3.118423e+06	1.325000e+03	3.115813e+06	1.325000e+03	3.149363e+06	1.325000e+03	3.139543e+06	1.325000e+03	3.115443e+06	1.325000e+03	3.117726e+06	1.325000e+03	3.154962e+06	1.325000e+03	3.124567e+06	1.325000e+03	3.095934e+06	1.325000e+03	3.091346e+06	1.325000e+03	3.103823e+06	1.325000e+03	3.124150e+06	1.325000e+03	3.138752e+06	1.325000e+03	3.124703e+06	1.325000e+03	3.143392e+06	1.325000e+03	3.116741e+06	1.325000e+03	3.103373e+06	1.325000e+03	3.103515e+06	1.325000e+03	3.124113e+06	1.325000e+03	3.139259e+06	1.325000e+03	3.124290e+06	1.325000e+03	3.116388e+06	1.325000e+03	3.115168e+06	1.325000e+03	3.110234e+06	1.325000e+03	3.116791e+06	1.325000e+03	3.121724e+06	1.325000e+03	3.101891e+06	1.325000e+03	3.139842e+06	1.325000e+03	3.131923e+06	1.325000e+03	3.114745e+06	1.325000e+03	3.107744e+06	1.325000e+03	3.117266e+06	1.325000e+03	3.133353e+06	1.325000e+03	3.133895e+06	1.325000e+03	3.122041e+06	1.325000e+03	3.125100e+06	1.325000e+03	3.117625e+06	1.325000e+03	3.130931e+06	1.325000e+03	3.143301e+06	1.325000e+03	3.131691e+06	1.325000e+03	3.127885e+06	1.325000e+03	3.138352e+06	1.325000e+03	3.100590e+06	1.325000e+03	3.117580e+06	1.325000e+03	3.156645e+06	1.325000e+03	3.141757e+06	1.325000e+03	3.148251e+06	1.325000e+03	3.135169e+06	1.325000e+03	3.151196e+06	1.325000e+03	3.140899e+06	1.325000e+03	3.164059e+06	1.325000e+03	3.119256e+06	1.325000e+03	3.154094e+06	1.325000e+03	3.136997e+06	1.325000e+03	3.134219e+06	1.325000e+03	3.140081e+06	1.325000e+03	3.151489e+06	1.325000e+03	3.155791e+06	1.325000e+03	3.150345e+06	1.325000e+03	3.141069e+06	1.325000e+03	3.152249e+06	1.325000e+03	3.152950e+06	1.325000e+03	3.165143e+06	1.325000e+03	3.147979e+06	1.325000e+03	3.149961e+06	1.325000e+03	3.153204e+06	1.325000e+03	3.163966e+06	1.325000e+03	3.150009e+06	1.325000e+03	3.162793e+06	1.325000e+03	3.167589e+06	1.325000e+03	3.169693e+06	1.325000e+03	3.157932e+06	1.325000e+03	3.161457e+06	1.325000e+03	3.140553e+06	1.325000e+03	3.154865e+06	1.325000e+03	3.156654e+06	1.325000e+03	3.155582e+06	1.325000e+03	3.166586e+06	1.325000e+03	3.136093e+06	1.325000e+03	3.166583e+06	1.325000e+03	3.169674e+06	1.325000e+03	3.167845e+06	1.325000e+03	3.185752e+06	1.325000e+03	3.165316e+06	1.325000e+03	3.148546e+06	1.325000e+03	3.141849e+06	1.325000e+03	3.155948e+06	1.325000e+03	3.151702e+06	1.325000e+03	3.170069e+06	1.325000e+03	3.163399e+06	1.325000e+03	3.155621e+06	1.325000e+03	3.155815e+06	1.325000e+03	3.166462e+06	1.325000e+03	3.174526e+06	1.325000e+03	3.148969e+06	1.325000e+03	3.152638e+06	1.325000e+03	3.149007e+06	1.325000e+03	3.162195e+06	1.325000e+03	3.155317e+06	1.325000e+03	3.166045e+06	1.325000e+03	3.145851e+06	1.325000e+03	3.149288e+06	1.325000e+03	3.160024e+06	1.325000e+03	3.163155e+06	1.325000e+03	3.149068e+06	1.325000e+03	3.162230e+06	1.325000e+03	3.146295e+06	1.325000e+03	3.153288e+06	1.325000e+03	3.161206e+06	1.325000e+03	3.165918e+06	1.325000e+03	3.171438e+06	1.325000e+03	3.158689e+06	1.325000e+03	3.175873e+06	1.325000e+03	3.149662e+06	1.325000e+03	3.176625e+06	1.325000e+03	3.163476e+06	1.325000e+03	3.164593e+06	1.325000e+03	3.158831e+06	1.325000e+03	3.158912e+06	1.325000e+03	3.159078e+06	1.325000e+03	3.152661e+06	1.325000e+03	3.143329e+06	1.325000e+03	3.140310e+06	1.325000e+03	3.172612e+06	1.325000e+03	3.150993e+06	1.325000e+03	3.155220e+06	1.325000e+03	3.153109e+06	1.325000e+03	3.163694e+06	1.325000e+03	3.171080e+06	1.325000e+03	3.155517e+06	1.325000e+03	3.173159e+06	1.325000e+03	3.188841e+06	1.325000e+03	3.156189e+06	1.325000e+03	3.150825e+06	1.325000e+03	3.172823e+06	1.325000e+03	3.153649e+06	1.325000e+03	3.169207e+06	1.325000e+03	3.163762e+06	1.325000e+03	3.154674e+06	1.325000e+03	3.138204e+06	1.325000e+03	3.174946e+06	1.325000e+03	3.163028e+06	1.325000e+03	3.151388e+06	1.325000e+03	3.165506e+06	1.325000e+03	3.183676e+06	1.325000e+03	3.173947e+06	1.325000e+03	3.156243e+06	1.325000e+03	3.173925e+06	1.325000e+03	3.180309e+06	1.325000e+03	3.154195e+06	1.325000e+03	3.174354e+06	1.325000e+03	3.165265e+06	1.325000e+03	3.182814e+06	1.325000e+03	3.183788e+06	1.325000e+03	3.170681e+06	1.325000e+03	3.181125e+06	1.325000e+03	3.183576e+06	1.325000e+03	3.167558e+06	1.325000e+03	3.189032e+06	1.325000e+03	3.168614e+06	1.325000e+03	3.165870e+06	1.325000e+03	3.179330e+06	1.325000e+03	3.168474e+06	1.325000e+03	3.167351e+06	1.325000e+03	3.155909e+06	1.325000e+03	3.178781e+06	1.325000e+03	3.184188e+06	1.325000e+03	3.164702e+06	1.325000e+03	3.183585e+06	1.325000e+03	3.181758e+06	1.325000e+03	3.198256e+06	1.325000e+03	3.172664e+06	1.325000e+03	3.182362e+06	1.325000e+03	3.180035e+06	1.325000e+03	3.210407e+06	1.325000e+03	3.180968e+06	1.325000e+03	3.172039e+06	1.325000e+03	3.181579e+06	1.325000e+03	3.202347e+06	1.325000e+03	3.200512e+06	1.325000e+03	3.200821e+06	1.325000e+03	3.193974e+06	1.325000e+03	3.186849e+06	1.325000e+03	3.191494e+06	1.325000e+03	3.186454e+06	1.325000e+03	3.193233e+06	1.325000e+03	3.192634e+06	1.325000e+03	3.210385e+06	1.325000e+03	3.189682e+06	1.325000e+03	3.197825e+06	1.325000e+03	3.177821e+06	1.325000e+03	3.203803e+06	1.325000e+03	3.200401e+06	1.325000e+03	3.184659e+06	1.325000e+03	3.190201e+06	1.325000e+03	3.189900e+06	1.325000e+03	3.181384e+06	1.325000e+03	3.194323e+06	1.325000e+03	3.182202e+06	1.325000e+03	3.189418e+06	1.325000e+03	3.191807e+06	1.325000e+03	3.171092e+06	1.325000e+03	3.183184e+06	1.325000e+03	3.188827e+06	1.325000e+03	3.186765e+06
1.330000e+03	3.121521e+06	1.330000e+03	3.106173e+06	1.330000e+03	3.065120e+06	1.330000e+03	3.069730e+06	1.330000e+03	3.053299e+06	1.330000e+03	3.043851e+06	1.330000e+03	3.051209e+06	1.330000e+03	3.025703e+06	1.330000e+03	3.033872e+06	1.330000e+03	3.037496e+06	1.330000e+03	3.031547e+06	1.330000e+03	3.011134e+06	1.330000e+03	3.031492e+06	1.330000e+03	3.037281e+06	1.330000e+03	3.027202e+06	1.330000e+03	3.021937e+06	1.330000e+03	3.036541e+06	1.330000e+03	3.053648e+06	1.330000e+03	3.029379e+06	1.330000e+03	3.035120e+06	1.330000e+03	3.034208e+06	1.330000e+03	3.015988e+06	1.330000e+03	3.030580e+06	1.330000e+03	3.001964e+06	1.330000e+03	3.030677e+06	1.330000e+03	3.016639e+06	1.330000e+03	3.015850e+06	1.330000e+03	3.001335e+06	1.330000e+03	3.026836e+06	1.330000e+03	3.020628e+06	1.330000e+03	3.016108e+06	1.330000e+03	3.035975e+06	1.330000e+03	3.015899e+06	1.330000e+03	3.023622e+06	1.330000e+03	3.027350e+06	1.330000e+03	3.024275e+06	1.330000e+03	3.036085e+06	1.330000e+03	3.053012e+06	1.330000e+03	3.020576e+06	1.330000e+03	3.041004e+06	1.330000e+03	3.037820e+06	1.330000e+03	3.059626e+06	1.330000e+03	3.043659e+06	1.330000e+03	3.043142e+06	1.330000e+03	3.050375e+06	1.330000e+03	3.053487e+06	1.330000e+03	3.033115e+06	1.330000e+03	3.066206e+06	1.330000e+03	3.068263e+06	1.330000e+03	3.050683e+06	1.330000e+03	3.059724e+06	1.330000e+03	3.067857e+06	1.330000e+03	3.063676e+06	1.330000e+03	3.083664e+06	1.330000e+03	3.059026e+06	1.330000e+03	3.068140e+06	1.330000e+03	3.084720e+06	1.330000e+03	3.079602e+06	1.330000e+03	3.075119e+06	1.330000e+03	3.080479e+06	1.330000e+03	3.094413e+06	1.330000e+03	3.083988e+06	1.330000e+03	3.086821e+06	1.330000e+03	3.071391e+06	1.330000e+03	3.071554e+06	1.330000e+03	3.092659e+06	1.330000e+03	3.091350e+06	1.330000e+03	3.075247e+06	1.330000e+03	3.084229e+06	1.330000e+03	3.092035e+06	1.330000e+03	3.096396e+06	1.330000e+03	3.056712e+06	1.330000e+03	3.096142e+06	1.330000e+03	3.107513e+06	1.330000e+03	3.100008e+06	1.330000e+03	3.103484e+06	1.330000e+03	3.118165e+06	1.330000e+03	3.121824e+06	1.330000e+03	3.106621e+06	1.330000e+03	3.101705e+06	1.330000e+03	3.104495e+06	1.330000e+03	3.117589e+06	1.330000e+03	3.099841e+06	1.330000e+03	3.100590e+06	1.330000e+03	3.110922e+06	1.330000e+03	3.079043e+06	1.330000e+03	3.121162e+06	1.330000e+03	3.119511e+06	1.330000e+03	3.101840e+06	1.330000e+03	3.121950e+06	1.330000e+03	3.118769e+06	1.330000e+03	3.123365e+06	1.330000e+03	3.116869e+06	1.330000e+03	3.121466e+06	1.330000e+03	3.111983e+06	1.330000e+03	3.117949e+06	1.330000e+03	3.131141e+06	1.330000e+03	3.114387e+06	1.330000e+03	3.105033e+06	1.330000e+03	3.131905e+06	1.330000e+03	3.148633e+06	1.330000e+03	3.140031e+06	1.330000e+03	3.120887e+06	1.330000e+03	3.112266e+06	1.330000e+03	3.108310e+06	1.330000e+03	3.118342e+06	1.330000e+03	3.105213e+06	1.330000e+03	3.123517e+06	1.330000e+03	3.144812e+06	1.330000e+03	3.120260e+06	1.330000e+03	3.130431e+06	1.330000e+03	3.140363e+06	1.330000e+03	3.139698e+06	1.330000e+03	3.118645e+06	1.330000e+03	3.113247e+06	1.330000e+03	3.152257e+06	1.330000e+03	3.125551e+06	1.330000e+03	3.098789e+06	1.330000e+03	3.097023e+06	1.330000e+03	3.108889e+06	1.330000e+03	3.128292e+06	1.330000e+03	3.113161e+06	1.330000e+03	3.128658e+06	1.330000e+03	3.135643e+06	1.330000e+03	3.111978e+06	1.330000e+03	3.110358e+06	1.330000e+03	3.107625e+06	1.330000e+03	3.116876e+06	1.330000e+03	3.139560e+06	1.330000e+03	3.122800e+06	1.330000e+03	3.118189e+06	1.330000e+03	3.116399e+06	1.330000e+03	3.108319e+06	1.330000e+03	3.116229e+06	1.330000e+03	3.121973e+06	1.330000e+03	3.105482e+06	1.330000e+03	3.129844e+06	1.330000e+03	3.135848e+06	1.330000e+03	3.114971e+06	1.330000e+03	3.112652e+06	1.330000e+03	3.112495e+06	1.330000e+03	3.129977e+06	1.330000e+03	3.131469e+06	1.330000e+03	3.120779e+06	1.330000e+03	3.137634e+06	1.330000e+03	3.121115e+06	1.330000e+03	3.125188e+06	1.330000e+03	3.145600e+06	1.330000e+03	3.132086e+06	1.330000e+03	3.126435e+06	1.330000e+03	3.136537e+06	1.330000e+03	3.110039e+06	1.330000e+03	3.118975e+06	1.330000e+03	3.156401e+06	1.330000e+03	3.137494e+06	1.330000e+03	3.153372e+06	1.330000e+03	3.140941e+06	1.330000e+03	3.138362e+06	1.330000e+03	3.138810e+06	1.330000e+03	3.162083e+06	1.330000e+03	3.115351e+06	1.330000e+03	3.146593e+06	1.330000e+03	3.137798e+06	1.330000e+03	3.128100e+06	1.330000e+03	3.138702e+06	1.330000e+03	3.148223e+06	1.330000e+03	3.156669e+06	1.330000e+03	3.149065e+06	1.330000e+03	3.139005e+06	1.330000e+03	3.152771e+06	1.330000e+03	3.151001e+06	1.330000e+03	3.171994e+06	1.330000e+03	3.150228e+06	1.330000e+03	3.159533e+06	1.330000e+03	3.158733e+06	1.330000e+03	3.160474e+06	1.330000e+03	3.144987e+06	1.330000e+03	3.156276e+06	1.330000e+03	3.166168e+06	1.330000e+03	3.164731e+06	1.330000e+03	3.155436e+06	1.330000e+03	3.164620e+06	1.330000e+03	3.144424e+06	1.330000e+03	3.149951e+06	1.330000e+03	3.156727e+06	1.330000e+03	3.158447e+06	1.330000e+03	3.158889e+06	1.330000e+03	3.136261e+06	1.330000e+03	3.180823e+06	1.330000e+03	3.172998e+06	1.330000e+03	3.168715e+06	1.330000e+03	3.175176e+06	1.330000e+03	3.164441e+06	1.330000e+03	3.146994e+06	1.330000e+03	3.138760e+06	1.330000e+03	3.156344e+06	1.330000e+03	3.142777e+06	1.330000e+03	3.175545e+06	1.330000e+03	3.167704e+06	1.330000e+03	3.154025e+06	1.330000e+03	3.156616e+06	1.330000e+03	3.162402e+06	1.330000e+03	3.158821e+06	1.330000e+03	3.153140e+06	1.330000e+03	3.149725e+06	1.330000e+03	3.148327e+06	1.330000e+03	3.156535e+06	1.330000e+03	3.151003e+06	1.330000e+03	3.165947e+06	1.330000e+03	3.148159e+06	1.330000e+03	3.143118e+06	1.330000e+03	3.161213e+06	1.330000e+03	3.160764e+06	1.330000e+03	3.150872e+06	1.330000e+03	3.161205e+06	1.330000e+03	3.149337e+06	1.330000e+03	3.157290e+06	1.330000e+03	3.158956e+06	1.330000e+03	3.166185e+06	1.330000e+03	3.167954e+06	1.330000e+03	3.160889e+06	1.330000e+03	3.182799e+06	1.330000e+03	3.157121e+06	1.330000e+03	3.155730e+06	1.330000e+03	3.160449e+06	1.330000e+03	3.165861e+06	1.330000e+03	3.159113e+06	1.330000e+03	3.160038e+06	1.330000e+03	3.162650e+06	1.330000e+03	3.157652e+06	1.330000e+03	3.143393e+06	1.330000e+03	3.140229e+06	1.330000e+03	3.167320e+06	1.330000e+03	3.145428e+06	1.330000e+03	3.160138e+06	1.330000e+03	3.155515e+06	1.330000e+03	3.155904e+06	1.330000e+03	3.168006e+06	1.330000e+03	3.145547e+06	1.330000e+03	3.168581e+06	1.330000e+03	3.186782e+06	1.330000e+03	3.164673e+06	1.330000e+03	3.147589e+06	1.330000e+03	3.173102e+06	1.330000e+03	3.151069e+06	1.330000e+03	3.167832e+06	1.330000e+03	3.158108e+06	1.330000e+03	3.155218e+06	1.330000e+03	3.137472e+06	1.330000e+03	3.184607e+06	1.330000e+03	3.169209e+06	1.330000e+03	3.150514e+06	1.330000e+03	3.167977e+06	1.330000e+03	3.184896e+06	1.330000e+03	3.173938e+06	1.330000e+03	3.157992e+06	1.330000e+03	3.170912e+06	1.330000e+03	3.177698e+06	1.330000e+03	3.151186e+06	1.330000e+03	3.175143e+06	1.330000e+03	3.168501e+06	1.330000e+03	3.176836e+06	1.330000e+03	3.176826e+06	1.330000e+03	3.166743e+06	1.330000e+03	3.184096e+06	1.330000e+03	3.180728e+06	1.330000e+03	3.160704e+06	1.330000e+03	3.183077e+06	1.330000e+03	3.170610e+06	1.330000e+03	3.169694e+06	1.330000e+03	3.167555e+06	1.330000e+03	3.168748e+06	1.330000e+03	3.161598e+06	1.330000e+03	3.158365e+06	1.330000e+03	3.172972e+06	1.330000e+03	3.196249e+06	1.330000e+03	3.168098e+06	1.330000e+03	3.176877e+06	1.330000e+03	3.180573e+06	1.330000e+03	3.189872e+06	1.330000e+03	3.166399e+06	1.330000e+03	3.184848e+06	1.330000e+03	3.177884e+06	1.330000e+03	3.196683e+06	1.330000e+03	3.175418e+06	1.330000e+03	3.162743e+06	1.330000e+03	3.189307e+06	1.330000e+03	3.199594e+06	1.330000e+03	3.204556e+06	1.330000e+03	3.200816e+06	1.330000e+03	3.187348e+06	1.330000e+03	3.188014e+06	1.330000e+03	3.191594e+06	1.330000e+03	3.185477e+06	1.330000e+03	3.191420e+06	1.330000e+03	3.183473e+06	1.330000e+03	3.190145e+06	1.330000e+03	3.191385e+06	1.330000e+03	3.197043e+06	1.330000e+03	3.183829e+06	1.330000e+03	3.210837e+06	1.330000e+03	3.198452e+06	1.330000e+03	3.189007e+06	1.330000e+03	3.185647e+06	1.330000e+03	3.196919e+06	1.330000e+03	3.174478e+06	1.330000e+03	3.195805e+06	1.330000e+03	3.179043e+06	1.330000e+03	3.187203e+06	1.330000e+03	3.195800e+06	1.330000e+03	3.174603e+06	1.330000e+03	3.186150e+06	1.330000e+03	3.199505e+06	1.330000e+03	3.186733e+06
1.335000e+03	3.118156e+06	1.335000e+03	3.100787e+06	1.335000e+03	3.061294e+06	1.335000e+03	3.071389e+06	1.335000e+03	3.052266e+06	1.335000e+03	3.040168e+06	1.335000e+03	3.054388e+06	1.335000e+03	3.024436e+06	1.335000e+03	3.030765e+06	1.335000e+03	3.035025e+06	1.335000e+03	3.026245e+06	1.335000e+03	3.019984e+06	1.335000e+03	3.030302e+06	1.335000e+03	3.036370e+06	1.335000e+03	3.020253e+06	1.335000e+03	3.023937e+06	1.335000e+03	3.042493e+06	1.335000e+03	3.047054e+06	1.335000e+03	3.023379e+06	1.335000e+03	3.035793e+06	1.335000e+03	3.032843e+06	1.335000e+03	3.015440e+06	1.335000e+03	3.029020e+06	1.335000e+03	3.008815e+06	1.335000e+03	3.025697e+06	1.335000e+03	3.010337e+06	1.335000e+03	3.017522e+06	1.335000e+03	3.001372e+06	1.335000e+03	3.023430e+06	1.335000e+03	3.021243e+06	1.335000e+03	3.012341e+06	1.335000e+03	3.038932e+06	1.335000e+03	3.020279e+06	1.335000e+03	3.017776e+06	1.335000e+03	3.031713e+06	1.335000e+03	3.024731e+06	1.335000e+03	3.039276e+06	1.335000e+03	3.047432e+06	1.335000e+03	3.026525e+06	1.335000e+03	3.044803e+06	1.335000e+03	3.051984e+06	1.335000e+03	3.062015e+06	1.335000e+03	3.027635e+06	1.335000e+03	3.044429e+06	1.335000e+03	3.050681e+06	1.335000e+03	3.058115e+06	1.335000e+03	3.037463e+06	1.335000e+03	3.063418e+06	1.335000e+03	3.062726e+06	1.335000e+03	3.048529e+06	1.335000e+03	3.064414e+06	1.335000e+03	3.066456e+06	1.335000e+03	3.064264e+06	1.335000e+03	3.071602e+06	1.335000e+03	3.061849e+06	1.335000e+03	3.071887e+06	1.335000e+03	3.083812e+06	1.335000e+03	3.085948e+06	1.335000e+03	3.068192e+06	1.335000e+03	3.085070e+06	1.335000e+03	3.086006e+06	1.335000e+03	3.084012e+06	1.335000e+03	3.083743e+06	1.335000e+03	3.073414e+06	1.335000e+03	3.065935e+06	1.335000e+03	3.089147e+06	1.335000e+03	3.091825e+06	1.335000e+03	3.074861e+06	1.335000e+03	3.085202e+06	1.335000e+03	3.088692e+06	1.335000e+03	3.092441e+06	1.335000e+03	3.058494e+06	1.335000e+03	3.086959e+06	1.335000e+03	3.102647e+06	1.335000e+03	3.094545e+06	1.335000e+03	3.098001e+06	1.335000e+03	3.107232e+06	1.335000e+03	3.105374e+06	1.335000e+03	3.109150e+06	1.335000e+03	3.092787e+06	1.335000e+03	3.102960e+06	1.335000e+03	3.120694e+06	1.335000e+03	3.099699e+06	1.335000e+03	3.102910e+06	1.335000e+03	3.116530e+06	1.335000e+03	3.081123e+06	1.335000e+03	3.117763e+06	1.335000e+03	3.123408e+06	1.335000e+03	3.101533e+06	1.335000e+03	3.127388e+06	1.335000e+03	3.116721e+06	1.335000e+03	3.114260e+06	1.335000e+03	3.110097e+06	1.335000e+03	3.126129e+06	1.335000e+03	3.112115e+06	1.335000e+03	3.118438e+06	1.335000e+03	3.121577e+06	1.335000e+03	3.110941e+06	1.335000e+03	3.107603e+06	1.335000e+03	3.136700e+06	1.335000e+03	3.152447e+06	1.335000e+03	3.142175e+06	1.335000e+03	3.119800e+06	1.335000e+03	3.113340e+06	1.335000e+03	3.111240e+06	1.335000e+03	3.111351e+06	1.335000e+03	3.106972e+06	1.335000e+03	3.120044e+06	1.335000e+03	3.133928e+06	1.335000e+03	3.116247e+06	1.335000e+03	3.117978e+06	1.335000e+03	3.138561e+06	1.335000e+03	3.133779e+06	1.335000e+03	3.116574e+06	1.335000e+03	3.118547e+06	1.335000e+03	3.148087e+06	1.335000e+03	3.123568e+06	1.335000e+03	3.097202e+06	1.335000e+03	3.094748e+06	1.335000e+03	3.108156e+06	1.335000e+03	3.120499e+06	1.335000e+03	3.110117e+06	1.335000e+03	3.121174e+06	1.335000e+03	3.130304e+06	1.335000e+03	3.100942e+06	1.335000e+03	3.099650e+06	1.335000e+03	3.114754e+06	1.335000e+03	3.122126e+06	1.335000e+03	3.133671e+06	1.335000e+03	3.117554e+06	1.335000e+03	3.120213e+06	1.335000e+03	3.114664e+06	1.335000e+03	3.112641e+06	1.335000e+03	3.126563e+06	1.335000e+03	3.120076e+06	1.335000e+03	3.114117e+06	1.335000e+03	3.119262e+06	1.335000e+03	3.138003e+06	1.335000e+03	3.109449e+06	1.335000e+03	3.112227e+06	1.335000e+03	3.114575e+06	1.335000e+03	3.130716e+06	1.335000e+03	3.131203e+06	1.335000e+03	3.118876e+06	1.335000e+03	3.130933e+06	1.335000e+03	3.118481e+06	1.335000e+03	3.122275e+06	1.335000e+03	3.144714e+06	1.335000e+03	3.133962e+06	1.335000e+03	3.129184e+06	1.335000e+03	3.135371e+06	1.335000e+03	3.108805e+06	1.335000e+03	3.120005e+06	1.335000e+03	3.149440e+06	1.335000e+03	3.142362e+06	1.335000e+03	3.149917e+06	1.335000e+03	3.136801e+06	1.335000e+03	3.142956e+06	1.335000e+03	3.141269e+06	1.335000e+03	3.155814e+06	1.335000e+03	3.113332e+06	1.335000e+03	3.147778e+06	1.335000e+03	3.141669e+06	1.335000e+03	3.122999e+06	1.335000e+03	3.140054e+06	1.335000e+03	3.151081e+06	1.335000e+03	3.152313e+06	1.335000e+03	3.150574e+06	1.335000e+03	3.148039e+06	1.335000e+03	3.150842e+06	1.335000e+03	3.154796e+06	1.335000e+03	3.159616e+06	1.335000e+03	3.148572e+06	1.335000e+03	3.155447e+06	1.335000e+03	3.155722e+06	1.335000e+03	3.161666e+06	1.335000e+03	3.146415e+06	1.335000e+03	3.161591e+06	1.335000e+03	3.160846e+06	1.335000e+03	3.163951e+06	1.335000e+03	3.156539e+06	1.335000e+03	3.157748e+06	1.335000e+03	3.140563e+06	1.335000e+03	3.149467e+06	1.335000e+03	3.157412e+06	1.335000e+03	3.159174e+06	1.335000e+03	3.165996e+06	1.335000e+03	3.132921e+06	1.335000e+03	3.178752e+06	1.335000e+03	3.170881e+06	1.335000e+03	3.170378e+06	1.335000e+03	3.177398e+06	1.335000e+03	3.164715e+06	1.335000e+03	3.146974e+06	1.335000e+03	3.143204e+06	1.335000e+03	3.164130e+06	1.335000e+03	3.141934e+06	1.335000e+03	3.169400e+06	1.335000e+03	3.166481e+06	1.335000e+03	3.152357e+06	1.335000e+03	3.154930e+06	1.335000e+03	3.161347e+06	1.335000e+03	3.157405e+06	1.335000e+03	3.155341e+06	1.335000e+03	3.142489e+06	1.335000e+03	3.147489e+06	1.335000e+03	3.159140e+06	1.335000e+03	3.146769e+06	1.335000e+03	3.159632e+06	1.335000e+03	3.149404e+06	1.335000e+03	3.146827e+06	1.335000e+03	3.169454e+06	1.335000e+03	3.164679e+06	1.335000e+03	3.149180e+06	1.335000e+03	3.161086e+06	1.335000e+03	3.144119e+06	1.335000e+03	3.157648e+06	1.335000e+03	3.159713e+06	1.335000e+03	3.157066e+06	1.335000e+03	3.173392e+06	1.335000e+03	3.158782e+06	1.335000e+03	3.178736e+06	1.335000e+03	3.147852e+06	1.335000e+03	3.159315e+06	1.335000e+03	3.158123e+06	1.335000e+03	3.162129e+06	1.335000e+03	3.153189e+06	1.335000e+03	3.162724e+06	1.335000e+03	3.166632e+06	1.335000e+03	3.151382e+06	1.335000e+03	3.144569e+06	1.335000e+03	3.142193e+06	1.335000e+03	3.166346e+06	1.335000e+03	3.149997e+06	1.335000e+03	3.159376e+06	1.335000e+03	3.160381e+06	1.335000e+03	3.153149e+06	1.335000e+03	3.173066e+06	1.335000e+03	3.151764e+06	1.335000e+03	3.163367e+06	1.335000e+03	3.188267e+06	1.335000e+03	3.166215e+06	1.335000e+03	3.145902e+06	1.335000e+03	3.167938e+06	1.335000e+03	3.157410e+06	1.335000e+03	3.161266e+06	1.335000e+03	3.152319e+06	1.335000e+03	3.155720e+06	1.335000e+03	3.139069e+06	1.335000e+03	3.185827e+06	1.335000e+03	3.162309e+06	1.335000e+03	3.139750e+06	1.335000e+03	3.172696e+06	1.335000e+03	3.183421e+06	1.335000e+03	3.173675e+06	1.335000e+03	3.161432e+06	1.335000e+03	3.176499e+06	1.335000e+03	3.163594e+06	1.335000e+03	3.160164e+06	1.335000e+03	3.166135e+06	1.335000e+03	3.168164e+06	1.335000e+03	3.186031e+06	1.335000e+03	3.187307e+06	1.335000e+03	3.171404e+06	1.335000e+03	3.181097e+06	1.335000e+03	3.178688e+06	1.335000e+03	3.169998e+06	1.335000e+03	3.176170e+06	1.335000e+03	3.172423e+06	1.335000e+03	3.174379e+06	1.335000e+03	3.170467e+06	1.335000e+03	3.167945e+06	1.335000e+03	3.170304e+06	1.335000e+03	3.155573e+06	1.335000e+03	3.191897e+06	1.335000e+03	3.186121e+06	1.335000e+03	3.164119e+06	1.335000e+03	3.177328e+06	1.335000e+03	3.182634e+06	1.335000e+03	3.184206e+06	1.335000e+03	3.171652e+06	1.335000e+03	3.183053e+06	1.335000e+03	3.183843e+06	1.335000e+03	3.205557e+06	1.335000e+03	3.172996e+06	1.335000e+03	3.156244e+06	1.335000e+03	3.185670e+06	1.335000e+03	3.197604e+06	1.335000e+03	3.202300e+06	1.335000e+03	3.204970e+06	1.335000e+03	3.194969e+06	1.335000e+03	3.190390e+06	1.335000e+03	3.191128e+06	1.335000e+03	3.184410e+06	1.335000e+03	3.190300e+06	1.335000e+03	3.177926e+06	1.335000e+03	3.180463e+06	1.335000e+03	3.192478e+06	1.335000e+03	3.203558e+06	1.335000e+03	3.184496e+06	1.335000e+03	3.213460e+06	1.335000e+03	3.192681e+06	1.335000e+03	3.189111e+06	1.335000e+03	3.184478e+06	1.335000e+03	3.198179e+06	1.335000e+03	3.180746e+06	1.335000e+03	3.198411e+06	1.335000e+03	3.185998e+06	1.335000e+03	3.189806e+06	1.335000e+03	3.189791e+06	1.335000e+03	3.166122e+06	1.335000e+03	3.189196e+06	1.335000e+03	3.193901e+06	1.335000e+03	3.187387e+06
1.340000e+03	3.129406e+06	1.340000e+03	3.092548e+06	1.340000e+03	3.069375e+06	1.340000e+03	3.073800e+06	1.340000e+03	3.051553e+06	1.340000e+03	3.036075e+06	1.340000e+03	3.054904e+06	1.340000e+03	3.025984e+06	1.340000e+03	3.028448e+06	1.340000e+03	3.031680e+06	1.340000e+03	3.016236e+06	1.340000e+03	3.018870e+06	1.340000e+03	3.024571e+06	1.340000e+03	3.036242e+06	1.340000e+03	3.024748e+06	1.340000e+03	3.022068e+06	1.340000e+03	3.037015e+06	1.340000e+03	3.044035e+06	1.340000e+03	3.019984e+06	1.340000e+03	3.024598e+06	1.340000e+03	3.032266e+06	1.340000e+03	3.014988e+06	1.340000e+03	3.027905e+06	1.340000e+03	3.007095e+06	1.340000e+03	3.019480e+06	1.340000e+03	3.003611e+06	1.340000e+03	3.033771e+06	1.340000e+03	3.001251e+06	1.340000e+03	3.025474e+06	1.340000e+03	3.018511e+06	1.340000e+03	3.012681e+06	1.340000e+03	3.033605e+06	1.340000e+03	3.019501e+06	1.340000e+03	3.013733e+06	1.340000e+03	3.032434e+06	1.340000e+03	3.019728e+06	1.340000e+03	3.037486e+06	1.340000e+03	3.050259e+06	1.340000e+03	3.030344e+06	1.340000e+03	3.041679e+06	1.340000e+03	3.051714e+06	1.340000e+03	3.060349e+06	1.340000e+03	3.031243e+06	1.340000e+03	3.038752e+06	1.340000e+03	3.044498e+06	1.340000e+03	3.063118e+06	1.340000e+03	3.055731e+06	1.340000e+03	3.062069e+06	1.340000e+03	3.060168e+06	1.340000e+03	3.049547e+06	1.340000e+03	3.063953e+06	1.340000e+03	3.066938e+06	1.340000e+03	3.064479e+06	1.340000e+03	3.071019e+06	1.340000e+03	3.061975e+06	1.340000e+03	3.070054e+06	1.340000e+03	3.082508e+06	1.340000e+03	3.082684e+06	1.340000e+03	3.076483e+06	1.340000e+03	3.093397e+06	1.340000e+03	3.088818e+06	1.340000e+03	3.083523e+06	1.340000e+03	3.080582e+06	1.340000e+03	3.079108e+06	1.340000e+03	3.064946e+06	1.340000e+03	3.084466e+06	1.340000e+03	3.088057e+06	1.340000e+03	3.067212e+06	1.340000e+03	3.081556e+06	1.340000e+03	3.092314e+06	1.340000e+03	3.104406e+06	1.340000e+03	3.069299e+06	1.340000e+03	3.093012e+06	1.340000e+03	3.095146e+06	1.340000e+03	3.098994e+06	1.340000e+03	3.097500e+06	1.340000e+03	3.111128e+06	1.340000e+03	3.104509e+06	1.340000e+03	3.112188e+06	1.340000e+03	3.091584e+06	1.340000e+03	3.092996e+06	1.340000e+03	3.110845e+06	1.340000e+03	3.097615e+06	1.340000e+03	3.111212e+06	1.340000e+03	3.121413e+06	1.340000e+03	3.085545e+06	1.340000e+03	3.118339e+06	1.340000e+03	3.124188e+06	1.340000e+03	3.107573e+06	1.340000e+03	3.127592e+06	1.340000e+03	3.119919e+06	1.340000e+03	3.118222e+06	1.340000e+03	3.104945e+06	1.340000e+03	3.120812e+06	1.340000e+03	3.114373e+06	1.340000e+03	3.112280e+06	1.340000e+03	3.122871e+06	1.340000e+03	3.115602e+06	1.340000e+03	3.102452e+06	1.340000e+03	3.136017e+06	1.340000e+03	3.151368e+06	1.340000e+03	3.135223e+06	1.340000e+03	3.132154e+06	1.340000e+03	3.105003e+06	1.340000e+03	3.104656e+06	1.340000e+03	3.110323e+06	1.340000e+03	3.104210e+06	1.340000e+03	3.121045e+06	1.340000e+03	3.126778e+06	1.340000e+03	3.121602e+06	1.340000e+03	3.119770e+06	1.340000e+03	3.152223e+06	1.340000e+03	3.139808e+06	1.340000e+03	3.124790e+06	1.340000e+03	3.115757e+06	1.340000e+03	3.145793e+06	1.340000e+03	3.135792e+06	1.340000e+03	3.098133e+06	1.340000e+03	3.089185e+06	1.340000e+03	3.109045e+06	1.340000e+03	3.114579e+06	1.340000e+03	3.111014e+06	1.340000e+03	3.120038e+06	1.340000e+03	3.130682e+06	1.340000e+03	3.097167e+06	1.340000e+03	3.100010e+06	1.340000e+03	3.115372e+06	1.340000e+03	3.122881e+06	1.340000e+03	3.147356e+06	1.340000e+03	3.117663e+06	1.340000e+03	3.121219e+06	1.340000e+03	3.119099e+06	1.340000e+03	3.112211e+06	1.340000e+03	3.128176e+06	1.340000e+03	3.104904e+06	1.340000e+03	3.111291e+06	1.340000e+03	3.121164e+06	1.340000e+03	3.151218e+06	1.340000e+03	3.106148e+06	1.340000e+03	3.111042e+06	1.340000e+03	3.113463e+06	1.340000e+03	3.130326e+06	1.340000e+03	3.140176e+06	1.340000e+03	3.120711e+06	1.340000e+03	3.127863e+06	1.340000e+03	3.121296e+06	1.340000e+03	3.125946e+06	1.340000e+03	3.129263e+06	1.340000e+03	3.134502e+06	1.340000e+03	3.129932e+06	1.340000e+03	3.121902e+06	1.340000e+03	3.101448e+06	1.340000e+03	3.119209e+06	1.340000e+03	3.143706e+06	1.340000e+03	3.137697e+06	1.340000e+03	3.147341e+06	1.340000e+03	3.142924e+06	1.340000e+03	3.152592e+06	1.340000e+03	3.145311e+06	1.340000e+03	3.155131e+06	1.340000e+03	3.118769e+06	1.340000e+03	3.138493e+06	1.340000e+03	3.144605e+06	1.340000e+03	3.128304e+06	1.340000e+03	3.142913e+06	1.340000e+03	3.148945e+06	1.340000e+03	3.151116e+06	1.340000e+03	3.166357e+06	1.340000e+03	3.152527e+06	1.340000e+03	3.157294e+06	1.340000e+03	3.148667e+06	1.340000e+03	3.157537e+06	1.340000e+03	3.148786e+06	1.340000e+03	3.163600e+06	1.340000e+03	3.153393e+06	1.340000e+03	3.161901e+06	1.340000e+03	3.147955e+06	1.340000e+03	3.159305e+06	1.340000e+03	3.152108e+06	1.340000e+03	3.166550e+06	1.340000e+03	3.157452e+06	1.340000e+03	3.157493e+06	1.340000e+03	3.143208e+06	1.340000e+03	3.153360e+06	1.340000e+03	3.158099e+06	1.340000e+03	3.161282e+06	1.340000e+03	3.166267e+06	1.340000e+03	3.136749e+06	1.340000e+03	3.183392e+06	1.340000e+03	3.182606e+06	1.340000e+03	3.165999e+06	1.340000e+03	3.181066e+06	1.340000e+03	3.162678e+06	1.340000e+03	3.139364e+06	1.340000e+03	3.145705e+06	1.340000e+03	3.161167e+06	1.340000e+03	3.141709e+06	1.340000e+03	3.171565e+06	1.340000e+03	3.158911e+06	1.340000e+03	3.153923e+06	1.340000e+03	3.157148e+06	1.340000e+03	3.161950e+06	1.340000e+03	3.145975e+06	1.340000e+03	3.148578e+06	1.340000e+03	3.149351e+06	1.340000e+03	3.150409e+06	1.340000e+03	3.161291e+06	1.340000e+03	3.150535e+06	1.340000e+03	3.155627e+06	1.340000e+03	3.147931e+06	1.340000e+03	3.147354e+06	1.340000e+03	3.172351e+06	1.340000e+03	3.172965e+06	1.340000e+03	3.152806e+06	1.340000e+03	3.163351e+06	1.340000e+03	3.144464e+06	1.340000e+03	3.145987e+06	1.340000e+03	3.163308e+06	1.340000e+03	3.150980e+06	1.340000e+03	3.171734e+06	1.340000e+03	3.152598e+06	1.340000e+03	3.172861e+06	1.340000e+03	3.141392e+06	1.340000e+03	3.149288e+06	1.340000e+03	3.155860e+06	1.340000e+03	3.166287e+06	1.340000e+03	3.151094e+06	1.340000e+03	3.163762e+06	1.340000e+03	3.155757e+06	1.340000e+03	3.154419e+06	1.340000e+03	3.144129e+06	1.340000e+03	3.145327e+06	1.340000e+03	3.167406e+06	1.340000e+03	3.147845e+06	1.340000e+03	3.154462e+06	1.340000e+03	3.156312e+06	1.340000e+03	3.152541e+06	1.340000e+03	3.175260e+06	1.340000e+03	3.151013e+06	1.340000e+03	3.159958e+06	1.340000e+03	3.188284e+06	1.340000e+03	3.160176e+06	1.340000e+03	3.147139e+06	1.340000e+03	3.171132e+06	1.340000e+03	3.158491e+06	1.340000e+03	3.166599e+06	1.340000e+03	3.163025e+06	1.340000e+03	3.168670e+06	1.340000e+03	3.145258e+06	1.340000e+03	3.180815e+06	1.340000e+03	3.165977e+06	1.340000e+03	3.138378e+06	1.340000e+03	3.169833e+06	1.340000e+03	3.185192e+06	1.340000e+03	3.181088e+06	1.340000e+03	3.176821e+06	1.340000e+03	3.176562e+06	1.340000e+03	3.170329e+06	1.340000e+03	3.156475e+06	1.340000e+03	3.170160e+06	1.340000e+03	3.167669e+06	1.340000e+03	3.183974e+06	1.340000e+03	3.180440e+06	1.340000e+03	3.175218e+06	1.340000e+03	3.180707e+06	1.340000e+03	3.173416e+06	1.340000e+03	3.175206e+06	1.340000e+03	3.173732e+06	1.340000e+03	3.172851e+06	1.340000e+03	3.170836e+06	1.340000e+03	3.174814e+06	1.340000e+03	3.171821e+06	1.340000e+03	3.167531e+06	1.340000e+03	3.157993e+06	1.340000e+03	3.181636e+06	1.340000e+03	3.181585e+06	1.340000e+03	3.162101e+06	1.340000e+03	3.179319e+06	1.340000e+03	3.181980e+06	1.340000e+03	3.185212e+06	1.340000e+03	3.176444e+06	1.340000e+03	3.180557e+06	1.340000e+03	3.175582e+06	1.340000e+03	3.206077e+06	1.340000e+03	3.178348e+06	1.340000e+03	3.160989e+06	1.340000e+03	3.185161e+06	1.340000e+03	3.199093e+06	1.340000e+03	3.198465e+06	1.340000e+03	3.200942e+06	1.340000e+03	3.194941e+06	1.340000e+03	3.190589e+06	1.340000e+03	3.188953e+06	1.340000e+03	3.197086e+06	1.340000e+03	3.193504e+06	1.340000e+03	3.179994e+06	1.340000e+03	3.180606e+06	1.340000e+03	3.188728e+06	1.340000e+03	3.211899e+06	1.340000e+03	3.182476e+06	1.340000e+03	3.207609e+06	1.340000e+03	3.187203e+06	1.340000e+03	3.186877e+06	1.340000e+03	3.185108e+06	1.340000e+03	3.186248e+06	1.340000e+03	3.185129e+06	1.340000e+03	3.203264e+06	1.340000e+03	3.184900e+06	1.340000e+03	3.188387e+06	1.340000e+03	3.195700e+06	1.340000e+03	3.177300e+06	1.340000e+03	3.186298e+06	1.340000e+03	3.184633e+06	1.340000e+03	3.185096e+06
1.345000e+03	3.111643e+06	1.345000e+03	3.100640e+06	1.345000e+03	3.069975e+06	1.345000e+03	3.075168e+06	1.345000e+03	3.052797e+06	1.345000e+03	3.048865e+06	1.345000e+03	3.047554e+06	1.345000e+03	3.022970e+06	1.345000e+03	3.032476e+06	1.345000e+03	3.031297e+06	1.345000e+03	3.024510e+06	1.345000e+03	3.022455e+06	1.345000e+03	3.024844e+06	1.345000e+03	3.038976e+06	1.345000e+03	3.018780e+06	1.345000e+03	3.016317e+06	1.345000e+03	3.035363e+06	1.345000e+03	3.056156e+06	1.345000e+03	3.021457e+06	1.345000e+03	3.025963e+06	1.345000e+03	3.029134e+06	1.345000e+03	3.016289e+06	1.345000e+03	3.023910e+06	1.345000e+03	3.005693e+06	1.345000e+03	3.024019e+06	1.345000e+03	3.005995e+06	1.345000e+03	3.033218e+06	1.345000e+03	2.997471e+06	1.345000e+03	3.019141e+06	1.345000e+03	3.013338e+06	1.345000e+03	3.008560e+06	1.345000e+03	3.032121e+06	1.345000e+03	3.020160e+06	1.345000e+03	3.012216e+06	1.345000e+03	3.030934e+06	1.345000e+03	3.021804e+06	1.345000e+03	3.039951e+06	1.345000e+03	3.040970e+06	1.345000e+03	3.030955e+06	1.345000e+03	3.035447e+06	1.345000e+03	3.040315e+06	1.345000e+03	3.055353e+06	1.345000e+03	3.031754e+06	1.345000e+03	3.040500e+06	1.345000e+03	3.046477e+06	1.345000e+03	3.066281e+06	1.345000e+03	3.048512e+06	1.345000e+03	3.071252e+06	1.345000e+03	3.064993e+06	1.345000e+03	3.048972e+06	1.345000e+03	3.065452e+06	1.345000e+03	3.073717e+06	1.345000e+03	3.066555e+06	1.345000e+03	3.080329e+06	1.345000e+03	3.058876e+06	1.345000e+03	3.075836e+06	1.345000e+03	3.082023e+06	1.345000e+03	3.079036e+06	1.345000e+03	3.084476e+06	1.345000e+03	3.087657e+06	1.345000e+03	3.088336e+06	1.345000e+03	3.098552e+06	1.345000e+03	3.072373e+06	1.345000e+03	3.071666e+06	1.345000e+03	3.062962e+06	1.345000e+03	3.086173e+06	1.345000e+03	3.095129e+06	1.345000e+03	3.069156e+06	1.345000e+03	3.081096e+06	1.345000e+03	3.090719e+06	1.345000e+03	3.103585e+06	1.345000e+03	3.060951e+06	1.345000e+03	3.092881e+06	1.345000e+03	3.097089e+06	1.345000e+03	3.109567e+06	1.345000e+03	3.100746e+06	1.345000e+03	3.104286e+06	1.345000e+03	3.105363e+06	1.345000e+03	3.112226e+06	1.345000e+03	3.101316e+06	1.345000e+03	3.089880e+06	1.345000e+03	3.105589e+06	1.345000e+03	3.096904e+06	1.345000e+03	3.114559e+06	1.345000e+03	3.110319e+06	1.345000e+03	3.093414e+06	1.345000e+03	3.119298e+06	1.345000e+03	3.129775e+06	1.345000e+03	3.096044e+06	1.345000e+03	3.129638e+06	1.345000e+03	3.123381e+06	1.345000e+03	3.119292e+06	1.345000e+03	3.107437e+06	1.345000e+03	3.122268e+06	1.345000e+03	3.116099e+06	1.345000e+03	3.111556e+06	1.345000e+03	3.133093e+06	1.345000e+03	3.123545e+06	1.345000e+03	3.099749e+06	1.345000e+03	3.138644e+06	1.345000e+03	3.150782e+06	1.345000e+03	3.135307e+06	1.345000e+03	3.125100e+06	1.345000e+03	3.110303e+06	1.345000e+03	3.111969e+06	1.345000e+03	3.123220e+06	1.345000e+03	3.106911e+06	1.345000e+03	3.120296e+06	1.345000e+03	3.133169e+06	1.345000e+03	3.126462e+06	1.345000e+03	3.123630e+06	1.345000e+03	3.149160e+06	1.345000e+03	3.145409e+06	1.345000e+03	3.130926e+06	1.345000e+03	3.123561e+06	1.345000e+03	3.148871e+06	1.345000e+03	3.125372e+06	1.345000e+03	3.083931e+06	1.345000e+03	3.094892e+06	1.345000e+03	3.111069e+06	1.345000e+03	3.123878e+06	1.345000e+03	3.115276e+06	1.345000e+03	3.131198e+06	1.345000e+03	3.136015e+06	1.345000e+03	3.097527e+06	1.345000e+03	3.097501e+06	1.345000e+03	3.113391e+06	1.345000e+03	3.117561e+06	1.345000e+03	3.146256e+06	1.345000e+03	3.116782e+06	1.345000e+03	3.116955e+06	1.345000e+03	3.108270e+06	1.345000e+03	3.113775e+06	1.345000e+03	3.129005e+06	1.345000e+03	3.112214e+06	1.345000e+03	3.104327e+06	1.345000e+03	3.114138e+06	1.345000e+03	3.127365e+06	1.345000e+03	3.112548e+06	1.345000e+03	3.110248e+06	1.345000e+03	3.111153e+06	1.345000e+03	3.128025e+06	1.345000e+03	3.134598e+06	1.345000e+03	3.118233e+06	1.345000e+03	3.147735e+06	1.345000e+03	3.123732e+06	1.345000e+03	3.119741e+06	1.345000e+03	3.131346e+06	1.345000e+03	3.127512e+06	1.345000e+03	3.129343e+06	1.345000e+03	3.126039e+06	1.345000e+03	3.112393e+06	1.345000e+03	3.125152e+06	1.345000e+03	3.140934e+06	1.345000e+03	3.141102e+06	1.345000e+03	3.145138e+06	1.345000e+03	3.126227e+06	1.345000e+03	3.150858e+06	1.345000e+03	3.145436e+06	1.345000e+03	3.162982e+06	1.345000e+03	3.115367e+06	1.345000e+03	3.155209e+06	1.345000e+03	3.141798e+06	1.345000e+03	3.126215e+06	1.345000e+03	3.151617e+06	1.345000e+03	3.170656e+06	1.345000e+03	3.153344e+06	1.345000e+03	3.168487e+06	1.345000e+03	3.156325e+06	1.345000e+03	3.154873e+06	1.345000e+03	3.155953e+06	1.345000e+03	3.161271e+06	1.345000e+03	3.150526e+06	1.345000e+03	3.159769e+06	1.345000e+03	3.157146e+06	1.345000e+03	3.156379e+06	1.345000e+03	3.139872e+06	1.345000e+03	3.160587e+06	1.345000e+03	3.157605e+06	1.345000e+03	3.172368e+06	1.345000e+03	3.156555e+06	1.345000e+03	3.165723e+06	1.345000e+03	3.148713e+06	1.345000e+03	3.161460e+06	1.345000e+03	3.157189e+06	1.345000e+03	3.156743e+06	1.345000e+03	3.170695e+06	1.345000e+03	3.137153e+06	1.345000e+03	3.179868e+06	1.345000e+03	3.162768e+06	1.345000e+03	3.167814e+06	1.345000e+03	3.182561e+06	1.345000e+03	3.166196e+06	1.345000e+03	3.150092e+06	1.345000e+03	3.139168e+06	1.345000e+03	3.152717e+06	1.345000e+03	3.145234e+06	1.345000e+03	3.168193e+06	1.345000e+03	3.164189e+06	1.345000e+03	3.149344e+06	1.345000e+03	3.158941e+06	1.345000e+03	3.163690e+06	1.345000e+03	3.148188e+06	1.345000e+03	3.150339e+06	1.345000e+03	3.149002e+06	1.345000e+03	3.152896e+06	1.345000e+03	3.163831e+06	1.345000e+03	3.147189e+06	1.345000e+03	3.160244e+06	1.345000e+03	3.151737e+06	1.345000e+03	3.146847e+06	1.345000e+03	3.173430e+06	1.345000e+03	3.162542e+06	1.345000e+03	3.165816e+06	1.345000e+03	3.158976e+06	1.345000e+03	3.174714e+06	1.345000e+03	3.144404e+06	1.345000e+03	3.171830e+06	1.345000e+03	3.150214e+06	1.345000e+03	3.170448e+06	1.345000e+03	3.157242e+06	1.345000e+03	3.174553e+06	1.345000e+03	3.140951e+06	1.345000e+03	3.153128e+06	1.345000e+03	3.156979e+06	1.345000e+03	3.166998e+06	1.345000e+03	3.148995e+06	1.345000e+03	3.160392e+06	1.345000e+03	3.156055e+06	1.345000e+03	3.154298e+06	1.345000e+03	3.140910e+06	1.345000e+03	3.147679e+06	1.345000e+03	3.163776e+06	1.345000e+03	3.143355e+06	1.345000e+03	3.155292e+06	1.345000e+03	3.154784e+06	1.345000e+03	3.152866e+06	1.345000e+03	3.166825e+06	1.345000e+03	3.150895e+06	1.345000e+03	3.181005e+06	1.345000e+03	3.193259e+06	1.345000e+03	3.167106e+06	1.345000e+03	3.144865e+06	1.345000e+03	3.170923e+06	1.345000e+03	3.157033e+06	1.345000e+03	3.162885e+06	1.345000e+03	3.147448e+06	1.345000e+03	3.155615e+06	1.345000e+03	3.142201e+06	1.345000e+03	3.165457e+06	1.345000e+03	3.165881e+06	1.345000e+03	3.140124e+06	1.345000e+03	3.164378e+06	1.345000e+03	3.179064e+06	1.345000e+03	3.179297e+06	1.345000e+03	3.179318e+06	1.345000e+03	3.180540e+06	1.345000e+03	3.164678e+06	1.345000e+03	3.146414e+06	1.345000e+03	3.165508e+06	1.345000e+03	3.164305e+06	1.345000e+03	3.182852e+06	1.345000e+03	3.182506e+06	1.345000e+03	3.168206e+06	1.345000e+03	3.189005e+06	1.345000e+03	3.177126e+06	1.345000e+03	3.174673e+06	1.345000e+03	3.165712e+06	1.345000e+03	3.171350e+06	1.345000e+03	3.177436e+06	1.345000e+03	3.173149e+06	1.345000e+03	3.162670e+06	1.345000e+03	3.170433e+06	1.345000e+03	3.164442e+06	1.345000e+03	3.170869e+06	1.345000e+03	3.179980e+06	1.345000e+03	3.161610e+06	1.345000e+03	3.173693e+06	1.345000e+03	3.178634e+06	1.345000e+03	3.186689e+06	1.345000e+03	3.170009e+06	1.345000e+03	3.176416e+06	1.345000e+03	3.176211e+06	1.345000e+03	3.210780e+06	1.345000e+03	3.174244e+06	1.345000e+03	3.155675e+06	1.345000e+03	3.190711e+06	1.345000e+03	3.202785e+06	1.345000e+03	3.200560e+06	1.345000e+03	3.203196e+06	1.345000e+03	3.190684e+06	1.345000e+03	3.194201e+06	1.345000e+03	3.187057e+06	1.345000e+03	3.197671e+06	1.345000e+03	3.194618e+06	1.345000e+03	3.180620e+06	1.345000e+03	3.181331e+06	1.345000e+03	3.187299e+06	1.345000e+03	3.215504e+06	1.345000e+03	3.176269e+06	1.345000e+03	3.198995e+06	1.345000e+03	3.188512e+06	1.345000e+03	3.191304e+06	1.345000e+03	3.184628e+06	1.345000e+03	3.187541e+06	1.345000e+03	3.182929e+06	1.345000e+03	3.203567e+06	1.345000e+03	3.179751e+06	1.345000e+03	3.190185e+06	1.345000e+03	3.197029e+06	1.345000e+03	3.169331e+06	1.345000e+03	3.187357e+06	1.345000e+03	3.185153e+06	1.345000e+03	3.191983e+06
1.350000e+03	3.106705e+06	1.350000e+03	3.099680e+06	1.350000e+03	3.070310e+06	1.350000e+03	3.075042e+06	1.350000e+03	3.053003e+06	1.350000e+03	3.040951e+06	1.350000e+03	3.036841e+06	1.350000e+03	3.030190e+06	1.350000e+03	3.041916e+06	1.350000e+03	3.041057e+06	1.350000e+03	3.023121e+06	1.350000e+03	3.035189e+06	1.350000e+03	3.020910e+06	1.350000e+03	3.029079e+06	1.350000e+03	3.037532e+06	1.350000e+03	3.025253e+06	1.350000e+03	3.035235e+06	1.350000e+03	3.044095e+06	1.350000e+03	3.031893e+06	1.350000e+03	3.025454e+06	1.350000e+03	3.025495e+06	1.350000e+03	3.021286e+06	1.350000e+03	3.030767e+06	1.350000e+03	3.006417e+06	1.350000e+03	3.020252e+06	1.350000e+03	3.000195e+06	1.350000e+03	3.022390e+06	1.350000e+03	2.994005e+06	1.350000e+03	3.019483e+06	1.350000e+03	3.026571e+06	1.350000e+03	3.012456e+06	1.350000e+03	3.030932e+06	1.350000e+03	3.010368e+06	1.350000e+03	3.020256e+06	1.350000e+03	3.040228e+06	1.350000e+03	3.021727e+06	1.350000e+03	3.037268e+06	1.350000e+03	3.048713e+06	1.350000e+03	3.020834e+06	1.350000e+03	3.035908e+06	1.350000e+03	3.050045e+06	1.350000e+03	3.055544e+06	1.350000e+03	3.043246e+06	1.350000e+03	3.037357e+06	1.350000e+03	3.049897e+06	1.350000e+03	3.062387e+06	1.350000e+03	3.051421e+06	1.350000e+03	3.064781e+06	1.350000e+03	3.066808e+06	1.350000e+03	3.047136e+06	1.350000e+03	3.053197e+06	1.350000e+03	3.072689e+06	1.350000e+03	3.078329e+06	1.350000e+03	3.077151e+06	1.350000e+03	3.061255e+06	1.350000e+03	3.073847e+06	1.350000e+03	3.081272e+06	1.350000e+03	3.077286e+06	1.350000e+03	3.072663e+06	1.350000e+03	3.088977e+06	1.350000e+03	3.085709e+06	1.350000e+03	3.092358e+06	1.350000e+03	3.074445e+06	1.350000e+03	3.069919e+06	1.350000e+03	3.056616e+06	1.350000e+03	3.081073e+06	1.350000e+03	3.092202e+06	1.350000e+03	3.072985e+06	1.350000e+03	3.079978e+06	1.350000e+03	3.084372e+06	1.350000e+03	3.105804e+06	1.350000e+03	3.060417e+06	1.350000e+03	3.089068e+06	1.350000e+03	3.095142e+06	1.350000e+03	3.111575e+06	1.350000e+03	3.099761e+06	1.350000e+03	3.105783e+06	1.350000e+03	3.112592e+06	1.350000e+03	3.118499e+06	1.350000e+03	3.090057e+06	1.350000e+03	3.087877e+06	1.350000e+03	3.106662e+06	1.350000e+03	3.097893e+06	1.350000e+03	3.109927e+06	1.350000e+03	3.099208e+06	1.350000e+03	3.094322e+06	1.350000e+03	3.113133e+06	1.350000e+03	3.129997e+06	1.350000e+03	3.096245e+06	1.350000e+03	3.103621e+06	1.350000e+03	3.126670e+06	1.350000e+03	3.125272e+06	1.350000e+03	3.112087e+06	1.350000e+03	3.123960e+06	1.350000e+03	3.115126e+06	1.350000e+03	3.109244e+06	1.350000e+03	3.127454e+06	1.350000e+03	3.115194e+06	1.350000e+03	3.097641e+06	1.350000e+03	3.138931e+06	1.350000e+03	3.150552e+06	1.350000e+03	3.138113e+06	1.350000e+03	3.131260e+06	1.350000e+03	3.111175e+06	1.350000e+03	3.105975e+06	1.350000e+03	3.122213e+06	1.350000e+03	3.108738e+06	1.350000e+03	3.131357e+06	1.350000e+03	3.140476e+06	1.350000e+03	3.134212e+06	1.350000e+03	3.135183e+06	1.350000e+03	3.149609e+06	1.350000e+03	3.138666e+06	1.350000e+03	3.136244e+06	1.350000e+03	3.126995e+06	1.350000e+03	3.149098e+06	1.350000e+03	3.114489e+06	1.350000e+03	3.090113e+06	1.350000e+03	3.106164e+06	1.350000e+03	3.112437e+06	1.350000e+03	3.115792e+06	1.350000e+03	3.114391e+06	1.350000e+03	3.124591e+06	1.350000e+03	3.121334e+06	1.350000e+03	3.096229e+06	1.350000e+03	3.102524e+06	1.350000e+03	3.115884e+06	1.350000e+03	3.114574e+06	1.350000e+03	3.141702e+06	1.350000e+03	3.116252e+06	1.350000e+03	3.112435e+06	1.350000e+03	3.112528e+06	1.350000e+03	3.133768e+06	1.350000e+03	3.118486e+06	1.350000e+03	3.112724e+06	1.350000e+03	3.104689e+06	1.350000e+03	3.118018e+06	1.350000e+03	3.130043e+06	1.350000e+03	3.104190e+06	1.350000e+03	3.113194e+06	1.350000e+03	3.120566e+06	1.350000e+03	3.128767e+06	1.350000e+03	3.129948e+06	1.350000e+03	3.116081e+06	1.350000e+03	3.144437e+06	1.350000e+03	3.130554e+06	1.350000e+03	3.126992e+06	1.350000e+03	3.133842e+06	1.350000e+03	3.124831e+06	1.350000e+03	3.125604e+06	1.350000e+03	3.136601e+06	1.350000e+03	3.112345e+06	1.350000e+03	3.118444e+06	1.350000e+03	3.145338e+06	1.350000e+03	3.144059e+06	1.350000e+03	3.143585e+06	1.350000e+03	3.130075e+06	1.350000e+03	3.139787e+06	1.350000e+03	3.143574e+06	1.350000e+03	3.153877e+06	1.350000e+03	3.116403e+06	1.350000e+03	3.152247e+06	1.350000e+03	3.132642e+06	1.350000e+03	3.126271e+06	1.350000e+03	3.138622e+06	1.350000e+03	3.167256e+06	1.350000e+03	3.149641e+06	1.350000e+03	3.170777e+06	1.350000e+03	3.152564e+06	1.350000e+03	3.149918e+06	1.350000e+03	3.153372e+06	1.350000e+03	3.158863e+06	1.350000e+03	3.148736e+06	1.350000e+03	3.159971e+06	1.350000e+03	3.154016e+06	1.350000e+03	3.157873e+06	1.350000e+03	3.137164e+06	1.350000e+03	3.155932e+06	1.350000e+03	3.157888e+06	1.350000e+03	3.173827e+06	1.350000e+03	3.161332e+06	1.350000e+03	3.167208e+06	1.350000e+03	3.152326e+06	1.350000e+03	3.163796e+06	1.350000e+03	3.158707e+06	1.350000e+03	3.150734e+06	1.350000e+03	3.169013e+06	1.350000e+03	3.148014e+06	1.350000e+03	3.178266e+06	1.350000e+03	3.177098e+06	1.350000e+03	3.174450e+06	1.350000e+03	3.181857e+06	1.350000e+03	3.163523e+06	1.350000e+03	3.155467e+06	1.350000e+03	3.136904e+06	1.350000e+03	3.151756e+06	1.350000e+03	3.143253e+06	1.350000e+03	3.174820e+06	1.350000e+03	3.161039e+06	1.350000e+03	3.152215e+06	1.350000e+03	3.153801e+06	1.350000e+03	3.160050e+06	1.350000e+03	3.148938e+06	1.350000e+03	3.148421e+06	1.350000e+03	3.154467e+06	1.350000e+03	3.153246e+06	1.350000e+03	3.160936e+06	1.350000e+03	3.152236e+06	1.350000e+03	3.155228e+06	1.350000e+03	3.152196e+06	1.350000e+03	3.142698e+06	1.350000e+03	3.168515e+06	1.350000e+03	3.160585e+06	1.350000e+03	3.148226e+06	1.350000e+03	3.150079e+06	1.350000e+03	3.154929e+06	1.350000e+03	3.143460e+06	1.350000e+03	3.169064e+06	1.350000e+03	3.150235e+06	1.350000e+03	3.165927e+06	1.350000e+03	3.155960e+06	1.350000e+03	3.174910e+06	1.350000e+03	3.144425e+06	1.350000e+03	3.148962e+06	1.350000e+03	3.161269e+06	1.350000e+03	3.164706e+06	1.350000e+03	3.154075e+06	1.350000e+03	3.154249e+06	1.350000e+03	3.164422e+06	1.350000e+03	3.156311e+06	1.350000e+03	3.146699e+06	1.350000e+03	3.150919e+06	1.350000e+03	3.160199e+06	1.350000e+03	3.150114e+06	1.350000e+03	3.155103e+06	1.350000e+03	3.159406e+06	1.350000e+03	3.154531e+06	1.350000e+03	3.158892e+06	1.350000e+03	3.144870e+06	1.350000e+03	3.189494e+06	1.350000e+03	3.190563e+06	1.350000e+03	3.150129e+06	1.350000e+03	3.147658e+06	1.350000e+03	3.164720e+06	1.350000e+03	3.155662e+06	1.350000e+03	3.164870e+06	1.350000e+03	3.142045e+06	1.350000e+03	3.156932e+06	1.350000e+03	3.143114e+06	1.350000e+03	3.164380e+06	1.350000e+03	3.174871e+06	1.350000e+03	3.146569e+06	1.350000e+03	3.162927e+06	1.350000e+03	3.177275e+06	1.350000e+03	3.180482e+06	1.350000e+03	3.169843e+06	1.350000e+03	3.170643e+06	1.350000e+03	3.166497e+06	1.350000e+03	3.149551e+06	1.350000e+03	3.164502e+06	1.350000e+03	3.169796e+06	1.350000e+03	3.181837e+06	1.350000e+03	3.187032e+06	1.350000e+03	3.167257e+06	1.350000e+03	3.192879e+06	1.350000e+03	3.177173e+06	1.350000e+03	3.172756e+06	1.350000e+03	3.173653e+06	1.350000e+03	3.168878e+06	1.350000e+03	3.180079e+06	1.350000e+03	3.169034e+06	1.350000e+03	3.168572e+06	1.350000e+03	3.171602e+06	1.350000e+03	3.163397e+06	1.350000e+03	3.172768e+06	1.350000e+03	3.180482e+06	1.350000e+03	3.160158e+06	1.350000e+03	3.167941e+06	1.350000e+03	3.180170e+06	1.350000e+03	3.192055e+06	1.350000e+03	3.175878e+06	1.350000e+03	3.177752e+06	1.350000e+03	3.172551e+06	1.350000e+03	3.202446e+06	1.350000e+03	3.172348e+06	1.350000e+03	3.157940e+06	1.350000e+03	3.197126e+06	1.350000e+03	3.201134e+06	1.350000e+03	3.198079e+06	1.350000e+03	3.199353e+06	1.350000e+03	3.194417e+06	1.350000e+03	3.184869e+06	1.350000e+03	3.187892e+06	1.350000e+03	3.189490e+06	1.350000e+03	3.194637e+06	1.350000e+03	3.169667e+06	1.350000e+03	3.181891e+06	1.350000e+03	3.186910e+06	1.350000e+03	3.206953e+06	1.350000e+03	3.177438e+06	1.350000e+03	3.200786e+06	1.350000e+03	3.194381e+06	1.350000e+03	3.196979e+06	1.350000e+03	3.187948e+06	1.350000e+03	3.204801e+06	1.350000e+03	3.177914e+06	1.350000e+03	3.201584e+06	1.350000e+03	3.174285e+06	1.350000e+03	3.193428e+06	1.350000e+03	3.201294e+06	1.350000e+03	3.167258e+06	1.350000e+03	3.182226e+06	1.350000e+03	3.183614e+06	1.350000e+03	3.198302e+06
1.355000e+03	3.108215e+06	1.355000e+03	3.097428e+06	1.355000e+03	3.066200e+06	1.355000e+03	3.074308e+06	1.355000e+03	3.059398e+06	1.355000e+03	3.048161e+06	1.355000e+03	3.041127e+06	1.355000e+03	3.027922e+06	1.355000e+03	3.058114e+06	1.355000e+03	3.039493e+06	1.355000e+03	3.026057e+06	1.355000e+03	3.032373e+06	1.355000e+03	3.025536e+06	1.355000e+03	3.033932e+06	1.355000e+03	3.025129e+06	1.355000e+03	3.011740e+06	1.355000e+03	3.037566e+06	1.355000e+03	3.047941e+06	1.355000e+03	3.024170e+06	1.355000e+03	3.023767e+06	1.355000e+03	3.027207e+06	1.355000e+03	3.017427e+06	1.355000e+03	3.027821e+06	1.355000e+03	3.008019e+06	1.355000e+03	3.015593e+06	1.355000e+03	3.006865e+06	1.355000e+03	3.020961e+06	1.355000e+03	3.015351e+06	1.355000e+03	3.012820e+06	1.355000e+03	3.036220e+06	1.355000e+03	3.017802e+06	1.355000e+03	3.029588e+06	1.355000e+03	3.013079e+06	1.355000e+03	3.026944e+06	1.355000e+03	3.035263e+06	1.355000e+03	3.026814e+06	1.355000e+03	3.040714e+06	1.355000e+03	3.043779e+06	1.355000e+03	3.020187e+06	1.355000e+03	3.033681e+06	1.355000e+03	3.041825e+06	1.355000e+03	3.049965e+06	1.355000e+03	3.038151e+06	1.355000e+03	3.044579e+06	1.355000e+03	3.048476e+06	1.355000e+03	3.060246e+06	1.355000e+03	3.052074e+06	1.355000e+03	3.068842e+06	1.355000e+03	3.067903e+06	1.355000e+03	3.056922e+06	1.355000e+03	3.061612e+06	1.355000e+03	3.074895e+06	1.355000e+03	3.081389e+06	1.355000e+03	3.075882e+06	1.355000e+03	3.064660e+06	1.355000e+03	3.078928e+06	1.355000e+03	3.086042e+06	1.355000e+03	3.073544e+06	1.355000e+03	3.073442e+06	1.355000e+03	3.096898e+06	1.355000e+03	3.086475e+06	1.355000e+03	3.085760e+06	1.355000e+03	3.078660e+06	1.355000e+03	3.069496e+06	1.355000e+03	3.059913e+06	1.355000e+03	3.082817e+06	1.355000e+03	3.093631e+06	1.355000e+03	3.074538e+06	1.355000e+03	3.083382e+06	1.355000e+03	3.085306e+06	1.355000e+03	3.110298e+06	1.355000e+03	3.061214e+06	1.355000e+03	3.088829e+06	1.355000e+03	3.099838e+06	1.355000e+03	3.120758e+06	1.355000e+03	3.100948e+06	1.355000e+03	3.119154e+06	1.355000e+03	3.109655e+06	1.355000e+03	3.115761e+06	1.355000e+03	3.089630e+06	1.355000e+03	3.098813e+06	1.355000e+03	3.106311e+06	1.355000e+03	3.096508e+06	1.355000e+03	3.113895e+06	1.355000e+03	3.100058e+06	1.355000e+03	3.098509e+06	1.355000e+03	3.114312e+06	1.355000e+03	3.133286e+06	1.355000e+03	3.101269e+06	1.355000e+03	3.103469e+06	1.355000e+03	3.123338e+06	1.355000e+03	3.131700e+06	1.355000e+03	3.110141e+06	1.355000e+03	3.122587e+06	1.355000e+03	3.119829e+06	1.355000e+03	3.119362e+06	1.355000e+03	3.126349e+06	1.355000e+03	3.110665e+06	1.355000e+03	3.101188e+06	1.355000e+03	3.142097e+06	1.355000e+03	3.168784e+06	1.355000e+03	3.139421e+06	1.355000e+03	3.131023e+06	1.355000e+03	3.115743e+06	1.355000e+03	3.107854e+06	1.355000e+03	3.113034e+06	1.355000e+03	3.104168e+06	1.355000e+03	3.142488e+06	1.355000e+03	3.143473e+06	1.355000e+03	3.127999e+06	1.355000e+03	3.129644e+06	1.355000e+03	3.149108e+06	1.355000e+03	3.138330e+06	1.355000e+03	3.131565e+06	1.355000e+03	3.120707e+06	1.355000e+03	3.151841e+06	1.355000e+03	3.119012e+06	1.355000e+03	3.087109e+06	1.355000e+03	3.102525e+06	1.355000e+03	3.111707e+06	1.355000e+03	3.117972e+06	1.355000e+03	3.113403e+06	1.355000e+03	3.127331e+06	1.355000e+03	3.123901e+06	1.355000e+03	3.102785e+06	1.355000e+03	3.100008e+06	1.355000e+03	3.114739e+06	1.355000e+03	3.114160e+06	1.355000e+03	3.146713e+06	1.355000e+03	3.117406e+06	1.355000e+03	3.112466e+06	1.355000e+03	3.119887e+06	1.355000e+03	3.129274e+06	1.355000e+03	3.118731e+06	1.355000e+03	3.125246e+06	1.355000e+03	3.104057e+06	1.355000e+03	3.123499e+06	1.355000e+03	3.131197e+06	1.355000e+03	3.122759e+06	1.355000e+03	3.116390e+06	1.355000e+03	3.117813e+06	1.355000e+03	3.137527e+06	1.355000e+03	3.135974e+06	1.355000e+03	3.117895e+06	1.355000e+03	3.128551e+06	1.355000e+03	3.130197e+06	1.355000e+03	3.128530e+06	1.355000e+03	3.133334e+06	1.355000e+03	3.124145e+06	1.355000e+03	3.129671e+06	1.355000e+03	3.126328e+06	1.355000e+03	3.107478e+06	1.355000e+03	3.124739e+06	1.355000e+03	3.138750e+06	1.355000e+03	3.146684e+06	1.355000e+03	3.138904e+06	1.355000e+03	3.125952e+06	1.355000e+03	3.145147e+06	1.355000e+03	3.147235e+06	1.355000e+03	3.150686e+06	1.355000e+03	3.119327e+06	1.355000e+03	3.135900e+06	1.355000e+03	3.136033e+06	1.355000e+03	3.135919e+06	1.355000e+03	3.135345e+06	1.355000e+03	3.163319e+06	1.355000e+03	3.173541e+06	1.355000e+03	3.163899e+06	1.355000e+03	3.153402e+06	1.355000e+03	3.156324e+06	1.355000e+03	3.148399e+06	1.355000e+03	3.159239e+06	1.355000e+03	3.147663e+06	1.355000e+03	3.159483e+06	1.355000e+03	3.152036e+06	1.355000e+03	3.155637e+06	1.355000e+03	3.137210e+06	1.355000e+03	3.159092e+06	1.355000e+03	3.156512e+06	1.355000e+03	3.171983e+06	1.355000e+03	3.160733e+06	1.355000e+03	3.160345e+06	1.355000e+03	3.152684e+06	1.355000e+03	3.162918e+06	1.355000e+03	3.153725e+06	1.355000e+03	3.151656e+06	1.355000e+03	3.165322e+06	1.355000e+03	3.154094e+06	1.355000e+03	3.176858e+06	1.355000e+03	3.187293e+06	1.355000e+03	3.176261e+06	1.355000e+03	3.175951e+06	1.355000e+03	3.163131e+06	1.355000e+03	3.143558e+06	1.355000e+03	3.145834e+06	1.355000e+03	3.151898e+06	1.355000e+03	3.148833e+06	1.355000e+03	3.179047e+06	1.355000e+03	3.166901e+06	1.355000e+03	3.153481e+06	1.355000e+03	3.157667e+06	1.355000e+03	3.164073e+06	1.355000e+03	3.148179e+06	1.355000e+03	3.147403e+06	1.355000e+03	3.167079e+06	1.355000e+03	3.155482e+06	1.355000e+03	3.162183e+06	1.355000e+03	3.150076e+06	1.355000e+03	3.153904e+06	1.355000e+03	3.155645e+06	1.355000e+03	3.146285e+06	1.355000e+03	3.174007e+06	1.355000e+03	3.155533e+06	1.355000e+03	3.152475e+06	1.355000e+03	3.149364e+06	1.355000e+03	3.164173e+06	1.355000e+03	3.144027e+06	1.355000e+03	3.157228e+06	1.355000e+03	3.153607e+06	1.355000e+03	3.164151e+06	1.355000e+03	3.161571e+06	1.355000e+03	3.171840e+06	1.355000e+03	3.145200e+06	1.355000e+03	3.156656e+06	1.355000e+03	3.161954e+06	1.355000e+03	3.172381e+06	1.355000e+03	3.147996e+06	1.355000e+03	3.159310e+06	1.355000e+03	3.168444e+06	1.355000e+03	3.158489e+06	1.355000e+03	3.144936e+06	1.355000e+03	3.142562e+06	1.355000e+03	3.160075e+06	1.355000e+03	3.148609e+06	1.355000e+03	3.157662e+06	1.355000e+03	3.160734e+06	1.355000e+03	3.162696e+06	1.355000e+03	3.164187e+06	1.355000e+03	3.148287e+06	1.355000e+03	3.181340e+06	1.355000e+03	3.179760e+06	1.355000e+03	3.150183e+06	1.355000e+03	3.144412e+06	1.355000e+03	3.166571e+06	1.355000e+03	3.155307e+06	1.355000e+03	3.162141e+06	1.355000e+03	3.145719e+06	1.355000e+03	3.160152e+06	1.355000e+03	3.141582e+06	1.355000e+03	3.163371e+06	1.355000e+03	3.173714e+06	1.355000e+03	3.155679e+06	1.355000e+03	3.168215e+06	1.355000e+03	3.169268e+06	1.355000e+03	3.173932e+06	1.355000e+03	3.164204e+06	1.355000e+03	3.167804e+06	1.355000e+03	3.166828e+06	1.355000e+03	3.147343e+06	1.355000e+03	3.168127e+06	1.355000e+03	3.170475e+06	1.355000e+03	3.188358e+06	1.355000e+03	3.188770e+06	1.355000e+03	3.173540e+06	1.355000e+03	3.185243e+06	1.355000e+03	3.189234e+06	1.355000e+03	3.173092e+06	1.355000e+03	3.172791e+06	1.355000e+03	3.172717e+06	1.355000e+03	3.177703e+06	1.355000e+03	3.168142e+06	1.355000e+03	3.179831e+06	1.355000e+03	3.169706e+06	1.355000e+03	3.162454e+06	1.355000e+03	3.179733e+06	1.355000e+03	3.178109e+06	1.355000e+03	3.162530e+06	1.355000e+03	3.170947e+06	1.355000e+03	3.177628e+06	1.355000e+03	3.193582e+06	1.355000e+03	3.171409e+06	1.355000e+03	3.177738e+06	1.355000e+03	3.172100e+06	1.355000e+03	3.204108e+06	1.355000e+03	3.182736e+06	1.355000e+03	3.159934e+06	1.355000e+03	3.194151e+06	1.355000e+03	3.204471e+06	1.355000e+03	3.201108e+06	1.355000e+03	3.194186e+06	1.355000e+03	3.202110e+06	1.355000e+03	3.193923e+06	1.355000e+03	3.185173e+06	1.355000e+03	3.185751e+06	1.355000e+03	3.196551e+06	1.355000e+03	3.170697e+06	1.355000e+03	3.181003e+06	1.355000e+03	3.185513e+06	1.355000e+03	3.195455e+06	1.355000e+03	3.186778e+06	1.355000e+03	3.200963e+06	1.355000e+03	3.199023e+06	1.355000e+03	3.189015e+06	1.355000e+03	3.190097e+06	1.355000e+03	3.202520e+06	1.355000e+03	3.181916e+06	1.355000e+03	3.197414e+06	1.355000e+03	3.168637e+06	1.355000e+03	3.186783e+06	1.355000e+03	3.190833e+06	1.355000e+03	3.171906e+06	1.355000e+03	3.180599e+06	1.355000e+03	3.186052e+06	1.355000e+03	3.194235e+06
1.360000e+03	3.110668e+06	1.360000e+03	3.105943e+06	1.360000e+03	3.084368e+06	1.360000e+03	3.069995e+06	1.360000e+03	3.061434e+06	1.360000e+03	3.056314e+06	1.360000e+03	3.051480e+06	1.360000e+03	3.029152e+06	1.360000e+03	3.058039e+06	1.360000e+03	3.056551e+06	1.360000e+03	3.028772e+06	1.360000e+03	3.021033e+06	1.360000e+03	3.009360e+06	1.360000e+03	3.035512e+06	1.360000e+03	3.023936e+06	1.360000e+03	3.011391e+06	1.360000e+03	3.034213e+06	1.360000e+03	3.037165e+06	1.360000e+03	3.013351e+06	1.360000e+03	3.021290e+06	1.360000e+03	3.033950e+06	1.360000e+03	3.025927e+06	1.360000e+03	3.027863e+06	1.360000e+03	2.999889e+06	1.360000e+03	3.013935e+06	1.360000e+03	3.005254e+06	1.360000e+03	3.015126e+06	1.360000e+03	3.019263e+06	1.360000e+03	3.012395e+06	1.360000e+03	3.036034e+06	1.360000e+03	3.018391e+06	1.360000e+03	3.027693e+06	1.360000e+03	3.012622e+06	1.360000e+03	3.028614e+06	1.360000e+03	3.035033e+06	1.360000e+03	3.020781e+06	1.360000e+03	3.045684e+06	1.360000e+03	3.062149e+06	1.360000e+03	3.022918e+06	1.360000e+03	3.034864e+06	1.360000e+03	3.039816e+06	1.360000e+03	3.052925e+06	1.360000e+03	3.033427e+06	1.360000e+03	3.043468e+06	1.360000e+03	3.048445e+06	1.360000e+03	3.061276e+06	1.360000e+03	3.053780e+06	1.360000e+03	3.070576e+06	1.360000e+03	3.071408e+06	1.360000e+03	3.053632e+06	1.360000e+03	3.067796e+06	1.360000e+03	3.072143e+06	1.360000e+03	3.074724e+06	1.360000e+03	3.075567e+06	1.360000e+03	3.065845e+06	1.360000e+03	3.084350e+06	1.360000e+03	3.079816e+06	1.360000e+03	3.078218e+06	1.360000e+03	3.070618e+06	1.360000e+03	3.091697e+06	1.360000e+03	3.088124e+06	1.360000e+03	3.083851e+06	1.360000e+03	3.072518e+06	1.360000e+03	3.064554e+06	1.360000e+03	3.055252e+06	1.360000e+03	3.079446e+06	1.360000e+03	3.089958e+06	1.360000e+03	3.070101e+06	1.360000e+03	3.087874e+06	1.360000e+03	3.092167e+06	1.360000e+03	3.106907e+06	1.360000e+03	3.078734e+06	1.360000e+03	3.095406e+06	1.360000e+03	3.096268e+06	1.360000e+03	3.103807e+06	1.360000e+03	3.103122e+06	1.360000e+03	3.116589e+06	1.360000e+03	3.104637e+06	1.360000e+03	3.110045e+06	1.360000e+03	3.096733e+06	1.360000e+03	3.109109e+06	1.360000e+03	3.103899e+06	1.360000e+03	3.108390e+06	1.360000e+03	3.110497e+06	1.360000e+03	3.099697e+06	1.360000e+03	3.093591e+06	1.360000e+03	3.114949e+06	1.360000e+03	3.124278e+06	1.360000e+03	3.105577e+06	1.360000e+03	3.096388e+06	1.360000e+03	3.126476e+06	1.360000e+03	3.130701e+06	1.360000e+03	3.113860e+06	1.360000e+03	3.134793e+06	1.360000e+03	3.122827e+06	1.360000e+03	3.114758e+06	1.360000e+03	3.128539e+06	1.360000e+03	3.113060e+06	1.360000e+03	3.101012e+06	1.360000e+03	3.138279e+06	1.360000e+03	3.156788e+06	1.360000e+03	3.131422e+06	1.360000e+03	3.124612e+06	1.360000e+03	3.122228e+06	1.360000e+03	3.113859e+06	1.360000e+03	3.107876e+06	1.360000e+03	3.110194e+06	1.360000e+03	3.146291e+06	1.360000e+03	3.142105e+06	1.360000e+03	3.118093e+06	1.360000e+03	3.124653e+06	1.360000e+03	3.144572e+06	1.360000e+03	3.123030e+06	1.360000e+03	3.124866e+06	1.360000e+03	3.119156e+06	1.360000e+03	3.153654e+06	1.360000e+03	3.121508e+06	1.360000e+03	3.090828e+06	1.360000e+03	3.100553e+06	1.360000e+03	3.113657e+06	1.360000e+03	3.117004e+06	1.360000e+03	3.116174e+06	1.360000e+03	3.122707e+06	1.360000e+03	3.121408e+06	1.360000e+03	3.115734e+06	1.360000e+03	3.107818e+06	1.360000e+03	3.113081e+06	1.360000e+03	3.115485e+06	1.360000e+03	3.144351e+06	1.360000e+03	3.120628e+06	1.360000e+03	3.112282e+06	1.360000e+03	3.117941e+06	1.360000e+03	3.108283e+06	1.360000e+03	3.123064e+06	1.360000e+03	3.131334e+06	1.360000e+03	3.104253e+06	1.360000e+03	3.128432e+06	1.360000e+03	3.136613e+06	1.360000e+03	3.117840e+06	1.360000e+03	3.117481e+06	1.360000e+03	3.112044e+06	1.360000e+03	3.138283e+06	1.360000e+03	3.134734e+06	1.360000e+03	3.120012e+06	1.360000e+03	3.122356e+06	1.360000e+03	3.124565e+06	1.360000e+03	3.129227e+06	1.360000e+03	3.137038e+06	1.360000e+03	3.126109e+06	1.360000e+03	3.137114e+06	1.360000e+03	3.138872e+06	1.360000e+03	3.108953e+06	1.360000e+03	3.125042e+06	1.360000e+03	3.131748e+06	1.360000e+03	3.138689e+06	1.360000e+03	3.137823e+06	1.360000e+03	3.130258e+06	1.360000e+03	3.142076e+06	1.360000e+03	3.142146e+06	1.360000e+03	3.146932e+06	1.360000e+03	3.125779e+06	1.360000e+03	3.142542e+06	1.360000e+03	3.138978e+06	1.360000e+03	3.143780e+06	1.360000e+03	3.136282e+06	1.360000e+03	3.144768e+06	1.360000e+03	3.163665e+06	1.360000e+03	3.166771e+06	1.360000e+03	3.149957e+06	1.360000e+03	3.151634e+06	1.360000e+03	3.148096e+06	1.360000e+03	3.161437e+06	1.360000e+03	3.146720e+06	1.360000e+03	3.153334e+06	1.360000e+03	3.155145e+06	1.360000e+03	3.161705e+06	1.360000e+03	3.137417e+06	1.360000e+03	3.157460e+06	1.360000e+03	3.157319e+06	1.360000e+03	3.169965e+06	1.360000e+03	3.154681e+06	1.360000e+03	3.155270e+06	1.360000e+03	3.160528e+06	1.360000e+03	3.161709e+06	1.360000e+03	3.155158e+06	1.360000e+03	3.151855e+06	1.360000e+03	3.170545e+06	1.360000e+03	3.156756e+06	1.360000e+03	3.177502e+06	1.360000e+03	3.180525e+06	1.360000e+03	3.161667e+06	1.360000e+03	3.174610e+06	1.360000e+03	3.161285e+06	1.360000e+03	3.142842e+06	1.360000e+03	3.142341e+06	1.360000e+03	3.150113e+06	1.360000e+03	3.147111e+06	1.360000e+03	3.160138e+06	1.360000e+03	3.167711e+06	1.360000e+03	3.153717e+06	1.360000e+03	3.158650e+06	1.360000e+03	3.164323e+06	1.360000e+03	3.144241e+06	1.360000e+03	3.138374e+06	1.360000e+03	3.149640e+06	1.360000e+03	3.147206e+06	1.360000e+03	3.160513e+06	1.360000e+03	3.155211e+06	1.360000e+03	3.147947e+06	1.360000e+03	3.160362e+06	1.360000e+03	3.138960e+06	1.360000e+03	3.176459e+06	1.360000e+03	3.144947e+06	1.360000e+03	3.148097e+06	1.360000e+03	3.152347e+06	1.360000e+03	3.165127e+06	1.360000e+03	3.150721e+06	1.360000e+03	3.161781e+06	1.360000e+03	3.152010e+06	1.360000e+03	3.167568e+06	1.360000e+03	3.159652e+06	1.360000e+03	3.176850e+06	1.360000e+03	3.147601e+06	1.360000e+03	3.158740e+06	1.360000e+03	3.158822e+06	1.360000e+03	3.169418e+06	1.360000e+03	3.145209e+06	1.360000e+03	3.159859e+06	1.360000e+03	3.161575e+06	1.360000e+03	3.159008e+06	1.360000e+03	3.146121e+06	1.360000e+03	3.143301e+06	1.360000e+03	3.165785e+06	1.360000e+03	3.157707e+06	1.360000e+03	3.157880e+06	1.360000e+03	3.160522e+06	1.360000e+03	3.169085e+06	1.360000e+03	3.165975e+06	1.360000e+03	3.156232e+06	1.360000e+03	3.184874e+06	1.360000e+03	3.167701e+06	1.360000e+03	3.149743e+06	1.360000e+03	3.145574e+06	1.360000e+03	3.164471e+06	1.360000e+03	3.159564e+06	1.360000e+03	3.161022e+06	1.360000e+03	3.146799e+06	1.360000e+03	3.157299e+06	1.360000e+03	3.140578e+06	1.360000e+03	3.159217e+06	1.360000e+03	3.166283e+06	1.360000e+03	3.151992e+06	1.360000e+03	3.160411e+06	1.360000e+03	3.172081e+06	1.360000e+03	3.174103e+06	1.360000e+03	3.172232e+06	1.360000e+03	3.167281e+06	1.360000e+03	3.168179e+06	1.360000e+03	3.162476e+06	1.360000e+03	3.165921e+06	1.360000e+03	3.177263e+06	1.360000e+03	3.208924e+06	1.360000e+03	3.176122e+06	1.360000e+03	3.171968e+06	1.360000e+03	3.190122e+06	1.360000e+03	3.178414e+06	1.360000e+03	3.176949e+06	1.360000e+03	3.175138e+06	1.360000e+03	3.178563e+06	1.360000e+03	3.181662e+06	1.360000e+03	3.166454e+06	1.360000e+03	3.180718e+06	1.360000e+03	3.173322e+06	1.360000e+03	3.168596e+06	1.360000e+03	3.168462e+06	1.360000e+03	3.184282e+06	1.360000e+03	3.174600e+06	1.360000e+03	3.177614e+06	1.360000e+03	3.176053e+06	1.360000e+03	3.194120e+06	1.360000e+03	3.171420e+06	1.360000e+03	3.180654e+06	1.360000e+03	3.175467e+06	1.360000e+03	3.196834e+06	1.360000e+03	3.186543e+06	1.360000e+03	3.160394e+06	1.360000e+03	3.195149e+06	1.360000e+03	3.206865e+06	1.360000e+03	3.201649e+06	1.360000e+03	3.193463e+06	1.360000e+03	3.190591e+06	1.360000e+03	3.190757e+06	1.360000e+03	3.189227e+06	1.360000e+03	3.188600e+06	1.360000e+03	3.188253e+06	1.360000e+03	3.175747e+06	1.360000e+03	3.180896e+06	1.360000e+03	3.187136e+06	1.360000e+03	3.197755e+06	1.360000e+03	3.183547e+06	1.360000e+03	3.201685e+06	1.360000e+03	3.195496e+06	1.360000e+03	3.190187e+06	1.360000e+03	3.190103e+06	1.360000e+03	3.188905e+06	1.360000e+03	3.187329e+06	1.360000e+03	3.194641e+06	1.360000e+03	3.169862e+06	1.360000e+03	3.187325e+06	1.360000e+03	3.195283e+06	1.360000e+03	3.169336e+06	1.360000e+03	3.188438e+06	1.360000e+03	3.194296e+06	1.360000e+03	3.191734e+06
1.365000e+03	3.121750e+06	1.365000e+03	3.107755e+06	1.365000e+03	3.084314e+06	1.365000e+03	3.066283e+06	1.365000e+03	3.062442e+06	1.365000e+03	3.049726e+06	1.365000e+03	3.056557e+06	1.365000e+03	3.029068e+06	1.365000e+03	3.058987e+06	1.365000e+03	3.062378e+06	1.365000e+03	3.030502e+06	1.365000e+03	3.027145e+06	1.365000e+03	3.014234e+06	1.365000e+03	3.036818e+06	1.365000e+03	3.025708e+06	1.365000e+03	3.010903e+06	1.365000e+03	3.035261e+06	1.365000e+03	3.045158e+06	1.365000e+03	3.024415e+06	1.365000e+03	3.029551e+06	1.365000e+03	3.029712e+06	1.365000e+03	3.030808e+06	1.365000e+03	3.025994e+06	1.365000e+03	3.008621e+06	1.365000e+03	3.012852e+06	1.365000e+03	3.005716e+06	1.365000e+03	3.025045e+06	1.365000e+03	3.012891e+06	1.365000e+03	3.019487e+06	1.365000e+03	3.036039e+06	1.365000e+03	3.009507e+06	1.365000e+03	3.028761e+06	1.365000e+03	3.010104e+06	1.365000e+03	3.034390e+06	1.365000e+03	3.036433e+06	1.365000e+03	3.021897e+06	1.365000e+03	3.047355e+06	1.365000e+03	3.056365e+06	1.365000e+03	3.026387e+06	1.365000e+03	3.043232e+06	1.365000e+03	3.037413e+06	1.365000e+03	3.054317e+06	1.365000e+03	3.034430e+06	1.365000e+03	3.049427e+06	1.365000e+03	3.047700e+06	1.365000e+03	3.051960e+06	1.365000e+03	3.054700e+06	1.365000e+03	3.071893e+06	1.365000e+03	3.068280e+06	1.365000e+03	3.056021e+06	1.365000e+03	3.072199e+06	1.365000e+03	3.063505e+06	1.365000e+03	3.067342e+06	1.365000e+03	3.089565e+06	1.365000e+03	3.067968e+06	1.365000e+03	3.070986e+06	1.365000e+03	3.079452e+06	1.365000e+03	3.080258e+06	1.365000e+03	3.069449e+06	1.365000e+03	3.095197e+06	1.365000e+03	3.089686e+06	1.365000e+03	3.082954e+06	1.365000e+03	3.075231e+06	1.365000e+03	3.070381e+06	1.365000e+03	3.056924e+06	1.365000e+03	3.088319e+06	1.365000e+03	3.087196e+06	1.365000e+03	3.070345e+06	1.365000e+03	3.086786e+06	1.365000e+03	3.088986e+06	1.365000e+03	3.103482e+06	1.365000e+03	3.081371e+06	1.365000e+03	3.098418e+06	1.365000e+03	3.099773e+06	1.365000e+03	3.113580e+06	1.365000e+03	3.102964e+06	1.365000e+03	3.119209e+06	1.365000e+03	3.104152e+06	1.365000e+03	3.110297e+06	1.365000e+03	3.099792e+06	1.365000e+03	3.093209e+06	1.365000e+03	3.102782e+06	1.365000e+03	3.102458e+06	1.365000e+03	3.110546e+06	1.365000e+03	3.098198e+06	1.365000e+03	3.095195e+06	1.365000e+03	3.114695e+06	1.365000e+03	3.124516e+06	1.365000e+03	3.103968e+06	1.365000e+03	3.105533e+06	1.365000e+03	3.129515e+06	1.365000e+03	3.116273e+06	1.365000e+03	3.118334e+06	1.365000e+03	3.138107e+06	1.365000e+03	3.118834e+06	1.365000e+03	3.114833e+06	1.365000e+03	3.131825e+06	1.365000e+03	3.107674e+06	1.365000e+03	3.098814e+06	1.365000e+03	3.137689e+06	1.365000e+03	3.164439e+06	1.365000e+03	3.130644e+06	1.365000e+03	3.118748e+06	1.365000e+03	3.115092e+06	1.365000e+03	3.114145e+06	1.365000e+03	3.115574e+06	1.365000e+03	3.107243e+06	1.365000e+03	3.122262e+06	1.365000e+03	3.126672e+06	1.365000e+03	3.123954e+06	1.365000e+03	3.127003e+06	1.365000e+03	3.146748e+06	1.365000e+03	3.123117e+06	1.365000e+03	3.132393e+06	1.365000e+03	3.121790e+06	1.365000e+03	3.158662e+06	1.365000e+03	3.115596e+06	1.365000e+03	3.081534e+06	1.365000e+03	3.095974e+06	1.365000e+03	3.110244e+06	1.365000e+03	3.120911e+06	1.365000e+03	3.115408e+06	1.365000e+03	3.128184e+06	1.365000e+03	3.117915e+06	1.365000e+03	3.132724e+06	1.365000e+03	3.103597e+06	1.365000e+03	3.114538e+06	1.365000e+03	3.113264e+06	1.365000e+03	3.147297e+06	1.365000e+03	3.121277e+06	1.365000e+03	3.107019e+06	1.365000e+03	3.115829e+06	1.365000e+03	3.103058e+06	1.365000e+03	3.118730e+06	1.365000e+03	3.124442e+06	1.365000e+03	3.108757e+06	1.365000e+03	3.130726e+06	1.365000e+03	3.133386e+06	1.365000e+03	3.122720e+06	1.365000e+03	3.120192e+06	1.365000e+03	3.114720e+06	1.365000e+03	3.154780e+06	1.365000e+03	3.133374e+06	1.365000e+03	3.127354e+06	1.365000e+03	3.123536e+06	1.365000e+03	3.129885e+06	1.365000e+03	3.136959e+06	1.365000e+03	3.130924e+06	1.365000e+03	3.123650e+06	1.365000e+03	3.145972e+06	1.365000e+03	3.134055e+06	1.365000e+03	3.110844e+06	1.365000e+03	3.121551e+06	1.365000e+03	3.132918e+06	1.365000e+03	3.136103e+06	1.365000e+03	3.137140e+06	1.365000e+03	3.128691e+06	1.365000e+03	3.144256e+06	1.365000e+03	3.134281e+06	1.365000e+03	3.149124e+06	1.365000e+03	3.121214e+06	1.365000e+03	3.144920e+06	1.365000e+03	3.142193e+06	1.365000e+03	3.131116e+06	1.365000e+03	3.133744e+06	1.365000e+03	3.150408e+06	1.365000e+03	3.163161e+06	1.365000e+03	3.162934e+06	1.365000e+03	3.148536e+06	1.365000e+03	3.151961e+06	1.365000e+03	3.153453e+06	1.365000e+03	3.158452e+06	1.365000e+03	3.149954e+06	1.365000e+03	3.156378e+06	1.365000e+03	3.156708e+06	1.365000e+03	3.167743e+06	1.365000e+03	3.138893e+06	1.365000e+03	3.162595e+06	1.365000e+03	3.155020e+06	1.365000e+03	3.171347e+06	1.365000e+03	3.155833e+06	1.365000e+03	3.156900e+06	1.365000e+03	3.155071e+06	1.365000e+03	3.157514e+06	1.365000e+03	3.157148e+06	1.365000e+03	3.156804e+06	1.365000e+03	3.162165e+06	1.365000e+03	3.166830e+06	1.365000e+03	3.166716e+06	1.365000e+03	3.185503e+06	1.365000e+03	3.168647e+06	1.365000e+03	3.173795e+06	1.365000e+03	3.157422e+06	1.365000e+03	3.143284e+06	1.365000e+03	3.139446e+06	1.365000e+03	3.152493e+06	1.365000e+03	3.150243e+06	1.365000e+03	3.164596e+06	1.365000e+03	3.163187e+06	1.365000e+03	3.150849e+06	1.365000e+03	3.160020e+06	1.365000e+03	3.166484e+06	1.365000e+03	3.143728e+06	1.365000e+03	3.145605e+06	1.365000e+03	3.139634e+06	1.365000e+03	3.148868e+06	1.365000e+03	3.162500e+06	1.365000e+03	3.150075e+06	1.365000e+03	3.141405e+06	1.365000e+03	3.160165e+06	1.365000e+03	3.138656e+06	1.365000e+03	3.178668e+06	1.365000e+03	3.139194e+06	1.365000e+03	3.151272e+06	1.365000e+03	3.152575e+06	1.365000e+03	3.162204e+06	1.365000e+03	3.156111e+06	1.365000e+03	3.160221e+06	1.365000e+03	3.156385e+06	1.365000e+03	3.174607e+06	1.365000e+03	3.162358e+06	1.365000e+03	3.173770e+06	1.365000e+03	3.143162e+06	1.365000e+03	3.162383e+06	1.365000e+03	3.153856e+06	1.365000e+03	3.168147e+06	1.365000e+03	3.154128e+06	1.365000e+03	3.147473e+06	1.365000e+03	3.157942e+06	1.365000e+03	3.156826e+06	1.365000e+03	3.143495e+06	1.365000e+03	3.144977e+06	1.365000e+03	3.164041e+06	1.365000e+03	3.163651e+06	1.365000e+03	3.158311e+06	1.365000e+03	3.158907e+06	1.365000e+03	3.163666e+06	1.365000e+03	3.169055e+06	1.365000e+03	3.161214e+06	1.365000e+03	3.181526e+06	1.365000e+03	3.167406e+06	1.365000e+03	3.158442e+06	1.365000e+03	3.138774e+06	1.365000e+03	3.160857e+06	1.365000e+03	3.156904e+06	1.365000e+03	3.169880e+06	1.365000e+03	3.153068e+06	1.365000e+03	3.159938e+06	1.365000e+03	3.142441e+06	1.365000e+03	3.158968e+06	1.365000e+03	3.165957e+06	1.365000e+03	3.155947e+06	1.365000e+03	3.169196e+06	1.365000e+03	3.174328e+06	1.365000e+03	3.175175e+06	1.365000e+03	3.167099e+06	1.365000e+03	3.175261e+06	1.365000e+03	3.167214e+06	1.365000e+03	3.145723e+06	1.365000e+03	3.170517e+06	1.365000e+03	3.168517e+06	1.365000e+03	3.204931e+06	1.365000e+03	3.178466e+06	1.365000e+03	3.177136e+06	1.365000e+03	3.187161e+06	1.365000e+03	3.183945e+06	1.365000e+03	3.175164e+06	1.365000e+03	3.177799e+06	1.365000e+03	3.176083e+06	1.365000e+03	3.179233e+06	1.365000e+03	3.168420e+06	1.365000e+03	3.174069e+06	1.365000e+03	3.179190e+06	1.365000e+03	3.163997e+06	1.365000e+03	3.163047e+06	1.365000e+03	3.190855e+06	1.365000e+03	3.175598e+06	1.365000e+03	3.179614e+06	1.365000e+03	3.178698e+06	1.365000e+03	3.196557e+06	1.365000e+03	3.174539e+06	1.365000e+03	3.181633e+06	1.365000e+03	3.176640e+06	1.365000e+03	3.178501e+06	1.365000e+03	3.184214e+06	1.365000e+03	3.159576e+06	1.365000e+03	3.199630e+06	1.365000e+03	3.201770e+06	1.365000e+03	3.205898e+06	1.365000e+03	3.197350e+06	1.365000e+03	3.184116e+06	1.365000e+03	3.195691e+06	1.365000e+03	3.179451e+06	1.365000e+03	3.182634e+06	1.365000e+03	3.193323e+06	1.365000e+03	3.176520e+06	1.365000e+03	3.183739e+06	1.365000e+03	3.187314e+06	1.365000e+03	3.203733e+06	1.365000e+03	3.183485e+06	1.365000e+03	3.201516e+06	1.365000e+03	3.194370e+06	1.365000e+03	3.192755e+06	1.365000e+03	3.183700e+06	1.365000e+03	3.188788e+06	1.365000e+03	3.182964e+06	1.365000e+03	3.187275e+06	1.365000e+03	3.172389e+06	1.365000e+03	3.191264e+06	1.365000e+03	3.194864e+06	1.365000e+03	3.177349e+06	1.365000e+03	3.188370e+06	1.365000e+03	3.196364e+06	1.365000e+03	3.194748e+06
1.370000e+03	3.127872e+06	1.370000e+03	3.090282e+06	1.370000e+03	3.092419e+06	1.370000e+03	3.069229e+06	1.370000e+03	3.064884e+06	1.370000e+03	3.044722e+06	1.370000e+03	3.044462e+06	1.370000e+03	3.026707e+06	1.370000e+03	3.065533e+06	1.370000e+03	3.057878e+06	1.370000e+03	3.038355e+06	1.370000e+03	3.029381e+06	1.370000e+03	3.015640e+06	1.370000e+03	3.029468e+06	1.370000e+03	3.031421e+06	1.370000e+03	3.009173e+06	1.370000e+03	3.040892e+06	1.370000e+03	3.040766e+06	1.370000e+03	3.023591e+06	1.370000e+03	3.019878e+06	1.370000e+03	3.028405e+06	1.370000e+03	3.026830e+06	1.370000e+03	3.026431e+06	1.370000e+03	3.006259e+06	1.370000e+03	3.014039e+06	1.370000e+03	3.005098e+06	1.370000e+03	3.019995e+06	1.370000e+03	3.015763e+06	1.370000e+03	3.023779e+06	1.370000e+03	3.038848e+06	1.370000e+03	3.015169e+06	1.370000e+03	3.017463e+06	1.370000e+03	3.020022e+06	1.370000e+03	3.031212e+06	1.370000e+03	3.043888e+06	1.370000e+03	3.021500e+06	1.370000e+03	3.056983e+06	1.370000e+03	3.033506e+06	1.370000e+03	3.020883e+06	1.370000e+03	3.043969e+06	1.370000e+03	3.044308e+06	1.370000e+03	3.052966e+06	1.370000e+03	3.033525e+06	1.370000e+03	3.054808e+06	1.370000e+03	3.042965e+06	1.370000e+03	3.063217e+06	1.370000e+03	3.044474e+06	1.370000e+03	3.069846e+06	1.370000e+03	3.062355e+06	1.370000e+03	3.057709e+06	1.370000e+03	3.075491e+06	1.370000e+03	3.063458e+06	1.370000e+03	3.073667e+06	1.370000e+03	3.086067e+06	1.370000e+03	3.059713e+06	1.370000e+03	3.075189e+06	1.370000e+03	3.081149e+06	1.370000e+03	3.078107e+06	1.370000e+03	3.070500e+06	1.370000e+03	3.085778e+06	1.370000e+03	3.092674e+06	1.370000e+03	3.086841e+06	1.370000e+03	3.069961e+06	1.370000e+03	3.070679e+06	1.370000e+03	3.055367e+06	1.370000e+03	3.078822e+06	1.370000e+03	3.076673e+06	1.370000e+03	3.069725e+06	1.370000e+03	3.087942e+06	1.370000e+03	3.091733e+06	1.370000e+03	3.109637e+06	1.370000e+03	3.081284e+06	1.370000e+03	3.096030e+06	1.370000e+03	3.097920e+06	1.370000e+03	3.102598e+06	1.370000e+03	3.103301e+06	1.370000e+03	3.117633e+06	1.370000e+03	3.101558e+06	1.370000e+03	3.125725e+06	1.370000e+03	3.089586e+06	1.370000e+03	3.088598e+06	1.370000e+03	3.106170e+06	1.370000e+03	3.108031e+06	1.370000e+03	3.106801e+06	1.370000e+03	3.101479e+06	1.370000e+03	3.085841e+06	1.370000e+03	3.116318e+06	1.370000e+03	3.118332e+06	1.370000e+03	3.099518e+06	1.370000e+03	3.119763e+06	1.370000e+03	3.124959e+06	1.370000e+03	3.125745e+06	1.370000e+03	3.119158e+06	1.370000e+03	3.121563e+06	1.370000e+03	3.114863e+06	1.370000e+03	3.115838e+06	1.370000e+03	3.136657e+06	1.370000e+03	3.107645e+06	1.370000e+03	3.093208e+06	1.370000e+03	3.133328e+06	1.370000e+03	3.158040e+06	1.370000e+03	3.134086e+06	1.370000e+03	3.118018e+06	1.370000e+03	3.119789e+06	1.370000e+03	3.107997e+06	1.370000e+03	3.116583e+06	1.370000e+03	3.109999e+06	1.370000e+03	3.121452e+06	1.370000e+03	3.130569e+06	1.370000e+03	3.130673e+06	1.370000e+03	3.137475e+06	1.370000e+03	3.143466e+06	1.370000e+03	3.122166e+06	1.370000e+03	3.135982e+06	1.370000e+03	3.120215e+06	1.370000e+03	3.161757e+06	1.370000e+03	3.117750e+06	1.370000e+03	3.082276e+06	1.370000e+03	3.107880e+06	1.370000e+03	3.108436e+06	1.370000e+03	3.119426e+06	1.370000e+03	3.114930e+06	1.370000e+03	3.133323e+06	1.370000e+03	3.114877e+06	1.370000e+03	3.135155e+06	1.370000e+03	3.103468e+06	1.370000e+03	3.110528e+06	1.370000e+03	3.118681e+06	1.370000e+03	3.139453e+06	1.370000e+03	3.126730e+06	1.370000e+03	3.116676e+06	1.370000e+03	3.127671e+06	1.370000e+03	3.094875e+06	1.370000e+03	3.122176e+06	1.370000e+03	3.124859e+06	1.370000e+03	3.107261e+06	1.370000e+03	3.119767e+06	1.370000e+03	3.134099e+06	1.370000e+03	3.120404e+06	1.370000e+03	3.115381e+06	1.370000e+03	3.111359e+06	1.370000e+03	3.156448e+06	1.370000e+03	3.131461e+06	1.370000e+03	3.128305e+06	1.370000e+03	3.124553e+06	1.370000e+03	3.131638e+06	1.370000e+03	3.135313e+06	1.370000e+03	3.134310e+06	1.370000e+03	3.136920e+06	1.370000e+03	3.134482e+06	1.370000e+03	3.136112e+06	1.370000e+03	3.109737e+06	1.370000e+03	3.126867e+06	1.370000e+03	3.135692e+06	1.370000e+03	3.147141e+06	1.370000e+03	3.144380e+06	1.370000e+03	3.127238e+06	1.370000e+03	3.135982e+06	1.370000e+03	3.141368e+06	1.370000e+03	3.146433e+06	1.370000e+03	3.120114e+06	1.370000e+03	3.145232e+06	1.370000e+03	3.150395e+06	1.370000e+03	3.137413e+06	1.370000e+03	3.134767e+06	1.370000e+03	3.137789e+06	1.370000e+03	3.157890e+06	1.370000e+03	3.158732e+06	1.370000e+03	3.149778e+06	1.370000e+03	3.156454e+06	1.370000e+03	3.156317e+06	1.370000e+03	3.164243e+06	1.370000e+03	3.147753e+06	1.370000e+03	3.155783e+06	1.370000e+03	3.155360e+06	1.370000e+03	3.162452e+06	1.370000e+03	3.141424e+06	1.370000e+03	3.164200e+06	1.370000e+03	3.156483e+06	1.370000e+03	3.168924e+06	1.370000e+03	3.153964e+06	1.370000e+03	3.158819e+06	1.370000e+03	3.155909e+06	1.370000e+03	3.154861e+06	1.370000e+03	3.160211e+06	1.370000e+03	3.153034e+06	1.370000e+03	3.167286e+06	1.370000e+03	3.166659e+06	1.370000e+03	3.164356e+06	1.370000e+03	3.174232e+06	1.370000e+03	3.164775e+06	1.370000e+03	3.176454e+06	1.370000e+03	3.155288e+06	1.370000e+03	3.144826e+06	1.370000e+03	3.139927e+06	1.370000e+03	3.151482e+06	1.370000e+03	3.151616e+06	1.370000e+03	3.168042e+06	1.370000e+03	3.163518e+06	1.370000e+03	3.149587e+06	1.370000e+03	3.152412e+06	1.370000e+03	3.158445e+06	1.370000e+03	3.145374e+06	1.370000e+03	3.146454e+06	1.370000e+03	3.133359e+06	1.370000e+03	3.149887e+06	1.370000e+03	3.160143e+06	1.370000e+03	3.151526e+06	1.370000e+03	3.138306e+06	1.370000e+03	3.162223e+06	1.370000e+03	3.136044e+06	1.370000e+03	3.179065e+06	1.370000e+03	3.150736e+06	1.370000e+03	3.151503e+06	1.370000e+03	3.150242e+06	1.370000e+03	3.174296e+06	1.370000e+03	3.159273e+06	1.370000e+03	3.172514e+06	1.370000e+03	3.157869e+06	1.370000e+03	3.166724e+06	1.370000e+03	3.165779e+06	1.370000e+03	3.177832e+06	1.370000e+03	3.148393e+06	1.370000e+03	3.162054e+06	1.370000e+03	3.162417e+06	1.370000e+03	3.168477e+06	1.370000e+03	3.155834e+06	1.370000e+03	3.160085e+06	1.370000e+03	3.159004e+06	1.370000e+03	3.162231e+06	1.370000e+03	3.143826e+06	1.370000e+03	3.143765e+06	1.370000e+03	3.168599e+06	1.370000e+03	3.156789e+06	1.370000e+03	3.159964e+06	1.370000e+03	3.163694e+06	1.370000e+03	3.159285e+06	1.370000e+03	3.169342e+06	1.370000e+03	3.155026e+06	1.370000e+03	3.179072e+06	1.370000e+03	3.169551e+06	1.370000e+03	3.159538e+06	1.370000e+03	3.151175e+06	1.370000e+03	3.160595e+06	1.370000e+03	3.156500e+06	1.370000e+03	3.175068e+06	1.370000e+03	3.152538e+06	1.370000e+03	3.164436e+06	1.370000e+03	3.144155e+06	1.370000e+03	3.158997e+06	1.370000e+03	3.163961e+06	1.370000e+03	3.156591e+06	1.370000e+03	3.161208e+06	1.370000e+03	3.179600e+06	1.370000e+03	3.173761e+06	1.370000e+03	3.167697e+06	1.370000e+03	3.170362e+06	1.370000e+03	3.161392e+06	1.370000e+03	3.153106e+06	1.370000e+03	3.167623e+06	1.370000e+03	3.169478e+06	1.370000e+03	3.195141e+06	1.370000e+03	3.179995e+06	1.370000e+03	3.173814e+06	1.370000e+03	3.175926e+06	1.370000e+03	3.196945e+06	1.370000e+03	3.172037e+06	1.370000e+03	3.174571e+06	1.370000e+03	3.175559e+06	1.370000e+03	3.175280e+06	1.370000e+03	3.167430e+06	1.370000e+03	3.167526e+06	1.370000e+03	3.179130e+06	1.370000e+03	3.158205e+06	1.370000e+03	3.168635e+06	1.370000e+03	3.187670e+06	1.370000e+03	3.161508e+06	1.370000e+03	3.185007e+06	1.370000e+03	3.178651e+06	1.370000e+03	3.203761e+06	1.370000e+03	3.182279e+06	1.370000e+03	3.187036e+06	1.370000e+03	3.180079e+06	1.370000e+03	3.188598e+06	1.370000e+03	3.178722e+06	1.370000e+03	3.163607e+06	1.370000e+03	3.205623e+06	1.370000e+03	3.198610e+06	1.370000e+03	3.204143e+06	1.370000e+03	3.195772e+06	1.370000e+03	3.178365e+06	1.370000e+03	3.197332e+06	1.370000e+03	3.194010e+06	1.370000e+03	3.182366e+06	1.370000e+03	3.197441e+06	1.370000e+03	3.177612e+06	1.370000e+03	3.189072e+06	1.370000e+03	3.185688e+06	1.370000e+03	3.199739e+06	1.370000e+03	3.181512e+06	1.370000e+03	3.197398e+06	1.370000e+03	3.195685e+06	1.370000e+03	3.201414e+06	1.370000e+03	3.186098e+06	1.370000e+03	3.190521e+06	1.370000e+03	3.178376e+06	1.370000e+03	3.194683e+06	1.370000e+03	3.171136e+06	1.370000e+03	3.187781e+06	1.370000e+03	3.190348e+06	1.370000e+03	3.179873e+06	1.370000e+03	3.186480e+06	1.370000e+03	3.194439e+06	1.370000e+03	3.200875e+06
1.375000e+03	3.122602e+06	1.375000e+03	3.085486e+06	1.375000e+03	3.091131e+06	1.375000e+03	3.070278e+06	1.375000e+03	3.071672e+06	1.375000e+03	3.041896e+06	1.375000e+03	3.041160e+06	1.375000e+03	3.024001e+06	1.375000e+03	3.065503e+06	1.375000e+03	3.054236e+06	1.375000e+03	3.028852e+06	1.375000e+03	3.029949e+06	1.375000e+03	3.010590e+06	1.375000e+03	3.038609e+06	1.375000e+03	3.034295e+06	1.375000e+03	3.018416e+06	1.375000e+03	3.037126e+06	1.375000e+03	3.047370e+06	1.375000e+03	3.007460e+06	1.375000e+03	3.026072e+06	1.375000e+03	3.039737e+06	1.375000e+03	3.027557e+06	1.375000e+03	3.024543e+06	1.375000e+03	3.012138e+06	1.375000e+03	3.014524e+06	1.375000e+03	3.005680e+06	1.375000e+03	3.020043e+06	1.375000e+03	3.004470e+06	1.375000e+03	3.024756e+06	1.375000e+03	3.024090e+06	1.375000e+03	3.017541e+06	1.375000e+03	3.017526e+06	1.375000e+03	3.012227e+06	1.375000e+03	3.031696e+06	1.375000e+03	3.049645e+06	1.375000e+03	3.020386e+06	1.375000e+03	3.048691e+06	1.375000e+03	3.036732e+06	1.375000e+03	3.029610e+06	1.375000e+03	3.046145e+06	1.375000e+03	3.043175e+06	1.375000e+03	3.044100e+06	1.375000e+03	3.032266e+06	1.375000e+03	3.053173e+06	1.375000e+03	3.043780e+06	1.375000e+03	3.060509e+06	1.375000e+03	3.044443e+06	1.375000e+03	3.070088e+06	1.375000e+03	3.058759e+06	1.375000e+03	3.064593e+06	1.375000e+03	3.082239e+06	1.375000e+03	3.067074e+06	1.375000e+03	3.066661e+06	1.375000e+03	3.079493e+06	1.375000e+03	3.065054e+06	1.375000e+03	3.071073e+06	1.375000e+03	3.091917e+06	1.375000e+03	3.078334e+06	1.375000e+03	3.067667e+06	1.375000e+03	3.083386e+06	1.375000e+03	3.095878e+06	1.375000e+03	3.085010e+06	1.375000e+03	3.076088e+06	1.375000e+03	3.067691e+06	1.375000e+03	3.059974e+06	1.375000e+03	3.084703e+06	1.375000e+03	3.081709e+06	1.375000e+03	3.069847e+06	1.375000e+03	3.080611e+06	1.375000e+03	3.089360e+06	1.375000e+03	3.122323e+06	1.375000e+03	3.087473e+06	1.375000e+03	3.098069e+06	1.375000e+03	3.097953e+06	1.375000e+03	3.105692e+06	1.375000e+03	3.108905e+06	1.375000e+03	3.105904e+06	1.375000e+03	3.102752e+06	1.375000e+03	3.122453e+06	1.375000e+03	3.092407e+06	1.375000e+03	3.083856e+06	1.375000e+03	3.107255e+06	1.375000e+03	3.116511e+06	1.375000e+03	3.108569e+06	1.375000e+03	3.098570e+06	1.375000e+03	3.094172e+06	1.375000e+03	3.113529e+06	1.375000e+03	3.121780e+06	1.375000e+03	3.101783e+06	1.375000e+03	3.113736e+06	1.375000e+03	3.124110e+06	1.375000e+03	3.132488e+06	1.375000e+03	3.115695e+06	1.375000e+03	3.119956e+06	1.375000e+03	3.117282e+06	1.375000e+03	3.117741e+06	1.375000e+03	3.136723e+06	1.375000e+03	3.103561e+06	1.375000e+03	3.100474e+06	1.375000e+03	3.136504e+06	1.375000e+03	3.146332e+06	1.375000e+03	3.143127e+06	1.375000e+03	3.125802e+06	1.375000e+03	3.120290e+06	1.375000e+03	3.108382e+06	1.375000e+03	3.115293e+06	1.375000e+03	3.102711e+06	1.375000e+03	3.118118e+06	1.375000e+03	3.127707e+06	1.375000e+03	3.129794e+06	1.375000e+03	3.146710e+06	1.375000e+03	3.145351e+06	1.375000e+03	3.118222e+06	1.375000e+03	3.136348e+06	1.375000e+03	3.124410e+06	1.375000e+03	3.159851e+06	1.375000e+03	3.118421e+06	1.375000e+03	3.092457e+06	1.375000e+03	3.114101e+06	1.375000e+03	3.108001e+06	1.375000e+03	3.130937e+06	1.375000e+03	3.124374e+06	1.375000e+03	3.131187e+06	1.375000e+03	3.114535e+06	1.375000e+03	3.132661e+06	1.375000e+03	3.101991e+06	1.375000e+03	3.111804e+06	1.375000e+03	3.113876e+06	1.375000e+03	3.138696e+06	1.375000e+03	3.125905e+06	1.375000e+03	3.109145e+06	1.375000e+03	3.114811e+06	1.375000e+03	3.101650e+06	1.375000e+03	3.121569e+06	1.375000e+03	3.119848e+06	1.375000e+03	3.101426e+06	1.375000e+03	3.115890e+06	1.375000e+03	3.134662e+06	1.375000e+03	3.114669e+06	1.375000e+03	3.115380e+06	1.375000e+03	3.111897e+06	1.375000e+03	3.136777e+06	1.375000e+03	3.138870e+06	1.375000e+03	3.122283e+06	1.375000e+03	3.122394e+06	1.375000e+03	3.126389e+06	1.375000e+03	3.141517e+06	1.375000e+03	3.131773e+06	1.375000e+03	3.130493e+06	1.375000e+03	3.128681e+06	1.375000e+03	3.134840e+06	1.375000e+03	3.121376e+06	1.375000e+03	3.133096e+06	1.375000e+03	3.132970e+06	1.375000e+03	3.143495e+06	1.375000e+03	3.140708e+06	1.375000e+03	3.127369e+06	1.375000e+03	3.135218e+06	1.375000e+03	3.136324e+06	1.375000e+03	3.170693e+06	1.375000e+03	3.128108e+06	1.375000e+03	3.143361e+06	1.375000e+03	3.141512e+06	1.375000e+03	3.134673e+06	1.375000e+03	3.138210e+06	1.375000e+03	3.144132e+06	1.375000e+03	3.164768e+06	1.375000e+03	3.146553e+06	1.375000e+03	3.154576e+06	1.375000e+03	3.150186e+06	1.375000e+03	3.145130e+06	1.375000e+03	3.167783e+06	1.375000e+03	3.154523e+06	1.375000e+03	3.154766e+06	1.375000e+03	3.159623e+06	1.375000e+03	3.161103e+06	1.375000e+03	3.141982e+06	1.375000e+03	3.162560e+06	1.375000e+03	3.162333e+06	1.375000e+03	3.166500e+06	1.375000e+03	3.155105e+06	1.375000e+03	3.160875e+06	1.375000e+03	3.162097e+06	1.375000e+03	3.157210e+06	1.375000e+03	3.158556e+06	1.375000e+03	3.156879e+06	1.375000e+03	3.170163e+06	1.375000e+03	3.161947e+06	1.375000e+03	3.172394e+06	1.375000e+03	3.167386e+06	1.375000e+03	3.167836e+06	1.375000e+03	3.170424e+06	1.375000e+03	3.156530e+06	1.375000e+03	3.154939e+06	1.375000e+03	3.136369e+06	1.375000e+03	3.150182e+06	1.375000e+03	3.155117e+06	1.375000e+03	3.169156e+06	1.375000e+03	3.167355e+06	1.375000e+03	3.150812e+06	1.375000e+03	3.157950e+06	1.375000e+03	3.163089e+06	1.375000e+03	3.151186e+06	1.375000e+03	3.149538e+06	1.375000e+03	3.146189e+06	1.375000e+03	3.153009e+06	1.375000e+03	3.158232e+06	1.375000e+03	3.148892e+06	1.375000e+03	3.145790e+06	1.375000e+03	3.163011e+06	1.375000e+03	3.138356e+06	1.375000e+03	3.177319e+06	1.375000e+03	3.147448e+06	1.375000e+03	3.158603e+06	1.375000e+03	3.148289e+06	1.375000e+03	3.175049e+06	1.375000e+03	3.157489e+06	1.375000e+03	3.171119e+06	1.375000e+03	3.158535e+06	1.375000e+03	3.169885e+06	1.375000e+03	3.165588e+06	1.375000e+03	3.175804e+06	1.375000e+03	3.149658e+06	1.375000e+03	3.155920e+06	1.375000e+03	3.162221e+06	1.375000e+03	3.166190e+06	1.375000e+03	3.148387e+06	1.375000e+03	3.158832e+06	1.375000e+03	3.157949e+06	1.375000e+03	3.157946e+06	1.375000e+03	3.153566e+06	1.375000e+03	3.142484e+06	1.375000e+03	3.161493e+06	1.375000e+03	3.158039e+06	1.375000e+03	3.157955e+06	1.375000e+03	3.169526e+06	1.375000e+03	3.150860e+06	1.375000e+03	3.164074e+06	1.375000e+03	3.148441e+06	1.375000e+03	3.184666e+06	1.375000e+03	3.170475e+06	1.375000e+03	3.163330e+06	1.375000e+03	3.137712e+06	1.375000e+03	3.162929e+06	1.375000e+03	3.150882e+06	1.375000e+03	3.173152e+06	1.375000e+03	3.153099e+06	1.375000e+03	3.159892e+06	1.375000e+03	3.138757e+06	1.375000e+03	3.156417e+06	1.375000e+03	3.164967e+06	1.375000e+03	3.159079e+06	1.375000e+03	3.176085e+06	1.375000e+03	3.183196e+06	1.375000e+03	3.192794e+06	1.375000e+03	3.167391e+06	1.375000e+03	3.174096e+06	1.375000e+03	3.160951e+06	1.375000e+03	3.146506e+06	1.375000e+03	3.172012e+06	1.375000e+03	3.171291e+06	1.375000e+03	3.175706e+06	1.375000e+03	3.177359e+06	1.375000e+03	3.176779e+06	1.375000e+03	3.180377e+06	1.375000e+03	3.183734e+06	1.375000e+03	3.185753e+06	1.375000e+03	3.182119e+06	1.375000e+03	3.174904e+06	1.375000e+03	3.172395e+06	1.375000e+03	3.162311e+06	1.375000e+03	3.184720e+06	1.375000e+03	3.178456e+06	1.375000e+03	3.175068e+06	1.375000e+03	3.179087e+06	1.375000e+03	3.183008e+06	1.375000e+03	3.166271e+06	1.375000e+03	3.176395e+06	1.375000e+03	3.190960e+06	1.375000e+03	3.198513e+06	1.375000e+03	3.180777e+06	1.375000e+03	3.185640e+06	1.375000e+03	3.182956e+06	1.375000e+03	3.196926e+06	1.375000e+03	3.179380e+06	1.375000e+03	3.165356e+06	1.375000e+03	3.206291e+06	1.375000e+03	3.200733e+06	1.375000e+03	3.204896e+06	1.375000e+03	3.197802e+06	1.375000e+03	3.181244e+06	1.375000e+03	3.197993e+06	1.375000e+03	3.196011e+06	1.375000e+03	3.182347e+06	1.375000e+03	3.194205e+06	1.375000e+03	3.179618e+06	1.375000e+03	3.186929e+06	1.375000e+03	3.183701e+06	1.375000e+03	3.200928e+06	1.375000e+03	3.186093e+06	1.375000e+03	3.191399e+06	1.375000e+03	3.197908e+06	1.375000e+03	3.193939e+06	1.375000e+03	3.191956e+06	1.375000e+03	3.185440e+06	1.375000e+03	3.180477e+06	1.375000e+03	3.190199e+06	1.375000e+03	3.172174e+06	1.375000e+03	3.192309e+06	1.375000e+03	3.182611e+06	1.375000e+03	3.186204e+06	1.375000e+03	3.191800e+06	1.375000e+03	3.188935e+06	1.375000e+03	3.194878e+06
1.380000e+03	3.109757e+06	1.380000e+03	3.083295e+06	1.380000e+03	3.095387e+06	1.380000e+03	3.069294e+06	1.380000e+03	3.071183e+06	1.380000e+03	3.047217e+06	1.380000e+03	3.044701e+06	1.380000e+03	3.026013e+06	1.380000e+03	3.048733e+06	1.380000e+03	3.063397e+06	1.380000e+03	3.019321e+06	1.380000e+03	3.028123e+06	1.380000e+03	3.013103e+06	1.380000e+03	3.038518e+06	1.380000e+03	3.038260e+06	1.380000e+03	3.018913e+06	1.380000e+03	3.036392e+06	1.380000e+03	3.036263e+06	1.380000e+03	3.007154e+06	1.380000e+03	3.016734e+06	1.380000e+03	3.040209e+06	1.380000e+03	3.034302e+06	1.380000e+03	3.019978e+06	1.380000e+03	3.014809e+06	1.380000e+03	3.014653e+06	1.380000e+03	2.997058e+06	1.380000e+03	3.020682e+06	1.380000e+03	3.005648e+06	1.380000e+03	3.023018e+06	1.380000e+03	3.011885e+06	1.380000e+03	3.013288e+06	1.380000e+03	3.018077e+06	1.380000e+03	3.014398e+06	1.380000e+03	3.039592e+06	1.380000e+03	3.034077e+06	1.380000e+03	3.017742e+06	1.380000e+03	3.040141e+06	1.380000e+03	3.037102e+06	1.380000e+03	3.025216e+06	1.380000e+03	3.047768e+06	1.380000e+03	3.044630e+06	1.380000e+03	3.055549e+06	1.380000e+03	3.029883e+06	1.380000e+03	3.043399e+06	1.380000e+03	3.047477e+06	1.380000e+03	3.059424e+06	1.380000e+03	3.041107e+06	1.380000e+03	3.073834e+06	1.380000e+03	3.061649e+06	1.380000e+03	3.058211e+06	1.380000e+03	3.082563e+06	1.380000e+03	3.070720e+06	1.380000e+03	3.077737e+06	1.380000e+03	3.075454e+06	1.380000e+03	3.054401e+06	1.380000e+03	3.080302e+06	1.380000e+03	3.085278e+06	1.380000e+03	3.078998e+06	1.380000e+03	3.075335e+06	1.380000e+03	3.102374e+06	1.380000e+03	3.083993e+06	1.380000e+03	3.082724e+06	1.380000e+03	3.080902e+06	1.380000e+03	3.067183e+06	1.380000e+03	3.062547e+06	1.380000e+03	3.086447e+06	1.380000e+03	3.080459e+06	1.380000e+03	3.075734e+06	1.380000e+03	3.078726e+06	1.380000e+03	3.093007e+06	1.380000e+03	3.119179e+06	1.380000e+03	3.084625e+06	1.380000e+03	3.099562e+06	1.380000e+03	3.099947e+06	1.380000e+03	3.106638e+06	1.380000e+03	3.112236e+06	1.380000e+03	3.108864e+06	1.380000e+03	3.098007e+06	1.380000e+03	3.125336e+06	1.380000e+03	3.088577e+06	1.380000e+03	3.088980e+06	1.380000e+03	3.108903e+06	1.380000e+03	3.113951e+06	1.380000e+03	3.118107e+06	1.380000e+03	3.103836e+06	1.380000e+03	3.099830e+06	1.380000e+03	3.108450e+06	1.380000e+03	3.126719e+06	1.380000e+03	3.099198e+06	1.380000e+03	3.108288e+06	1.380000e+03	3.127312e+06	1.380000e+03	3.134251e+06	1.380000e+03	3.118625e+06	1.380000e+03	3.130576e+06	1.380000e+03	3.120900e+06	1.380000e+03	3.112114e+06	1.380000e+03	3.143710e+06	1.380000e+03	3.106969e+06	1.380000e+03	3.099686e+06	1.380000e+03	3.129213e+06	1.380000e+03	3.144532e+06	1.380000e+03	3.131817e+06	1.380000e+03	3.126615e+06	1.380000e+03	3.121186e+06	1.380000e+03	3.101876e+06	1.380000e+03	3.113007e+06	1.380000e+03	3.111033e+06	1.380000e+03	3.120445e+06	1.380000e+03	3.125228e+06	1.380000e+03	3.127123e+06	1.380000e+03	3.145020e+06	1.380000e+03	3.143755e+06	1.380000e+03	3.116116e+06	1.380000e+03	3.136145e+06	1.380000e+03	3.126845e+06	1.380000e+03	3.156907e+06	1.380000e+03	3.124353e+06	1.380000e+03	3.091762e+06	1.380000e+03	3.103901e+06	1.380000e+03	3.119569e+06	1.380000e+03	3.133886e+06	1.380000e+03	3.113831e+06	1.380000e+03	3.130009e+06	1.380000e+03	3.123822e+06	1.380000e+03	3.101871e+06	1.380000e+03	3.098250e+06	1.380000e+03	3.110058e+06	1.380000e+03	3.122220e+06	1.380000e+03	3.143695e+06	1.380000e+03	3.130900e+06	1.380000e+03	3.114399e+06	1.380000e+03	3.127637e+06	1.380000e+03	3.106354e+06	1.380000e+03	3.136780e+06	1.380000e+03	3.119323e+06	1.380000e+03	3.107699e+06	1.380000e+03	3.116195e+06	1.380000e+03	3.137367e+06	1.380000e+03	3.118777e+06	1.380000e+03	3.116551e+06	1.380000e+03	3.119722e+06	1.380000e+03	3.144171e+06	1.380000e+03	3.138053e+06	1.380000e+03	3.126596e+06	1.380000e+03	3.117560e+06	1.380000e+03	3.130630e+06	1.380000e+03	3.132054e+06	1.380000e+03	3.138004e+06	1.380000e+03	3.128062e+06	1.380000e+03	3.129046e+06	1.380000e+03	3.130855e+06	1.380000e+03	3.118147e+06	1.380000e+03	3.129995e+06	1.380000e+03	3.132390e+06	1.380000e+03	3.142408e+06	1.380000e+03	3.141925e+06	1.380000e+03	3.126152e+06	1.380000e+03	3.143794e+06	1.380000e+03	3.135535e+06	1.380000e+03	3.158928e+06	1.380000e+03	3.131667e+06	1.380000e+03	3.144299e+06	1.380000e+03	3.146323e+06	1.380000e+03	3.140417e+06	1.380000e+03	3.141006e+06	1.380000e+03	3.148056e+06	1.380000e+03	3.156369e+06	1.380000e+03	3.155290e+06	1.380000e+03	3.153191e+06	1.380000e+03	3.160602e+06	1.380000e+03	3.144110e+06	1.380000e+03	3.160689e+06	1.380000e+03	3.161866e+06	1.380000e+03	3.156980e+06	1.380000e+03	3.155057e+06	1.380000e+03	3.160914e+06	1.380000e+03	3.144350e+06	1.380000e+03	3.159170e+06	1.380000e+03	3.150019e+06	1.380000e+03	3.161242e+06	1.380000e+03	3.158518e+06	1.380000e+03	3.158412e+06	1.380000e+03	3.161824e+06	1.380000e+03	3.159176e+06	1.380000e+03	3.161328e+06	1.380000e+03	3.152911e+06	1.380000e+03	3.166022e+06	1.380000e+03	3.143052e+06	1.380000e+03	3.176021e+06	1.380000e+03	3.177651e+06	1.380000e+03	3.160954e+06	1.380000e+03	3.168600e+06	1.380000e+03	3.158077e+06	1.380000e+03	3.152885e+06	1.380000e+03	3.132727e+06	1.380000e+03	3.145885e+06	1.380000e+03	3.152116e+06	1.380000e+03	3.170524e+06	1.380000e+03	3.165165e+06	1.380000e+03	3.151176e+06	1.380000e+03	3.160256e+06	1.380000e+03	3.156935e+06	1.380000e+03	3.148745e+06	1.380000e+03	3.143564e+06	1.380000e+03	3.141690e+06	1.380000e+03	3.156188e+06	1.380000e+03	3.163336e+06	1.380000e+03	3.144408e+06	1.380000e+03	3.132375e+06	1.380000e+03	3.161552e+06	1.380000e+03	3.145526e+06	1.380000e+03	3.182393e+06	1.380000e+03	3.141263e+06	1.380000e+03	3.155066e+06	1.380000e+03	3.150076e+06	1.380000e+03	3.173706e+06	1.380000e+03	3.158632e+06	1.380000e+03	3.166859e+06	1.380000e+03	3.155112e+06	1.380000e+03	3.172013e+06	1.380000e+03	3.164740e+06	1.380000e+03	3.175085e+06	1.380000e+03	3.146648e+06	1.380000e+03	3.159651e+06	1.380000e+03	3.161469e+06	1.380000e+03	3.164903e+06	1.380000e+03	3.152050e+06	1.380000e+03	3.147046e+06	1.380000e+03	3.156745e+06	1.380000e+03	3.160388e+06	1.380000e+03	3.163007e+06	1.380000e+03	3.147231e+06	1.380000e+03	3.164964e+06	1.380000e+03	3.147628e+06	1.380000e+03	3.158084e+06	1.380000e+03	3.167630e+06	1.380000e+03	3.155892e+06	1.380000e+03	3.160283e+06	1.380000e+03	3.151957e+06	1.380000e+03	3.186793e+06	1.380000e+03	3.169441e+06	1.380000e+03	3.157868e+06	1.380000e+03	3.145253e+06	1.380000e+03	3.170169e+06	1.380000e+03	3.147211e+06	1.380000e+03	3.177153e+06	1.380000e+03	3.159352e+06	1.380000e+03	3.162764e+06	1.380000e+03	3.142895e+06	1.380000e+03	3.157483e+06	1.380000e+03	3.165807e+06	1.380000e+03	3.156237e+06	1.380000e+03	3.182634e+06	1.380000e+03	3.183452e+06	1.380000e+03	3.194937e+06	1.380000e+03	3.167772e+06	1.380000e+03	3.169842e+06	1.380000e+03	3.168050e+06	1.380000e+03	3.149017e+06	1.380000e+03	3.178033e+06	1.380000e+03	3.173055e+06	1.380000e+03	3.176439e+06	1.380000e+03	3.181434e+06	1.380000e+03	3.177269e+06	1.380000e+03	3.178838e+06	1.380000e+03	3.186366e+06	1.380000e+03	3.182057e+06	1.380000e+03	3.178974e+06	1.380000e+03	3.172300e+06	1.380000e+03	3.173176e+06	1.380000e+03	3.181752e+06	1.380000e+03	3.185969e+06	1.380000e+03	3.175308e+06	1.380000e+03	3.171670e+06	1.380000e+03	3.184336e+06	1.380000e+03	3.175538e+06	1.380000e+03	3.168113e+06	1.380000e+03	3.174250e+06	1.380000e+03	3.180775e+06	1.380000e+03	3.190709e+06	1.380000e+03	3.174794e+06	1.380000e+03	3.180170e+06	1.380000e+03	3.176992e+06	1.380000e+03	3.199944e+06	1.380000e+03	3.175478e+06	1.380000e+03	3.168127e+06	1.380000e+03	3.205866e+06	1.380000e+03	3.201210e+06	1.380000e+03	3.200518e+06	1.380000e+03	3.195945e+06	1.380000e+03	3.183700e+06	1.380000e+03	3.193776e+06	1.380000e+03	3.194067e+06	1.380000e+03	3.182715e+06	1.380000e+03	3.194885e+06	1.380000e+03	3.174895e+06	1.380000e+03	3.192357e+06	1.380000e+03	3.180692e+06	1.380000e+03	3.201367e+06	1.380000e+03	3.185001e+06	1.380000e+03	3.192795e+06	1.380000e+03	3.195935e+06	1.380000e+03	3.194775e+06	1.380000e+03	3.187000e+06	1.380000e+03	3.181526e+06	1.380000e+03	3.193039e+06	1.380000e+03	3.189917e+06	1.380000e+03	3.168965e+06	1.380000e+03	3.191004e+06	1.380000e+03	3.186647e+06	1.380000e+03	3.187011e+06	1.380000e+03	3.189835e+06	1.380000e+03	3.194860e+06	1.380000e+03	3.199933e+06
1.385000e+03	3.109124e+06	1.385000e+03	3.086356e+06	1.385000e+03	3.075534e+06	1.385000e+03	3.062987e+06	1.385000e+03	3.067589e+06	1.385000e+03	3.053911e+06	1.385000e+03	3.039248e+06	1.385000e+03	3.027534e+06	1.385000e+03	3.047815e+06	1.385000e+03	3.060627e+06	1.385000e+03	3.028119e+06	1.385000e+03	3.029013e+06	1.385000e+03	3.008681e+06	1.385000e+03	3.042259e+06	1.385000e+03	3.037908e+06	1.385000e+03	3.027698e+06	1.385000e+03	3.032464e+06	1.385000e+03	3.043637e+06	1.385000e+03	3.029516e+06	1.385000e+03	3.013463e+06	1.385000e+03	3.041163e+06	1.385000e+03	3.038976e+06	1.385000e+03	3.023457e+06	1.385000e+03	3.014168e+06	1.385000e+03	3.022605e+06	1.385000e+03	2.999914e+06	1.385000e+03	3.027422e+06	1.385000e+03	3.007408e+06	1.385000e+03	3.018344e+06	1.385000e+03	3.018994e+06	1.385000e+03	3.026034e+06	1.385000e+03	3.035642e+06	1.385000e+03	3.016328e+06	1.385000e+03	3.037349e+06	1.385000e+03	3.024903e+06	1.385000e+03	3.023341e+06	1.385000e+03	3.043839e+06	1.385000e+03	3.038932e+06	1.385000e+03	3.029404e+06	1.385000e+03	3.054663e+06	1.385000e+03	3.037535e+06	1.385000e+03	3.046523e+06	1.385000e+03	3.033019e+06	1.385000e+03	3.045885e+06	1.385000e+03	3.052842e+06	1.385000e+03	3.060627e+06	1.385000e+03	3.046364e+06	1.385000e+03	3.065742e+06	1.385000e+03	3.064614e+06	1.385000e+03	3.057968e+06	1.385000e+03	3.088790e+06	1.385000e+03	3.063541e+06	1.385000e+03	3.096384e+06	1.385000e+03	3.072385e+06	1.385000e+03	3.046426e+06	1.385000e+03	3.080957e+06	1.385000e+03	3.088208e+06	1.385000e+03	3.076113e+06	1.385000e+03	3.076925e+06	1.385000e+03	3.107284e+06	1.385000e+03	3.083804e+06	1.385000e+03	3.091631e+06	1.385000e+03	3.082003e+06	1.385000e+03	3.067409e+06	1.385000e+03	3.061805e+06	1.385000e+03	3.087802e+06	1.385000e+03	3.077083e+06	1.385000e+03	3.081458e+06	1.385000e+03	3.080957e+06	1.385000e+03	3.088655e+06	1.385000e+03	3.118389e+06	1.385000e+03	3.086930e+06	1.385000e+03	3.102604e+06	1.385000e+03	3.099964e+06	1.385000e+03	3.109570e+06	1.385000e+03	3.117859e+06	1.385000e+03	3.117856e+06	1.385000e+03	3.105033e+06	1.385000e+03	3.125849e+06	1.385000e+03	3.090490e+06	1.385000e+03	3.094670e+06	1.385000e+03	3.105271e+06	1.385000e+03	3.118133e+06	1.385000e+03	3.113294e+06	1.385000e+03	3.104872e+06	1.385000e+03	3.093002e+06	1.385000e+03	3.107756e+06	1.385000e+03	3.119137e+06	1.385000e+03	3.106272e+06	1.385000e+03	3.109028e+06	1.385000e+03	3.126987e+06	1.385000e+03	3.142029e+06	1.385000e+03	3.121192e+06	1.385000e+03	3.127252e+06	1.385000e+03	3.122957e+06	1.385000e+03	3.110568e+06	1.385000e+03	3.140269e+06	1.385000e+03	3.110695e+06	1.385000e+03	3.099964e+06	1.385000e+03	3.137796e+06	1.385000e+03	3.144329e+06	1.385000e+03	3.129330e+06	1.385000e+03	3.126771e+06	1.385000e+03	3.121974e+06	1.385000e+03	3.101766e+06	1.385000e+03	3.116049e+06	1.385000e+03	3.111039e+06	1.385000e+03	3.123204e+06	1.385000e+03	3.124027e+06	1.385000e+03	3.129656e+06	1.385000e+03	3.145067e+06	1.385000e+03	3.144535e+06	1.385000e+03	3.116283e+06	1.385000e+03	3.138582e+06	1.385000e+03	3.128717e+06	1.385000e+03	3.154225e+06	1.385000e+03	3.125231e+06	1.385000e+03	3.091392e+06	1.385000e+03	3.099246e+06	1.385000e+03	3.108574e+06	1.385000e+03	3.138588e+06	1.385000e+03	3.119070e+06	1.385000e+03	3.134973e+06	1.385000e+03	3.126601e+06	1.385000e+03	3.096032e+06	1.385000e+03	3.100842e+06	1.385000e+03	3.110342e+06	1.385000e+03	3.123904e+06	1.385000e+03	3.149742e+06	1.385000e+03	3.129366e+06	1.385000e+03	3.116936e+06	1.385000e+03	3.119259e+06	1.385000e+03	3.093819e+06	1.385000e+03	3.121020e+06	1.385000e+03	3.116994e+06	1.385000e+03	3.107555e+06	1.385000e+03	3.116194e+06	1.385000e+03	3.140220e+06	1.385000e+03	3.118127e+06	1.385000e+03	3.116914e+06	1.385000e+03	3.122675e+06	1.385000e+03	3.143685e+06	1.385000e+03	3.140522e+06	1.385000e+03	3.116711e+06	1.385000e+03	3.125188e+06	1.385000e+03	3.122763e+06	1.385000e+03	3.140852e+06	1.385000e+03	3.136867e+06	1.385000e+03	3.132641e+06	1.385000e+03	3.134167e+06	1.385000e+03	3.128826e+06	1.385000e+03	3.120652e+06	1.385000e+03	3.126813e+06	1.385000e+03	3.139986e+06	1.385000e+03	3.155804e+06	1.385000e+03	3.138743e+06	1.385000e+03	3.132123e+06	1.385000e+03	3.143128e+06	1.385000e+03	3.143117e+06	1.385000e+03	3.159658e+06	1.385000e+03	3.122576e+06	1.385000e+03	3.152685e+06	1.385000e+03	3.142404e+06	1.385000e+03	3.132711e+06	1.385000e+03	3.144171e+06	1.385000e+03	3.151988e+06	1.385000e+03	3.154059e+06	1.385000e+03	3.149995e+06	1.385000e+03	3.157297e+06	1.385000e+03	3.152857e+06	1.385000e+03	3.152059e+06	1.385000e+03	3.164347e+06	1.385000e+03	3.151296e+06	1.385000e+03	3.153424e+06	1.385000e+03	3.158637e+06	1.385000e+03	3.159995e+06	1.385000e+03	3.141362e+06	1.385000e+03	3.161566e+06	1.385000e+03	3.151120e+06	1.385000e+03	3.164532e+06	1.385000e+03	3.163486e+06	1.385000e+03	3.153593e+06	1.385000e+03	3.154409e+06	1.385000e+03	3.162218e+06	1.385000e+03	3.164599e+06	1.385000e+03	3.156022e+06	1.385000e+03	3.158323e+06	1.385000e+03	3.147857e+06	1.385000e+03	3.181022e+06	1.385000e+03	3.175484e+06	1.385000e+03	3.162878e+06	1.385000e+03	3.166334e+06	1.385000e+03	3.157666e+06	1.385000e+03	3.155800e+06	1.385000e+03	3.143150e+06	1.385000e+03	3.145554e+06	1.385000e+03	3.149394e+06	1.385000e+03	3.179042e+06	1.385000e+03	3.165827e+06	1.385000e+03	3.151316e+06	1.385000e+03	3.158170e+06	1.385000e+03	3.153603e+06	1.385000e+03	3.144717e+06	1.385000e+03	3.151456e+06	1.385000e+03	3.134825e+06	1.385000e+03	3.154648e+06	1.385000e+03	3.162281e+06	1.385000e+03	3.144834e+06	1.385000e+03	3.136752e+06	1.385000e+03	3.157221e+06	1.385000e+03	3.142686e+06	1.385000e+03	3.176115e+06	1.385000e+03	3.141577e+06	1.385000e+03	3.161509e+06	1.385000e+03	3.149622e+06	1.385000e+03	3.183122e+06	1.385000e+03	3.148824e+06	1.385000e+03	3.169532e+06	1.385000e+03	3.153315e+06	1.385000e+03	3.162683e+06	1.385000e+03	3.161693e+06	1.385000e+03	3.172605e+06	1.385000e+03	3.152184e+06	1.385000e+03	3.164162e+06	1.385000e+03	3.150873e+06	1.385000e+03	3.159459e+06	1.385000e+03	3.153622e+06	1.385000e+03	3.150211e+06	1.385000e+03	3.156869e+06	1.385000e+03	3.165126e+06	1.385000e+03	3.163518e+06	1.385000e+03	3.152179e+06	1.385000e+03	3.162547e+06	1.385000e+03	3.148469e+06	1.385000e+03	3.159216e+06	1.385000e+03	3.165399e+06	1.385000e+03	3.151995e+06	1.385000e+03	3.161897e+06	1.385000e+03	3.166025e+06	1.385000e+03	3.166179e+06	1.385000e+03	3.162761e+06	1.385000e+03	3.157794e+06	1.385000e+03	3.149952e+06	1.385000e+03	3.173122e+06	1.385000e+03	3.148478e+06	1.385000e+03	3.173201e+06	1.385000e+03	3.160347e+06	1.385000e+03	3.161235e+06	1.385000e+03	3.145026e+06	1.385000e+03	3.154467e+06	1.385000e+03	3.164305e+06	1.385000e+03	3.154982e+06	1.385000e+03	3.173141e+06	1.385000e+03	3.187947e+06	1.385000e+03	3.199679e+06	1.385000e+03	3.168760e+06	1.385000e+03	3.170998e+06	1.385000e+03	3.171388e+06	1.385000e+03	3.141584e+06	1.385000e+03	3.178434e+06	1.385000e+03	3.174177e+06	1.385000e+03	3.178409e+06	1.385000e+03	3.180654e+06	1.385000e+03	3.178166e+06	1.385000e+03	3.173380e+06	1.385000e+03	3.183714e+06	1.385000e+03	3.176314e+06	1.385000e+03	3.175551e+06	1.385000e+03	3.171796e+06	1.385000e+03	3.176599e+06	1.385000e+03	3.175311e+06	1.385000e+03	3.190846e+06	1.385000e+03	3.178068e+06	1.385000e+03	3.172487e+06	1.385000e+03	3.177034e+06	1.385000e+03	3.172990e+06	1.385000e+03	3.173387e+06	1.385000e+03	3.175810e+06	1.385000e+03	3.188810e+06	1.385000e+03	3.192149e+06	1.385000e+03	3.179001e+06	1.385000e+03	3.178214e+06	1.385000e+03	3.181549e+06	1.385000e+03	3.200309e+06	1.385000e+03	3.178230e+06	1.385000e+03	3.162506e+06	1.385000e+03	3.195571e+06	1.385000e+03	3.204488e+06	1.385000e+03	3.200660e+06	1.385000e+03	3.198748e+06	1.385000e+03	3.186335e+06	1.385000e+03	3.188204e+06	1.385000e+03	3.191536e+06	1.385000e+03	3.187441e+06	1.385000e+03	3.194046e+06	1.385000e+03	3.175347e+06	1.385000e+03	3.190480e+06	1.385000e+03	3.179680e+06	1.385000e+03	3.200887e+06	1.385000e+03	3.184295e+06	1.385000e+03	3.194846e+06	1.385000e+03	3.197169e+06	1.385000e+03	3.198691e+06	1.385000e+03	3.186531e+06	1.385000e+03	3.182305e+06	1.385000e+03	3.184254e+06	1.385000e+03	3.193134e+06	1.385000e+03	3.165414e+06	1.385000e+03	3.192182e+06	1.385000e+03	3.181541e+06	1.385000e+03	3.179630e+06	1.385000e+03	3.187209e+06	1.385000e+03	3.193381e+06	1.385000e+03	3.197338e+06
1.390000e+03	3.107320e+06	1.390000e+03	3.088911e+06	1.390000e+03	3.085920e+06	1.390000e+03	3.069933e+06	1.390000e+03	3.065167e+06	1.390000e+03	3.064869e+06	1.390000e+03	3.039303e+06	1.390000e+03	3.035483e+06	1.390000e+03	3.038539e+06	1.390000e+03	3.060513e+06	1.390000e+03	3.029104e+06	1.390000e+03	3.030520e+06	1.390000e+03	3.007825e+06	1.390000e+03	3.033393e+06	1.390000e+03	3.029198e+06	1.390000e+03	3.016003e+06	1.390000e+03	3.038693e+06	1.390000e+03	3.045628e+06	1.390000e+03	3.024552e+06	1.390000e+03	3.020397e+06	1.390000e+03	3.042539e+06	1.390000e+03	3.035100e+06	1.390000e+03	3.029713e+06	1.390000e+03	3.016150e+06	1.390000e+03	3.017311e+06	1.390000e+03	3.001923e+06	1.390000e+03	3.023600e+06	1.390000e+03	3.015903e+06	1.390000e+03	3.017551e+06	1.390000e+03	3.017039e+06	1.390000e+03	3.032173e+06	1.390000e+03	3.034546e+06	1.390000e+03	3.009492e+06	1.390000e+03	3.031999e+06	1.390000e+03	3.023390e+06	1.390000e+03	3.022901e+06	1.390000e+03	3.047126e+06	1.390000e+03	3.033737e+06	1.390000e+03	3.029201e+06	1.390000e+03	3.044536e+06	1.390000e+03	3.043591e+06	1.390000e+03	3.047614e+06	1.390000e+03	3.033571e+06	1.390000e+03	3.050856e+06	1.390000e+03	3.046439e+06	1.390000e+03	3.064712e+06	1.390000e+03	3.050387e+06	1.390000e+03	3.058751e+06	1.390000e+03	3.063472e+06	1.390000e+03	3.055316e+06	1.390000e+03	3.079357e+06	1.390000e+03	3.066809e+06	1.390000e+03	3.077627e+06	1.390000e+03	3.073749e+06	1.390000e+03	3.050113e+06	1.390000e+03	3.082469e+06	1.390000e+03	3.089408e+06	1.390000e+03	3.080303e+06	1.390000e+03	3.075996e+06	1.390000e+03	3.104292e+06	1.390000e+03	3.088570e+06	1.390000e+03	3.093392e+06	1.390000e+03	3.077606e+06	1.390000e+03	3.071170e+06	1.390000e+03	3.076428e+06	1.390000e+03	3.087310e+06	1.390000e+03	3.075063e+06	1.390000e+03	3.078054e+06	1.390000e+03	3.079788e+06	1.390000e+03	3.092092e+06	1.390000e+03	3.103793e+06	1.390000e+03	3.092166e+06	1.390000e+03	3.097507e+06	1.390000e+03	3.103397e+06	1.390000e+03	3.110805e+06	1.390000e+03	3.116234e+06	1.390000e+03	3.106840e+06	1.390000e+03	3.098321e+06	1.390000e+03	3.116102e+06	1.390000e+03	3.085277e+06	1.390000e+03	3.084281e+06	1.390000e+03	3.111773e+06	1.390000e+03	3.114863e+06	1.390000e+03	3.118478e+06	1.390000e+03	3.108943e+06	1.390000e+03	3.099883e+06	1.390000e+03	3.109322e+06	1.390000e+03	3.126956e+06	1.390000e+03	3.106724e+06	1.390000e+03	3.112702e+06	1.390000e+03	3.121035e+06	1.390000e+03	3.143623e+06	1.390000e+03	3.123894e+06	1.390000e+03	3.137814e+06	1.390000e+03	3.118342e+06	1.390000e+03	3.111624e+06	1.390000e+03	3.139319e+06	1.390000e+03	3.108598e+06	1.390000e+03	3.106571e+06	1.390000e+03	3.145537e+06	1.390000e+03	3.148543e+06	1.390000e+03	3.129419e+06	1.390000e+03	3.125664e+06	1.390000e+03	3.111026e+06	1.390000e+03	3.103990e+06	1.390000e+03	3.115822e+06	1.390000e+03	3.110589e+06	1.390000e+03	3.129090e+06	1.390000e+03	3.119850e+06	1.390000e+03	3.123838e+06	1.390000e+03	3.140320e+06	1.390000e+03	3.137609e+06	1.390000e+03	3.120014e+06	1.390000e+03	3.138808e+06	1.390000e+03	3.126002e+06	1.390000e+03	3.146083e+06	1.390000e+03	3.128851e+06	1.390000e+03	3.093208e+06	1.390000e+03	3.107025e+06	1.390000e+03	3.112781e+06	1.390000e+03	3.132587e+06	1.390000e+03	3.119944e+06	1.390000e+03	3.133359e+06	1.390000e+03	3.134125e+06	1.390000e+03	3.095509e+06	1.390000e+03	3.096338e+06	1.390000e+03	3.106933e+06	1.390000e+03	3.120341e+06	1.390000e+03	3.146644e+06	1.390000e+03	3.119384e+06	1.390000e+03	3.115947e+06	1.390000e+03	3.120340e+06	1.390000e+03	3.096574e+06	1.390000e+03	3.114249e+06	1.390000e+03	3.116472e+06	1.390000e+03	3.111115e+06	1.390000e+03	3.113179e+06	1.390000e+03	3.137614e+06	1.390000e+03	3.116864e+06	1.390000e+03	3.121932e+06	1.390000e+03	3.121923e+06	1.390000e+03	3.133596e+06	1.390000e+03	3.149000e+06	1.390000e+03	3.120206e+06	1.390000e+03	3.118892e+06	1.390000e+03	3.129926e+06	1.390000e+03	3.135081e+06	1.390000e+03	3.135284e+06	1.390000e+03	3.128200e+06	1.390000e+03	3.144026e+06	1.390000e+03	3.128809e+06	1.390000e+03	3.122983e+06	1.390000e+03	3.127757e+06	1.390000e+03	3.129728e+06	1.390000e+03	3.136765e+06	1.390000e+03	3.133635e+06	1.390000e+03	3.133955e+06	1.390000e+03	3.134269e+06	1.390000e+03	3.152112e+06	1.390000e+03	3.158694e+06	1.390000e+03	3.122663e+06	1.390000e+03	3.149361e+06	1.390000e+03	3.145922e+06	1.390000e+03	3.144104e+06	1.390000e+03	3.143520e+06	1.390000e+03	3.149260e+06	1.390000e+03	3.149798e+06	1.390000e+03	3.140623e+06	1.390000e+03	3.143920e+06	1.390000e+03	3.145460e+06	1.390000e+03	3.147794e+06	1.390000e+03	3.161848e+06	1.390000e+03	3.156552e+06	1.390000e+03	3.162170e+06	1.390000e+03	3.157814e+06	1.390000e+03	3.150525e+06	1.390000e+03	3.147158e+06	1.390000e+03	3.161209e+06	1.390000e+03	3.153175e+06	1.390000e+03	3.163872e+06	1.390000e+03	3.155564e+06	1.390000e+03	3.158015e+06	1.390000e+03	3.152861e+06	1.390000e+03	3.158218e+06	1.390000e+03	3.153400e+06	1.390000e+03	3.163305e+06	1.390000e+03	3.161825e+06	1.390000e+03	3.145494e+06	1.390000e+03	3.174659e+06	1.390000e+03	3.167637e+06	1.390000e+03	3.166287e+06	1.390000e+03	3.174016e+06	1.390000e+03	3.156245e+06	1.390000e+03	3.169295e+06	1.390000e+03	3.143765e+06	1.390000e+03	3.144873e+06	1.390000e+03	3.147423e+06	1.390000e+03	3.169936e+06	1.390000e+03	3.162369e+06	1.390000e+03	3.149927e+06	1.390000e+03	3.153991e+06	1.390000e+03	3.153123e+06	1.390000e+03	3.143525e+06	1.390000e+03	3.146839e+06	1.390000e+03	3.135890e+06	1.390000e+03	3.157717e+06	1.390000e+03	3.167098e+06	1.390000e+03	3.143762e+06	1.390000e+03	3.140661e+06	1.390000e+03	3.158747e+06	1.390000e+03	3.137533e+06	1.390000e+03	3.172015e+06	1.390000e+03	3.145714e+06	1.390000e+03	3.152647e+06	1.390000e+03	3.159970e+06	1.390000e+03	3.170791e+06	1.390000e+03	3.157589e+06	1.390000e+03	3.162240e+06	1.390000e+03	3.156439e+06	1.390000e+03	3.166077e+06	1.390000e+03	3.159664e+06	1.390000e+03	3.177286e+06	1.390000e+03	3.148808e+06	1.390000e+03	3.164762e+06	1.390000e+03	3.156032e+06	1.390000e+03	3.154734e+06	1.390000e+03	3.146904e+06	1.390000e+03	3.156309e+06	1.390000e+03	3.157028e+06	1.390000e+03	3.161041e+06	1.390000e+03	3.159470e+06	1.390000e+03	3.151788e+06	1.390000e+03	3.166586e+06	1.390000e+03	3.144150e+06	1.390000e+03	3.164213e+06	1.390000e+03	3.163315e+06	1.390000e+03	3.147637e+06	1.390000e+03	3.164367e+06	1.390000e+03	3.176366e+06	1.390000e+03	3.166034e+06	1.390000e+03	3.163884e+06	1.390000e+03	3.153098e+06	1.390000e+03	3.155250e+06	1.390000e+03	3.165369e+06	1.390000e+03	3.146126e+06	1.390000e+03	3.172575e+06	1.390000e+03	3.160442e+06	1.390000e+03	3.162391e+06	1.390000e+03	3.139403e+06	1.390000e+03	3.152826e+06	1.390000e+03	3.164715e+06	1.390000e+03	3.161737e+06	1.390000e+03	3.180273e+06	1.390000e+03	3.180532e+06	1.390000e+03	3.201668e+06	1.390000e+03	3.168810e+06	1.390000e+03	3.164605e+06	1.390000e+03	3.163525e+06	1.390000e+03	3.145101e+06	1.390000e+03	3.172533e+06	1.390000e+03	3.174601e+06	1.390000e+03	3.182516e+06	1.390000e+03	3.175517e+06	1.390000e+03	3.168716e+06	1.390000e+03	3.160823e+06	1.390000e+03	3.178976e+06	1.390000e+03	3.177122e+06	1.390000e+03	3.171912e+06	1.390000e+03	3.170678e+06	1.390000e+03	3.176808e+06	1.390000e+03	3.177280e+06	1.390000e+03	3.184166e+06	1.390000e+03	3.180300e+06	1.390000e+03	3.173937e+06	1.390000e+03	3.179030e+06	1.390000e+03	3.173243e+06	1.390000e+03	3.170439e+06	1.390000e+03	3.169455e+06	1.390000e+03	3.187800e+06	1.390000e+03	3.194481e+06	1.390000e+03	3.178076e+06	1.390000e+03	3.186570e+06	1.390000e+03	3.187433e+06	1.390000e+03	3.180950e+06	1.390000e+03	3.177195e+06	1.390000e+03	3.161478e+06	1.390000e+03	3.197017e+06	1.390000e+03	3.200177e+06	1.390000e+03	3.204490e+06	1.390000e+03	3.188792e+06	1.390000e+03	3.177585e+06	1.390000e+03	3.189442e+06	1.390000e+03	3.185161e+06	1.390000e+03	3.190731e+06	1.390000e+03	3.204382e+06	1.390000e+03	3.173438e+06	1.390000e+03	3.192244e+06	1.390000e+03	3.189975e+06	1.390000e+03	3.202498e+06	1.390000e+03	3.195329e+06	1.390000e+03	3.197694e+06	1.390000e+03	3.206193e+06	1.390000e+03	3.201104e+06	1.390000e+03	3.185336e+06	1.390000e+03	3.178921e+06	1.390000e+03	3.183942e+06	1.390000e+03	3.194564e+06	1.390000e+03	3.166530e+06	1.390000e+03	3.188960e+06	1.390000e+03	3.180174e+06	1.390000e+03	3.179865e+06	1.390000e+03	3.186952e+06	1.390000e+03	3.205373e+06	1.390000e+03	3.195193e+06
1.395000e+03	3.110401e+06	1.395000e+03	3.091652e+06	1.395000e+03	3.083114e+06	1.395000e+03	3.073988e+06	1.395000e+03	3.061534e+06	1.395000e+03	3.052551e+06	1.395000e+03	3.039892e+06	1.395000e+03	3.031767e+06	1.395000e+03	3.029167e+06	1.395000e+03	3.052979e+06	1.395000e+03	3.031947e+06	1.395000e+03	3.036704e+06	1.395000e+03	3.011591e+06	1.395000e+03	3.033713e+06	1.395000e+03	3.039564e+06	1.395000e+03	3.013964e+06	1.395000e+03	3.035665e+06	1.395000e+03	3.046225e+06	1.395000e+03	3.016005e+06	1.395000e+03	3.014992e+06	1.395000e+03	3.040712e+06	1.395000e+03	3.030170e+06	1.395000e+03	3.037681e+06	1.395000e+03	3.016200e+06	1.395000e+03	3.016501e+06	1.395000e+03	3.000851e+06	1.395000e+03	3.024889e+06	1.395000e+03	3.020770e+06	1.395000e+03	3.014534e+06	1.395000e+03	3.018512e+06	1.395000e+03	3.014234e+06	1.395000e+03	3.023984e+06	1.395000e+03	3.016607e+06	1.395000e+03	3.042516e+06	1.395000e+03	3.046782e+06	1.395000e+03	3.024514e+06	1.395000e+03	3.046592e+06	1.395000e+03	3.035808e+06	1.395000e+03	3.029743e+06	1.395000e+03	3.043486e+06	1.395000e+03	3.043618e+06	1.395000e+03	3.045682e+06	1.395000e+03	3.040323e+06	1.395000e+03	3.050218e+06	1.395000e+03	3.046704e+06	1.395000e+03	3.061480e+06	1.395000e+03	3.047723e+06	1.395000e+03	3.074610e+06	1.395000e+03	3.065265e+06	1.395000e+03	3.066333e+06	1.395000e+03	3.073735e+06	1.395000e+03	3.067826e+06	1.395000e+03	3.069160e+06	1.395000e+03	3.078991e+06	1.395000e+03	3.060637e+06	1.395000e+03	3.076296e+06	1.395000e+03	3.079492e+06	1.395000e+03	3.082316e+06	1.395000e+03	3.080571e+06	1.395000e+03	3.089633e+06	1.395000e+03	3.079526e+06	1.395000e+03	3.095241e+06	1.395000e+03	3.075338e+06	1.395000e+03	3.065805e+06	1.395000e+03	3.064312e+06	1.395000e+03	3.086129e+06	1.395000e+03	3.077567e+06	1.395000e+03	3.081613e+06	1.395000e+03	3.076960e+06	1.395000e+03	3.095129e+06	1.395000e+03	3.101419e+06	1.395000e+03	3.086878e+06	1.395000e+03	3.099209e+06	1.395000e+03	3.106634e+06	1.395000e+03	3.107372e+06	1.395000e+03	3.119337e+06	1.395000e+03	3.106737e+06	1.395000e+03	3.091264e+06	1.395000e+03	3.103360e+06	1.395000e+03	3.081698e+06	1.395000e+03	3.087418e+06	1.395000e+03	3.102839e+06	1.395000e+03	3.116007e+06	1.395000e+03	3.114771e+06	1.395000e+03	3.106848e+06	1.395000e+03	3.094925e+06	1.395000e+03	3.109332e+06	1.395000e+03	3.125334e+06	1.395000e+03	3.104128e+06	1.395000e+03	3.114033e+06	1.395000e+03	3.128486e+06	1.395000e+03	3.131951e+06	1.395000e+03	3.125466e+06	1.395000e+03	3.139753e+06	1.395000e+03	3.121504e+06	1.395000e+03	3.113691e+06	1.395000e+03	3.134754e+06	1.395000e+03	3.107619e+06	1.395000e+03	3.110889e+06	1.395000e+03	3.146210e+06	1.395000e+03	3.148841e+06	1.395000e+03	3.127774e+06	1.395000e+03	3.115604e+06	1.395000e+03	3.114778e+06	1.395000e+03	3.107005e+06	1.395000e+03	3.109248e+06	1.395000e+03	3.116611e+06	1.395000e+03	3.129993e+06	1.395000e+03	3.128294e+06	1.395000e+03	3.122204e+06	1.395000e+03	3.126510e+06	1.395000e+03	3.139488e+06	1.395000e+03	3.123201e+06	1.395000e+03	3.129329e+06	1.395000e+03	3.127243e+06	1.395000e+03	3.146269e+06	1.395000e+03	3.122530e+06	1.395000e+03	3.086844e+06	1.395000e+03	3.108366e+06	1.395000e+03	3.116601e+06	1.395000e+03	3.134654e+06	1.395000e+03	3.127793e+06	1.395000e+03	3.137383e+06	1.395000e+03	3.130238e+06	1.395000e+03	3.091556e+06	1.395000e+03	3.094592e+06	1.395000e+03	3.120154e+06	1.395000e+03	3.122436e+06	1.395000e+03	3.142454e+06	1.395000e+03	3.118786e+06	1.395000e+03	3.117476e+06	1.395000e+03	3.121715e+06	1.395000e+03	3.095555e+06	1.395000e+03	3.108715e+06	1.395000e+03	3.116463e+06	1.395000e+03	3.105374e+06	1.395000e+03	3.113555e+06	1.395000e+03	3.139130e+06	1.395000e+03	3.119037e+06	1.395000e+03	3.121024e+06	1.395000e+03	3.115332e+06	1.395000e+03	3.135968e+06	1.395000e+03	3.153564e+06	1.395000e+03	3.121490e+06	1.395000e+03	3.124369e+06	1.395000e+03	3.130156e+06	1.395000e+03	3.128910e+06	1.395000e+03	3.137375e+06	1.395000e+03	3.130251e+06	1.395000e+03	3.127903e+06	1.395000e+03	3.122591e+06	1.395000e+03	3.123576e+06	1.395000e+03	3.138140e+06	1.395000e+03	3.138624e+06	1.395000e+03	3.133804e+06	1.395000e+03	3.143257e+06	1.395000e+03	3.128732e+06	1.395000e+03	3.142640e+06	1.395000e+03	3.155518e+06	1.395000e+03	3.153155e+06	1.395000e+03	3.129869e+06	1.395000e+03	3.153466e+06	1.395000e+03	3.169975e+06	1.395000e+03	3.146551e+06	1.395000e+03	3.142907e+06	1.395000e+03	3.143238e+06	1.395000e+03	3.148628e+06	1.395000e+03	3.145093e+06	1.395000e+03	3.144930e+06	1.395000e+03	3.146022e+06	1.395000e+03	3.148374e+06	1.395000e+03	3.158808e+06	1.395000e+03	3.153438e+06	1.395000e+03	3.159476e+06	1.395000e+03	3.149803e+06	1.395000e+03	3.154776e+06	1.395000e+03	3.148802e+06	1.395000e+03	3.161807e+06	1.395000e+03	3.153927e+06	1.395000e+03	3.172071e+06	1.395000e+03	3.159862e+06	1.395000e+03	3.156958e+06	1.395000e+03	3.154781e+06	1.395000e+03	3.157868e+06	1.395000e+03	3.163612e+06	1.395000e+03	3.154311e+06	1.395000e+03	3.163477e+06	1.395000e+03	3.148416e+06	1.395000e+03	3.167015e+06	1.395000e+03	3.165122e+06	1.395000e+03	3.174137e+06	1.395000e+03	3.166158e+06	1.395000e+03	3.159759e+06	1.395000e+03	3.162223e+06	1.395000e+03	3.148963e+06	1.395000e+03	3.144521e+06	1.395000e+03	3.144968e+06	1.395000e+03	3.161727e+06	1.395000e+03	3.169195e+06	1.395000e+03	3.149639e+06	1.395000e+03	3.151969e+06	1.395000e+03	3.152101e+06	1.395000e+03	3.144081e+06	1.395000e+03	3.145988e+06	1.395000e+03	3.144473e+06	1.395000e+03	3.167176e+06	1.395000e+03	3.164096e+06	1.395000e+03	3.142357e+06	1.395000e+03	3.138381e+06	1.395000e+03	3.156252e+06	1.395000e+03	3.135587e+06	1.395000e+03	3.178222e+06	1.395000e+03	3.155594e+06	1.395000e+03	3.150491e+06	1.395000e+03	3.155666e+06	1.395000e+03	3.180017e+06	1.395000e+03	3.151338e+06	1.395000e+03	3.161955e+06	1.395000e+03	3.157179e+06	1.395000e+03	3.171144e+06	1.395000e+03	3.158938e+06	1.395000e+03	3.179492e+06	1.395000e+03	3.147749e+06	1.395000e+03	3.165347e+06	1.395000e+03	3.156941e+06	1.395000e+03	3.157448e+06	1.395000e+03	3.140391e+06	1.395000e+03	3.148466e+06	1.395000e+03	3.158532e+06	1.395000e+03	3.159243e+06	1.395000e+03	3.162188e+06	1.395000e+03	3.168941e+06	1.395000e+03	3.165291e+06	1.395000e+03	3.144842e+06	1.395000e+03	3.165678e+06	1.395000e+03	3.165245e+06	1.395000e+03	3.148654e+06	1.395000e+03	3.168253e+06	1.395000e+03	3.164791e+06	1.395000e+03	3.171462e+06	1.395000e+03	3.163208e+06	1.395000e+03	3.148571e+06	1.395000e+03	3.153496e+06	1.395000e+03	3.160110e+06	1.395000e+03	3.145486e+06	1.395000e+03	3.179943e+06	1.395000e+03	3.153369e+06	1.395000e+03	3.161847e+06	1.395000e+03	3.141685e+06	1.395000e+03	3.153915e+06	1.395000e+03	3.167269e+06	1.395000e+03	3.157039e+06	1.395000e+03	3.177034e+06	1.395000e+03	3.183513e+06	1.395000e+03	3.189960e+06	1.395000e+03	3.170769e+06	1.395000e+03	3.165719e+06	1.395000e+03	3.161836e+06	1.395000e+03	3.144194e+06	1.395000e+03	3.171821e+06	1.395000e+03	3.175483e+06	1.395000e+03	3.185577e+06	1.395000e+03	3.171383e+06	1.395000e+03	3.165918e+06	1.395000e+03	3.172783e+06	1.395000e+03	3.182827e+06	1.395000e+03	3.180034e+06	1.395000e+03	3.175690e+06	1.395000e+03	3.173700e+06	1.395000e+03	3.176935e+06	1.395000e+03	3.183160e+06	1.395000e+03	3.185793e+06	1.395000e+03	3.175880e+06	1.395000e+03	3.177331e+06	1.395000e+03	3.175844e+06	1.395000e+03	3.180007e+06	1.395000e+03	3.179649e+06	1.395000e+03	3.176988e+06	1.395000e+03	3.179479e+06	1.395000e+03	3.202829e+06	1.395000e+03	3.178908e+06	1.395000e+03	3.183796e+06	1.395000e+03	3.181720e+06	1.395000e+03	3.173721e+06	1.395000e+03	3.178604e+06	1.395000e+03	3.162749e+06	1.395000e+03	3.190010e+06	1.395000e+03	3.192634e+06	1.395000e+03	3.200594e+06	1.395000e+03	3.189314e+06	1.395000e+03	3.187981e+06	1.395000e+03	3.194004e+06	1.395000e+03	3.179072e+06	1.395000e+03	3.186111e+06	1.395000e+03	3.190774e+06	1.395000e+03	3.175764e+06	1.395000e+03	3.191725e+06	1.395000e+03	3.183348e+06	1.395000e+03	3.198439e+06	1.395000e+03	3.194979e+06	1.395000e+03	3.193230e+06	1.395000e+03	3.199829e+06	1.395000e+03	3.200888e+06	1.395000e+03	3.195666e+06	1.395000e+03	3.177999e+06	1.395000e+03	3.193031e+06	1.395000e+03	3.197222e+06	1.395000e+03	3.167931e+06	1.395000e+03	3.196862e+06	1.395000e+03	3.183446e+06	1.395000e+03	3.175753e+06	1.395000e+03	3.188687e+06	1.395000e+03	3.211107e+06	1.395000e+03	3.196695e+06
1.400000e+03	3.108549e+06	1.400000e+03	3.091979e+06	1.400000e+03	3.086265e+06	1.400000e+03	3.061845e+06	1.400000e+03	3.061404e+06	1.400000e+03	3.052516e+06	1.400000e+03	3.044571e+06	1.400000e+03	3.032814e+06	1.400000e+03	3.033558e+06	1.400000e+03	3.054025e+06	1.400000e+03	3.027399e+06	1.400000e+03	3.031152e+06	1.400000e+03	3.013265e+06	1.400000e+03	3.032779e+06	1.400000e+03	3.043900e+06	1.400000e+03	3.016376e+06	1.400000e+03	3.035397e+06	1.400000e+03	3.043349e+06	1.400000e+03	3.020837e+06	1.400000e+03	3.010785e+06	1.400000e+03	3.037254e+06	1.400000e+03	3.025399e+06	1.400000e+03	3.041590e+06	1.400000e+03	3.011050e+06	1.400000e+03	3.017334e+06	1.400000e+03	2.997166e+06	1.400000e+03	3.025170e+06	1.400000e+03	3.012182e+06	1.400000e+03	3.020089e+06	1.400000e+03	3.021168e+06	1.400000e+03	3.015751e+06	1.400000e+03	3.020252e+06	1.400000e+03	3.010992e+06	1.400000e+03	3.043423e+06	1.400000e+03	3.024695e+06	1.400000e+03	3.016565e+06	1.400000e+03	3.051636e+06	1.400000e+03	3.041425e+06	1.400000e+03	3.037202e+06	1.400000e+03	3.038363e+06	1.400000e+03	3.038064e+06	1.400000e+03	3.050055e+06	1.400000e+03	3.041533e+06	1.400000e+03	3.044487e+06	1.400000e+03	3.046337e+06	1.400000e+03	3.057149e+06	1.400000e+03	3.046886e+06	1.400000e+03	3.075873e+06	1.400000e+03	3.066650e+06	1.400000e+03	3.069223e+06	1.400000e+03	3.074030e+06	1.400000e+03	3.072183e+06	1.400000e+03	3.068303e+06	1.400000e+03	3.078026e+06	1.400000e+03	3.058188e+06	1.400000e+03	3.074209e+06	1.400000e+03	3.077659e+06	1.400000e+03	3.090769e+06	1.400000e+03	3.085165e+06	1.400000e+03	3.089455e+06	1.400000e+03	3.083776e+06	1.400000e+03	3.088622e+06	1.400000e+03	3.081469e+06	1.400000e+03	3.074978e+06	1.400000e+03	3.057959e+06	1.400000e+03	3.084674e+06	1.400000e+03	3.096221e+06	1.400000e+03	3.085339e+06	1.400000e+03	3.078288e+06	1.400000e+03	3.091536e+06	1.400000e+03	3.099728e+06	1.400000e+03	3.087007e+06	1.400000e+03	3.095098e+06	1.400000e+03	3.097537e+06	1.400000e+03	3.104856e+06	1.400000e+03	3.108380e+06	1.400000e+03	3.108915e+06	1.400000e+03	3.102665e+06	1.400000e+03	3.102026e+06	1.400000e+03	3.083986e+06	1.400000e+03	3.087417e+06	1.400000e+03	3.113002e+06	1.400000e+03	3.106670e+06	1.400000e+03	3.117787e+06	1.400000e+03	3.101379e+06	1.400000e+03	3.098900e+06	1.400000e+03	3.101341e+06	1.400000e+03	3.121596e+06	1.400000e+03	3.103812e+06	1.400000e+03	3.099861e+06	1.400000e+03	3.135063e+06	1.400000e+03	3.134736e+06	1.400000e+03	3.118227e+06	1.400000e+03	3.137461e+06	1.400000e+03	3.119158e+06	1.400000e+03	3.110747e+06	1.400000e+03	3.132180e+06	1.400000e+03	3.108646e+06	1.400000e+03	3.109251e+06	1.400000e+03	3.144146e+06	1.400000e+03	3.157368e+06	1.400000e+03	3.124973e+06	1.400000e+03	3.115608e+06	1.400000e+03	3.108379e+06	1.400000e+03	3.110370e+06	1.400000e+03	3.108883e+06	1.400000e+03	3.116851e+06	1.400000e+03	3.129168e+06	1.400000e+03	3.124223e+06	1.400000e+03	3.143346e+06	1.400000e+03	3.137968e+06	1.400000e+03	3.136665e+06	1.400000e+03	3.120777e+06	1.400000e+03	3.130751e+06	1.400000e+03	3.132482e+06	1.400000e+03	3.157029e+06	1.400000e+03	3.124048e+06	1.400000e+03	3.095409e+06	1.400000e+03	3.102125e+06	1.400000e+03	3.111602e+06	1.400000e+03	3.128810e+06	1.400000e+03	3.125528e+06	1.400000e+03	3.146273e+06	1.400000e+03	3.116006e+06	1.400000e+03	3.094191e+06	1.400000e+03	3.094986e+06	1.400000e+03	3.113840e+06	1.400000e+03	3.121438e+06	1.400000e+03	3.140479e+06	1.400000e+03	3.114506e+06	1.400000e+03	3.108972e+06	1.400000e+03	3.112443e+06	1.400000e+03	3.106456e+06	1.400000e+03	3.108946e+06	1.400000e+03	3.114681e+06	1.400000e+03	3.106358e+06	1.400000e+03	3.117590e+06	1.400000e+03	3.140767e+06	1.400000e+03	3.119446e+06	1.400000e+03	3.117995e+06	1.400000e+03	3.121484e+06	1.400000e+03	3.132910e+06	1.400000e+03	3.136946e+06	1.400000e+03	3.128185e+06	1.400000e+03	3.123284e+06	1.400000e+03	3.136812e+06	1.400000e+03	3.132390e+06	1.400000e+03	3.134567e+06	1.400000e+03	3.135775e+06	1.400000e+03	3.129295e+06	1.400000e+03	3.128002e+06	1.400000e+03	3.121182e+06	1.400000e+03	3.130774e+06	1.400000e+03	3.141329e+06	1.400000e+03	3.136468e+06	1.400000e+03	3.141428e+06	1.400000e+03	3.133944e+06	1.400000e+03	3.147769e+06	1.400000e+03	3.147076e+06	1.400000e+03	3.152946e+06	1.400000e+03	3.131486e+06	1.400000e+03	3.155490e+06	1.400000e+03	3.165351e+06	1.400000e+03	3.152602e+06	1.400000e+03	3.143576e+06	1.400000e+03	3.138120e+06	1.400000e+03	3.168795e+06	1.400000e+03	3.143071e+06	1.400000e+03	3.143283e+06	1.400000e+03	3.149090e+06	1.400000e+03	3.147116e+06	1.400000e+03	3.159874e+06	1.400000e+03	3.163877e+06	1.400000e+03	3.156098e+06	1.400000e+03	3.160785e+06	1.400000e+03	3.155930e+06	1.400000e+03	3.149866e+06	1.400000e+03	3.167668e+06	1.400000e+03	3.157192e+06	1.400000e+03	3.168287e+06	1.400000e+03	3.159093e+06	1.400000e+03	3.155858e+06	1.400000e+03	3.161922e+06	1.400000e+03	3.158287e+06	1.400000e+03	3.171075e+06	1.400000e+03	3.162049e+06	1.400000e+03	3.169035e+06	1.400000e+03	3.153787e+06	1.400000e+03	3.164635e+06	1.400000e+03	3.170824e+06	1.400000e+03	3.170230e+06	1.400000e+03	3.173393e+06	1.400000e+03	3.155306e+06	1.400000e+03	3.173235e+06	1.400000e+03	3.155542e+06	1.400000e+03	3.147364e+06	1.400000e+03	3.155355e+06	1.400000e+03	3.163076e+06	1.400000e+03	3.167952e+06	1.400000e+03	3.156170e+06	1.400000e+03	3.156302e+06	1.400000e+03	3.150627e+06	1.400000e+03	3.143493e+06	1.400000e+03	3.150956e+06	1.400000e+03	3.148258e+06	1.400000e+03	3.160436e+06	1.400000e+03	3.160397e+06	1.400000e+03	3.148240e+06	1.400000e+03	3.139724e+06	1.400000e+03	3.161362e+06	1.400000e+03	3.139750e+06	1.400000e+03	3.177681e+06	1.400000e+03	3.155518e+06	1.400000e+03	3.148914e+06	1.400000e+03	3.147276e+06	1.400000e+03	3.168104e+06	1.400000e+03	3.152444e+06	1.400000e+03	3.160158e+06	1.400000e+03	3.153257e+06	1.400000e+03	3.165434e+06	1.400000e+03	3.154225e+06	1.400000e+03	3.176964e+06	1.400000e+03	3.144155e+06	1.400000e+03	3.169072e+06	1.400000e+03	3.155790e+06	1.400000e+03	3.165319e+06	1.400000e+03	3.141854e+06	1.400000e+03	3.144816e+06	1.400000e+03	3.155312e+06	1.400000e+03	3.164404e+06	1.400000e+03	3.162402e+06	1.400000e+03	3.153066e+06	1.400000e+03	3.163529e+06	1.400000e+03	3.145087e+06	1.400000e+03	3.159607e+06	1.400000e+03	3.156790e+06	1.400000e+03	3.159441e+06	1.400000e+03	3.172550e+06	1.400000e+03	3.160360e+06	1.400000e+03	3.162585e+06	1.400000e+03	3.159619e+06	1.400000e+03	3.147479e+06	1.400000e+03	3.154854e+06	1.400000e+03	3.164062e+06	1.400000e+03	3.141342e+06	1.400000e+03	3.187639e+06	1.400000e+03	3.150737e+06	1.400000e+03	3.163289e+06	1.400000e+03	3.133233e+06	1.400000e+03	3.158418e+06	1.400000e+03	3.161559e+06	1.400000e+03	3.158494e+06	1.400000e+03	3.174993e+06	1.400000e+03	3.180337e+06	1.400000e+03	3.174071e+06	1.400000e+03	3.186188e+06	1.400000e+03	3.167424e+06	1.400000e+03	3.159993e+06	1.400000e+03	3.147153e+06	1.400000e+03	3.170497e+06	1.400000e+03	3.180894e+06	1.400000e+03	3.187542e+06	1.400000e+03	3.178174e+06	1.400000e+03	3.164566e+06	1.400000e+03	3.169767e+06	1.400000e+03	3.183723e+06	1.400000e+03	3.186490e+06	1.400000e+03	3.178691e+06	1.400000e+03	3.166818e+06	1.400000e+03	3.177679e+06	1.400000e+03	3.171014e+06	1.400000e+03	3.182635e+06	1.400000e+03	3.178996e+06	1.400000e+03	3.181092e+06	1.400000e+03	3.174074e+06	1.400000e+03	3.177063e+06	1.400000e+03	3.174083e+06	1.400000e+03	3.179592e+06	1.400000e+03	3.184510e+06	1.400000e+03	3.201954e+06	1.400000e+03	3.183863e+06	1.400000e+03	3.184927e+06	1.400000e+03	3.184800e+06	1.400000e+03	3.170866e+06	1.400000e+03	3.167092e+06	1.400000e+03	3.169265e+06	1.400000e+03	3.191028e+06	1.400000e+03	3.196251e+06	1.400000e+03	3.201875e+06	1.400000e+03	3.193843e+06	1.400000e+03	3.185116e+06	1.400000e+03	3.197005e+06	1.400000e+03	3.179483e+06	1.400000e+03	3.184538e+06	1.400000e+03	3.190481e+06	1.400000e+03	3.175760e+06	1.400000e+03	3.195639e+06	1.400000e+03	3.187381e+06	1.400000e+03	3.195969e+06	1.400000e+03	3.190439e+06	1.400000e+03	3.200219e+06	1.400000e+03	3.199519e+06	1.400000e+03	3.198357e+06	1.400000e+03	3.202607e+06	1.400000e+03	3.178387e+06	1.400000e+03	3.179836e+06	1.400000e+03	3.193204e+06	1.400000e+03	3.165727e+06	1.400000e+03	3.196967e+06	1.400000e+03	3.182252e+06	1.400000e+03	3.180697e+06	1.400000e+03	3.186791e+06	1.400000e+03	3.207617e+06	1.400000e+03	3.198425e+06
1.405000e+03	3.102630e+06	1.405000e+03	3.093520e+06	1.405000e+03	3.081716e+06	1.405000e+03	3.060360e+06	1.405000e+03	3.060597e+06	1.405000e+03	3.061759e+06	1.405000e+03	3.048927e+06	1.405000e+03	3.024272e+06	1.405000e+03	3.044822e+06	1.405000e+03	3.033144e+06	1.405000e+03	3.030204e+06	1.405000e+03	3.039289e+06	1.405000e+03	3.009296e+06	1.405000e+03	3.042180e+06	1.405000e+03	3.048466e+06	1.405000e+03	3.012282e+06	1.405000e+03	3.053544e+06	1.405000e+03	3.044929e+06	1.405000e+03	3.011331e+06	1.405000e+03	3.013751e+06	1.405000e+03	3.034318e+06	1.405000e+03	3.037693e+06	1.405000e+03	3.045862e+06	1.405000e+03	3.015882e+06	1.405000e+03	3.013179e+06	1.405000e+03	3.008419e+06	1.405000e+03	3.032109e+06	1.405000e+03	3.000968e+06	1.405000e+03	3.021258e+06	1.405000e+03	3.020965e+06	1.405000e+03	3.009212e+06	1.405000e+03	3.019440e+06	1.405000e+03	3.008245e+06	1.405000e+03	3.040973e+06	1.405000e+03	3.021692e+06	1.405000e+03	3.022305e+06	1.405000e+03	3.047650e+06	1.405000e+03	3.033709e+06	1.405000e+03	3.037056e+06	1.405000e+03	3.043479e+06	1.405000e+03	3.043085e+06	1.405000e+03	3.052560e+06	1.405000e+03	3.040223e+06	1.405000e+03	3.050987e+06	1.405000e+03	3.043335e+06	1.405000e+03	3.059977e+06	1.405000e+03	3.051335e+06	1.405000e+03	3.084930e+06	1.405000e+03	3.066160e+06	1.405000e+03	3.080887e+06	1.405000e+03	3.079465e+06	1.405000e+03	3.071311e+06	1.405000e+03	3.072206e+06	1.405000e+03	3.072468e+06	1.405000e+03	3.058135e+06	1.405000e+03	3.072286e+06	1.405000e+03	3.090390e+06	1.405000e+03	3.097682e+06	1.405000e+03	3.077764e+06	1.405000e+03	3.095336e+06	1.405000e+03	3.081653e+06	1.405000e+03	3.093327e+06	1.405000e+03	3.084699e+06	1.405000e+03	3.077179e+06	1.405000e+03	3.061256e+06	1.405000e+03	3.088055e+06	1.405000e+03	3.087505e+06	1.405000e+03	3.074005e+06	1.405000e+03	3.080103e+06	1.405000e+03	3.094903e+06	1.405000e+03	3.098563e+06	1.405000e+03	3.095158e+06	1.405000e+03	3.097463e+06	1.405000e+03	3.113941e+06	1.405000e+03	3.109150e+06	1.405000e+03	3.114173e+06	1.405000e+03	3.113100e+06	1.405000e+03	3.091993e+06	1.405000e+03	3.104508e+06	1.405000e+03	3.088350e+06	1.405000e+03	3.082671e+06	1.405000e+03	3.109140e+06	1.405000e+03	3.110907e+06	1.405000e+03	3.115365e+06	1.405000e+03	3.102016e+06	1.405000e+03	3.097015e+06	1.405000e+03	3.102400e+06	1.405000e+03	3.120729e+06	1.405000e+03	3.102342e+06	1.405000e+03	3.099458e+06	1.405000e+03	3.114506e+06	1.405000e+03	3.132033e+06	1.405000e+03	3.125117e+06	1.405000e+03	3.138147e+06	1.405000e+03	3.120773e+06	1.405000e+03	3.111138e+06	1.405000e+03	3.129212e+06	1.405000e+03	3.121474e+06	1.405000e+03	3.104729e+06	1.405000e+03	3.131849e+06	1.405000e+03	3.157226e+06	1.405000e+03	3.129284e+06	1.405000e+03	3.122972e+06	1.405000e+03	3.109472e+06	1.405000e+03	3.108658e+06	1.405000e+03	3.112500e+06	1.405000e+03	3.122795e+06	1.405000e+03	3.135115e+06	1.405000e+03	3.124833e+06	1.405000e+03	3.128521e+06	1.405000e+03	3.133562e+06	1.405000e+03	3.135725e+06	1.405000e+03	3.120467e+06	1.405000e+03	3.133592e+06	1.405000e+03	3.133505e+06	1.405000e+03	3.163520e+06	1.405000e+03	3.125422e+06	1.405000e+03	3.102632e+06	1.405000e+03	3.101589e+06	1.405000e+03	3.107089e+06	1.405000e+03	3.124857e+06	1.405000e+03	3.122905e+06	1.405000e+03	3.138878e+06	1.405000e+03	3.116337e+06	1.405000e+03	3.094704e+06	1.405000e+03	3.090359e+06	1.405000e+03	3.116510e+06	1.405000e+03	3.114219e+06	1.405000e+03	3.148099e+06	1.405000e+03	3.119899e+06	1.405000e+03	3.108186e+06	1.405000e+03	3.113984e+06	1.405000e+03	3.103891e+06	1.405000e+03	3.108117e+06	1.405000e+03	3.117165e+06	1.405000e+03	3.106275e+06	1.405000e+03	3.114317e+06	1.405000e+03	3.145751e+06	1.405000e+03	3.124706e+06	1.405000e+03	3.120102e+06	1.405000e+03	3.126754e+06	1.405000e+03	3.131943e+06	1.405000e+03	3.140872e+06	1.405000e+03	3.124354e+06	1.405000e+03	3.131392e+06	1.405000e+03	3.134560e+06	1.405000e+03	3.129989e+06	1.405000e+03	3.131189e+06	1.405000e+03	3.132407e+06	1.405000e+03	3.120591e+06	1.405000e+03	3.123555e+06	1.405000e+03	3.123770e+06	1.405000e+03	3.132487e+06	1.405000e+03	3.133481e+06	1.405000e+03	3.139223e+06	1.405000e+03	3.142818e+06	1.405000e+03	3.132293e+06	1.405000e+03	3.146356e+06	1.405000e+03	3.145345e+06	1.405000e+03	3.149431e+06	1.405000e+03	3.145252e+06	1.405000e+03	3.154513e+06	1.405000e+03	3.170619e+06	1.405000e+03	3.141054e+06	1.405000e+03	3.138950e+06	1.405000e+03	3.142748e+06	1.405000e+03	3.152544e+06	1.405000e+03	3.135727e+06	1.405000e+03	3.146282e+06	1.405000e+03	3.144668e+06	1.405000e+03	3.150272e+06	1.405000e+03	3.154207e+06	1.405000e+03	3.151474e+06	1.405000e+03	3.152758e+06	1.405000e+03	3.163636e+06	1.405000e+03	3.146702e+06	1.405000e+03	3.148305e+06	1.405000e+03	3.165265e+06	1.405000e+03	3.166087e+06	1.405000e+03	3.170908e+06	1.405000e+03	3.173519e+06	1.405000e+03	3.158288e+06	1.405000e+03	3.157925e+06	1.405000e+03	3.167486e+06	1.405000e+03	3.170842e+06	1.405000e+03	3.159717e+06	1.405000e+03	3.160875e+06	1.405000e+03	3.162438e+06	1.405000e+03	3.168597e+06	1.405000e+03	3.171386e+06	1.405000e+03	3.173373e+06	1.405000e+03	3.171059e+06	1.405000e+03	3.161899e+06	1.405000e+03	3.172873e+06	1.405000e+03	3.150799e+06	1.405000e+03	3.147374e+06	1.405000e+03	3.145313e+06	1.405000e+03	3.162202e+06	1.405000e+03	3.167923e+06	1.405000e+03	3.156013e+06	1.405000e+03	3.154550e+06	1.405000e+03	3.152084e+06	1.405000e+03	3.144979e+06	1.405000e+03	3.150183e+06	1.405000e+03	3.146769e+06	1.405000e+03	3.151871e+06	1.405000e+03	3.161695e+06	1.405000e+03	3.157234e+06	1.405000e+03	3.138403e+06	1.405000e+03	3.158840e+06	1.405000e+03	3.146875e+06	1.405000e+03	3.167709e+06	1.405000e+03	3.153823e+06	1.405000e+03	3.152983e+06	1.405000e+03	3.145474e+06	1.405000e+03	3.160987e+06	1.405000e+03	3.157869e+06	1.405000e+03	3.161846e+06	1.405000e+03	3.154752e+06	1.405000e+03	3.165316e+06	1.405000e+03	3.164727e+06	1.405000e+03	3.175331e+06	1.405000e+03	3.144332e+06	1.405000e+03	3.162909e+06	1.405000e+03	3.150677e+06	1.405000e+03	3.162217e+06	1.405000e+03	3.146702e+06	1.405000e+03	3.142897e+06	1.405000e+03	3.160904e+06	1.405000e+03	3.175212e+06	1.405000e+03	3.153808e+06	1.405000e+03	3.153948e+06	1.405000e+03	3.161237e+06	1.405000e+03	3.144004e+06	1.405000e+03	3.162683e+06	1.405000e+03	3.160671e+06	1.405000e+03	3.155019e+06	1.405000e+03	3.175905e+06	1.405000e+03	3.168083e+06	1.405000e+03	3.172225e+06	1.405000e+03	3.159052e+06	1.405000e+03	3.142855e+06	1.405000e+03	3.150386e+06	1.405000e+03	3.163523e+06	1.405000e+03	3.146315e+06	1.405000e+03	3.184681e+06	1.405000e+03	3.156095e+06	1.405000e+03	3.163250e+06	1.405000e+03	3.140574e+06	1.405000e+03	3.149530e+06	1.405000e+03	3.153870e+06	1.405000e+03	3.158859e+06	1.405000e+03	3.166121e+06	1.405000e+03	3.178835e+06	1.405000e+03	3.172045e+06	1.405000e+03	3.183893e+06	1.405000e+03	3.164417e+06	1.405000e+03	3.159680e+06	1.405000e+03	3.154215e+06	1.405000e+03	3.169138e+06	1.405000e+03	3.185203e+06	1.405000e+03	3.183792e+06	1.405000e+03	3.179554e+06	1.405000e+03	3.160037e+06	1.405000e+03	3.168696e+06	1.405000e+03	3.186911e+06	1.405000e+03	3.179533e+06	1.405000e+03	3.177565e+06	1.405000e+03	3.169080e+06	1.405000e+03	3.171807e+06	1.405000e+03	3.159441e+06	1.405000e+03	3.185176e+06	1.405000e+03	3.172635e+06	1.405000e+03	3.180686e+06	1.405000e+03	3.167323e+06	1.405000e+03	3.174928e+06	1.405000e+03	3.166858e+06	1.405000e+03	3.175426e+06	1.405000e+03	3.184970e+06	1.405000e+03	3.204648e+06	1.405000e+03	3.189391e+06	1.405000e+03	3.180337e+06	1.405000e+03	3.187337e+06	1.405000e+03	3.166009e+06	1.405000e+03	3.178565e+06	1.405000e+03	3.170216e+06	1.405000e+03	3.190654e+06	1.405000e+03	3.196660e+06	1.405000e+03	3.199725e+06	1.405000e+03	3.187607e+06	1.405000e+03	3.196171e+06	1.405000e+03	3.199068e+06	1.405000e+03	3.179743e+06	1.405000e+03	3.187751e+06	1.405000e+03	3.192002e+06	1.405000e+03	3.174549e+06	1.405000e+03	3.185056e+06	1.405000e+03	3.183501e+06	1.405000e+03	3.206430e+06	1.405000e+03	3.190400e+06	1.405000e+03	3.195924e+06	1.405000e+03	3.196419e+06	1.405000e+03	3.196496e+06	1.405000e+03	3.192702e+06	1.405000e+03	3.174794e+06	1.405000e+03	3.184446e+06	1.405000e+03	3.191811e+06	1.405000e+03	3.169997e+06	1.405000e+03	3.197114e+06	1.405000e+03	3.190007e+06	1.405000e+03	3.175954e+06	1.405000e+03	3.187289e+06	1.405000e+03	3.212608e+06	1.405000e+03	3.201371e+06
1.410000e+03	3.089754e+06	1.410000e+03	3.089217e+06	1.410000e+03	3.081309e+06	1.410000e+03	3.063215e+06	1.410000e+03	3.068875e+06	1.410000e+03	3.059309e+06	1.410000e+03	3.045097e+06	1.410000e+03	3.028491e+06	1.410000e+03	3.050339e+06	1.410000e+03	3.035358e+06	1.410000e+03	3.022547e+06	1.410000e+03	3.028201e+06	1.410000e+03	3.017637e+06	1.410000e+03	3.047969e+06	1.410000e+03	3.048566e+06	1.410000e+03	3.008032e+06	1.410000e+03	3.051762e+06	1.410000e+03	3.035467e+06	1.410000e+03	3.015803e+06	1.410000e+03	3.018756e+06	1.410000e+03	3.034901e+06	1.410000e+03	3.038894e+06	1.410000e+03	3.046746e+06	1.410000e+03	3.017344e+06	1.410000e+03	3.025544e+06	1.410000e+03	3.009332e+06	1.410000e+03	3.024024e+06	1.410000e+03	3.001897e+06	1.410000e+03	3.012685e+06	1.410000e+03	3.024144e+06	1.410000e+03	3.015486e+06	1.410000e+03	3.019203e+06	1.410000e+03	3.004001e+06	1.410000e+03	3.040949e+06	1.410000e+03	3.013106e+06	1.410000e+03	3.019459e+06	1.410000e+03	3.055432e+06	1.410000e+03	3.029539e+06	1.410000e+03	3.034494e+06	1.410000e+03	3.045366e+06	1.410000e+03	3.038300e+06	1.410000e+03	3.050383e+06	1.410000e+03	3.044126e+06	1.410000e+03	3.059254e+06	1.410000e+03	3.045038e+06	1.410000e+03	3.072281e+06	1.410000e+03	3.048367e+06	1.410000e+03	3.079211e+06	1.410000e+03	3.068739e+06	1.410000e+03	3.084125e+06	1.410000e+03	3.080966e+06	1.410000e+03	3.064882e+06	1.410000e+03	3.071058e+06	1.410000e+03	3.075076e+06	1.410000e+03	3.059695e+06	1.410000e+03	3.077493e+06	1.410000e+03	3.085324e+06	1.410000e+03	3.109015e+06	1.410000e+03	3.082837e+06	1.410000e+03	3.097292e+06	1.410000e+03	3.085527e+06	1.410000e+03	3.102433e+06	1.410000e+03	3.082163e+06	1.410000e+03	3.073955e+06	1.410000e+03	3.057244e+06	1.410000e+03	3.084052e+06	1.410000e+03	3.095966e+06	1.410000e+03	3.071900e+06	1.410000e+03	3.085018e+06	1.410000e+03	3.096496e+06	1.410000e+03	3.104474e+06	1.410000e+03	3.092688e+06	1.410000e+03	3.101868e+06	1.410000e+03	3.110612e+06	1.410000e+03	3.107109e+06	1.410000e+03	3.119674e+06	1.410000e+03	3.115600e+06	1.410000e+03	3.097072e+06	1.410000e+03	3.111129e+06	1.410000e+03	3.088616e+06	1.410000e+03	3.085158e+06	1.410000e+03	3.115777e+06	1.410000e+03	3.105252e+06	1.410000e+03	3.111864e+06	1.410000e+03	3.095541e+06	1.410000e+03	3.091108e+06	1.410000e+03	3.107501e+06	1.410000e+03	3.119915e+06	1.410000e+03	3.094982e+06	1.410000e+03	3.103793e+06	1.410000e+03	3.111079e+06	1.410000e+03	3.123947e+06	1.410000e+03	3.120724e+06	1.410000e+03	3.130440e+06	1.410000e+03	3.116248e+06	1.410000e+03	3.115783e+06	1.410000e+03	3.134060e+06	1.410000e+03	3.114579e+06	1.410000e+03	3.111888e+06	1.410000e+03	3.130765e+06	1.410000e+03	3.158291e+06	1.410000e+03	3.125917e+06	1.410000e+03	3.132566e+06	1.410000e+03	3.113285e+06	1.410000e+03	3.114215e+06	1.410000e+03	3.120399e+06	1.410000e+03	3.121768e+06	1.410000e+03	3.132875e+06	1.410000e+03	3.121404e+06	1.410000e+03	3.120693e+06	1.410000e+03	3.126982e+06	1.410000e+03	3.133649e+06	1.410000e+03	3.134427e+06	1.410000e+03	3.128896e+06	1.410000e+03	3.134010e+06	1.410000e+03	3.154858e+06	1.410000e+03	3.126452e+06	1.410000e+03	3.104129e+06	1.410000e+03	3.100097e+06	1.410000e+03	3.113943e+06	1.410000e+03	3.127746e+06	1.410000e+03	3.129803e+06	1.410000e+03	3.135487e+06	1.410000e+03	3.113640e+06	1.410000e+03	3.097564e+06	1.410000e+03	3.097229e+06	1.410000e+03	3.111070e+06	1.410000e+03	3.115385e+06	1.410000e+03	3.141548e+06	1.410000e+03	3.112049e+06	1.410000e+03	3.107263e+06	1.410000e+03	3.112685e+06	1.410000e+03	3.101838e+06	1.410000e+03	3.104239e+06	1.410000e+03	3.120535e+06	1.410000e+03	3.111089e+06	1.410000e+03	3.117663e+06	1.410000e+03	3.142310e+06	1.410000e+03	3.128630e+06	1.410000e+03	3.116671e+06	1.410000e+03	3.128248e+06	1.410000e+03	3.128292e+06	1.410000e+03	3.141773e+06	1.410000e+03	3.121551e+06	1.410000e+03	3.135501e+06	1.410000e+03	3.131816e+06	1.410000e+03	3.128375e+06	1.410000e+03	3.134576e+06	1.410000e+03	3.127147e+06	1.410000e+03	3.128907e+06	1.410000e+03	3.126621e+06	1.410000e+03	3.134527e+06	1.410000e+03	3.130745e+06	1.410000e+03	3.132214e+06	1.410000e+03	3.142645e+06	1.410000e+03	3.141052e+06	1.410000e+03	3.135171e+06	1.410000e+03	3.149972e+06	1.410000e+03	3.139197e+06	1.410000e+03	3.150147e+06	1.410000e+03	3.134336e+06	1.410000e+03	3.154684e+06	1.410000e+03	3.174400e+06	1.410000e+03	3.138792e+06	1.410000e+03	3.145040e+06	1.410000e+03	3.140549e+06	1.410000e+03	3.156958e+06	1.410000e+03	3.146901e+06	1.410000e+03	3.143466e+06	1.410000e+03	3.144590e+06	1.410000e+03	3.155554e+06	1.410000e+03	3.154398e+06	1.410000e+03	3.144362e+06	1.410000e+03	3.156046e+06	1.410000e+03	3.156926e+06	1.410000e+03	3.157762e+06	1.410000e+03	3.146339e+06	1.410000e+03	3.161144e+06	1.410000e+03	3.169480e+06	1.410000e+03	3.176273e+06	1.410000e+03	3.161198e+06	1.410000e+03	3.155426e+06	1.410000e+03	3.159174e+06	1.410000e+03	3.170226e+06	1.410000e+03	3.175329e+06	1.410000e+03	3.163352e+06	1.410000e+03	3.159446e+06	1.410000e+03	3.174075e+06	1.410000e+03	3.173173e+06	1.410000e+03	3.179346e+06	1.410000e+03	3.163416e+06	1.410000e+03	3.165400e+06	1.410000e+03	3.158870e+06	1.410000e+03	3.164009e+06	1.410000e+03	3.158730e+06	1.410000e+03	3.148511e+06	1.410000e+03	3.147751e+06	1.410000e+03	3.164804e+06	1.410000e+03	3.172877e+06	1.410000e+03	3.152513e+06	1.410000e+03	3.156703e+06	1.410000e+03	3.149335e+06	1.410000e+03	3.156815e+06	1.410000e+03	3.173012e+06	1.410000e+03	3.143610e+06	1.410000e+03	3.156285e+06	1.410000e+03	3.166292e+06	1.410000e+03	3.149463e+06	1.410000e+03	3.139012e+06	1.410000e+03	3.163445e+06	1.410000e+03	3.148089e+06	1.410000e+03	3.178666e+06	1.410000e+03	3.145002e+06	1.410000e+03	3.152442e+06	1.410000e+03	3.147373e+06	1.410000e+03	3.162535e+06	1.410000e+03	3.154960e+06	1.410000e+03	3.168166e+06	1.410000e+03	3.167191e+06	1.410000e+03	3.160844e+06	1.410000e+03	3.156343e+06	1.410000e+03	3.177320e+06	1.410000e+03	3.147478e+06	1.410000e+03	3.155867e+06	1.410000e+03	3.153271e+06	1.410000e+03	3.161543e+06	1.410000e+03	3.143571e+06	1.410000e+03	3.151066e+06	1.410000e+03	3.162095e+06	1.410000e+03	3.181871e+06	1.410000e+03	3.150743e+06	1.410000e+03	3.154066e+06	1.410000e+03	3.163895e+06	1.410000e+03	3.139692e+06	1.410000e+03	3.168892e+06	1.410000e+03	3.156271e+06	1.410000e+03	3.169381e+06	1.410000e+03	3.176308e+06	1.410000e+03	3.162520e+06	1.410000e+03	3.169347e+06	1.410000e+03	3.157109e+06	1.410000e+03	3.150854e+06	1.410000e+03	3.147773e+06	1.410000e+03	3.164131e+06	1.410000e+03	3.140694e+06	1.410000e+03	3.170021e+06	1.410000e+03	3.146395e+06	1.410000e+03	3.161046e+06	1.410000e+03	3.139313e+06	1.410000e+03	3.153470e+06	1.410000e+03	3.158206e+06	1.410000e+03	3.158969e+06	1.410000e+03	3.170709e+06	1.410000e+03	3.179702e+06	1.410000e+03	3.173372e+06	1.410000e+03	3.179836e+06	1.410000e+03	3.166278e+06	1.410000e+03	3.158732e+06	1.410000e+03	3.148057e+06	1.410000e+03	3.165497e+06	1.410000e+03	3.178109e+06	1.410000e+03	3.182362e+06	1.410000e+03	3.180188e+06	1.410000e+03	3.161894e+06	1.410000e+03	3.170826e+06	1.410000e+03	3.188435e+06	1.410000e+03	3.183521e+06	1.410000e+03	3.178092e+06	1.410000e+03	3.169838e+06	1.410000e+03	3.168353e+06	1.410000e+03	3.158025e+06	1.410000e+03	3.180118e+06	1.410000e+03	3.167795e+06	1.410000e+03	3.180327e+06	1.410000e+03	3.175647e+06	1.410000e+03	3.183467e+06	1.410000e+03	3.171836e+06	1.410000e+03	3.175878e+06	1.410000e+03	3.177299e+06	1.410000e+03	3.190956e+06	1.410000e+03	3.183997e+06	1.410000e+03	3.178045e+06	1.410000e+03	3.184779e+06	1.410000e+03	3.168928e+06	1.410000e+03	3.175719e+06	1.410000e+03	3.166316e+06	1.410000e+03	3.191606e+06	1.410000e+03	3.198495e+06	1.410000e+03	3.204212e+06	1.410000e+03	3.190908e+06	1.410000e+03	3.197430e+06	1.410000e+03	3.199472e+06	1.410000e+03	3.179423e+06	1.410000e+03	3.193681e+06	1.410000e+03	3.194475e+06	1.410000e+03	3.171109e+06	1.410000e+03	3.185443e+06	1.410000e+03	3.185069e+06	1.410000e+03	3.208273e+06	1.410000e+03	3.200974e+06	1.410000e+03	3.193655e+06	1.410000e+03	3.200324e+06	1.410000e+03	3.191867e+06	1.410000e+03	3.197013e+06	1.410000e+03	3.178463e+06	1.410000e+03	3.187636e+06	1.410000e+03	3.191650e+06	1.410000e+03	3.170816e+06	1.410000e+03	3.192169e+06	1.410000e+03	3.176357e+06	1.410000e+03	3.172737e+06	1.410000e+03	3.187967e+06	1.410000e+03	3.198471e+06	1.410000e+03	3.198316e+06
1.415000e+03	3.104547e+06	1.415000e+03	3.089810e+06	1.415000e+03	3.079669e+06	1.415000e+03	3.073277e+06	1.415000e+03	3.059916e+06	1.415000e+03	3.054052e+06	1.415000e+03	3.043128e+06	1.415000e+03	3.030854e+06	1.415000e+03	3.058525e+06	1.415000e+03	3.025648e+06	1.415000e+03	3.022898e+06	1.415000e+03	3.024484e+06	1.415000e+03	3.011719e+06	1.415000e+03	3.051472e+06	1.415000e+03	3.051748e+06	1.415000e+03	3.004241e+06	1.415000e+03	3.054471e+06	1.415000e+03	3.034326e+06	1.415000e+03	3.019449e+06	1.415000e+03	3.012574e+06	1.415000e+03	3.028195e+06	1.415000e+03	3.044688e+06	1.415000e+03	3.038017e+06	1.415000e+03	3.014564e+06	1.415000e+03	3.019315e+06	1.415000e+03	3.009667e+06	1.415000e+03	3.029330e+06	1.415000e+03	3.003784e+06	1.415000e+03	3.012398e+06	1.415000e+03	3.026774e+06	1.415000e+03	3.014593e+06	1.415000e+03	3.023885e+06	1.415000e+03	3.011555e+06	1.415000e+03	3.039872e+06	1.415000e+03	3.012891e+06	1.415000e+03	3.024373e+06	1.415000e+03	3.047165e+06	1.415000e+03	3.038125e+06	1.415000e+03	3.038837e+06	1.415000e+03	3.045276e+06	1.415000e+03	3.036345e+06	1.415000e+03	3.050566e+06	1.415000e+03	3.046163e+06	1.415000e+03	3.053367e+06	1.415000e+03	3.051662e+06	1.415000e+03	3.064563e+06	1.415000e+03	3.045225e+06	1.415000e+03	3.064291e+06	1.415000e+03	3.075912e+06	1.415000e+03	3.070593e+06	1.415000e+03	3.077207e+06	1.415000e+03	3.061476e+06	1.415000e+03	3.074355e+06	1.415000e+03	3.085505e+06	1.415000e+03	3.059036e+06	1.415000e+03	3.075985e+06	1.415000e+03	3.078696e+06	1.415000e+03	3.089528e+06	1.415000e+03	3.092044e+06	1.415000e+03	3.093759e+06	1.415000e+03	3.085946e+06	1.415000e+03	3.097750e+06	1.415000e+03	3.089582e+06	1.415000e+03	3.077397e+06	1.415000e+03	3.063471e+06	1.415000e+03	3.088361e+06	1.415000e+03	3.092397e+06	1.415000e+03	3.074492e+06	1.415000e+03	3.084962e+06	1.415000e+03	3.101114e+06	1.415000e+03	3.107435e+06	1.415000e+03	3.090523e+06	1.415000e+03	3.106078e+06	1.415000e+03	3.118459e+06	1.415000e+03	3.110588e+06	1.415000e+03	3.115831e+06	1.415000e+03	3.112155e+06	1.415000e+03	3.091402e+06	1.415000e+03	3.100171e+06	1.415000e+03	3.087095e+06	1.415000e+03	3.086590e+06	1.415000e+03	3.122012e+06	1.415000e+03	3.111301e+06	1.415000e+03	3.117580e+06	1.415000e+03	3.094493e+06	1.415000e+03	3.097410e+06	1.415000e+03	3.105294e+06	1.415000e+03	3.110821e+06	1.415000e+03	3.103031e+06	1.415000e+03	3.099336e+06	1.415000e+03	3.120231e+06	1.415000e+03	3.125641e+06	1.415000e+03	3.120727e+06	1.415000e+03	3.131252e+06	1.415000e+03	3.117957e+06	1.415000e+03	3.121211e+06	1.415000e+03	3.129801e+06	1.415000e+03	3.113122e+06	1.415000e+03	3.113886e+06	1.415000e+03	3.131118e+06	1.415000e+03	3.156109e+06	1.415000e+03	3.130514e+06	1.415000e+03	3.124836e+06	1.415000e+03	3.114159e+06	1.415000e+03	3.114705e+06	1.415000e+03	3.124133e+06	1.415000e+03	3.107804e+06	1.415000e+03	3.129362e+06	1.415000e+03	3.126347e+06	1.415000e+03	3.126881e+06	1.415000e+03	3.125810e+06	1.415000e+03	3.134740e+06	1.415000e+03	3.138959e+06	1.415000e+03	3.134265e+06	1.415000e+03	3.140820e+06	1.415000e+03	3.150982e+06	1.415000e+03	3.129705e+06	1.415000e+03	3.104324e+06	1.415000e+03	3.094445e+06	1.415000e+03	3.115831e+06	1.415000e+03	3.131822e+06	1.415000e+03	3.125868e+06	1.415000e+03	3.134135e+06	1.415000e+03	3.116135e+06	1.415000e+03	3.105882e+06	1.415000e+03	3.096073e+06	1.415000e+03	3.112627e+06	1.415000e+03	3.116654e+06	1.415000e+03	3.145236e+06	1.415000e+03	3.109372e+06	1.415000e+03	3.102810e+06	1.415000e+03	3.118022e+06	1.415000e+03	3.109622e+06	1.415000e+03	3.107176e+06	1.415000e+03	3.112077e+06	1.415000e+03	3.112717e+06	1.415000e+03	3.119225e+06	1.415000e+03	3.136460e+06	1.415000e+03	3.128324e+06	1.415000e+03	3.126449e+06	1.415000e+03	3.133227e+06	1.415000e+03	3.134419e+06	1.415000e+03	3.145377e+06	1.415000e+03	3.126634e+06	1.415000e+03	3.137755e+06	1.415000e+03	3.129692e+06	1.415000e+03	3.129329e+06	1.415000e+03	3.139316e+06	1.415000e+03	3.119080e+06	1.415000e+03	3.136647e+06	1.415000e+03	3.123091e+06	1.415000e+03	3.124683e+06	1.415000e+03	3.129891e+06	1.415000e+03	3.131662e+06	1.415000e+03	3.147587e+06	1.415000e+03	3.142173e+06	1.415000e+03	3.129460e+06	1.415000e+03	3.143497e+06	1.415000e+03	3.151852e+06	1.415000e+03	3.152939e+06	1.415000e+03	3.124792e+06	1.415000e+03	3.146472e+06	1.415000e+03	3.180234e+06	1.415000e+03	3.143271e+06	1.415000e+03	3.139202e+06	1.415000e+03	3.137464e+06	1.415000e+03	3.157269e+06	1.415000e+03	3.144226e+06	1.415000e+03	3.148390e+06	1.415000e+03	3.147918e+06	1.415000e+03	3.154811e+06	1.415000e+03	3.160065e+06	1.415000e+03	3.149379e+06	1.415000e+03	3.157611e+06	1.415000e+03	3.153999e+06	1.415000e+03	3.154302e+06	1.415000e+03	3.143276e+06	1.415000e+03	3.154671e+06	1.415000e+03	3.171476e+06	1.415000e+03	3.173831e+06	1.415000e+03	3.159666e+06	1.415000e+03	3.151217e+06	1.415000e+03	3.151372e+06	1.415000e+03	3.168789e+06	1.415000e+03	3.175886e+06	1.415000e+03	3.168784e+06	1.415000e+03	3.161017e+06	1.415000e+03	3.176396e+06	1.415000e+03	3.173926e+06	1.415000e+03	3.177926e+06	1.415000e+03	3.151772e+06	1.415000e+03	3.173596e+06	1.415000e+03	3.159534e+06	1.415000e+03	3.165795e+06	1.415000e+03	3.154634e+06	1.415000e+03	3.146709e+06	1.415000e+03	3.144010e+06	1.415000e+03	3.170532e+06	1.415000e+03	3.170667e+06	1.415000e+03	3.153237e+06	1.415000e+03	3.153993e+06	1.415000e+03	3.154264e+06	1.415000e+03	3.156688e+06	1.415000e+03	3.173110e+06	1.415000e+03	3.144829e+06	1.415000e+03	3.156273e+06	1.415000e+03	3.162565e+06	1.415000e+03	3.146824e+06	1.415000e+03	3.137689e+06	1.415000e+03	3.155973e+06	1.415000e+03	3.152122e+06	1.415000e+03	3.169511e+06	1.415000e+03	3.153787e+06	1.415000e+03	3.151681e+06	1.415000e+03	3.151020e+06	1.415000e+03	3.157483e+06	1.415000e+03	3.149709e+06	1.415000e+03	3.166645e+06	1.415000e+03	3.179249e+06	1.415000e+03	3.162600e+06	1.415000e+03	3.164895e+06	1.415000e+03	3.173487e+06	1.415000e+03	3.155004e+06	1.415000e+03	3.155337e+06	1.415000e+03	3.154582e+06	1.415000e+03	3.162912e+06	1.415000e+03	3.140771e+06	1.415000e+03	3.147518e+06	1.415000e+03	3.155699e+06	1.415000e+03	3.171029e+06	1.415000e+03	3.149319e+06	1.415000e+03	3.153265e+06	1.415000e+03	3.163028e+06	1.415000e+03	3.147317e+06	1.415000e+03	3.166925e+06	1.415000e+03	3.160678e+06	1.415000e+03	3.165130e+06	1.415000e+03	3.177664e+06	1.415000e+03	3.158194e+06	1.415000e+03	3.167150e+06	1.415000e+03	3.165642e+06	1.415000e+03	3.153181e+06	1.415000e+03	3.150958e+06	1.415000e+03	3.164182e+06	1.415000e+03	3.139879e+06	1.415000e+03	3.170319e+06	1.415000e+03	3.140540e+06	1.415000e+03	3.159562e+06	1.415000e+03	3.153145e+06	1.415000e+03	3.167851e+06	1.415000e+03	3.153443e+06	1.415000e+03	3.161795e+06	1.415000e+03	3.169178e+06	1.415000e+03	3.180157e+06	1.415000e+03	3.167921e+06	1.415000e+03	3.173104e+06	1.415000e+03	3.165975e+06	1.415000e+03	3.158624e+06	1.415000e+03	3.148934e+06	1.415000e+03	3.172346e+06	1.415000e+03	3.180837e+06	1.415000e+03	3.187621e+06	1.415000e+03	3.171326e+06	1.415000e+03	3.165011e+06	1.415000e+03	3.172498e+06	1.415000e+03	3.185678e+06	1.415000e+03	3.181465e+06	1.415000e+03	3.171939e+06	1.415000e+03	3.179686e+06	1.415000e+03	3.175483e+06	1.415000e+03	3.166558e+06	1.415000e+03	3.180751e+06	1.415000e+03	3.165756e+06	1.415000e+03	3.180532e+06	1.415000e+03	3.176656e+06	1.415000e+03	3.174876e+06	1.415000e+03	3.169801e+06	1.415000e+03	3.165956e+06	1.415000e+03	3.180322e+06	1.415000e+03	3.185532e+06	1.415000e+03	3.186116e+06	1.415000e+03	3.171808e+06	1.415000e+03	3.188829e+06	1.415000e+03	3.175136e+06	1.415000e+03	3.175836e+06	1.415000e+03	3.171192e+06	1.415000e+03	3.182993e+06	1.415000e+03	3.198012e+06	1.415000e+03	3.202483e+06	1.415000e+03	3.186543e+06	1.415000e+03	3.199908e+06	1.415000e+03	3.193758e+06	1.415000e+03	3.182070e+06	1.415000e+03	3.193018e+06	1.415000e+03	3.192293e+06	1.415000e+03	3.174031e+06	1.415000e+03	3.187612e+06	1.415000e+03	3.181901e+06	1.415000e+03	3.216855e+06	1.415000e+03	3.202319e+06	1.415000e+03	3.196825e+06	1.415000e+03	3.197313e+06	1.415000e+03	3.193945e+06	1.415000e+03	3.195574e+06	1.415000e+03	3.174206e+06	1.415000e+03	3.188804e+06	1.415000e+03	3.187314e+06	1.415000e+03	3.169556e+06	1.415000e+03	3.197000e+06	1.415000e+03	3.178019e+06	1.415000e+03	3.178066e+06	1.415000e+03	3.188218e+06	1.415000e+03	3.199274e+06	1.415000e+03	3.189322e+06
1.420000e+03	3.102815e+06	1.420000e+03	3.089390e+06	1.420000e+03	3.076165e+06	1.420000e+03	3.075349e+06	1.420000e+03	3.066802e+06	1.420000e+03	3.047757e+06	1.420000e+03	3.051503e+06	1.420000e+03	3.029148e+06	1.420000e+03	3.051752e+06	1.420000e+03	3.030758e+06	1.420000e+03	3.028133e+06	1.420000e+03	3.031373e+06	1.420000e+03	3.009418e+06	1.420000e+03	3.045666e+06	1.420000e+03	3.042443e+06	1.420000e+03	3.001575e+06	1.420000e+03	3.051605e+06	1.420000e+03	3.037763e+06	1.420000e+03	3.019452e+06	1.420000e+03	3.016828e+06	1.420000e+03	3.028175e+06	1.420000e+03	3.041265e+06	1.420000e+03	3.028909e+06	1.420000e+03	3.012660e+06	1.420000e+03	3.018846e+06	1.420000e+03	3.005742e+06	1.420000e+03	3.029149e+06	1.420000e+03	3.005827e+06	1.420000e+03	3.015549e+06	1.420000e+03	3.030042e+06	1.420000e+03	3.021596e+06	1.420000e+03	3.038233e+06	1.420000e+03	3.008173e+06	1.420000e+03	3.049235e+06	1.420000e+03	3.009842e+06	1.420000e+03	3.028847e+06	1.420000e+03	3.052785e+06	1.420000e+03	3.044207e+06	1.420000e+03	3.032558e+06	1.420000e+03	3.041326e+06	1.420000e+03	3.038429e+06	1.420000e+03	3.047053e+06	1.420000e+03	3.046571e+06	1.420000e+03	3.054449e+06	1.420000e+03	3.047074e+06	1.420000e+03	3.066556e+06	1.420000e+03	3.053418e+06	1.420000e+03	3.066068e+06	1.420000e+03	3.068541e+06	1.420000e+03	3.058048e+06	1.420000e+03	3.084257e+06	1.420000e+03	3.075597e+06	1.420000e+03	3.078770e+06	1.420000e+03	3.081685e+06	1.420000e+03	3.071835e+06	1.420000e+03	3.082599e+06	1.420000e+03	3.076355e+06	1.420000e+03	3.094464e+06	1.420000e+03	3.092627e+06	1.420000e+03	3.092258e+06	1.420000e+03	3.087735e+06	1.420000e+03	3.098804e+06	1.420000e+03	3.084022e+06	1.420000e+03	3.078613e+06	1.420000e+03	3.054789e+06	1.420000e+03	3.081658e+06	1.420000e+03	3.088067e+06	1.420000e+03	3.077048e+06	1.420000e+03	3.081925e+06	1.420000e+03	3.106918e+06	1.420000e+03	3.096638e+06	1.420000e+03	3.093558e+06	1.420000e+03	3.109964e+06	1.420000e+03	3.113998e+06	1.420000e+03	3.110710e+06	1.420000e+03	3.133981e+06	1.420000e+03	3.114677e+06	1.420000e+03	3.093499e+06	1.420000e+03	3.101275e+06	1.420000e+03	3.084414e+06	1.420000e+03	3.087101e+06	1.420000e+03	3.116687e+06	1.420000e+03	3.107068e+06	1.420000e+03	3.118540e+06	1.420000e+03	3.094990e+06	1.420000e+03	3.096837e+06	1.420000e+03	3.095106e+06	1.420000e+03	3.117010e+06	1.420000e+03	3.095108e+06	1.420000e+03	3.099861e+06	1.420000e+03	3.120606e+06	1.420000e+03	3.132431e+06	1.420000e+03	3.129762e+06	1.420000e+03	3.127444e+06	1.420000e+03	3.113738e+06	1.420000e+03	3.119287e+06	1.420000e+03	3.126571e+06	1.420000e+03	3.124646e+06	1.420000e+03	3.104902e+06	1.420000e+03	3.129912e+06	1.420000e+03	3.149784e+06	1.420000e+03	3.125647e+06	1.420000e+03	3.134347e+06	1.420000e+03	3.100283e+06	1.420000e+03	3.113680e+06	1.420000e+03	3.111613e+06	1.420000e+03	3.121809e+06	1.420000e+03	3.128635e+06	1.420000e+03	3.130391e+06	1.420000e+03	3.117415e+06	1.420000e+03	3.131656e+06	1.420000e+03	3.137326e+06	1.420000e+03	3.139026e+06	1.420000e+03	3.131430e+06	1.420000e+03	3.141836e+06	1.420000e+03	3.155979e+06	1.420000e+03	3.129357e+06	1.420000e+03	3.108028e+06	1.420000e+03	3.090965e+06	1.420000e+03	3.117772e+06	1.420000e+03	3.128682e+06	1.420000e+03	3.129178e+06	1.420000e+03	3.124894e+06	1.420000e+03	3.112170e+06	1.420000e+03	3.103445e+06	1.420000e+03	3.091218e+06	1.420000e+03	3.116422e+06	1.420000e+03	3.122912e+06	1.420000e+03	3.154178e+06	1.420000e+03	3.107931e+06	1.420000e+03	3.114891e+06	1.420000e+03	3.112457e+06	1.420000e+03	3.104984e+06	1.420000e+03	3.111854e+06	1.420000e+03	3.115382e+06	1.420000e+03	3.102252e+06	1.420000e+03	3.124141e+06	1.420000e+03	3.131004e+06	1.420000e+03	3.134878e+06	1.420000e+03	3.127597e+06	1.420000e+03	3.135523e+06	1.420000e+03	3.128491e+06	1.420000e+03	3.137359e+06	1.420000e+03	3.127498e+06	1.420000e+03	3.137642e+06	1.420000e+03	3.126515e+06	1.420000e+03	3.133493e+06	1.420000e+03	3.139205e+06	1.420000e+03	3.131177e+06	1.420000e+03	3.139417e+06	1.420000e+03	3.125650e+06	1.420000e+03	3.136184e+06	1.420000e+03	3.134057e+06	1.420000e+03	3.133074e+06	1.420000e+03	3.138129e+06	1.420000e+03	3.149791e+06	1.420000e+03	3.131957e+06	1.420000e+03	3.143903e+06	1.420000e+03	3.149369e+06	1.420000e+03	3.161955e+06	1.420000e+03	3.128272e+06	1.420000e+03	3.153548e+06	1.420000e+03	3.162188e+06	1.420000e+03	3.154615e+06	1.420000e+03	3.143695e+06	1.420000e+03	3.143951e+06	1.420000e+03	3.161258e+06	1.420000e+03	3.149316e+06	1.420000e+03	3.148801e+06	1.420000e+03	3.154271e+06	1.420000e+03	3.165177e+06	1.420000e+03	3.156954e+06	1.420000e+03	3.150945e+06	1.420000e+03	3.153543e+06	1.420000e+03	3.151439e+06	1.420000e+03	3.159170e+06	1.420000e+03	3.149323e+06	1.420000e+03	3.153459e+06	1.420000e+03	3.163730e+06	1.420000e+03	3.166433e+06	1.420000e+03	3.164029e+06	1.420000e+03	3.147636e+06	1.420000e+03	3.151133e+06	1.420000e+03	3.163261e+06	1.420000e+03	3.175466e+06	1.420000e+03	3.181344e+06	1.420000e+03	3.150446e+06	1.420000e+03	3.184497e+06	1.420000e+03	3.173327e+06	1.420000e+03	3.178890e+06	1.420000e+03	3.167999e+06	1.420000e+03	3.172591e+06	1.420000e+03	3.166012e+06	1.420000e+03	3.159623e+06	1.420000e+03	3.155939e+06	1.420000e+03	3.149766e+06	1.420000e+03	3.149918e+06	1.420000e+03	3.167489e+06	1.420000e+03	3.172432e+06	1.420000e+03	3.150682e+06	1.420000e+03	3.158294e+06	1.420000e+03	3.152057e+06	1.420000e+03	3.153768e+06	1.420000e+03	3.166695e+06	1.420000e+03	3.144991e+06	1.420000e+03	3.151777e+06	1.420000e+03	3.160185e+06	1.420000e+03	3.147774e+06	1.420000e+03	3.147499e+06	1.420000e+03	3.156109e+06	1.420000e+03	3.150692e+06	1.420000e+03	3.169742e+06	1.420000e+03	3.153145e+06	1.420000e+03	3.147853e+06	1.420000e+03	3.147230e+06	1.420000e+03	3.155238e+06	1.420000e+03	3.156857e+06	1.420000e+03	3.160381e+06	1.420000e+03	3.183687e+06	1.420000e+03	3.164468e+06	1.420000e+03	3.161748e+06	1.420000e+03	3.180422e+06	1.420000e+03	3.156421e+06	1.420000e+03	3.158703e+06	1.420000e+03	3.153099e+06	1.420000e+03	3.166677e+06	1.420000e+03	3.141645e+06	1.420000e+03	3.141144e+06	1.420000e+03	3.159472e+06	1.420000e+03	3.167572e+06	1.420000e+03	3.152743e+06	1.420000e+03	3.165299e+06	1.420000e+03	3.164396e+06	1.420000e+03	3.147816e+06	1.420000e+03	3.164863e+06	1.420000e+03	3.162033e+06	1.420000e+03	3.158212e+06	1.420000e+03	3.172664e+06	1.420000e+03	3.162934e+06	1.420000e+03	3.163190e+06	1.420000e+03	3.161199e+06	1.420000e+03	3.146881e+06	1.420000e+03	3.153482e+06	1.420000e+03	3.162580e+06	1.420000e+03	3.138377e+06	1.420000e+03	3.168496e+06	1.420000e+03	3.140657e+06	1.420000e+03	3.167706e+06	1.420000e+03	3.138954e+06	1.420000e+03	3.167059e+06	1.420000e+03	3.157452e+06	1.420000e+03	3.164572e+06	1.420000e+03	3.170793e+06	1.420000e+03	3.179297e+06	1.420000e+03	3.169956e+06	1.420000e+03	3.170320e+06	1.420000e+03	3.170648e+06	1.420000e+03	3.162441e+06	1.420000e+03	3.151101e+06	1.420000e+03	3.173708e+06	1.420000e+03	3.175987e+06	1.420000e+03	3.194014e+06	1.420000e+03	3.172884e+06	1.420000e+03	3.166724e+06	1.420000e+03	3.170378e+06	1.420000e+03	3.187341e+06	1.420000e+03	3.185277e+06	1.420000e+03	3.175874e+06	1.420000e+03	3.177446e+06	1.420000e+03	3.177461e+06	1.420000e+03	3.168218e+06	1.420000e+03	3.178182e+06	1.420000e+03	3.167314e+06	1.420000e+03	3.177281e+06	1.420000e+03	3.172237e+06	1.420000e+03	3.175874e+06	1.420000e+03	3.172795e+06	1.420000e+03	3.171429e+06	1.420000e+03	3.174353e+06	1.420000e+03	3.185800e+06	1.420000e+03	3.190555e+06	1.420000e+03	3.179391e+06	1.420000e+03	3.184675e+06	1.420000e+03	3.164493e+06	1.420000e+03	3.166354e+06	1.420000e+03	3.168709e+06	1.420000e+03	3.182007e+06	1.420000e+03	3.199286e+06	1.420000e+03	3.203068e+06	1.420000e+03	3.187077e+06	1.420000e+03	3.190482e+06	1.420000e+03	3.194560e+06	1.420000e+03	3.184596e+06	1.420000e+03	3.189833e+06	1.420000e+03	3.203238e+06	1.420000e+03	3.180054e+06	1.420000e+03	3.186087e+06	1.420000e+03	3.186590e+06	1.420000e+03	3.216045e+06	1.420000e+03	3.208283e+06	1.420000e+03	3.198152e+06	1.420000e+03	3.203253e+06	1.420000e+03	3.193427e+06	1.420000e+03	3.191950e+06	1.420000e+03	3.180853e+06	1.420000e+03	3.191203e+06	1.420000e+03	3.190279e+06	1.420000e+03	3.177013e+06	1.420000e+03	3.196156e+06	1.420000e+03	3.181751e+06	1.420000e+03	3.180925e+06	1.420000e+03	3.188789e+06	1.420000e+03	3.198167e+06	1.420000e+03	3.193178e+06
1.425000e+03	3.098988e+06	1.425000e+03	3.089103e+06	1.425000e+03	3.087234e+06	1.425000e+03	3.073817e+06	1.425000e+03	3.065740e+06	1.425000e+03	3.051237e+06	1.425000e+03	3.044637e+06	1.425000e+03	3.049808e+06	1.425000e+03	3.036439e+06	1.425000e+03	3.029943e+06	1.425000e+03	3.032950e+06	1.425000e+03	3.030759e+06	1.425000e+03	3.011620e+06	1.425000e+03	3.026368e+06	1.425000e+03	3.050035e+06	1.425000e+03	3.005749e+06	1.425000e+03	3.044646e+06	1.425000e+03	3.035809e+06	1.425000e+03	3.022817e+06	1.425000e+03	3.010361e+06	1.425000e+03	3.029724e+06	1.425000e+03	3.034014e+06	1.425000e+03	3.039875e+06	1.425000e+03	3.011397e+06	1.425000e+03	3.014939e+06	1.425000e+03	2.999421e+06	1.425000e+03	3.012085e+06	1.425000e+03	3.011397e+06	1.425000e+03	3.009509e+06	1.425000e+03	3.025055e+06	1.425000e+03	3.009460e+06	1.425000e+03	3.046777e+06	1.425000e+03	3.014476e+06	1.425000e+03	3.051663e+06	1.425000e+03	3.013732e+06	1.425000e+03	3.026718e+06	1.425000e+03	3.051407e+06	1.425000e+03	3.034727e+06	1.425000e+03	3.037387e+06	1.425000e+03	3.050017e+06	1.425000e+03	3.048178e+06	1.425000e+03	3.045617e+06	1.425000e+03	3.055326e+06	1.425000e+03	3.051753e+06	1.425000e+03	3.050026e+06	1.425000e+03	3.062626e+06	1.425000e+03	3.059473e+06	1.425000e+03	3.061296e+06	1.425000e+03	3.069585e+06	1.425000e+03	3.056014e+06	1.425000e+03	3.091695e+06	1.425000e+03	3.065225e+06	1.425000e+03	3.079638e+06	1.425000e+03	3.081732e+06	1.425000e+03	3.071726e+06	1.425000e+03	3.081155e+06	1.425000e+03	3.079269e+06	1.425000e+03	3.092085e+06	1.425000e+03	3.089785e+06	1.425000e+03	3.109272e+06	1.425000e+03	3.080822e+06	1.425000e+03	3.096807e+06	1.425000e+03	3.089917e+06	1.425000e+03	3.079792e+06	1.425000e+03	3.055603e+06	1.425000e+03	3.081318e+06	1.425000e+03	3.095830e+06	1.425000e+03	3.072967e+06	1.425000e+03	3.083486e+06	1.425000e+03	3.098773e+06	1.425000e+03	3.098994e+06	1.425000e+03	3.095940e+06	1.425000e+03	3.110587e+06	1.425000e+03	3.105127e+06	1.425000e+03	3.114496e+06	1.425000e+03	3.111846e+06	1.425000e+03	3.114198e+06	1.425000e+03	3.092856e+06	1.425000e+03	3.104937e+06	1.425000e+03	3.081658e+06	1.425000e+03	3.101583e+06	1.425000e+03	3.111270e+06	1.425000e+03	3.102921e+06	1.425000e+03	3.125039e+06	1.425000e+03	3.095353e+06	1.425000e+03	3.093218e+06	1.425000e+03	3.097635e+06	1.425000e+03	3.125381e+06	1.425000e+03	3.104266e+06	1.425000e+03	3.103931e+06	1.425000e+03	3.122445e+06	1.425000e+03	3.131075e+06	1.425000e+03	3.121797e+06	1.425000e+03	3.127737e+06	1.425000e+03	3.109083e+06	1.425000e+03	3.119227e+06	1.425000e+03	3.127433e+06	1.425000e+03	3.117065e+06	1.425000e+03	3.101918e+06	1.425000e+03	3.151047e+06	1.425000e+03	3.154169e+06	1.425000e+03	3.132505e+06	1.425000e+03	3.136019e+06	1.425000e+03	3.109233e+06	1.425000e+03	3.116988e+06	1.425000e+03	3.115942e+06	1.425000e+03	3.125046e+06	1.425000e+03	3.130843e+06	1.425000e+03	3.134114e+06	1.425000e+03	3.105880e+06	1.425000e+03	3.136948e+06	1.425000e+03	3.132753e+06	1.425000e+03	3.134481e+06	1.425000e+03	3.125474e+06	1.425000e+03	3.135133e+06	1.425000e+03	3.163910e+06	1.425000e+03	3.122938e+06	1.425000e+03	3.108140e+06	1.425000e+03	3.085231e+06	1.425000e+03	3.123167e+06	1.425000e+03	3.130447e+06	1.425000e+03	3.126737e+06	1.425000e+03	3.112166e+06	1.425000e+03	3.118146e+06	1.425000e+03	3.098042e+06	1.425000e+03	3.090006e+06	1.425000e+03	3.115789e+06	1.425000e+03	3.118451e+06	1.425000e+03	3.149181e+06	1.425000e+03	3.108246e+06	1.425000e+03	3.121605e+06	1.425000e+03	3.109013e+06	1.425000e+03	3.106553e+06	1.425000e+03	3.110955e+06	1.425000e+03	3.113898e+06	1.425000e+03	3.104202e+06	1.425000e+03	3.127925e+06	1.425000e+03	3.133885e+06	1.425000e+03	3.130077e+06	1.425000e+03	3.121058e+06	1.425000e+03	3.131195e+06	1.425000e+03	3.125300e+06	1.425000e+03	3.142660e+06	1.425000e+03	3.128700e+06	1.425000e+03	3.133890e+06	1.425000e+03	3.133368e+06	1.425000e+03	3.126106e+06	1.425000e+03	3.147149e+06	1.425000e+03	3.120797e+06	1.425000e+03	3.125201e+06	1.425000e+03	3.135968e+06	1.425000e+03	3.134741e+06	1.425000e+03	3.135412e+06	1.425000e+03	3.139296e+06	1.425000e+03	3.141027e+06	1.425000e+03	3.143226e+06	1.425000e+03	3.125829e+06	1.425000e+03	3.141030e+06	1.425000e+03	3.144792e+06	1.425000e+03	3.163291e+06	1.425000e+03	3.138133e+06	1.425000e+03	3.150579e+06	1.425000e+03	3.163963e+06	1.425000e+03	3.149848e+06	1.425000e+03	3.152272e+06	1.425000e+03	3.142189e+06	1.425000e+03	3.153722e+06	1.425000e+03	3.152816e+06	1.425000e+03	3.147169e+06	1.425000e+03	3.152837e+06	1.425000e+03	3.163136e+06	1.425000e+03	3.153716e+06	1.425000e+03	3.167079e+06	1.425000e+03	3.156691e+06	1.425000e+03	3.146971e+06	1.425000e+03	3.150819e+06	1.425000e+03	3.152692e+06	1.425000e+03	3.161273e+06	1.425000e+03	3.178123e+06	1.425000e+03	3.168286e+06	1.425000e+03	3.158856e+06	1.425000e+03	3.153417e+06	1.425000e+03	3.146542e+06	1.425000e+03	3.166126e+06	1.425000e+03	3.173938e+06	1.425000e+03	3.175241e+06	1.425000e+03	3.149876e+06	1.425000e+03	3.188960e+06	1.425000e+03	3.177467e+06	1.425000e+03	3.180597e+06	1.425000e+03	3.159142e+06	1.425000e+03	3.181210e+06	1.425000e+03	3.165383e+06	1.425000e+03	3.158105e+06	1.425000e+03	3.154614e+06	1.425000e+03	3.146392e+06	1.425000e+03	3.150971e+06	1.425000e+03	3.170890e+06	1.425000e+03	3.176999e+06	1.425000e+03	3.152287e+06	1.425000e+03	3.161101e+06	1.425000e+03	3.151121e+06	1.425000e+03	3.156672e+06	1.425000e+03	3.169381e+06	1.425000e+03	3.149455e+06	1.425000e+03	3.160354e+06	1.425000e+03	3.153105e+06	1.425000e+03	3.143525e+06	1.425000e+03	3.138287e+06	1.425000e+03	3.155892e+06	1.425000e+03	3.143021e+06	1.425000e+03	3.169837e+06	1.425000e+03	3.151948e+06	1.425000e+03	3.151747e+06	1.425000e+03	3.147580e+06	1.425000e+03	3.158463e+06	1.425000e+03	3.158039e+06	1.425000e+03	3.162008e+06	1.425000e+03	3.172458e+06	1.425000e+03	3.161514e+06	1.425000e+03	3.155186e+06	1.425000e+03	3.185100e+06	1.425000e+03	3.163351e+06	1.425000e+03	3.161798e+06	1.425000e+03	3.151259e+06	1.425000e+03	3.161929e+06	1.425000e+03	3.148779e+06	1.425000e+03	3.139646e+06	1.425000e+03	3.162619e+06	1.425000e+03	3.168161e+06	1.425000e+03	3.151211e+06	1.425000e+03	3.166790e+06	1.425000e+03	3.167550e+06	1.425000e+03	3.154307e+06	1.425000e+03	3.167639e+06	1.425000e+03	3.154818e+06	1.425000e+03	3.159443e+06	1.425000e+03	3.173311e+06	1.425000e+03	3.162104e+06	1.425000e+03	3.166849e+06	1.425000e+03	3.164317e+06	1.425000e+03	3.145049e+06	1.425000e+03	3.154186e+06	1.425000e+03	3.160865e+06	1.425000e+03	3.137168e+06	1.425000e+03	3.158505e+06	1.425000e+03	3.144012e+06	1.425000e+03	3.158671e+06	1.425000e+03	3.146254e+06	1.425000e+03	3.162768e+06	1.425000e+03	3.158643e+06	1.425000e+03	3.165979e+06	1.425000e+03	3.167438e+06	1.425000e+03	3.179543e+06	1.425000e+03	3.173339e+06	1.425000e+03	3.166866e+06	1.425000e+03	3.165477e+06	1.425000e+03	3.164614e+06	1.425000e+03	3.153071e+06	1.425000e+03	3.171624e+06	1.425000e+03	3.175811e+06	1.425000e+03	3.182944e+06	1.425000e+03	3.173463e+06	1.425000e+03	3.166353e+06	1.425000e+03	3.173911e+06	1.425000e+03	3.186243e+06	1.425000e+03	3.183781e+06	1.425000e+03	3.179330e+06	1.425000e+03	3.175892e+06	1.425000e+03	3.172633e+06	1.425000e+03	3.167377e+06	1.425000e+03	3.178736e+06	1.425000e+03	3.169851e+06	1.425000e+03	3.174268e+06	1.425000e+03	3.168841e+06	1.425000e+03	3.174626e+06	1.425000e+03	3.179349e+06	1.425000e+03	3.167772e+06	1.425000e+03	3.180665e+06	1.425000e+03	3.188558e+06	1.425000e+03	3.186312e+06	1.425000e+03	3.180020e+06	1.425000e+03	3.189338e+06	1.425000e+03	3.170250e+06	1.425000e+03	3.166088e+06	1.425000e+03	3.191801e+06	1.425000e+03	3.197885e+06	1.425000e+03	3.192927e+06	1.425000e+03	3.204591e+06	1.425000e+03	3.191139e+06	1.425000e+03	3.189635e+06	1.425000e+03	3.192389e+06	1.425000e+03	3.189507e+06	1.425000e+03	3.191699e+06	1.425000e+03	3.207146e+06	1.425000e+03	3.181256e+06	1.425000e+03	3.179401e+06	1.425000e+03	3.188995e+06	1.425000e+03	3.216039e+06	1.425000e+03	3.185624e+06	1.425000e+03	3.194771e+06	1.425000e+03	3.197221e+06	1.425000e+03	3.196953e+06	1.425000e+03	3.195031e+06	1.425000e+03	3.181377e+06	1.425000e+03	3.188425e+06	1.425000e+03	3.197479e+06	1.425000e+03	3.181658e+06	1.425000e+03	3.202410e+06	1.425000e+03	3.177172e+06	1.425000e+03	3.180186e+06	1.425000e+03	3.188597e+06	1.425000e+03	3.199495e+06	1.425000e+03	3.197992e+06
1.430000e+03	3.111079e+06	1.430000e+03	3.082278e+06	1.430000e+03	3.086075e+06	1.430000e+03	3.076170e+06	1.430000e+03	3.087500e+06	1.430000e+03	3.052838e+06	1.430000e+03	3.041452e+06	1.430000e+03	3.040327e+06	1.430000e+03	3.042286e+06	1.430000e+03	3.026312e+06	1.430000e+03	3.029503e+06	1.430000e+03	3.031452e+06	1.430000e+03	3.027269e+06	1.430000e+03	3.028134e+06	1.430000e+03	3.041875e+06	1.430000e+03	3.005326e+06	1.430000e+03	3.030405e+06	1.430000e+03	3.053462e+06	1.430000e+03	3.028426e+06	1.430000e+03	3.014342e+06	1.430000e+03	3.034709e+06	1.430000e+03	3.029526e+06	1.430000e+03	3.050744e+06	1.430000e+03	3.010711e+06	1.430000e+03	3.017931e+06	1.430000e+03	2.998729e+06	1.430000e+03	3.011883e+06	1.430000e+03	3.004999e+06	1.430000e+03	3.022432e+06	1.430000e+03	3.032696e+06	1.430000e+03	3.016948e+06	1.430000e+03	3.050961e+06	1.430000e+03	3.015658e+06	1.430000e+03	3.046617e+06	1.430000e+03	3.020857e+06	1.430000e+03	3.030049e+06	1.430000e+03	3.054306e+06	1.430000e+03	3.038205e+06	1.430000e+03	3.040477e+06	1.430000e+03	3.045229e+06	1.430000e+03	3.048033e+06	1.430000e+03	3.045643e+06	1.430000e+03	3.046332e+06	1.430000e+03	3.068071e+06	1.430000e+03	3.048318e+06	1.430000e+03	3.059235e+06	1.430000e+03	3.049398e+06	1.430000e+03	3.071832e+06	1.430000e+03	3.063694e+06	1.430000e+03	3.057866e+06	1.430000e+03	3.106445e+06	1.430000e+03	3.072693e+06	1.430000e+03	3.076197e+06	1.430000e+03	3.076043e+06	1.430000e+03	3.061558e+06	1.430000e+03	3.082344e+06	1.430000e+03	3.087600e+06	1.430000e+03	3.086897e+06	1.430000e+03	3.092828e+06	1.430000e+03	3.091107e+06	1.430000e+03	3.092741e+06	1.430000e+03	3.092765e+06	1.430000e+03	3.088697e+06	1.430000e+03	3.080846e+06	1.430000e+03	3.055961e+06	1.430000e+03	3.079896e+06	1.430000e+03	3.090777e+06	1.430000e+03	3.074622e+06	1.430000e+03	3.088649e+06	1.430000e+03	3.093926e+06	1.430000e+03	3.092713e+06	1.430000e+03	3.097266e+06	1.430000e+03	3.097379e+06	1.430000e+03	3.115007e+06	1.430000e+03	3.122564e+06	1.430000e+03	3.125857e+06	1.430000e+03	3.114554e+06	1.430000e+03	3.095107e+06	1.430000e+03	3.128066e+06	1.430000e+03	3.086007e+06	1.430000e+03	3.098468e+06	1.430000e+03	3.111635e+06	1.430000e+03	3.111854e+06	1.430000e+03	3.119515e+06	1.430000e+03	3.090233e+06	1.430000e+03	3.092043e+06	1.430000e+03	3.101223e+06	1.430000e+03	3.127728e+06	1.430000e+03	3.112107e+06	1.430000e+03	3.105687e+06	1.430000e+03	3.119679e+06	1.430000e+03	3.132309e+06	1.430000e+03	3.107749e+06	1.430000e+03	3.126429e+06	1.430000e+03	3.115449e+06	1.430000e+03	3.118611e+06	1.430000e+03	3.124549e+06	1.430000e+03	3.113737e+06	1.430000e+03	3.099961e+06	1.430000e+03	3.135219e+06	1.430000e+03	3.154151e+06	1.430000e+03	3.132609e+06	1.430000e+03	3.131070e+06	1.430000e+03	3.109074e+06	1.430000e+03	3.119583e+06	1.430000e+03	3.117169e+06	1.430000e+03	3.120041e+06	1.430000e+03	3.123326e+06	1.430000e+03	3.138703e+06	1.430000e+03	3.109523e+06	1.430000e+03	3.134520e+06	1.430000e+03	3.134183e+06	1.430000e+03	3.134079e+06	1.430000e+03	3.128876e+06	1.430000e+03	3.136318e+06	1.430000e+03	3.155815e+06	1.430000e+03	3.111004e+06	1.430000e+03	3.107747e+06	1.430000e+03	3.081665e+06	1.430000e+03	3.128027e+06	1.430000e+03	3.144062e+06	1.430000e+03	3.125702e+06	1.430000e+03	3.116799e+06	1.430000e+03	3.113264e+06	1.430000e+03	3.096613e+06	1.430000e+03	3.087437e+06	1.430000e+03	3.120804e+06	1.430000e+03	3.113319e+06	1.430000e+03	3.154835e+06	1.430000e+03	3.108300e+06	1.430000e+03	3.111790e+06	1.430000e+03	3.108180e+06	1.430000e+03	3.105024e+06	1.430000e+03	3.113625e+06	1.430000e+03	3.102789e+06	1.430000e+03	3.101653e+06	1.430000e+03	3.125909e+06	1.430000e+03	3.134830e+06	1.430000e+03	3.126860e+06	1.430000e+03	3.129362e+06	1.430000e+03	3.138870e+06	1.430000e+03	3.127107e+06	1.430000e+03	3.140579e+06	1.430000e+03	3.136987e+06	1.430000e+03	3.132445e+06	1.430000e+03	3.127198e+06	1.430000e+03	3.124736e+06	1.430000e+03	3.143427e+06	1.430000e+03	3.126375e+06	1.430000e+03	3.121562e+06	1.430000e+03	3.132242e+06	1.430000e+03	3.131583e+06	1.430000e+03	3.125857e+06	1.430000e+03	3.133041e+06	1.430000e+03	3.136336e+06	1.430000e+03	3.141844e+06	1.430000e+03	3.129966e+06	1.430000e+03	3.138362e+06	1.430000e+03	3.137292e+06	1.430000e+03	3.149466e+06	1.430000e+03	3.158106e+06	1.430000e+03	3.148667e+06	1.430000e+03	3.166967e+06	1.430000e+03	3.151392e+06	1.430000e+03	3.159474e+06	1.430000e+03	3.146643e+06	1.430000e+03	3.159630e+06	1.430000e+03	3.162866e+06	1.430000e+03	3.141156e+06	1.430000e+03	3.154615e+06	1.430000e+03	3.149781e+06	1.430000e+03	3.149960e+06	1.430000e+03	3.165694e+06	1.430000e+03	3.151803e+06	1.430000e+03	3.161025e+06	1.430000e+03	3.154782e+06	1.430000e+03	3.155978e+06	1.430000e+03	3.159192e+06	1.430000e+03	3.177571e+06	1.430000e+03	3.164118e+06	1.430000e+03	3.169767e+06	1.430000e+03	3.159949e+06	1.430000e+03	3.142295e+06	1.430000e+03	3.165957e+06	1.430000e+03	3.164102e+06	1.430000e+03	3.174279e+06	1.430000e+03	3.157727e+06	1.430000e+03	3.192735e+06	1.430000e+03	3.187661e+06	1.430000e+03	3.174742e+06	1.430000e+03	3.150591e+06	1.430000e+03	3.166790e+06	1.430000e+03	3.158319e+06	1.430000e+03	3.162206e+06	1.430000e+03	3.156693e+06	1.430000e+03	3.150131e+06	1.430000e+03	3.151170e+06	1.430000e+03	3.168677e+06	1.430000e+03	3.170559e+06	1.430000e+03	3.157221e+06	1.430000e+03	3.159899e+06	1.430000e+03	3.154925e+06	1.430000e+03	3.163361e+06	1.430000e+03	3.166374e+06	1.430000e+03	3.143005e+06	1.430000e+03	3.157377e+06	1.430000e+03	3.155658e+06	1.430000e+03	3.144187e+06	1.430000e+03	3.146856e+06	1.430000e+03	3.156991e+06	1.430000e+03	3.138349e+06	1.430000e+03	3.168858e+06	1.430000e+03	3.145952e+06	1.430000e+03	3.167022e+06	1.430000e+03	3.151738e+06	1.430000e+03	3.155957e+06	1.430000e+03	3.167884e+06	1.430000e+03	3.163741e+06	1.430000e+03	3.167720e+06	1.430000e+03	3.161533e+06	1.430000e+03	3.154365e+06	1.430000e+03	3.191331e+06	1.430000e+03	3.155049e+06	1.430000e+03	3.165661e+06	1.430000e+03	3.155131e+06	1.430000e+03	3.165854e+06	1.430000e+03	3.156414e+06	1.430000e+03	3.142878e+06	1.430000e+03	3.156469e+06	1.430000e+03	3.172582e+06	1.430000e+03	3.159127e+06	1.430000e+03	3.165904e+06	1.430000e+03	3.173003e+06	1.430000e+03	3.146533e+06	1.430000e+03	3.159620e+06	1.430000e+03	3.160825e+06	1.430000e+03	3.169847e+06	1.430000e+03	3.179382e+06	1.430000e+03	3.166076e+06	1.430000e+03	3.163948e+06	1.430000e+03	3.164468e+06	1.430000e+03	3.150181e+06	1.430000e+03	3.153231e+06	1.430000e+03	3.164063e+06	1.430000e+03	3.149213e+06	1.430000e+03	3.155648e+06	1.430000e+03	3.146793e+06	1.430000e+03	3.165135e+06	1.430000e+03	3.145157e+06	1.430000e+03	3.155241e+06	1.430000e+03	3.156135e+06	1.430000e+03	3.163479e+06	1.430000e+03	3.173855e+06	1.430000e+03	3.178127e+06	1.430000e+03	3.173749e+06	1.430000e+03	3.170196e+06	1.430000e+03	3.172437e+06	1.430000e+03	3.171715e+06	1.430000e+03	3.149565e+06	1.430000e+03	3.174083e+06	1.430000e+03	3.172711e+06	1.430000e+03	3.181928e+06	1.430000e+03	3.174158e+06	1.430000e+03	3.167775e+06	1.430000e+03	3.169104e+06	1.430000e+03	3.189629e+06	1.430000e+03	3.181225e+06	1.430000e+03	3.182503e+06	1.430000e+03	3.178758e+06	1.430000e+03	3.170521e+06	1.430000e+03	3.166540e+06	1.430000e+03	3.181637e+06	1.430000e+03	3.164225e+06	1.430000e+03	3.171312e+06	1.430000e+03	3.166979e+06	1.430000e+03	3.180242e+06	1.430000e+03	3.172328e+06	1.430000e+03	3.167518e+06	1.430000e+03	3.175561e+06	1.430000e+03	3.186092e+06	1.430000e+03	3.193315e+06	1.430000e+03	3.184823e+06	1.430000e+03	3.183239e+06	1.430000e+03	3.172957e+06	1.430000e+03	3.165891e+06	1.430000e+03	3.178404e+06	1.430000e+03	3.189114e+06	1.430000e+03	3.191010e+06	1.430000e+03	3.200271e+06	1.430000e+03	3.184902e+06	1.430000e+03	3.191857e+06	1.430000e+03	3.192474e+06	1.430000e+03	3.181836e+06	1.430000e+03	3.191267e+06	1.430000e+03	3.193242e+06	1.430000e+03	3.183068e+06	1.430000e+03	3.183418e+06	1.430000e+03	3.191306e+06	1.430000e+03	3.214331e+06	1.430000e+03	3.187107e+06	1.430000e+03	3.199103e+06	1.430000e+03	3.196012e+06	1.430000e+03	3.202151e+06	1.430000e+03	3.191958e+06	1.430000e+03	3.187547e+06	1.430000e+03	3.192576e+06	1.430000e+03	3.194127e+06	1.430000e+03	3.172591e+06	1.430000e+03	3.194444e+06	1.430000e+03	3.175551e+06	1.430000e+03	3.172615e+06	1.430000e+03	3.192531e+06	1.430000e+03	3.204603e+06	1.430000e+03	3.193922e+06
1.435000e+03	3.127363e+06	1.435000e+03	3.080146e+06	1.435000e+03	3.083331e+06	1.435000e+03	3.049585e+06	1.435000e+03	3.083385e+06	1.435000e+03	3.051173e+06	1.435000e+03	3.041138e+06	1.435000e+03	3.042730e+06	1.435000e+03	3.045042e+06	1.435000e+03	3.022692e+06	1.435000e+03	3.032669e+06	1.435000e+03	3.033297e+06	1.435000e+03	3.035479e+06	1.435000e+03	3.033198e+06	1.435000e+03	3.037795e+06	1.435000e+03	3.006681e+06	1.435000e+03	3.027223e+06	1.435000e+03	3.049177e+06	1.435000e+03	3.028460e+06	1.435000e+03	3.014286e+06	1.435000e+03	3.032941e+06	1.435000e+03	3.024772e+06	1.435000e+03	3.046128e+06	1.435000e+03	3.025823e+06	1.435000e+03	3.024222e+06	1.435000e+03	3.017571e+06	1.435000e+03	3.014482e+06	1.435000e+03	3.012022e+06	1.435000e+03	3.012858e+06	1.435000e+03	3.027040e+06	1.435000e+03	3.015703e+06	1.435000e+03	3.043066e+06	1.435000e+03	3.012217e+06	1.435000e+03	3.035513e+06	1.435000e+03	3.017018e+06	1.435000e+03	3.032962e+06	1.435000e+03	3.058244e+06	1.435000e+03	3.036618e+06	1.435000e+03	3.046096e+06	1.435000e+03	3.054300e+06	1.435000e+03	3.040231e+06	1.435000e+03	3.040229e+06	1.435000e+03	3.053485e+06	1.435000e+03	3.067519e+06	1.435000e+03	3.050374e+06	1.435000e+03	3.058826e+06	1.435000e+03	3.052683e+06	1.435000e+03	3.064403e+06	1.435000e+03	3.062515e+06	1.435000e+03	3.055436e+06	1.435000e+03	3.097948e+06	1.435000e+03	3.081256e+06	1.435000e+03	3.078913e+06	1.435000e+03	3.077607e+06	1.435000e+03	3.057359e+06	1.435000e+03	3.080662e+06	1.435000e+03	3.077975e+06	1.435000e+03	3.085874e+06	1.435000e+03	3.089388e+06	1.435000e+03	3.091434e+06	1.435000e+03	3.098472e+06	1.435000e+03	3.095276e+06	1.435000e+03	3.075065e+06	1.435000e+03	3.078291e+06	1.435000e+03	3.059945e+06	1.435000e+03	3.079655e+06	1.435000e+03	3.088592e+06	1.435000e+03	3.078485e+06	1.435000e+03	3.080497e+06	1.435000e+03	3.098479e+06	1.435000e+03	3.089215e+06	1.435000e+03	3.095349e+06	1.435000e+03	3.107224e+06	1.435000e+03	3.116056e+06	1.435000e+03	3.125710e+06	1.435000e+03	3.119473e+06	1.435000e+03	3.113688e+06	1.435000e+03	3.087605e+06	1.435000e+03	3.115342e+06	1.435000e+03	3.090965e+06	1.435000e+03	3.092129e+06	1.435000e+03	3.108959e+06	1.435000e+03	3.113763e+06	1.435000e+03	3.116655e+06	1.435000e+03	3.092906e+06	1.435000e+03	3.099816e+06	1.435000e+03	3.103169e+06	1.435000e+03	3.118823e+06	1.435000e+03	3.106093e+06	1.435000e+03	3.102146e+06	1.435000e+03	3.113545e+06	1.435000e+03	3.126106e+06	1.435000e+03	3.112279e+06	1.435000e+03	3.133456e+06	1.435000e+03	3.113680e+06	1.435000e+03	3.117538e+06	1.435000e+03	3.124108e+06	1.435000e+03	3.105140e+06	1.435000e+03	3.101608e+06	1.435000e+03	3.132880e+06	1.435000e+03	3.158046e+06	1.435000e+03	3.133245e+06	1.435000e+03	3.131467e+06	1.435000e+03	3.110495e+06	1.435000e+03	3.117195e+06	1.435000e+03	3.113789e+06	1.435000e+03	3.130985e+06	1.435000e+03	3.128600e+06	1.435000e+03	3.131297e+06	1.435000e+03	3.115433e+06	1.435000e+03	3.136785e+06	1.435000e+03	3.128741e+06	1.435000e+03	3.117178e+06	1.435000e+03	3.128463e+06	1.435000e+03	3.140344e+06	1.435000e+03	3.154349e+06	1.435000e+03	3.116954e+06	1.435000e+03	3.107579e+06	1.435000e+03	3.085702e+06	1.435000e+03	3.105489e+06	1.435000e+03	3.151589e+06	1.435000e+03	3.138512e+06	1.435000e+03	3.112522e+06	1.435000e+03	3.116049e+06	1.435000e+03	3.099869e+06	1.435000e+03	3.089644e+06	1.435000e+03	3.130151e+06	1.435000e+03	3.129204e+06	1.435000e+03	3.148829e+06	1.435000e+03	3.106978e+06	1.435000e+03	3.100894e+06	1.435000e+03	3.110408e+06	1.435000e+03	3.105058e+06	1.435000e+03	3.107493e+06	1.435000e+03	3.108000e+06	1.435000e+03	3.107680e+06	1.435000e+03	3.125529e+06	1.435000e+03	3.131755e+06	1.435000e+03	3.121941e+06	1.435000e+03	3.118416e+06	1.435000e+03	3.138832e+06	1.435000e+03	3.125364e+06	1.435000e+03	3.138391e+06	1.435000e+03	3.137517e+06	1.435000e+03	3.130967e+06	1.435000e+03	3.124668e+06	1.435000e+03	3.126409e+06	1.435000e+03	3.134897e+06	1.435000e+03	3.123451e+06	1.435000e+03	3.129183e+06	1.435000e+03	3.115541e+06	1.435000e+03	3.132758e+06	1.435000e+03	3.122822e+06	1.435000e+03	3.140497e+06	1.435000e+03	3.134851e+06	1.435000e+03	3.152925e+06	1.435000e+03	3.131512e+06	1.435000e+03	3.140154e+06	1.435000e+03	3.142819e+06	1.435000e+03	3.151149e+06	1.435000e+03	3.151978e+06	1.435000e+03	3.148936e+06	1.435000e+03	3.161159e+06	1.435000e+03	3.147790e+06	1.435000e+03	3.155557e+06	1.435000e+03	3.146117e+06	1.435000e+03	3.158313e+06	1.435000e+03	3.146547e+06	1.435000e+03	3.142624e+06	1.435000e+03	3.151155e+06	1.435000e+03	3.151144e+06	1.435000e+03	3.147893e+06	1.435000e+03	3.161236e+06	1.435000e+03	3.153391e+06	1.435000e+03	3.157215e+06	1.435000e+03	3.155002e+06	1.435000e+03	3.154799e+06	1.435000e+03	3.159021e+06	1.435000e+03	3.175644e+06	1.435000e+03	3.167044e+06	1.435000e+03	3.171558e+06	1.435000e+03	3.154856e+06	1.435000e+03	3.141968e+06	1.435000e+03	3.168711e+06	1.435000e+03	3.170288e+06	1.435000e+03	3.180315e+06	1.435000e+03	3.154520e+06	1.435000e+03	3.185014e+06	1.435000e+03	3.187213e+06	1.435000e+03	3.170408e+06	1.435000e+03	3.149655e+06	1.435000e+03	3.167819e+06	1.435000e+03	3.158453e+06	1.435000e+03	3.162170e+06	1.435000e+03	3.155734e+06	1.435000e+03	3.147751e+06	1.435000e+03	3.148010e+06	1.435000e+03	3.165314e+06	1.435000e+03	3.166838e+06	1.435000e+03	3.168038e+06	1.435000e+03	3.152074e+06	1.435000e+03	3.157052e+06	1.435000e+03	3.158503e+06	1.435000e+03	3.169115e+06	1.435000e+03	3.137007e+06	1.435000e+03	3.157977e+06	1.435000e+03	3.160244e+06	1.435000e+03	3.145926e+06	1.435000e+03	3.148021e+06	1.435000e+03	3.159341e+06	1.435000e+03	3.144082e+06	1.435000e+03	3.170504e+06	1.435000e+03	3.146528e+06	1.435000e+03	3.167635e+06	1.435000e+03	3.147372e+06	1.435000e+03	3.155780e+06	1.435000e+03	3.170267e+06	1.435000e+03	3.150916e+06	1.435000e+03	3.161850e+06	1.435000e+03	3.158652e+06	1.435000e+03	3.156838e+06	1.435000e+03	3.185941e+06	1.435000e+03	3.156198e+06	1.435000e+03	3.159752e+06	1.435000e+03	3.148891e+06	1.435000e+03	3.166220e+06	1.435000e+03	3.153890e+06	1.435000e+03	3.135803e+06	1.435000e+03	3.159086e+06	1.435000e+03	3.172012e+06	1.435000e+03	3.160528e+06	1.435000e+03	3.156665e+06	1.435000e+03	3.172593e+06	1.435000e+03	3.145461e+06	1.435000e+03	3.159701e+06	1.435000e+03	3.157093e+06	1.435000e+03	3.164564e+06	1.435000e+03	3.180902e+06	1.435000e+03	3.158139e+06	1.435000e+03	3.167095e+06	1.435000e+03	3.163276e+06	1.435000e+03	3.138554e+06	1.435000e+03	3.151615e+06	1.435000e+03	3.154357e+06	1.435000e+03	3.152274e+06	1.435000e+03	3.153850e+06	1.435000e+03	3.153005e+06	1.435000e+03	3.166186e+06	1.435000e+03	3.146726e+06	1.435000e+03	3.157344e+06	1.435000e+03	3.158452e+06	1.435000e+03	3.167139e+06	1.435000e+03	3.172368e+06	1.435000e+03	3.182962e+06	1.435000e+03	3.177131e+06	1.435000e+03	3.167468e+06	1.435000e+03	3.166084e+06	1.435000e+03	3.167644e+06	1.435000e+03	3.156361e+06	1.435000e+03	3.177893e+06	1.435000e+03	3.178555e+06	1.435000e+03	3.184438e+06	1.435000e+03	3.173587e+06	1.435000e+03	3.168675e+06	1.435000e+03	3.180121e+06	1.435000e+03	3.190129e+06	1.435000e+03	3.179939e+06	1.435000e+03	3.184418e+06	1.435000e+03	3.162275e+06	1.435000e+03	3.172109e+06	1.435000e+03	3.160273e+06	1.435000e+03	3.175160e+06	1.435000e+03	3.163526e+06	1.435000e+03	3.169019e+06	1.435000e+03	3.167340e+06	1.435000e+03	3.182028e+06	1.435000e+03	3.172627e+06	1.435000e+03	3.173199e+06	1.435000e+03	3.173680e+06	1.435000e+03	3.188013e+06	1.435000e+03	3.185553e+06	1.435000e+03	3.198297e+06	1.435000e+03	3.185698e+06	1.435000e+03	3.179153e+06	1.435000e+03	3.176032e+06	1.435000e+03	3.174637e+06	1.435000e+03	3.193358e+06	1.435000e+03	3.196910e+06	1.435000e+03	3.205779e+06	1.435000e+03	3.183119e+06	1.435000e+03	3.205012e+06	1.435000e+03	3.189996e+06	1.435000e+03	3.191181e+06	1.435000e+03	3.191689e+06	1.435000e+03	3.192939e+06	1.435000e+03	3.184077e+06	1.435000e+03	3.182058e+06	1.435000e+03	3.188690e+06	1.435000e+03	3.215176e+06	1.435000e+03	3.184837e+06	1.435000e+03	3.196944e+06	1.435000e+03	3.193080e+06	1.435000e+03	3.203025e+06	1.435000e+03	3.194197e+06	1.435000e+03	3.197558e+06	1.435000e+03	3.186510e+06	1.435000e+03	3.190040e+06	1.435000e+03	3.170472e+06	1.435000e+03	3.193180e+06	1.435000e+03	3.175078e+06	1.435000e+03	3.170088e+06	1.435000e+03	3.185775e+06	1.435000e+03	3.193138e+06	1.435000e+03	3.195085e+06
1.440000e+03	3.119440e+06	1.440000e+03	3.093121e+06	1.440000e+03	3.084655e+06	1.440000e+03	3.053985e+06	1.440000e+03	3.060078e+06	1.440000e+03	3.049554e+06	1.440000e+03	3.045725e+06	1.440000e+03	3.036798e+06	1.440000e+03	3.046831e+06	1.440000e+03	3.034730e+06	1.440000e+03	3.027899e+06	1.440000e+03	3.030412e+06	1.440000e+03	3.018482e+06	1.440000e+03	3.026449e+06	1.440000e+03	3.035874e+06	1.440000e+03	3.014569e+06	1.440000e+03	3.033371e+06	1.440000e+03	3.036192e+06	1.440000e+03	3.028920e+06	1.440000e+03	3.014324e+06	1.440000e+03	3.028905e+06	1.440000e+03	3.026725e+06	1.440000e+03	3.041578e+06	1.440000e+03	3.024386e+06	1.440000e+03	3.020521e+06	1.440000e+03	3.007340e+06	1.440000e+03	3.023494e+06	1.440000e+03	3.011668e+06	1.440000e+03	3.016214e+06	1.440000e+03	3.050027e+06	1.440000e+03	3.026053e+06	1.440000e+03	3.052783e+06	1.440000e+03	3.018408e+06	1.440000e+03	3.023654e+06	1.440000e+03	3.021846e+06	1.440000e+03	3.032108e+06	1.440000e+03	3.052221e+06	1.440000e+03	3.040301e+06	1.440000e+03	3.037782e+06	1.440000e+03	3.052789e+06	1.440000e+03	3.039279e+06	1.440000e+03	3.048464e+06	1.440000e+03	3.079218e+06	1.440000e+03	3.057771e+06	1.440000e+03	3.044504e+06	1.440000e+03	3.063387e+06	1.440000e+03	3.052657e+06	1.440000e+03	3.072104e+06	1.440000e+03	3.068700e+06	1.440000e+03	3.060256e+06	1.440000e+03	3.093499e+06	1.440000e+03	3.079480e+06	1.440000e+03	3.081660e+06	1.440000e+03	3.085799e+06	1.440000e+03	3.055677e+06	1.440000e+03	3.076032e+06	1.440000e+03	3.077305e+06	1.440000e+03	3.086872e+06	1.440000e+03	3.092247e+06	1.440000e+03	3.080939e+06	1.440000e+03	3.105985e+06	1.440000e+03	3.093289e+06	1.440000e+03	3.076352e+06	1.440000e+03	3.081216e+06	1.440000e+03	3.068253e+06	1.440000e+03	3.080257e+06	1.440000e+03	3.085948e+06	1.440000e+03	3.079880e+06	1.440000e+03	3.076659e+06	1.440000e+03	3.100480e+06	1.440000e+03	3.087753e+06	1.440000e+03	3.096803e+06	1.440000e+03	3.110771e+06	1.440000e+03	3.112672e+06	1.440000e+03	3.119618e+06	1.440000e+03	3.110270e+06	1.440000e+03	3.112725e+06	1.440000e+03	3.089769e+06	1.440000e+03	3.111591e+06	1.440000e+03	3.085918e+06	1.440000e+03	3.094946e+06	1.440000e+03	3.113148e+06	1.440000e+03	3.122484e+06	1.440000e+03	3.118491e+06	1.440000e+03	3.090642e+06	1.440000e+03	3.094239e+06	1.440000e+03	3.107343e+06	1.440000e+03	3.118449e+06	1.440000e+03	3.101892e+06	1.440000e+03	3.117727e+06	1.440000e+03	3.113193e+06	1.440000e+03	3.115276e+06	1.440000e+03	3.122505e+06	1.440000e+03	3.124656e+06	1.440000e+03	3.112212e+06	1.440000e+03	3.121534e+06	1.440000e+03	3.108803e+06	1.440000e+03	3.110504e+06	1.440000e+03	3.104499e+06	1.440000e+03	3.133203e+06	1.440000e+03	3.149560e+06	1.440000e+03	3.138133e+06	1.440000e+03	3.125194e+06	1.440000e+03	3.117859e+06	1.440000e+03	3.119184e+06	1.440000e+03	3.109021e+06	1.440000e+03	3.128566e+06	1.440000e+03	3.123102e+06	1.440000e+03	3.125419e+06	1.440000e+03	3.117149e+06	1.440000e+03	3.129380e+06	1.440000e+03	3.130651e+06	1.440000e+03	3.123336e+06	1.440000e+03	3.127021e+06	1.440000e+03	3.138608e+06	1.440000e+03	3.143877e+06	1.440000e+03	3.121126e+06	1.440000e+03	3.106065e+06	1.440000e+03	3.079038e+06	1.440000e+03	3.105628e+06	1.440000e+03	3.156439e+06	1.440000e+03	3.124858e+06	1.440000e+03	3.112187e+06	1.440000e+03	3.112247e+06	1.440000e+03	3.101013e+06	1.440000e+03	3.085315e+06	1.440000e+03	3.135429e+06	1.440000e+03	3.128319e+06	1.440000e+03	3.148126e+06	1.440000e+03	3.121660e+06	1.440000e+03	3.097851e+06	1.440000e+03	3.112031e+06	1.440000e+03	3.109260e+06	1.440000e+03	3.112710e+06	1.440000e+03	3.106149e+06	1.440000e+03	3.104301e+06	1.440000e+03	3.118480e+06	1.440000e+03	3.125424e+06	1.440000e+03	3.121011e+06	1.440000e+03	3.115508e+06	1.440000e+03	3.126178e+06	1.440000e+03	3.125940e+06	1.440000e+03	3.145069e+06	1.440000e+03	3.137021e+06	1.440000e+03	3.130304e+06	1.440000e+03	3.132644e+06	1.440000e+03	3.123411e+06	1.440000e+03	3.142798e+06	1.440000e+03	3.121761e+06	1.440000e+03	3.131301e+06	1.440000e+03	3.115628e+06	1.440000e+03	3.130282e+06	1.440000e+03	3.123230e+06	1.440000e+03	3.135025e+06	1.440000e+03	3.138802e+06	1.440000e+03	3.149896e+06	1.440000e+03	3.129483e+06	1.440000e+03	3.141903e+06	1.440000e+03	3.146046e+06	1.440000e+03	3.146599e+06	1.440000e+03	3.152814e+06	1.440000e+03	3.149577e+06	1.440000e+03	3.158229e+06	1.440000e+03	3.159856e+06	1.440000e+03	3.160919e+06	1.440000e+03	3.152300e+06	1.440000e+03	3.158961e+06	1.440000e+03	3.145736e+06	1.440000e+03	3.145519e+06	1.440000e+03	3.146898e+06	1.440000e+03	3.155530e+06	1.440000e+03	3.154792e+06	1.440000e+03	3.156949e+06	1.440000e+03	3.154601e+06	1.440000e+03	3.156621e+06	1.440000e+03	3.151225e+06	1.440000e+03	3.151002e+06	1.440000e+03	3.149660e+06	1.440000e+03	3.159338e+06	1.440000e+03	3.168452e+06	1.440000e+03	3.167628e+06	1.440000e+03	3.157920e+06	1.440000e+03	3.152860e+06	1.440000e+03	3.168538e+06	1.440000e+03	3.154630e+06	1.440000e+03	3.177875e+06	1.440000e+03	3.154492e+06	1.440000e+03	3.184016e+06	1.440000e+03	3.182430e+06	1.440000e+03	3.171145e+06	1.440000e+03	3.151831e+06	1.440000e+03	3.171127e+06	1.440000e+03	3.157448e+06	1.440000e+03	3.164507e+06	1.440000e+03	3.158639e+06	1.440000e+03	3.151745e+06	1.440000e+03	3.154357e+06	1.440000e+03	3.160641e+06	1.440000e+03	3.166003e+06	1.440000e+03	3.166416e+06	1.440000e+03	3.151379e+06	1.440000e+03	3.157137e+06	1.440000e+03	3.150984e+06	1.440000e+03	3.155463e+06	1.440000e+03	3.135054e+06	1.440000e+03	3.158672e+06	1.440000e+03	3.160020e+06	1.440000e+03	3.148444e+06	1.440000e+03	3.149036e+06	1.440000e+03	3.162149e+06	1.440000e+03	3.142974e+06	1.440000e+03	3.164299e+06	1.440000e+03	3.144989e+06	1.440000e+03	3.155589e+06	1.440000e+03	3.150808e+06	1.440000e+03	3.153489e+06	1.440000e+03	3.161864e+06	1.440000e+03	3.150319e+06	1.440000e+03	3.164692e+06	1.440000e+03	3.158303e+06	1.440000e+03	3.154686e+06	1.440000e+03	3.178568e+06	1.440000e+03	3.152058e+06	1.440000e+03	3.163169e+06	1.440000e+03	3.156237e+06	1.440000e+03	3.162295e+06	1.440000e+03	3.152376e+06	1.440000e+03	3.138500e+06	1.440000e+03	3.151661e+06	1.440000e+03	3.162371e+06	1.440000e+03	3.162613e+06	1.440000e+03	3.161531e+06	1.440000e+03	3.169242e+06	1.440000e+03	3.142041e+06	1.440000e+03	3.156989e+06	1.440000e+03	3.158744e+06	1.440000e+03	3.160587e+06	1.440000e+03	3.181265e+06	1.440000e+03	3.152906e+06	1.440000e+03	3.163785e+06	1.440000e+03	3.160234e+06	1.440000e+03	3.141310e+06	1.440000e+03	3.154463e+06	1.440000e+03	3.157004e+06	1.440000e+03	3.151258e+06	1.440000e+03	3.156136e+06	1.440000e+03	3.146141e+06	1.440000e+03	3.163887e+06	1.440000e+03	3.147076e+06	1.440000e+03	3.152493e+06	1.440000e+03	3.159105e+06	1.440000e+03	3.161373e+06	1.440000e+03	3.170623e+06	1.440000e+03	3.181225e+06	1.440000e+03	3.180507e+06	1.440000e+03	3.167017e+06	1.440000e+03	3.168825e+06	1.440000e+03	3.174135e+06	1.440000e+03	3.160396e+06	1.440000e+03	3.175385e+06	1.440000e+03	3.175069e+06	1.440000e+03	3.177387e+06	1.440000e+03	3.190982e+06	1.440000e+03	3.166584e+06	1.440000e+03	3.172921e+06	1.440000e+03	3.190160e+06	1.440000e+03	3.174951e+06	1.440000e+03	3.182979e+06	1.440000e+03	3.162611e+06	1.440000e+03	3.176255e+06	1.440000e+03	3.160273e+06	1.440000e+03	3.179292e+06	1.440000e+03	3.169864e+06	1.440000e+03	3.177209e+06	1.440000e+03	3.169751e+06	1.440000e+03	3.178729e+06	1.440000e+03	3.169211e+06	1.440000e+03	3.175505e+06	1.440000e+03	3.183047e+06	1.440000e+03	3.190051e+06	1.440000e+03	3.193570e+06	1.440000e+03	3.194965e+06	1.440000e+03	3.189202e+06	1.440000e+03	3.174621e+06	1.440000e+03	3.171501e+06	1.440000e+03	3.173403e+06	1.440000e+03	3.196102e+06	1.440000e+03	3.185616e+06	1.440000e+03	3.209468e+06	1.440000e+03	3.182206e+06	1.440000e+03	3.214490e+06	1.440000e+03	3.203210e+06	1.440000e+03	3.187664e+06	1.440000e+03	3.199517e+06	1.440000e+03	3.193148e+06	1.440000e+03	3.174012e+06	1.440000e+03	3.193566e+06	1.440000e+03	3.195677e+06	1.440000e+03	3.215076e+06	1.440000e+03	3.190510e+06	1.440000e+03	3.194583e+06	1.440000e+03	3.203573e+06	1.440000e+03	3.201459e+06	1.440000e+03	3.195111e+06	1.440000e+03	3.186110e+06	1.440000e+03	3.188011e+06	1.440000e+03	3.186913e+06	1.440000e+03	3.169411e+06	1.440000e+03	3.203089e+06	1.440000e+03	3.174886e+06	1.440000e+03	3.175214e+06	1.440000e+03	3.186420e+06	1.440000e+03	3.192521e+06	1.440000e+03	3.191888e+06
1.445000e+03	3.114858e+06	1.445000e+03	3.090750e+06	1.445000e+03	3.084240e+06	1.445000e+03	3.049815e+06	1.445000e+03	3.064767e+06	1.445000e+03	3.048211e+06	1.445000e+03	3.047987e+06	1.445000e+03	3.043637e+06	1.445000e+03	3.046050e+06	1.445000e+03	3.028865e+06	1.445000e+03	3.031078e+06	1.445000e+03	3.036206e+06	1.445000e+03	3.017241e+06	1.445000e+03	3.027790e+06	1.445000e+03	3.036265e+06	1.445000e+03	3.005847e+06	1.445000e+03	3.025542e+06	1.445000e+03	3.044855e+06	1.445000e+03	3.031967e+06	1.445000e+03	3.014126e+06	1.445000e+03	3.030664e+06	1.445000e+03	3.037407e+06	1.445000e+03	3.040156e+06	1.445000e+03	3.027594e+06	1.445000e+03	3.026961e+06	1.445000e+03	3.000592e+06	1.445000e+03	3.025086e+06	1.445000e+03	3.016532e+06	1.445000e+03	3.016025e+06	1.445000e+03	3.050076e+06	1.445000e+03	3.018646e+06	1.445000e+03	3.036092e+06	1.445000e+03	3.003801e+06	1.445000e+03	3.022444e+06	1.445000e+03	3.016182e+06	1.445000e+03	3.037400e+06	1.445000e+03	3.050441e+06	1.445000e+03	3.037276e+06	1.445000e+03	3.053499e+06	1.445000e+03	3.060322e+06	1.445000e+03	3.044757e+06	1.445000e+03	3.055679e+06	1.445000e+03	3.059886e+06	1.445000e+03	3.058589e+06	1.445000e+03	3.054635e+06	1.445000e+03	3.069139e+06	1.445000e+03	3.050006e+06	1.445000e+03	3.073557e+06	1.445000e+03	3.067580e+06	1.445000e+03	3.066619e+06	1.445000e+03	3.087401e+06	1.445000e+03	3.080163e+06	1.445000e+03	3.082879e+06	1.445000e+03	3.082676e+06	1.445000e+03	3.063546e+06	1.445000e+03	3.075544e+06	1.445000e+03	3.074775e+06	1.445000e+03	3.087385e+06	1.445000e+03	3.097361e+06	1.445000e+03	3.086855e+06	1.445000e+03	3.099454e+06	1.445000e+03	3.097927e+06	1.445000e+03	3.076397e+06	1.445000e+03	3.073362e+06	1.445000e+03	3.064685e+06	1.445000e+03	3.082905e+06	1.445000e+03	3.084733e+06	1.445000e+03	3.072693e+06	1.445000e+03	3.070602e+06	1.445000e+03	3.098671e+06	1.445000e+03	3.091150e+06	1.445000e+03	3.092958e+06	1.445000e+03	3.105018e+06	1.445000e+03	3.110106e+06	1.445000e+03	3.121829e+06	1.445000e+03	3.108953e+06	1.445000e+03	3.116469e+06	1.445000e+03	3.089255e+06	1.445000e+03	3.117461e+06	1.445000e+03	3.087263e+06	1.445000e+03	3.086450e+06	1.445000e+03	3.118236e+06	1.445000e+03	3.113872e+06	1.445000e+03	3.128850e+06	1.445000e+03	3.109155e+06	1.445000e+03	3.095608e+06	1.445000e+03	3.107042e+06	1.445000e+03	3.115636e+06	1.445000e+03	3.101684e+06	1.445000e+03	3.124580e+06	1.445000e+03	3.126548e+06	1.445000e+03	3.113062e+06	1.445000e+03	3.122004e+06	1.445000e+03	3.121353e+06	1.445000e+03	3.111010e+06	1.445000e+03	3.120140e+06	1.445000e+03	3.128765e+06	1.445000e+03	3.115448e+06	1.445000e+03	3.111682e+06	1.445000e+03	3.132695e+06	1.445000e+03	3.146113e+06	1.445000e+03	3.138248e+06	1.445000e+03	3.124018e+06	1.445000e+03	3.115696e+06	1.445000e+03	3.125574e+06	1.445000e+03	3.106011e+06	1.445000e+03	3.114789e+06	1.445000e+03	3.143923e+06	1.445000e+03	3.128886e+06	1.445000e+03	3.122583e+06	1.445000e+03	3.132651e+06	1.445000e+03	3.128311e+06	1.445000e+03	3.122965e+06	1.445000e+03	3.130530e+06	1.445000e+03	3.132518e+06	1.445000e+03	3.145810e+06	1.445000e+03	3.112304e+06	1.445000e+03	3.102802e+06	1.445000e+03	3.076529e+06	1.445000e+03	3.098200e+06	1.445000e+03	3.164133e+06	1.445000e+03	3.124045e+06	1.445000e+03	3.113620e+06	1.445000e+03	3.116924e+06	1.445000e+03	3.093724e+06	1.445000e+03	3.091525e+06	1.445000e+03	3.131234e+06	1.445000e+03	3.128317e+06	1.445000e+03	3.149356e+06	1.445000e+03	3.117362e+06	1.445000e+03	3.104649e+06	1.445000e+03	3.116400e+06	1.445000e+03	3.101005e+06	1.445000e+03	3.112503e+06	1.445000e+03	3.114200e+06	1.445000e+03	3.107964e+06	1.445000e+03	3.125291e+06	1.445000e+03	3.123286e+06	1.445000e+03	3.122521e+06	1.445000e+03	3.116332e+06	1.445000e+03	3.132893e+06	1.445000e+03	3.129626e+06	1.445000e+03	3.148725e+06	1.445000e+03	3.132734e+06	1.445000e+03	3.135702e+06	1.445000e+03	3.138405e+06	1.445000e+03	3.124783e+06	1.445000e+03	3.137421e+06	1.445000e+03	3.129818e+06	1.445000e+03	3.129688e+06	1.445000e+03	3.117950e+06	1.445000e+03	3.134695e+06	1.445000e+03	3.121557e+06	1.445000e+03	3.138180e+06	1.445000e+03	3.146972e+06	1.445000e+03	3.139436e+06	1.445000e+03	3.127146e+06	1.445000e+03	3.140451e+06	1.445000e+03	3.140341e+06	1.445000e+03	3.146620e+06	1.445000e+03	3.136628e+06	1.445000e+03	3.151256e+06	1.445000e+03	3.163804e+06	1.445000e+03	3.151005e+06	1.445000e+03	3.151397e+06	1.445000e+03	3.151284e+06	1.445000e+03	3.152621e+06	1.445000e+03	3.138663e+06	1.445000e+03	3.146122e+06	1.445000e+03	3.151248e+06	1.445000e+03	3.153849e+06	1.445000e+03	3.153510e+06	1.445000e+03	3.162298e+06	1.445000e+03	3.158773e+06	1.445000e+03	3.160627e+06	1.445000e+03	3.150285e+06	1.445000e+03	3.148477e+06	1.445000e+03	3.147006e+06	1.445000e+03	3.165009e+06	1.445000e+03	3.172060e+06	1.445000e+03	3.165998e+06	1.445000e+03	3.156997e+06	1.445000e+03	3.149721e+06	1.445000e+03	3.160546e+06	1.445000e+03	3.156317e+06	1.445000e+03	3.172398e+06	1.445000e+03	3.159898e+06	1.445000e+03	3.176929e+06	1.445000e+03	3.175363e+06	1.445000e+03	3.175524e+06	1.445000e+03	3.149853e+06	1.445000e+03	3.168378e+06	1.445000e+03	3.166238e+06	1.445000e+03	3.168512e+06	1.445000e+03	3.162980e+06	1.445000e+03	3.150967e+06	1.445000e+03	3.156810e+06	1.445000e+03	3.161529e+06	1.445000e+03	3.171258e+06	1.445000e+03	3.169983e+06	1.445000e+03	3.159480e+06	1.445000e+03	3.156144e+06	1.445000e+03	3.159758e+06	1.445000e+03	3.157730e+06	1.445000e+03	3.136266e+06	1.445000e+03	3.168510e+06	1.445000e+03	3.149980e+06	1.445000e+03	3.156571e+06	1.445000e+03	3.144546e+06	1.445000e+03	3.157097e+06	1.445000e+03	3.140734e+06	1.445000e+03	3.163461e+06	1.445000e+03	3.148674e+06	1.445000e+03	3.151007e+06	1.445000e+03	3.156878e+06	1.445000e+03	3.158400e+06	1.445000e+03	3.163517e+06	1.445000e+03	3.157529e+06	1.445000e+03	3.158835e+06	1.445000e+03	3.163060e+06	1.445000e+03	3.157500e+06	1.445000e+03	3.186781e+06	1.445000e+03	3.148892e+06	1.445000e+03	3.156647e+06	1.445000e+03	3.159510e+06	1.445000e+03	3.166904e+06	1.445000e+03	3.145849e+06	1.445000e+03	3.134206e+06	1.445000e+03	3.158283e+06	1.445000e+03	3.162555e+06	1.445000e+03	3.167411e+06	1.445000e+03	3.166353e+06	1.445000e+03	3.162357e+06	1.445000e+03	3.141737e+06	1.445000e+03	3.160784e+06	1.445000e+03	3.159080e+06	1.445000e+03	3.160307e+06	1.445000e+03	3.175471e+06	1.445000e+03	3.167399e+06	1.445000e+03	3.165018e+06	1.445000e+03	3.163957e+06	1.445000e+03	3.147440e+06	1.445000e+03	3.155484e+06	1.445000e+03	3.155237e+06	1.445000e+03	3.148634e+06	1.445000e+03	3.155153e+06	1.445000e+03	3.155209e+06	1.445000e+03	3.162860e+06	1.445000e+03	3.142394e+06	1.445000e+03	3.151146e+06	1.445000e+03	3.164255e+06	1.445000e+03	3.156565e+06	1.445000e+03	3.167474e+06	1.445000e+03	3.187179e+06	1.445000e+03	3.173902e+06	1.445000e+03	3.166073e+06	1.445000e+03	3.166861e+06	1.445000e+03	3.178880e+06	1.445000e+03	3.163432e+06	1.445000e+03	3.176210e+06	1.445000e+03	3.178423e+06	1.445000e+03	3.175039e+06	1.445000e+03	3.189666e+06	1.445000e+03	3.172690e+06	1.445000e+03	3.183572e+06	1.445000e+03	3.178891e+06	1.445000e+03	3.170856e+06	1.445000e+03	3.183746e+06	1.445000e+03	3.168542e+06	1.445000e+03	3.172202e+06	1.445000e+03	3.160465e+06	1.445000e+03	3.171698e+06	1.445000e+03	3.158534e+06	1.445000e+03	3.171545e+06	1.445000e+03	3.173113e+06	1.445000e+03	3.179955e+06	1.445000e+03	3.167878e+06	1.445000e+03	3.176309e+06	1.445000e+03	3.178560e+06	1.445000e+03	3.195386e+06	1.445000e+03	3.190016e+06	1.445000e+03	3.192950e+06	1.445000e+03	3.193687e+06	1.445000e+03	3.180389e+06	1.445000e+03	3.173894e+06	1.445000e+03	3.168796e+06	1.445000e+03	3.197455e+06	1.445000e+03	3.188185e+06	1.445000e+03	3.206330e+06	1.445000e+03	3.189136e+06	1.445000e+03	3.212597e+06	1.445000e+03	3.195878e+06	1.445000e+03	3.190436e+06	1.445000e+03	3.197219e+06	1.445000e+03	3.192056e+06	1.445000e+03	3.172034e+06	1.445000e+03	3.194102e+06	1.445000e+03	3.194555e+06	1.445000e+03	3.217815e+06	1.445000e+03	3.191156e+06	1.445000e+03	3.200852e+06	1.445000e+03	3.201663e+06	1.445000e+03	3.202703e+06	1.445000e+03	3.191173e+06	1.445000e+03	3.189737e+06	1.445000e+03	3.185267e+06	1.445000e+03	3.187591e+06	1.445000e+03	3.169207e+06	1.445000e+03	3.201639e+06	1.445000e+03	3.170954e+06	1.445000e+03	3.171466e+06	1.445000e+03	3.187921e+06	1.445000e+03	3.193419e+06	1.445000e+03	3.187976e+06
1.450000e+03	3.113857e+06	1.450000e+03	3.082741e+06	1.450000e+03	3.087083e+06	1.450000e+03	3.051745e+06	1.450000e+03	3.060163e+06	1.450000e+03	3.043239e+06	1.450000e+03	3.039012e+06	1.450000e+03	3.044653e+06	1.450000e+03	3.049745e+06	1.450000e+03	3.027311e+06	1.450000e+03	3.030514e+06	1.450000e+03	3.042871e+06	1.450000e+03	3.017834e+06	1.450000e+03	3.016604e+06	1.450000e+03	3.039825e+06	1.450000e+03	3.005086e+06	1.450000e+03	3.025847e+06	1.450000e+03	3.042295e+06	1.450000e+03	3.030549e+06	1.450000e+03	3.013978e+06	1.450000e+03	3.015446e+06	1.450000e+03	3.038505e+06	1.450000e+03	3.034606e+06	1.450000e+03	3.020177e+06	1.450000e+03	3.013698e+06	1.450000e+03	3.007159e+06	1.450000e+03	3.016253e+06	1.450000e+03	3.024320e+06	1.450000e+03	3.016133e+06	1.450000e+03	3.045765e+06	1.450000e+03	3.027933e+06	1.450000e+03	3.037107e+06	1.450000e+03	3.003596e+06	1.450000e+03	3.025483e+06	1.450000e+03	3.012645e+06	1.450000e+03	3.029596e+06	1.450000e+03	3.047963e+06	1.450000e+03	3.031766e+06	1.450000e+03	3.039206e+06	1.450000e+03	3.052297e+06	1.450000e+03	3.045299e+06	1.450000e+03	3.041705e+06	1.450000e+03	3.070050e+06	1.450000e+03	3.058145e+06	1.450000e+03	3.052929e+06	1.450000e+03	3.071823e+06	1.450000e+03	3.059140e+06	1.450000e+03	3.071218e+06	1.450000e+03	3.072400e+06	1.450000e+03	3.069787e+06	1.450000e+03	3.087477e+06	1.450000e+03	3.070446e+06	1.450000e+03	3.082724e+06	1.450000e+03	3.089716e+06	1.450000e+03	3.066025e+06	1.450000e+03	3.076827e+06	1.450000e+03	3.079912e+06	1.450000e+03	3.088486e+06	1.450000e+03	3.093045e+06	1.450000e+03	3.090469e+06	1.450000e+03	3.089465e+06	1.450000e+03	3.090592e+06	1.450000e+03	3.084321e+06	1.450000e+03	3.076122e+06	1.450000e+03	3.066451e+06	1.450000e+03	3.085022e+06	1.450000e+03	3.088720e+06	1.450000e+03	3.077450e+06	1.450000e+03	3.074630e+06	1.450000e+03	3.104390e+06	1.450000e+03	3.092148e+06	1.450000e+03	3.092617e+06	1.450000e+03	3.101610e+06	1.450000e+03	3.114284e+06	1.450000e+03	3.128347e+06	1.450000e+03	3.103298e+06	1.450000e+03	3.118188e+06	1.450000e+03	3.095067e+06	1.450000e+03	3.098450e+06	1.450000e+03	3.098260e+06	1.450000e+03	3.093498e+06	1.450000e+03	3.116628e+06	1.450000e+03	3.113668e+06	1.450000e+03	3.121874e+06	1.450000e+03	3.092242e+06	1.450000e+03	3.093464e+06	1.450000e+03	3.099298e+06	1.450000e+03	3.110701e+06	1.450000e+03	3.100348e+06	1.450000e+03	3.109891e+06	1.450000e+03	3.122969e+06	1.450000e+03	3.112223e+06	1.450000e+03	3.126814e+06	1.450000e+03	3.123241e+06	1.450000e+03	3.117310e+06	1.450000e+03	3.123045e+06	1.450000e+03	3.133106e+06	1.450000e+03	3.114492e+06	1.450000e+03	3.106422e+06	1.450000e+03	3.134827e+06	1.450000e+03	3.145756e+06	1.450000e+03	3.141066e+06	1.450000e+03	3.119213e+06	1.450000e+03	3.116142e+06	1.450000e+03	3.122825e+06	1.450000e+03	3.113489e+06	1.450000e+03	3.113307e+06	1.450000e+03	3.145100e+06	1.450000e+03	3.128327e+06	1.450000e+03	3.125885e+06	1.450000e+03	3.135197e+06	1.450000e+03	3.129429e+06	1.450000e+03	3.128092e+06	1.450000e+03	3.150341e+06	1.450000e+03	3.133935e+06	1.450000e+03	3.150244e+06	1.450000e+03	3.122592e+06	1.450000e+03	3.103932e+06	1.450000e+03	3.087380e+06	1.450000e+03	3.098300e+06	1.450000e+03	3.147622e+06	1.450000e+03	3.123433e+06	1.450000e+03	3.108810e+06	1.450000e+03	3.118442e+06	1.450000e+03	3.090118e+06	1.450000e+03	3.091272e+06	1.450000e+03	3.134983e+06	1.450000e+03	3.125199e+06	1.450000e+03	3.153585e+06	1.450000e+03	3.116343e+06	1.450000e+03	3.104766e+06	1.450000e+03	3.108547e+06	1.450000e+03	3.106674e+06	1.450000e+03	3.117661e+06	1.450000e+03	3.120997e+06	1.450000e+03	3.102169e+06	1.450000e+03	3.118180e+06	1.450000e+03	3.126478e+06	1.450000e+03	3.134017e+06	1.450000e+03	3.110060e+06	1.450000e+03	3.132016e+06	1.450000e+03	3.132342e+06	1.450000e+03	3.153015e+06	1.450000e+03	3.137964e+06	1.450000e+03	3.133110e+06	1.450000e+03	3.132968e+06	1.450000e+03	3.125804e+06	1.450000e+03	3.135872e+06	1.450000e+03	3.128609e+06	1.450000e+03	3.126024e+06	1.450000e+03	3.134111e+06	1.450000e+03	3.134958e+06	1.450000e+03	3.126992e+06	1.450000e+03	3.145203e+06	1.450000e+03	3.143784e+06	1.450000e+03	3.142389e+06	1.450000e+03	3.129807e+06	1.450000e+03	3.137998e+06	1.450000e+03	3.140735e+06	1.450000e+03	3.145191e+06	1.450000e+03	3.147428e+06	1.450000e+03	3.151315e+06	1.450000e+03	3.161366e+06	1.450000e+03	3.143228e+06	1.450000e+03	3.140653e+06	1.450000e+03	3.151722e+06	1.450000e+03	3.151671e+06	1.450000e+03	3.149136e+06	1.450000e+03	3.145987e+06	1.450000e+03	3.148773e+06	1.450000e+03	3.162207e+06	1.450000e+03	3.152021e+06	1.450000e+03	3.161996e+06	1.450000e+03	3.153929e+06	1.450000e+03	3.154152e+06	1.450000e+03	3.153965e+06	1.450000e+03	3.153038e+06	1.450000e+03	3.151887e+06	1.450000e+03	3.162752e+06	1.450000e+03	3.176561e+06	1.450000e+03	3.155629e+06	1.450000e+03	3.160038e+06	1.450000e+03	3.150556e+06	1.450000e+03	3.157954e+06	1.450000e+03	3.159213e+06	1.450000e+03	3.166969e+06	1.450000e+03	3.164858e+06	1.450000e+03	3.161994e+06	1.450000e+03	3.175219e+06	1.450000e+03	3.171266e+06	1.450000e+03	3.151481e+06	1.450000e+03	3.173646e+06	1.450000e+03	3.163543e+06	1.450000e+03	3.171180e+06	1.450000e+03	3.160646e+06	1.450000e+03	3.152512e+06	1.450000e+03	3.158695e+06	1.450000e+03	3.165565e+06	1.450000e+03	3.184079e+06	1.450000e+03	3.173966e+06	1.450000e+03	3.157516e+06	1.450000e+03	3.158056e+06	1.450000e+03	3.151451e+06	1.450000e+03	3.156219e+06	1.450000e+03	3.141553e+06	1.450000e+03	3.168368e+06	1.450000e+03	3.151011e+06	1.450000e+03	3.166272e+06	1.450000e+03	3.145995e+06	1.450000e+03	3.155014e+06	1.450000e+03	3.142810e+06	1.450000e+03	3.160237e+06	1.450000e+03	3.150316e+06	1.450000e+03	3.143720e+06	1.450000e+03	3.153711e+06	1.450000e+03	3.153331e+06	1.450000e+03	3.153205e+06	1.450000e+03	3.158157e+06	1.450000e+03	3.157729e+06	1.450000e+03	3.164583e+06	1.450000e+03	3.153380e+06	1.450000e+03	3.187313e+06	1.450000e+03	3.142222e+06	1.450000e+03	3.159065e+06	1.450000e+03	3.156703e+06	1.450000e+03	3.166592e+06	1.450000e+03	3.147452e+06	1.450000e+03	3.134915e+06	1.450000e+03	3.144336e+06	1.450000e+03	3.167578e+06	1.450000e+03	3.162519e+06	1.450000e+03	3.161737e+06	1.450000e+03	3.158566e+06	1.450000e+03	3.150597e+06	1.450000e+03	3.159406e+06	1.450000e+03	3.155873e+06	1.450000e+03	3.161483e+06	1.450000e+03	3.173258e+06	1.450000e+03	3.163203e+06	1.450000e+03	3.155331e+06	1.450000e+03	3.162714e+06	1.450000e+03	3.153984e+06	1.450000e+03	3.172147e+06	1.450000e+03	3.148836e+06	1.450000e+03	3.138162e+06	1.450000e+03	3.156996e+06	1.450000e+03	3.147188e+06	1.450000e+03	3.159125e+06	1.450000e+03	3.144312e+06	1.450000e+03	3.149768e+06	1.450000e+03	3.172046e+06	1.450000e+03	3.156736e+06	1.450000e+03	3.165670e+06	1.450000e+03	3.184381e+06	1.450000e+03	3.173912e+06	1.450000e+03	3.164345e+06	1.450000e+03	3.171230e+06	1.450000e+03	3.175954e+06	1.450000e+03	3.166519e+06	1.450000e+03	3.171880e+06	1.450000e+03	3.173797e+06	1.450000e+03	3.179914e+06	1.450000e+03	3.176261e+06	1.450000e+03	3.176075e+06	1.450000e+03	3.182863e+06	1.450000e+03	3.179698e+06	1.450000e+03	3.171363e+06	1.450000e+03	3.180205e+06	1.450000e+03	3.171165e+06	1.450000e+03	3.177511e+06	1.450000e+03	3.162821e+06	1.450000e+03	3.172235e+06	1.450000e+03	3.156712e+06	1.450000e+03	3.171538e+06	1.450000e+03	3.180017e+06	1.450000e+03	3.183573e+06	1.450000e+03	3.170603e+06	1.450000e+03	3.178007e+06	1.450000e+03	3.178371e+06	1.450000e+03	3.192204e+06	1.450000e+03	3.198576e+06	1.450000e+03	3.191545e+06	1.450000e+03	3.191337e+06	1.450000e+03	3.187604e+06	1.450000e+03	3.171525e+06	1.450000e+03	3.170582e+06	1.450000e+03	3.192059e+06	1.450000e+03	3.186962e+06	1.450000e+03	3.223486e+06	1.450000e+03	3.188299e+06	1.450000e+03	3.195596e+06	1.450000e+03	3.201239e+06	1.450000e+03	3.182188e+06	1.450000e+03	3.195485e+06	1.450000e+03	3.206394e+06	1.450000e+03	3.176495e+06	1.450000e+03	3.196268e+06	1.450000e+03	3.190939e+06	1.450000e+03	3.223241e+06	1.450000e+03	3.194523e+06	1.450000e+03	3.196809e+06	1.450000e+03	3.205283e+06	1.450000e+03	3.203320e+06	1.450000e+03	3.191730e+06	1.450000e+03	3.191132e+06	1.450000e+03	3.182109e+06	1.450000e+03	3.185396e+06	1.450000e+03	3.163449e+06	1.450000e+03	3.204671e+06	1.450000e+03	3.183289e+06	1.450000e+03	3.178069e+06	1.450000e+03	3.191110e+06	1.450000e+03	3.187849e+06	1.450000e+03	3.191404e+06
1.455000e+03	3.105974e+06	1.455000e+03	3.091722e+06	1.455000e+03	3.082773e+06	1.455000e+03	3.055865e+06	1.455000e+03	3.057044e+06	1.455000e+03	3.036425e+06	1.455000e+03	3.042555e+06	1.455000e+03	3.036443e+06	1.455000e+03	3.047065e+06	1.455000e+03	3.023205e+06	1.455000e+03	3.042991e+06	1.455000e+03	3.037677e+06	1.455000e+03	3.023380e+06	1.455000e+03	3.018934e+06	1.455000e+03	3.043125e+06	1.455000e+03	3.002028e+06	1.455000e+03	3.032391e+06	1.455000e+03	3.044974e+06	1.455000e+03	3.027670e+06	1.455000e+03	3.019469e+06	1.455000e+03	3.018764e+06	1.455000e+03	3.031585e+06	1.455000e+03	3.042985e+06	1.455000e+03	3.021701e+06	1.455000e+03	3.027183e+06	1.455000e+03	3.009128e+06	1.455000e+03	3.017972e+06	1.455000e+03	3.011089e+06	1.455000e+03	3.013356e+06	1.455000e+03	3.048646e+06	1.455000e+03	3.033474e+06	1.455000e+03	3.035732e+06	1.455000e+03	2.998179e+06	1.455000e+03	3.023576e+06	1.455000e+03	3.009656e+06	1.455000e+03	3.028176e+06	1.455000e+03	3.052371e+06	1.455000e+03	3.043721e+06	1.455000e+03	3.043261e+06	1.455000e+03	3.056171e+06	1.455000e+03	3.051460e+06	1.455000e+03	3.046583e+06	1.455000e+03	3.060929e+06	1.455000e+03	3.060549e+06	1.455000e+03	3.045095e+06	1.455000e+03	3.066721e+06	1.455000e+03	3.051690e+06	1.455000e+03	3.066003e+06	1.455000e+03	3.064633e+06	1.455000e+03	3.069634e+06	1.455000e+03	3.086008e+06	1.455000e+03	3.067192e+06	1.455000e+03	3.080969e+06	1.455000e+03	3.078793e+06	1.455000e+03	3.065935e+06	1.455000e+03	3.082001e+06	1.455000e+03	3.078031e+06	1.455000e+03	3.081550e+06	1.455000e+03	3.095997e+06	1.455000e+03	3.089488e+06	1.455000e+03	3.091593e+06	1.455000e+03	3.097808e+06	1.455000e+03	3.073133e+06	1.455000e+03	3.081213e+06	1.455000e+03	3.064279e+06	1.455000e+03	3.086611e+06	1.455000e+03	3.088313e+06	1.455000e+03	3.085257e+06	1.455000e+03	3.067631e+06	1.455000e+03	3.098598e+06	1.455000e+03	3.092609e+06	1.455000e+03	3.090114e+06	1.455000e+03	3.095913e+06	1.455000e+03	3.111510e+06	1.455000e+03	3.125280e+06	1.455000e+03	3.114662e+06	1.455000e+03	3.114289e+06	1.455000e+03	3.091297e+06	1.455000e+03	3.103313e+06	1.455000e+03	3.088109e+06	1.455000e+03	3.081742e+06	1.455000e+03	3.109817e+06	1.455000e+03	3.109455e+06	1.455000e+03	3.121040e+06	1.455000e+03	3.092744e+06	1.455000e+03	3.107373e+06	1.455000e+03	3.105024e+06	1.455000e+03	3.111872e+06	1.455000e+03	3.100659e+06	1.455000e+03	3.098767e+06	1.455000e+03	3.121551e+06	1.455000e+03	3.106364e+06	1.455000e+03	3.132587e+06	1.455000e+03	3.123894e+06	1.455000e+03	3.116676e+06	1.455000e+03	3.124566e+06	1.455000e+03	3.128656e+06	1.455000e+03	3.111076e+06	1.455000e+03	3.111647e+06	1.455000e+03	3.137867e+06	1.455000e+03	3.143525e+06	1.455000e+03	3.130376e+06	1.455000e+03	3.121369e+06	1.455000e+03	3.116681e+06	1.455000e+03	3.118298e+06	1.455000e+03	3.110388e+06	1.455000e+03	3.122595e+06	1.455000e+03	3.135767e+06	1.455000e+03	3.127428e+06	1.455000e+03	3.120227e+06	1.455000e+03	3.136145e+06	1.455000e+03	3.130940e+06	1.455000e+03	3.136307e+06	1.455000e+03	3.143606e+06	1.455000e+03	3.136280e+06	1.455000e+03	3.150563e+06	1.455000e+03	3.125700e+06	1.455000e+03	3.106371e+06	1.455000e+03	3.085397e+06	1.455000e+03	3.099201e+06	1.455000e+03	3.150997e+06	1.455000e+03	3.126182e+06	1.455000e+03	3.111681e+06	1.455000e+03	3.120249e+06	1.455000e+03	3.099122e+06	1.455000e+03	3.096722e+06	1.455000e+03	3.122610e+06	1.455000e+03	3.124054e+06	1.455000e+03	3.159836e+06	1.455000e+03	3.113068e+06	1.455000e+03	3.106704e+06	1.455000e+03	3.107211e+06	1.455000e+03	3.104169e+06	1.455000e+03	3.116342e+06	1.455000e+03	3.112017e+06	1.455000e+03	3.094624e+06	1.455000e+03	3.124483e+06	1.455000e+03	3.122610e+06	1.455000e+03	3.138261e+06	1.455000e+03	3.112143e+06	1.455000e+03	3.126008e+06	1.455000e+03	3.130971e+06	1.455000e+03	3.158276e+06	1.455000e+03	3.142726e+06	1.455000e+03	3.120584e+06	1.455000e+03	3.136262e+06	1.455000e+03	3.123630e+06	1.455000e+03	3.133874e+06	1.455000e+03	3.124990e+06	1.455000e+03	3.125624e+06	1.455000e+03	3.121622e+06	1.455000e+03	3.135908e+06	1.455000e+03	3.131514e+06	1.455000e+03	3.138466e+06	1.455000e+03	3.138152e+06	1.455000e+03	3.142655e+06	1.455000e+03	3.137682e+06	1.455000e+03	3.136349e+06	1.455000e+03	3.135939e+06	1.455000e+03	3.147493e+06	1.455000e+03	3.140117e+06	1.455000e+03	3.153198e+06	1.455000e+03	3.164955e+06	1.455000e+03	3.146453e+06	1.455000e+03	3.147555e+06	1.455000e+03	3.145559e+06	1.455000e+03	3.151873e+06	1.455000e+03	3.144805e+06	1.455000e+03	3.156102e+06	1.455000e+03	3.148192e+06	1.455000e+03	3.159199e+06	1.455000e+03	3.154814e+06	1.455000e+03	3.158629e+06	1.455000e+03	3.153790e+06	1.455000e+03	3.157131e+06	1.455000e+03	3.158193e+06	1.455000e+03	3.156199e+06	1.455000e+03	3.150018e+06	1.455000e+03	3.163358e+06	1.455000e+03	3.167549e+06	1.455000e+03	3.157359e+06	1.455000e+03	3.173791e+06	1.455000e+03	3.146215e+06	1.455000e+03	3.159839e+06	1.455000e+03	3.159785e+06	1.455000e+03	3.159571e+06	1.455000e+03	3.170982e+06	1.455000e+03	3.163887e+06	1.455000e+03	3.178780e+06	1.455000e+03	3.175709e+06	1.455000e+03	3.151671e+06	1.455000e+03	3.174323e+06	1.455000e+03	3.159754e+06	1.455000e+03	3.166806e+06	1.455000e+03	3.157343e+06	1.455000e+03	3.149928e+06	1.455000e+03	3.151713e+06	1.455000e+03	3.156885e+06	1.455000e+03	3.183619e+06	1.455000e+03	3.173852e+06	1.455000e+03	3.160914e+06	1.455000e+03	3.160380e+06	1.455000e+03	3.159821e+06	1.455000e+03	3.153704e+06	1.455000e+03	3.150073e+06	1.455000e+03	3.165243e+06	1.455000e+03	3.147616e+06	1.455000e+03	3.155598e+06	1.455000e+03	3.137826e+06	1.455000e+03	3.154889e+06	1.455000e+03	3.139351e+06	1.455000e+03	3.166495e+06	1.455000e+03	3.145523e+06	1.455000e+03	3.149106e+06	1.455000e+03	3.161557e+06	1.455000e+03	3.147069e+06	1.455000e+03	3.157782e+06	1.455000e+03	3.155672e+06	1.455000e+03	3.165805e+06	1.455000e+03	3.169435e+06	1.455000e+03	3.156409e+06	1.455000e+03	3.188187e+06	1.455000e+03	3.143460e+06	1.455000e+03	3.172782e+06	1.455000e+03	3.159648e+06	1.455000e+03	3.164892e+06	1.455000e+03	3.144907e+06	1.455000e+03	3.139861e+06	1.455000e+03	3.148335e+06	1.455000e+03	3.160059e+06	1.455000e+03	3.165616e+06	1.455000e+03	3.161806e+06	1.455000e+03	3.159032e+06	1.455000e+03	3.147658e+06	1.455000e+03	3.163353e+06	1.455000e+03	3.155798e+06	1.455000e+03	3.154414e+06	1.455000e+03	3.172631e+06	1.455000e+03	3.159566e+06	1.455000e+03	3.150191e+06	1.455000e+03	3.164085e+06	1.455000e+03	3.144309e+06	1.455000e+03	3.177821e+06	1.455000e+03	3.142240e+06	1.455000e+03	3.145415e+06	1.455000e+03	3.158163e+06	1.455000e+03	3.153730e+06	1.455000e+03	3.174840e+06	1.455000e+03	3.143447e+06	1.455000e+03	3.155297e+06	1.455000e+03	3.173953e+06	1.455000e+03	3.162219e+06	1.455000e+03	3.168323e+06	1.455000e+03	3.182957e+06	1.455000e+03	3.169924e+06	1.455000e+03	3.173478e+06	1.455000e+03	3.169341e+06	1.455000e+03	3.177692e+06	1.455000e+03	3.162826e+06	1.455000e+03	3.169759e+06	1.455000e+03	3.170990e+06	1.455000e+03	3.177327e+06	1.455000e+03	3.179254e+06	1.455000e+03	3.176804e+06	1.455000e+03	3.186223e+06	1.455000e+03	3.183154e+06	1.455000e+03	3.179848e+06	1.455000e+03	3.179083e+06	1.455000e+03	3.171438e+06	1.455000e+03	3.176206e+06	1.455000e+03	3.163540e+06	1.455000e+03	3.185242e+06	1.455000e+03	3.162014e+06	1.455000e+03	3.173617e+06	1.455000e+03	3.179937e+06	1.455000e+03	3.184810e+06	1.455000e+03	3.170240e+06	1.455000e+03	3.178317e+06	1.455000e+03	3.187895e+06	1.455000e+03	3.192578e+06	1.455000e+03	3.209799e+06	1.455000e+03	3.196005e+06	1.455000e+03	3.191682e+06	1.455000e+03	3.191029e+06	1.455000e+03	3.173094e+06	1.455000e+03	3.173683e+06	1.455000e+03	3.194717e+06	1.455000e+03	3.186217e+06	1.455000e+03	3.211817e+06	1.455000e+03	3.183256e+06	1.455000e+03	3.189612e+06	1.455000e+03	3.208688e+06	1.455000e+03	3.185896e+06	1.455000e+03	3.197205e+06	1.455000e+03	3.202054e+06	1.455000e+03	3.186170e+06	1.455000e+03	3.201090e+06	1.455000e+03	3.189359e+06	1.455000e+03	3.205677e+06	1.455000e+03	3.192749e+06	1.455000e+03	3.194555e+06	1.455000e+03	3.206056e+06	1.455000e+03	3.209157e+06	1.455000e+03	3.195795e+06	1.455000e+03	3.191999e+06	1.455000e+03	3.187408e+06	1.455000e+03	3.188752e+06	1.455000e+03	3.166018e+06	1.455000e+03	3.209309e+06	1.455000e+03	3.183386e+06	1.455000e+03	3.181227e+06	1.455000e+03	3.191992e+06	1.455000e+03	3.184024e+06	1.455000e+03	3.207423e+06
1.460000e+03	3.097326e+06	1.460000e+03	3.084412e+06	1.460000e+03	3.082239e+06	1.460000e+03	3.051503e+06	1.460000e+03	3.055639e+06	1.460000e+03	3.034480e+06	1.460000e+03	3.047874e+06	1.460000e+03	3.031990e+06	1.460000e+03	3.047556e+06	1.460000e+03	3.028334e+06	1.460000e+03	3.046739e+06	1.460000e+03	3.031529e+06	1.460000e+03	3.020903e+06	1.460000e+03	3.025829e+06	1.460000e+03	3.059404e+06	1.460000e+03	2.992559e+06	1.460000e+03	3.026589e+06	1.460000e+03	3.045897e+06	1.460000e+03	3.037261e+06	1.460000e+03	3.028106e+06	1.460000e+03	3.018671e+06	1.460000e+03	3.030233e+06	1.460000e+03	3.051200e+06	1.460000e+03	3.033718e+06	1.460000e+03	3.027016e+06	1.460000e+03	3.009716e+06	1.460000e+03	3.023632e+06	1.460000e+03	3.009872e+06	1.460000e+03	3.012897e+06	1.460000e+03	3.031628e+06	1.460000e+03	3.030918e+06	1.460000e+03	3.036901e+06	1.460000e+03	3.000303e+06	1.460000e+03	3.022534e+06	1.460000e+03	3.019497e+06	1.460000e+03	3.024835e+06	1.460000e+03	3.050775e+06	1.460000e+03	3.040621e+06	1.460000e+03	3.038257e+06	1.460000e+03	3.049224e+06	1.460000e+03	3.050268e+06	1.460000e+03	3.048340e+06	1.460000e+03	3.060363e+06	1.460000e+03	3.061759e+06	1.460000e+03	3.039120e+06	1.460000e+03	3.075795e+06	1.460000e+03	3.053770e+06	1.460000e+03	3.062569e+06	1.460000e+03	3.066726e+06	1.460000e+03	3.071082e+06	1.460000e+03	3.088124e+06	1.460000e+03	3.076054e+06	1.460000e+03	3.082940e+06	1.460000e+03	3.081330e+06	1.460000e+03	3.069990e+06	1.460000e+03	3.079330e+06	1.460000e+03	3.074739e+06	1.460000e+03	3.087893e+06	1.460000e+03	3.095060e+06	1.460000e+03	3.086067e+06	1.460000e+03	3.088735e+06	1.460000e+03	3.087084e+06	1.460000e+03	3.074612e+06	1.460000e+03	3.071916e+06	1.460000e+03	3.075064e+06	1.460000e+03	3.086527e+06	1.460000e+03	3.092510e+06	1.460000e+03	3.076193e+06	1.460000e+03	3.061733e+06	1.460000e+03	3.095001e+06	1.460000e+03	3.094807e+06	1.460000e+03	3.082574e+06	1.460000e+03	3.098036e+06	1.460000e+03	3.111517e+06	1.460000e+03	3.125560e+06	1.460000e+03	3.116655e+06	1.460000e+03	3.108945e+06	1.460000e+03	3.091655e+06	1.460000e+03	3.097691e+06	1.460000e+03	3.096782e+06	1.460000e+03	3.078402e+06	1.460000e+03	3.111373e+06	1.460000e+03	3.108800e+06	1.460000e+03	3.126076e+06	1.460000e+03	3.096651e+06	1.460000e+03	3.093837e+06	1.460000e+03	3.104509e+06	1.460000e+03	3.110725e+06	1.460000e+03	3.106242e+06	1.460000e+03	3.112711e+06	1.460000e+03	3.120540e+06	1.460000e+03	3.107852e+06	1.460000e+03	3.124421e+06	1.460000e+03	3.130094e+06	1.460000e+03	3.117836e+06	1.460000e+03	3.124859e+06	1.460000e+03	3.105858e+06	1.460000e+03	3.109281e+06	1.460000e+03	3.108144e+06	1.460000e+03	3.144073e+06	1.460000e+03	3.145607e+06	1.460000e+03	3.135342e+06	1.460000e+03	3.119155e+06	1.460000e+03	3.112657e+06	1.460000e+03	3.120922e+06	1.460000e+03	3.107721e+06	1.460000e+03	3.116507e+06	1.460000e+03	3.139357e+06	1.460000e+03	3.129723e+06	1.460000e+03	3.120501e+06	1.460000e+03	3.141416e+06	1.460000e+03	3.131688e+06	1.460000e+03	3.134604e+06	1.460000e+03	3.140593e+06	1.460000e+03	3.149759e+06	1.460000e+03	3.152286e+06	1.460000e+03	3.137738e+06	1.460000e+03	3.099671e+06	1.460000e+03	3.084726e+06	1.460000e+03	3.103835e+06	1.460000e+03	3.132660e+06	1.460000e+03	3.127502e+06	1.460000e+03	3.109207e+06	1.460000e+03	3.125741e+06	1.460000e+03	3.103731e+06	1.460000e+03	3.101463e+06	1.460000e+03	3.110087e+06	1.460000e+03	3.128172e+06	1.460000e+03	3.153606e+06	1.460000e+03	3.114220e+06	1.460000e+03	3.090856e+06	1.460000e+03	3.104230e+06	1.460000e+03	3.100161e+06	1.460000e+03	3.109385e+06	1.460000e+03	3.113125e+06	1.460000e+03	3.103217e+06	1.460000e+03	3.129502e+06	1.460000e+03	3.134469e+06	1.460000e+03	3.133235e+06	1.460000e+03	3.110707e+06	1.460000e+03	3.133357e+06	1.460000e+03	3.124021e+06	1.460000e+03	3.161105e+06	1.460000e+03	3.134739e+06	1.460000e+03	3.135371e+06	1.460000e+03	3.143384e+06	1.460000e+03	3.134698e+06	1.460000e+03	3.128232e+06	1.460000e+03	3.127599e+06	1.460000e+03	3.123267e+06	1.460000e+03	3.123497e+06	1.460000e+03	3.136044e+06	1.460000e+03	3.127876e+06	1.460000e+03	3.135241e+06	1.460000e+03	3.139755e+06	1.460000e+03	3.141968e+06	1.460000e+03	3.129597e+06	1.460000e+03	3.137967e+06	1.460000e+03	3.135860e+06	1.460000e+03	3.148347e+06	1.460000e+03	3.143830e+06	1.460000e+03	3.150508e+06	1.460000e+03	3.164478e+06	1.460000e+03	3.150329e+06	1.460000e+03	3.152318e+06	1.460000e+03	3.145411e+06	1.460000e+03	3.154261e+06	1.460000e+03	3.148511e+06	1.460000e+03	3.149268e+06	1.460000e+03	3.141676e+06	1.460000e+03	3.170064e+06	1.460000e+03	3.158448e+06	1.460000e+03	3.158099e+06	1.460000e+03	3.148376e+06	1.460000e+03	3.159709e+06	1.460000e+03	3.156505e+06	1.460000e+03	3.149198e+06	1.460000e+03	3.152415e+06	1.460000e+03	3.170706e+06	1.460000e+03	3.180105e+06	1.460000e+03	3.158991e+06	1.460000e+03	3.160362e+06	1.460000e+03	3.143699e+06	1.460000e+03	3.158893e+06	1.460000e+03	3.157332e+06	1.460000e+03	3.164538e+06	1.460000e+03	3.177493e+06	1.460000e+03	3.166067e+06	1.460000e+03	3.169162e+06	1.460000e+03	3.175774e+06	1.460000e+03	3.164532e+06	1.460000e+03	3.173923e+06	1.460000e+03	3.162179e+06	1.460000e+03	3.166376e+06	1.460000e+03	3.157050e+06	1.460000e+03	3.150032e+06	1.460000e+03	3.156057e+06	1.460000e+03	3.157583e+06	1.460000e+03	3.181701e+06	1.460000e+03	3.166702e+06	1.460000e+03	3.158319e+06	1.460000e+03	3.152865e+06	1.460000e+03	3.159283e+06	1.460000e+03	3.156887e+06	1.460000e+03	3.152387e+06	1.460000e+03	3.161735e+06	1.460000e+03	3.152092e+06	1.460000e+03	3.163748e+06	1.460000e+03	3.146967e+06	1.460000e+03	3.156748e+06	1.460000e+03	3.144148e+06	1.460000e+03	3.162326e+06	1.460000e+03	3.147214e+06	1.460000e+03	3.147293e+06	1.460000e+03	3.169780e+06	1.460000e+03	3.148034e+06	1.460000e+03	3.153435e+06	1.460000e+03	3.151198e+06	1.460000e+03	3.168514e+06	1.460000e+03	3.168574e+06	1.460000e+03	3.154133e+06	1.460000e+03	3.184173e+06	1.460000e+03	3.149940e+06	1.460000e+03	3.162054e+06	1.460000e+03	3.155451e+06	1.460000e+03	3.171758e+06	1.460000e+03	3.136003e+06	1.460000e+03	3.139870e+06	1.460000e+03	3.143593e+06	1.460000e+03	3.159973e+06	1.460000e+03	3.163397e+06	1.460000e+03	3.159581e+06	1.460000e+03	3.163455e+06	1.460000e+03	3.148577e+06	1.460000e+03	3.164431e+06	1.460000e+03	3.158606e+06	1.460000e+03	3.155780e+06	1.460000e+03	3.170510e+06	1.460000e+03	3.156968e+06	1.460000e+03	3.156344e+06	1.460000e+03	3.161973e+06	1.460000e+03	3.153164e+06	1.460000e+03	3.174529e+06	1.460000e+03	3.147761e+06	1.460000e+03	3.146422e+06	1.460000e+03	3.157112e+06	1.460000e+03	3.158132e+06	1.460000e+03	3.156689e+06	1.460000e+03	3.143703e+06	1.460000e+03	3.153209e+06	1.460000e+03	3.167527e+06	1.460000e+03	3.161570e+06	1.460000e+03	3.176427e+06	1.460000e+03	3.172281e+06	1.460000e+03	3.171318e+06	1.460000e+03	3.183813e+06	1.460000e+03	3.168195e+06	1.460000e+03	3.185706e+06	1.460000e+03	3.174305e+06	1.460000e+03	3.179393e+06	1.460000e+03	3.168695e+06	1.460000e+03	3.178597e+06	1.460000e+03	3.181146e+06	1.460000e+03	3.178297e+06	1.460000e+03	3.175857e+06	1.460000e+03	3.183537e+06	1.460000e+03	3.176905e+06	1.460000e+03	3.177403e+06	1.460000e+03	3.169151e+06	1.460000e+03	3.174939e+06	1.460000e+03	3.161418e+06	1.460000e+03	3.188239e+06	1.460000e+03	3.172058e+06	1.460000e+03	3.173056e+06	1.460000e+03	3.186070e+06	1.460000e+03	3.188596e+06	1.460000e+03	3.174954e+06	1.460000e+03	3.186687e+06	1.460000e+03	3.184360e+06	1.460000e+03	3.188949e+06	1.460000e+03	3.218310e+06	1.460000e+03	3.195685e+06	1.460000e+03	3.194800e+06	1.460000e+03	3.192578e+06	1.460000e+03	3.172855e+06	1.460000e+03	3.171143e+06	1.460000e+03	3.198611e+06	1.460000e+03	3.183134e+06	1.460000e+03	3.206573e+06	1.460000e+03	3.193133e+06	1.460000e+03	3.194756e+06	1.460000e+03	3.207102e+06	1.460000e+03	3.180250e+06	1.460000e+03	3.205766e+06	1.460000e+03	3.205654e+06	1.460000e+03	3.175006e+06	1.460000e+03	3.193798e+06	1.460000e+03	3.184998e+06	1.460000e+03	3.200230e+06	1.460000e+03	3.196506e+06	1.460000e+03	3.198824e+06	1.460000e+03	3.206403e+06	1.460000e+03	3.200211e+06	1.460000e+03	3.194342e+06	1.460000e+03	3.185181e+06	1.460000e+03	3.190998e+06	1.460000e+03	3.184293e+06	1.460000e+03	3.160872e+06	1.460000e+03	3.204931e+06	1.460000e+03	3.184996e+06	1.460000e+03	3.176099e+06	1.460000e+03	3.180710e+06	1.460000e+03	3.193163e+06	1.460000e+03	3.195742e+06
1.465000e+03	3.101001e+06	1.465000e+03	3.089173e+06	1.465000e+03	3.077082e+06	1.465000e+03	3.047637e+06	1.465000e+03	3.060257e+06	1.465000e+03	3.038063e+06	1.465000e+03	3.043506e+06	1.465000e+03	3.036102e+06	1.465000e+03	3.041860e+06	1.465000e+03	3.027873e+06	1.465000e+03	3.042556e+06	1.465000e+03	3.029461e+06	1.465000e+03	3.025148e+06	1.465000e+03	3.022824e+06	1.465000e+03	3.051056e+06	1.465000e+03	3.001020e+06	1.465000e+03	3.030278e+06	1.465000e+03	3.038411e+06	1.465000e+03	3.028811e+06	1.465000e+03	3.011742e+06	1.465000e+03	3.017739e+06	1.465000e+03	3.026975e+06	1.465000e+03	3.045596e+06	1.465000e+03	3.003606e+06	1.465000e+03	3.028633e+06	1.465000e+03	3.005306e+06	1.465000e+03	3.020404e+06	1.465000e+03	3.010500e+06	1.465000e+03	3.008554e+06	1.465000e+03	3.029766e+06	1.465000e+03	3.027901e+06	1.465000e+03	3.022568e+06	1.465000e+03	3.001907e+06	1.465000e+03	3.022863e+06	1.465000e+03	3.020130e+06	1.465000e+03	3.028606e+06	1.465000e+03	3.050883e+06	1.465000e+03	3.049880e+06	1.465000e+03	3.041490e+06	1.465000e+03	3.042595e+06	1.465000e+03	3.046214e+06	1.465000e+03	3.047817e+06	1.465000e+03	3.056696e+06	1.465000e+03	3.061400e+06	1.465000e+03	3.038386e+06	1.465000e+03	3.070375e+06	1.465000e+03	3.050090e+06	1.465000e+03	3.073251e+06	1.465000e+03	3.075162e+06	1.465000e+03	3.087189e+06	1.465000e+03	3.080504e+06	1.465000e+03	3.069521e+06	1.465000e+03	3.079842e+06	1.465000e+03	3.076869e+06	1.465000e+03	3.070170e+06	1.465000e+03	3.086727e+06	1.465000e+03	3.084580e+06	1.465000e+03	3.097019e+06	1.465000e+03	3.095000e+06	1.465000e+03	3.085672e+06	1.465000e+03	3.086640e+06	1.465000e+03	3.093671e+06	1.465000e+03	3.081125e+06	1.465000e+03	3.077242e+06	1.465000e+03	3.071979e+06	1.465000e+03	3.088666e+06	1.465000e+03	3.088544e+06	1.465000e+03	3.082223e+06	1.465000e+03	3.073017e+06	1.465000e+03	3.092168e+06	1.465000e+03	3.093815e+06	1.465000e+03	3.093000e+06	1.465000e+03	3.104211e+06	1.465000e+03	3.120391e+06	1.465000e+03	3.121169e+06	1.465000e+03	3.115996e+06	1.465000e+03	3.108926e+06	1.465000e+03	3.090074e+06	1.465000e+03	3.108710e+06	1.465000e+03	3.118866e+06	1.465000e+03	3.080417e+06	1.465000e+03	3.108007e+06	1.465000e+03	3.122400e+06	1.465000e+03	3.130690e+06	1.465000e+03	3.093505e+06	1.465000e+03	3.093427e+06	1.465000e+03	3.115031e+06	1.465000e+03	3.108958e+06	1.465000e+03	3.103886e+06	1.465000e+03	3.103649e+06	1.465000e+03	3.127232e+06	1.465000e+03	3.110110e+06	1.465000e+03	3.119573e+06	1.465000e+03	3.122378e+06	1.465000e+03	3.117861e+06	1.465000e+03	3.123981e+06	1.465000e+03	3.117403e+06	1.465000e+03	3.102569e+06	1.465000e+03	3.107880e+06	1.465000e+03	3.150857e+06	1.465000e+03	3.135634e+06	1.465000e+03	3.129566e+06	1.465000e+03	3.118172e+06	1.465000e+03	3.109196e+06	1.465000e+03	3.122168e+06	1.465000e+03	3.108222e+06	1.465000e+03	3.107457e+06	1.465000e+03	3.146019e+06	1.465000e+03	3.133963e+06	1.465000e+03	3.119911e+06	1.465000e+03	3.146165e+06	1.465000e+03	3.129771e+06	1.465000e+03	3.137699e+06	1.465000e+03	3.134366e+06	1.465000e+03	3.140257e+06	1.465000e+03	3.154839e+06	1.465000e+03	3.143699e+06	1.465000e+03	3.107901e+06	1.465000e+03	3.085681e+06	1.465000e+03	3.104624e+06	1.465000e+03	3.130944e+06	1.465000e+03	3.128496e+06	1.465000e+03	3.109771e+06	1.465000e+03	3.126501e+06	1.465000e+03	3.099350e+06	1.465000e+03	3.092571e+06	1.465000e+03	3.111905e+06	1.465000e+03	3.125464e+06	1.465000e+03	3.147331e+06	1.465000e+03	3.114582e+06	1.465000e+03	3.094631e+06	1.465000e+03	3.102211e+06	1.465000e+03	3.102578e+06	1.465000e+03	3.108532e+06	1.465000e+03	3.110361e+06	1.465000e+03	3.093641e+06	1.465000e+03	3.122670e+06	1.465000e+03	3.131264e+06	1.465000e+03	3.138562e+06	1.465000e+03	3.130988e+06	1.465000e+03	3.131908e+06	1.465000e+03	3.130889e+06	1.465000e+03	3.161771e+06	1.465000e+03	3.134844e+06	1.465000e+03	3.134319e+06	1.465000e+03	3.147144e+06	1.465000e+03	3.125400e+06	1.465000e+03	3.132740e+06	1.465000e+03	3.138427e+06	1.465000e+03	3.123561e+06	1.465000e+03	3.120304e+06	1.465000e+03	3.139826e+06	1.465000e+03	3.123242e+06	1.465000e+03	3.138237e+06	1.465000e+03	3.140969e+06	1.465000e+03	3.147542e+06	1.465000e+03	3.135133e+06	1.465000e+03	3.139933e+06	1.465000e+03	3.135818e+06	1.465000e+03	3.154562e+06	1.465000e+03	3.131206e+06	1.465000e+03	3.148239e+06	1.465000e+03	3.166054e+06	1.465000e+03	3.145396e+06	1.465000e+03	3.151977e+06	1.465000e+03	3.147897e+06	1.465000e+03	3.156166e+06	1.465000e+03	3.144782e+06	1.465000e+03	3.152829e+06	1.465000e+03	3.150894e+06	1.465000e+03	3.160205e+06	1.465000e+03	3.149379e+06	1.465000e+03	3.161108e+06	1.465000e+03	3.154174e+06	1.465000e+03	3.162015e+06	1.465000e+03	3.152114e+06	1.465000e+03	3.143028e+06	1.465000e+03	3.153135e+06	1.465000e+03	3.169615e+06	1.465000e+03	3.168836e+06	1.465000e+03	3.155200e+06	1.465000e+03	3.156303e+06	1.465000e+03	3.144719e+06	1.465000e+03	3.159553e+06	1.465000e+03	3.157008e+06	1.465000e+03	3.171397e+06	1.465000e+03	3.171356e+06	1.465000e+03	3.163923e+06	1.465000e+03	3.170354e+06	1.465000e+03	3.177013e+06	1.465000e+03	3.174663e+06	1.465000e+03	3.171828e+06	1.465000e+03	3.162563e+06	1.465000e+03	3.166077e+06	1.465000e+03	3.165463e+06	1.465000e+03	3.153717e+06	1.465000e+03	3.150985e+06	1.465000e+03	3.165975e+06	1.465000e+03	3.171681e+06	1.465000e+03	3.167932e+06	1.465000e+03	3.149822e+06	1.465000e+03	3.154310e+06	1.465000e+03	3.157453e+06	1.465000e+03	3.158386e+06	1.465000e+03	3.148704e+06	1.465000e+03	3.161359e+06	1.465000e+03	3.150092e+06	1.465000e+03	3.147923e+06	1.465000e+03	3.145816e+06	1.465000e+03	3.156066e+06	1.465000e+03	3.145799e+06	1.465000e+03	3.164545e+06	1.465000e+03	3.148341e+06	1.465000e+03	3.153125e+06	1.465000e+03	3.167243e+06	1.465000e+03	3.151306e+06	1.465000e+03	3.153530e+06	1.465000e+03	3.153223e+06	1.465000e+03	3.174385e+06	1.465000e+03	3.171280e+06	1.465000e+03	3.161069e+06	1.465000e+03	3.180795e+06	1.465000e+03	3.152012e+06	1.465000e+03	3.160797e+06	1.465000e+03	3.158767e+06	1.465000e+03	3.157276e+06	1.465000e+03	3.132015e+06	1.465000e+03	3.137965e+06	1.465000e+03	3.144515e+06	1.465000e+03	3.161969e+06	1.465000e+03	3.166249e+06	1.465000e+03	3.159571e+06	1.465000e+03	3.171711e+06	1.465000e+03	3.154567e+06	1.465000e+03	3.164426e+06	1.465000e+03	3.152078e+06	1.465000e+03	3.162973e+06	1.465000e+03	3.171161e+06	1.465000e+03	3.162702e+06	1.465000e+03	3.155593e+06	1.465000e+03	3.165549e+06	1.465000e+03	3.147059e+06	1.465000e+03	3.169358e+06	1.465000e+03	3.145835e+06	1.465000e+03	3.145263e+06	1.465000e+03	3.166002e+06	1.465000e+03	3.152990e+06	1.465000e+03	3.160854e+06	1.465000e+03	3.142601e+06	1.465000e+03	3.154798e+06	1.465000e+03	3.175303e+06	1.465000e+03	3.157098e+06	1.465000e+03	3.179940e+06	1.465000e+03	3.175345e+06	1.465000e+03	3.174099e+06	1.465000e+03	3.175595e+06	1.465000e+03	3.165656e+06	1.465000e+03	3.186111e+06	1.465000e+03	3.177121e+06	1.465000e+03	3.173829e+06	1.465000e+03	3.161113e+06	1.465000e+03	3.184586e+06	1.465000e+03	3.186315e+06	1.465000e+03	3.182142e+06	1.465000e+03	3.182852e+06	1.465000e+03	3.186145e+06	1.465000e+03	3.182537e+06	1.465000e+03	3.179066e+06	1.465000e+03	3.174007e+06	1.465000e+03	3.173628e+06	1.465000e+03	3.167375e+06	1.465000e+03	3.191690e+06	1.465000e+03	3.164582e+06	1.465000e+03	3.172965e+06	1.465000e+03	3.180124e+06	1.465000e+03	3.186300e+06	1.465000e+03	3.181035e+06	1.465000e+03	3.184153e+06	1.465000e+03	3.185460e+06	1.465000e+03	3.187954e+06	1.465000e+03	3.214898e+06	1.465000e+03	3.197386e+06	1.465000e+03	3.201189e+06	1.465000e+03	3.188669e+06	1.465000e+03	3.175904e+06	1.465000e+03	3.179387e+06	1.465000e+03	3.205591e+06	1.465000e+03	3.180606e+06	1.465000e+03	3.203471e+06	1.465000e+03	3.188946e+06	1.465000e+03	3.199452e+06	1.465000e+03	3.203445e+06	1.465000e+03	3.191955e+06	1.465000e+03	3.206105e+06	1.465000e+03	3.205717e+06	1.465000e+03	3.164659e+06	1.465000e+03	3.203766e+06	1.465000e+03	3.189854e+06	1.465000e+03	3.203077e+06	1.465000e+03	3.194799e+06	1.465000e+03	3.196048e+06	1.465000e+03	3.210249e+06	1.465000e+03	3.204277e+06	1.465000e+03	3.185596e+06	1.465000e+03	3.184183e+06	1.465000e+03	3.193095e+06	1.465000e+03	3.201850e+06	1.465000e+03	3.160841e+06	1.465000e+03	3.194656e+06	1.465000e+03	3.189112e+06	1.465000e+03	3.189778e+06	1.465000e+03	3.185547e+06	1.465000e+03	3.195175e+06	1.465000e+03	3.185323e+06
1.470000e+03	3.094970e+06	1.470000e+03	3.093696e+06	1.470000e+03	3.071290e+06	1.470000e+03	3.047898e+06	1.470000e+03	3.057844e+06	1.470000e+03	3.037394e+06	1.470000e+03	3.040169e+06	1.470000e+03	3.034227e+06	1.470000e+03	3.041199e+06	1.470000e+03	3.028701e+06	1.470000e+03	3.045444e+06	1.470000e+03	3.028467e+06	1.470000e+03	3.023316e+06	1.470000e+03	3.022998e+06	1.470000e+03	3.047664e+06	1.470000e+03	3.000037e+06	1.470000e+03	3.027677e+06	1.470000e+03	3.043501e+06	1.470000e+03	3.033018e+06	1.470000e+03	3.020434e+06	1.470000e+03	3.025535e+06	1.470000e+03	3.029471e+06	1.470000e+03	3.033182e+06	1.470000e+03	3.008178e+06	1.470000e+03	3.026875e+06	1.470000e+03	3.004343e+06	1.470000e+03	3.018988e+06	1.470000e+03	3.012510e+06	1.470000e+03	3.008815e+06	1.470000e+03	3.029875e+06	1.470000e+03	3.031112e+06	1.470000e+03	3.026685e+06	1.470000e+03	2.997790e+06	1.470000e+03	3.022893e+06	1.470000e+03	3.029796e+06	1.470000e+03	3.019012e+06	1.470000e+03	3.052702e+06	1.470000e+03	3.043549e+06	1.470000e+03	3.027584e+06	1.470000e+03	3.039865e+06	1.470000e+03	3.044488e+06	1.470000e+03	3.049689e+06	1.470000e+03	3.051748e+06	1.470000e+03	3.059468e+06	1.470000e+03	3.034301e+06	1.470000e+03	3.058566e+06	1.470000e+03	3.049438e+06	1.470000e+03	3.085184e+06	1.470000e+03	3.073229e+06	1.470000e+03	3.085639e+06	1.470000e+03	3.085054e+06	1.470000e+03	3.078873e+06	1.470000e+03	3.086705e+06	1.470000e+03	3.077132e+06	1.470000e+03	3.061772e+06	1.470000e+03	3.086785e+06	1.470000e+03	3.082473e+06	1.470000e+03	3.095175e+06	1.470000e+03	3.091627e+06	1.470000e+03	3.086870e+06	1.470000e+03	3.090270e+06	1.470000e+03	3.090687e+06	1.470000e+03	3.083026e+06	1.470000e+03	3.082473e+06	1.470000e+03	3.070152e+06	1.470000e+03	3.085488e+06	1.470000e+03	3.084470e+06	1.470000e+03	3.086395e+06	1.470000e+03	3.075718e+06	1.470000e+03	3.086854e+06	1.470000e+03	3.088802e+06	1.470000e+03	3.101489e+06	1.470000e+03	3.103653e+06	1.470000e+03	3.119126e+06	1.470000e+03	3.117233e+06	1.470000e+03	3.112512e+06	1.470000e+03	3.106576e+06	1.470000e+03	3.090677e+06	1.470000e+03	3.093815e+06	1.470000e+03	3.121862e+06	1.470000e+03	3.088429e+06	1.470000e+03	3.110350e+06	1.470000e+03	3.112101e+06	1.470000e+03	3.128240e+06	1.470000e+03	3.089978e+06	1.470000e+03	3.098051e+06	1.470000e+03	3.109889e+06	1.470000e+03	3.105288e+06	1.470000e+03	3.101662e+06	1.470000e+03	3.096655e+06	1.470000e+03	3.124538e+06	1.470000e+03	3.120920e+06	1.470000e+03	3.117189e+06	1.470000e+03	3.127709e+06	1.470000e+03	3.135327e+06	1.470000e+03	3.131753e+06	1.470000e+03	3.116040e+06	1.470000e+03	3.103808e+06	1.470000e+03	3.110718e+06	1.470000e+03	3.149193e+06	1.470000e+03	3.128014e+06	1.470000e+03	3.126792e+06	1.470000e+03	3.119273e+06	1.470000e+03	3.113307e+06	1.470000e+03	3.123231e+06	1.470000e+03	3.118045e+06	1.470000e+03	3.115004e+06	1.470000e+03	3.138410e+06	1.470000e+03	3.130822e+06	1.470000e+03	3.120636e+06	1.470000e+03	3.140254e+06	1.470000e+03	3.131555e+06	1.470000e+03	3.135226e+06	1.470000e+03	3.135430e+06	1.470000e+03	3.139060e+06	1.470000e+03	3.145977e+06	1.470000e+03	3.125492e+06	1.470000e+03	3.107665e+06	1.470000e+03	3.080802e+06	1.470000e+03	3.103307e+06	1.470000e+03	3.129684e+06	1.470000e+03	3.130768e+06	1.470000e+03	3.107835e+06	1.470000e+03	3.129545e+06	1.470000e+03	3.096847e+06	1.470000e+03	3.091670e+06	1.470000e+03	3.109867e+06	1.470000e+03	3.128591e+06	1.470000e+03	3.146484e+06	1.470000e+03	3.114251e+06	1.470000e+03	3.093692e+06	1.470000e+03	3.098136e+06	1.470000e+03	3.105166e+06	1.470000e+03	3.108265e+06	1.470000e+03	3.111333e+06	1.470000e+03	3.097892e+06	1.470000e+03	3.124339e+06	1.470000e+03	3.124645e+06	1.470000e+03	3.123151e+06	1.470000e+03	3.125145e+06	1.470000e+03	3.132635e+06	1.470000e+03	3.120160e+06	1.470000e+03	3.151093e+06	1.470000e+03	3.129790e+06	1.470000e+03	3.133977e+06	1.470000e+03	3.132935e+06	1.470000e+03	3.123474e+06	1.470000e+03	3.139668e+06	1.470000e+03	3.148493e+06	1.470000e+03	3.126223e+06	1.470000e+03	3.124023e+06	1.470000e+03	3.140762e+06	1.470000e+03	3.129357e+06	1.470000e+03	3.137928e+06	1.470000e+03	3.148145e+06	1.470000e+03	3.141062e+06	1.470000e+03	3.133246e+06	1.470000e+03	3.141616e+06	1.470000e+03	3.137727e+06	1.470000e+03	3.158406e+06	1.470000e+03	3.133795e+06	1.470000e+03	3.147609e+06	1.470000e+03	3.167314e+06	1.470000e+03	3.153817e+06	1.470000e+03	3.148515e+06	1.470000e+03	3.149066e+06	1.470000e+03	3.155840e+06	1.470000e+03	3.148554e+06	1.470000e+03	3.148621e+06	1.470000e+03	3.157199e+06	1.470000e+03	3.161573e+06	1.470000e+03	3.151689e+06	1.470000e+03	3.161617e+06	1.470000e+03	3.169264e+06	1.470000e+03	3.159826e+06	1.470000e+03	3.154544e+06	1.470000e+03	3.146789e+06	1.470000e+03	3.154379e+06	1.470000e+03	3.172081e+06	1.470000e+03	3.165975e+06	1.470000e+03	3.157228e+06	1.470000e+03	3.154344e+06	1.470000e+03	3.141801e+06	1.470000e+03	3.167935e+06	1.470000e+03	3.155629e+06	1.470000e+03	3.174678e+06	1.470000e+03	3.171466e+06	1.470000e+03	3.166748e+06	1.470000e+03	3.170213e+06	1.470000e+03	3.172984e+06	1.470000e+03	3.172199e+06	1.470000e+03	3.181632e+06	1.470000e+03	3.165606e+06	1.470000e+03	3.170589e+06	1.470000e+03	3.160223e+06	1.470000e+03	3.154217e+06	1.470000e+03	3.151763e+06	1.470000e+03	3.164842e+06	1.470000e+03	3.169202e+06	1.470000e+03	3.164934e+06	1.470000e+03	3.149573e+06	1.470000e+03	3.153361e+06	1.470000e+03	3.168226e+06	1.470000e+03	3.155352e+06	1.470000e+03	3.135962e+06	1.470000e+03	3.166392e+06	1.470000e+03	3.150187e+06	1.470000e+03	3.152468e+06	1.470000e+03	3.147986e+06	1.470000e+03	3.152985e+06	1.470000e+03	3.149338e+06	1.470000e+03	3.163219e+06	1.470000e+03	3.156401e+06	1.470000e+03	3.144186e+06	1.470000e+03	3.161623e+06	1.470000e+03	3.143182e+06	1.470000e+03	3.146375e+06	1.470000e+03	3.153816e+06	1.470000e+03	3.175470e+06	1.470000e+03	3.173288e+06	1.470000e+03	3.162979e+06	1.470000e+03	3.180659e+06	1.470000e+03	3.153668e+06	1.470000e+03	3.159350e+06	1.470000e+03	3.170771e+06	1.470000e+03	3.156172e+06	1.470000e+03	3.136898e+06	1.470000e+03	3.141162e+06	1.470000e+03	3.146752e+06	1.470000e+03	3.163224e+06	1.470000e+03	3.173343e+06	1.470000e+03	3.164241e+06	1.470000e+03	3.167053e+06	1.470000e+03	3.170033e+06	1.470000e+03	3.157117e+06	1.470000e+03	3.157089e+06	1.470000e+03	3.153997e+06	1.470000e+03	3.163370e+06	1.470000e+03	3.163453e+06	1.470000e+03	3.153941e+06	1.470000e+03	3.174989e+06	1.470000e+03	3.149745e+06	1.470000e+03	3.172069e+06	1.470000e+03	3.150290e+06	1.470000e+03	3.141252e+06	1.470000e+03	3.163106e+06	1.470000e+03	3.154085e+06	1.470000e+03	3.158493e+06	1.470000e+03	3.150845e+06	1.470000e+03	3.158619e+06	1.470000e+03	3.167817e+06	1.470000e+03	3.151395e+06	1.470000e+03	3.186752e+06	1.470000e+03	3.173487e+06	1.470000e+03	3.183363e+06	1.470000e+03	3.170850e+06	1.470000e+03	3.167341e+06	1.470000e+03	3.190407e+06	1.470000e+03	3.175088e+06	1.470000e+03	3.173735e+06	1.470000e+03	3.166231e+06	1.470000e+03	3.189460e+06	1.470000e+03	3.185028e+06	1.470000e+03	3.190668e+06	1.470000e+03	3.189146e+06	1.470000e+03	3.183426e+06	1.470000e+03	3.183419e+06	1.470000e+03	3.180220e+06	1.470000e+03	3.174215e+06	1.470000e+03	3.175625e+06	1.470000e+03	3.168942e+06	1.470000e+03	3.175837e+06	1.470000e+03	3.154086e+06	1.470000e+03	3.180765e+06	1.470000e+03	3.178368e+06	1.470000e+03	3.187919e+06	1.470000e+03	3.182038e+06	1.470000e+03	3.185225e+06	1.470000e+03	3.183461e+06	1.470000e+03	3.184443e+06	1.470000e+03	3.203491e+06	1.470000e+03	3.184574e+06	1.470000e+03	3.203741e+06	1.470000e+03	3.198080e+06	1.470000e+03	3.171961e+06	1.470000e+03	3.177210e+06	1.470000e+03	3.206015e+06	1.470000e+03	3.179727e+06	1.470000e+03	3.200094e+06	1.470000e+03	3.191759e+06	1.470000e+03	3.199890e+06	1.470000e+03	3.204076e+06	1.470000e+03	3.192816e+06	1.470000e+03	3.192759e+06	1.470000e+03	3.205495e+06	1.470000e+03	3.168462e+06	1.470000e+03	3.204875e+06	1.470000e+03	3.186201e+06	1.470000e+03	3.203004e+06	1.470000e+03	3.206019e+06	1.470000e+03	3.197423e+06	1.470000e+03	3.210024e+06	1.470000e+03	3.196040e+06	1.470000e+03	3.188296e+06	1.470000e+03	3.184141e+06	1.470000e+03	3.188008e+06	1.470000e+03	3.203030e+06	1.470000e+03	3.164591e+06	1.470000e+03	3.194788e+06	1.470000e+03	3.182092e+06	1.470000e+03	3.173811e+06	1.470000e+03	3.191090e+06	1.470000e+03	3.196402e+06	1.470000e+03	3.194956e+06
1.475000e+03	3.102837e+06	1.475000e+03	3.100051e+06	1.475000e+03	3.062694e+06	1.475000e+03	3.054678e+06	1.475000e+03	3.058818e+06	1.475000e+03	3.037742e+06	1.475000e+03	3.035307e+06	1.475000e+03	3.030114e+06	1.475000e+03	3.035481e+06	1.475000e+03	3.028198e+06	1.475000e+03	3.031415e+06	1.475000e+03	3.025476e+06	1.475000e+03	3.027376e+06	1.475000e+03	3.024211e+06	1.475000e+03	3.052777e+06	1.475000e+03	3.005131e+06	1.475000e+03	3.017547e+06	1.475000e+03	3.041063e+06	1.475000e+03	3.031859e+06	1.475000e+03	3.018361e+06	1.475000e+03	3.017415e+06	1.475000e+03	3.025974e+06	1.475000e+03	3.032650e+06	1.475000e+03	3.011490e+06	1.475000e+03	3.021011e+06	1.475000e+03	3.000049e+06	1.475000e+03	3.017520e+06	1.475000e+03	3.018501e+06	1.475000e+03	3.009231e+06	1.475000e+03	3.032747e+06	1.475000e+03	3.035004e+06	1.475000e+03	3.035224e+06	1.475000e+03	2.998668e+06	1.475000e+03	3.024240e+06	1.475000e+03	3.033366e+06	1.475000e+03	3.015333e+06	1.475000e+03	3.047054e+06	1.475000e+03	3.039057e+06	1.475000e+03	3.036608e+06	1.475000e+03	3.040414e+06	1.475000e+03	3.045808e+06	1.475000e+03	3.052271e+06	1.475000e+03	3.048102e+06	1.475000e+03	3.057443e+06	1.475000e+03	3.035214e+06	1.475000e+03	3.053804e+06	1.475000e+03	3.048347e+06	1.475000e+03	3.064878e+06	1.475000e+03	3.065528e+06	1.475000e+03	3.085973e+06	1.475000e+03	3.076688e+06	1.475000e+03	3.080633e+06	1.475000e+03	3.078180e+06	1.475000e+03	3.076763e+06	1.475000e+03	3.057490e+06	1.475000e+03	3.086687e+06	1.475000e+03	3.081263e+06	1.475000e+03	3.094558e+06	1.475000e+03	3.088590e+06	1.475000e+03	3.088412e+06	1.475000e+03	3.099929e+06	1.475000e+03	3.082429e+06	1.475000e+03	3.080579e+06	1.475000e+03	3.085557e+06	1.475000e+03	3.067757e+06	1.475000e+03	3.084214e+06	1.475000e+03	3.088899e+06	1.475000e+03	3.080198e+06	1.475000e+03	3.077416e+06	1.475000e+03	3.088135e+06	1.475000e+03	3.090078e+06	1.475000e+03	3.093230e+06	1.475000e+03	3.109232e+06	1.475000e+03	3.107090e+06	1.475000e+03	3.124107e+06	1.475000e+03	3.110510e+06	1.475000e+03	3.104544e+06	1.475000e+03	3.096915e+06	1.475000e+03	3.093179e+06	1.475000e+03	3.101794e+06	1.475000e+03	3.081776e+06	1.475000e+03	3.107712e+06	1.475000e+03	3.113198e+06	1.475000e+03	3.129539e+06	1.475000e+03	3.100655e+06	1.475000e+03	3.101310e+06	1.475000e+03	3.103425e+06	1.475000e+03	3.114210e+06	1.475000e+03	3.104323e+06	1.475000e+03	3.093619e+06	1.475000e+03	3.125545e+06	1.475000e+03	3.129147e+06	1.475000e+03	3.110255e+06	1.475000e+03	3.126745e+06	1.475000e+03	3.139295e+06	1.475000e+03	3.124627e+06	1.475000e+03	3.104844e+06	1.475000e+03	3.122268e+06	1.475000e+03	3.114360e+06	1.475000e+03	3.137097e+06	1.475000e+03	3.138022e+06	1.475000e+03	3.131969e+06	1.475000e+03	3.128705e+06	1.475000e+03	3.120085e+06	1.475000e+03	3.122409e+06	1.475000e+03	3.126913e+06	1.475000e+03	3.110245e+06	1.475000e+03	3.133511e+06	1.475000e+03	3.136483e+06	1.475000e+03	3.113800e+06	1.475000e+03	3.135541e+06	1.475000e+03	3.134609e+06	1.475000e+03	3.129203e+06	1.475000e+03	3.134408e+06	1.475000e+03	3.140882e+06	1.475000e+03	3.151547e+06	1.475000e+03	3.127702e+06	1.475000e+03	3.110982e+06	1.475000e+03	3.082002e+06	1.475000e+03	3.105087e+06	1.475000e+03	3.129111e+06	1.475000e+03	3.121794e+06	1.475000e+03	3.109844e+06	1.475000e+03	3.128856e+06	1.475000e+03	3.100852e+06	1.475000e+03	3.093814e+06	1.475000e+03	3.109960e+06	1.475000e+03	3.123106e+06	1.475000e+03	3.145573e+06	1.475000e+03	3.112432e+06	1.475000e+03	3.093828e+06	1.475000e+03	3.107306e+06	1.475000e+03	3.101851e+06	1.475000e+03	3.105604e+06	1.475000e+03	3.110421e+06	1.475000e+03	3.098792e+06	1.475000e+03	3.123254e+06	1.475000e+03	3.127766e+06	1.475000e+03	3.126162e+06	1.475000e+03	3.119761e+06	1.475000e+03	3.121331e+06	1.475000e+03	3.124367e+06	1.475000e+03	3.148422e+06	1.475000e+03	3.140395e+06	1.475000e+03	3.125512e+06	1.475000e+03	3.129114e+06	1.475000e+03	3.125509e+06	1.475000e+03	3.136282e+06	1.475000e+03	3.128506e+06	1.475000e+03	3.129671e+06	1.475000e+03	3.125265e+06	1.475000e+03	3.139465e+06	1.475000e+03	3.126750e+06	1.475000e+03	3.142692e+06	1.475000e+03	3.148852e+06	1.475000e+03	3.138613e+06	1.475000e+03	3.141129e+06	1.475000e+03	3.148007e+06	1.475000e+03	3.124529e+06	1.475000e+03	3.161417e+06	1.475000e+03	3.137542e+06	1.475000e+03	3.149053e+06	1.475000e+03	3.171912e+06	1.475000e+03	3.154521e+06	1.475000e+03	3.155834e+06	1.475000e+03	3.149708e+06	1.475000e+03	3.156632e+06	1.475000e+03	3.141405e+06	1.475000e+03	3.158300e+06	1.475000e+03	3.151948e+06	1.475000e+03	3.167620e+06	1.475000e+03	3.153380e+06	1.475000e+03	3.164300e+06	1.475000e+03	3.167939e+06	1.475000e+03	3.165585e+06	1.475000e+03	3.160953e+06	1.475000e+03	3.142909e+06	1.475000e+03	3.152636e+06	1.475000e+03	3.175558e+06	1.475000e+03	3.171463e+06	1.475000e+03	3.153849e+06	1.475000e+03	3.156611e+06	1.475000e+03	3.147967e+06	1.475000e+03	3.159032e+06	1.475000e+03	3.165143e+06	1.475000e+03	3.167414e+06	1.475000e+03	3.166375e+06	1.475000e+03	3.172926e+06	1.475000e+03	3.165152e+06	1.475000e+03	3.172577e+06	1.475000e+03	3.178241e+06	1.475000e+03	3.178141e+06	1.475000e+03	3.163106e+06	1.475000e+03	3.166518e+06	1.475000e+03	3.155443e+06	1.475000e+03	3.152659e+06	1.475000e+03	3.158264e+06	1.475000e+03	3.163585e+06	1.475000e+03	3.170434e+06	1.475000e+03	3.167525e+06	1.475000e+03	3.152911e+06	1.475000e+03	3.151335e+06	1.475000e+03	3.175844e+06	1.475000e+03	3.157547e+06	1.475000e+03	3.139707e+06	1.475000e+03	3.160187e+06	1.475000e+03	3.147766e+06	1.475000e+03	3.150094e+06	1.475000e+03	3.154701e+06	1.475000e+03	3.155970e+06	1.475000e+03	3.150500e+06	1.475000e+03	3.163077e+06	1.475000e+03	3.159752e+06	1.475000e+03	3.149581e+06	1.475000e+03	3.162382e+06	1.475000e+03	3.144561e+06	1.475000e+03	3.150343e+06	1.475000e+03	3.150980e+06	1.475000e+03	3.179336e+06	1.475000e+03	3.164107e+06	1.475000e+03	3.157766e+06	1.475000e+03	3.178382e+06	1.475000e+03	3.158048e+06	1.475000e+03	3.167035e+06	1.475000e+03	3.172920e+06	1.475000e+03	3.158842e+06	1.475000e+03	3.134179e+06	1.475000e+03	3.140238e+06	1.475000e+03	3.151215e+06	1.475000e+03	3.166095e+06	1.475000e+03	3.170405e+06	1.475000e+03	3.159772e+06	1.475000e+03	3.163576e+06	1.475000e+03	3.174294e+06	1.475000e+03	3.155758e+06	1.475000e+03	3.156927e+06	1.475000e+03	3.160019e+06	1.475000e+03	3.170226e+06	1.475000e+03	3.163343e+06	1.475000e+03	3.153414e+06	1.475000e+03	3.175408e+06	1.475000e+03	3.158798e+06	1.475000e+03	3.165293e+06	1.475000e+03	3.147756e+06	1.475000e+03	3.151650e+06	1.475000e+03	3.166144e+06	1.475000e+03	3.166151e+06	1.475000e+03	3.159595e+06	1.475000e+03	3.148454e+06	1.475000e+03	3.161065e+06	1.475000e+03	3.166205e+06	1.475000e+03	3.150785e+06	1.475000e+03	3.188349e+06	1.475000e+03	3.176415e+06	1.475000e+03	3.182703e+06	1.475000e+03	3.172146e+06	1.475000e+03	3.167366e+06	1.475000e+03	3.174250e+06	1.475000e+03	3.173602e+06	1.475000e+03	3.181118e+06	1.475000e+03	3.167543e+06	1.475000e+03	3.188032e+06	1.475000e+03	3.172094e+06	1.475000e+03	3.186723e+06	1.475000e+03	3.190283e+06	1.475000e+03	3.185668e+06	1.475000e+03	3.182216e+06	1.475000e+03	3.180121e+06	1.475000e+03	3.186068e+06	1.475000e+03	3.172491e+06	1.475000e+03	3.173195e+06	1.475000e+03	3.175675e+06	1.475000e+03	3.154270e+06	1.475000e+03	3.186393e+06	1.475000e+03	3.181114e+06	1.475000e+03	3.191754e+06	1.475000e+03	3.181824e+06	1.475000e+03	3.182465e+06	1.475000e+03	3.188440e+06	1.475000e+03	3.193145e+06	1.475000e+03	3.188823e+06	1.475000e+03	3.178329e+06	1.475000e+03	3.191837e+06	1.475000e+03	3.196352e+06	1.475000e+03	3.172036e+06	1.475000e+03	3.175004e+06	1.475000e+03	3.196651e+06	1.475000e+03	3.177168e+06	1.475000e+03	3.203147e+06	1.475000e+03	3.183197e+06	1.475000e+03	3.194105e+06	1.475000e+03	3.206656e+06	1.475000e+03	3.193148e+06	1.475000e+03	3.188138e+06	1.475000e+03	3.202764e+06	1.475000e+03	3.165284e+06	1.475000e+03	3.203063e+06	1.475000e+03	3.190009e+06	1.475000e+03	3.204104e+06	1.475000e+03	3.201410e+06	1.475000e+03	3.196373e+06	1.475000e+03	3.208132e+06	1.475000e+03	3.193389e+06	1.475000e+03	3.185655e+06	1.475000e+03	3.203060e+06	1.475000e+03	3.186263e+06	1.475000e+03	3.197708e+06	1.475000e+03	3.165977e+06	1.475000e+03	3.194896e+06	1.475000e+03	3.184583e+06	1.475000e+03	3.181136e+06	1.475000e+03	3.190946e+06	1.475000e+03	3.206757e+06	1.475000e+03	3.188891e+06
1.480000e+03	3.094961e+06	1.480000e+03	3.096330e+06	1.480000e+03	3.062945e+06	1.480000e+03	3.051298e+06	1.480000e+03	3.064026e+06	1.480000e+03	3.048201e+06	1.480000e+03	3.039373e+06	1.480000e+03	3.040352e+06	1.480000e+03	3.043829e+06	1.480000e+03	3.033363e+06	1.480000e+03	3.025035e+06	1.480000e+03	3.018732e+06	1.480000e+03	3.020928e+06	1.480000e+03	3.030046e+06	1.480000e+03	3.046410e+06	1.480000e+03	3.003625e+06	1.480000e+03	3.020724e+06	1.480000e+03	3.038197e+06	1.480000e+03	3.024910e+06	1.480000e+03	3.021336e+06	1.480000e+03	3.020756e+06	1.480000e+03	3.042488e+06	1.480000e+03	3.029406e+06	1.480000e+03	3.011430e+06	1.480000e+03	3.014605e+06	1.480000e+03	2.998619e+06	1.480000e+03	3.018174e+06	1.480000e+03	3.013222e+06	1.480000e+03	3.012798e+06	1.480000e+03	3.028682e+06	1.480000e+03	3.040251e+06	1.480000e+03	3.025612e+06	1.480000e+03	2.999322e+06	1.480000e+03	3.024269e+06	1.480000e+03	3.014842e+06	1.480000e+03	3.020922e+06	1.480000e+03	3.048115e+06	1.480000e+03	3.033285e+06	1.480000e+03	3.036109e+06	1.480000e+03	3.047249e+06	1.480000e+03	3.051649e+06	1.480000e+03	3.056069e+06	1.480000e+03	3.057334e+06	1.480000e+03	3.055454e+06	1.480000e+03	3.027364e+06	1.480000e+03	3.054099e+06	1.480000e+03	3.051265e+06	1.480000e+03	3.062198e+06	1.480000e+03	3.078707e+06	1.480000e+03	3.074864e+06	1.480000e+03	3.083111e+06	1.480000e+03	3.075280e+06	1.480000e+03	3.082137e+06	1.480000e+03	3.079069e+06	1.480000e+03	3.059893e+06	1.480000e+03	3.085023e+06	1.480000e+03	3.074291e+06	1.480000e+03	3.100207e+06	1.480000e+03	3.089326e+06	1.480000e+03	3.088828e+06	1.480000e+03	3.094748e+06	1.480000e+03	3.086531e+06	1.480000e+03	3.085799e+06	1.480000e+03	3.080794e+06	1.480000e+03	3.071447e+06	1.480000e+03	3.078553e+06	1.480000e+03	3.086461e+06	1.480000e+03	3.086117e+06	1.480000e+03	3.078677e+06	1.480000e+03	3.087175e+06	1.480000e+03	3.092671e+06	1.480000e+03	3.088825e+06	1.480000e+03	3.103849e+06	1.480000e+03	3.101408e+06	1.480000e+03	3.119328e+06	1.480000e+03	3.111877e+06	1.480000e+03	3.109069e+06	1.480000e+03	3.090259e+06	1.480000e+03	3.089875e+06	1.480000e+03	3.100676e+06	1.480000e+03	3.089184e+06	1.480000e+03	3.109149e+06	1.480000e+03	3.103767e+06	1.480000e+03	3.129221e+06	1.480000e+03	3.095944e+06	1.480000e+03	3.096647e+06	1.480000e+03	3.111804e+06	1.480000e+03	3.115437e+06	1.480000e+03	3.118515e+06	1.480000e+03	3.104125e+06	1.480000e+03	3.117295e+06	1.480000e+03	3.116176e+06	1.480000e+03	3.109817e+06	1.480000e+03	3.134049e+06	1.480000e+03	3.124222e+06	1.480000e+03	3.129770e+06	1.480000e+03	3.113970e+06	1.480000e+03	3.125954e+06	1.480000e+03	3.122770e+06	1.480000e+03	3.133490e+06	1.480000e+03	3.140742e+06	1.480000e+03	3.133174e+06	1.480000e+03	3.128357e+06	1.480000e+03	3.119496e+06	1.480000e+03	3.130018e+06	1.480000e+03	3.109591e+06	1.480000e+03	3.108260e+06	1.480000e+03	3.120843e+06	1.480000e+03	3.135902e+06	1.480000e+03	3.114708e+06	1.480000e+03	3.137950e+06	1.480000e+03	3.129177e+06	1.480000e+03	3.130522e+06	1.480000e+03	3.132028e+06	1.480000e+03	3.142262e+06	1.480000e+03	3.147780e+06	1.480000e+03	3.123525e+06	1.480000e+03	3.108806e+06	1.480000e+03	3.080248e+06	1.480000e+03	3.102845e+06	1.480000e+03	3.131487e+06	1.480000e+03	3.119415e+06	1.480000e+03	3.110311e+06	1.480000e+03	3.121995e+06	1.480000e+03	3.112710e+06	1.480000e+03	3.098179e+06	1.480000e+03	3.114676e+06	1.480000e+03	3.130224e+06	1.480000e+03	3.144650e+06	1.480000e+03	3.115067e+06	1.480000e+03	3.096507e+06	1.480000e+03	3.107332e+06	1.480000e+03	3.110952e+06	1.480000e+03	3.104601e+06	1.480000e+03	3.126279e+06	1.480000e+03	3.093737e+06	1.480000e+03	3.127970e+06	1.480000e+03	3.134077e+06	1.480000e+03	3.118915e+06	1.480000e+03	3.107067e+06	1.480000e+03	3.119584e+06	1.480000e+03	3.122637e+06	1.480000e+03	3.150769e+06	1.480000e+03	3.147840e+06	1.480000e+03	3.122907e+06	1.480000e+03	3.122900e+06	1.480000e+03	3.127208e+06	1.480000e+03	3.129420e+06	1.480000e+03	3.127925e+06	1.480000e+03	3.128030e+06	1.480000e+03	3.121597e+06	1.480000e+03	3.132159e+06	1.480000e+03	3.131849e+06	1.480000e+03	3.140916e+06	1.480000e+03	3.154224e+06	1.480000e+03	3.143531e+06	1.480000e+03	3.136541e+06	1.480000e+03	3.144849e+06	1.480000e+03	3.126677e+06	1.480000e+03	3.150233e+06	1.480000e+03	3.139277e+06	1.480000e+03	3.143426e+06	1.480000e+03	3.159868e+06	1.480000e+03	3.143733e+06	1.480000e+03	3.152057e+06	1.480000e+03	3.151416e+06	1.480000e+03	3.157971e+06	1.480000e+03	3.147707e+06	1.480000e+03	3.161168e+06	1.480000e+03	3.153754e+06	1.480000e+03	3.170338e+06	1.480000e+03	3.159043e+06	1.480000e+03	3.161866e+06	1.480000e+03	3.170832e+06	1.480000e+03	3.158417e+06	1.480000e+03	3.161005e+06	1.480000e+03	3.146571e+06	1.480000e+03	3.144726e+06	1.480000e+03	3.168888e+06	1.480000e+03	3.176040e+06	1.480000e+03	3.153467e+06	1.480000e+03	3.153899e+06	1.480000e+03	3.149735e+06	1.480000e+03	3.163339e+06	1.480000e+03	3.169093e+06	1.480000e+03	3.177475e+06	1.480000e+03	3.163273e+06	1.480000e+03	3.167974e+06	1.480000e+03	3.161300e+06	1.480000e+03	3.171299e+06	1.480000e+03	3.162098e+06	1.480000e+03	3.182592e+06	1.480000e+03	3.171673e+06	1.480000e+03	3.164248e+06	1.480000e+03	3.161726e+06	1.480000e+03	3.146925e+06	1.480000e+03	3.154956e+06	1.480000e+03	3.156817e+06	1.480000e+03	3.160923e+06	1.480000e+03	3.175365e+06	1.480000e+03	3.150026e+06	1.480000e+03	3.148157e+06	1.480000e+03	3.179935e+06	1.480000e+03	3.152995e+06	1.480000e+03	3.143632e+06	1.480000e+03	3.160850e+06	1.480000e+03	3.152460e+06	1.480000e+03	3.153404e+06	1.480000e+03	3.155220e+06	1.480000e+03	3.161458e+06	1.480000e+03	3.147119e+06	1.480000e+03	3.164165e+06	1.480000e+03	3.154721e+06	1.480000e+03	3.146720e+06	1.480000e+03	3.167000e+06	1.480000e+03	3.148716e+06	1.480000e+03	3.151549e+06	1.480000e+03	3.152876e+06	1.480000e+03	3.177873e+06	1.480000e+03	3.165775e+06	1.480000e+03	3.156278e+06	1.480000e+03	3.176135e+06	1.480000e+03	3.151135e+06	1.480000e+03	3.167419e+06	1.480000e+03	3.176317e+06	1.480000e+03	3.159773e+06	1.480000e+03	3.142832e+06	1.480000e+03	3.140254e+06	1.480000e+03	3.146814e+06	1.480000e+03	3.165898e+06	1.480000e+03	3.159881e+06	1.480000e+03	3.166014e+06	1.480000e+03	3.165708e+06	1.480000e+03	3.171680e+06	1.480000e+03	3.160105e+06	1.480000e+03	3.147398e+06	1.480000e+03	3.169101e+06	1.480000e+03	3.162959e+06	1.480000e+03	3.156700e+06	1.480000e+03	3.152809e+06	1.480000e+03	3.165312e+06	1.480000e+03	3.146589e+06	1.480000e+03	3.147395e+06	1.480000e+03	3.150265e+06	1.480000e+03	3.146299e+06	1.480000e+03	3.171060e+06	1.480000e+03	3.163421e+06	1.480000e+03	3.172171e+06	1.480000e+03	3.138721e+06	1.480000e+03	3.161707e+06	1.480000e+03	3.168033e+06	1.480000e+03	3.156723e+06	1.480000e+03	3.182062e+06	1.480000e+03	3.177031e+06	1.480000e+03	3.180522e+06	1.480000e+03	3.168613e+06	1.480000e+03	3.169983e+06	1.480000e+03	3.174642e+06	1.480000e+03	3.176665e+06	1.480000e+03	3.186935e+06	1.480000e+03	3.162789e+06	1.480000e+03	3.194722e+06	1.480000e+03	3.178654e+06	1.480000e+03	3.190595e+06	1.480000e+03	3.186574e+06	1.480000e+03	3.185770e+06	1.480000e+03	3.189282e+06	1.480000e+03	3.176292e+06	1.480000e+03	3.173252e+06	1.480000e+03	3.168019e+06	1.480000e+03	3.163226e+06	1.480000e+03	3.178497e+06	1.480000e+03	3.158203e+06	1.480000e+03	3.173176e+06	1.480000e+03	3.193383e+06	1.480000e+03	3.188248e+06	1.480000e+03	3.180436e+06	1.480000e+03	3.172433e+06	1.480000e+03	3.181568e+06	1.480000e+03	3.190534e+06	1.480000e+03	3.191813e+06	1.480000e+03	3.182341e+06	1.480000e+03	3.196205e+06	1.480000e+03	3.188907e+06	1.480000e+03	3.169192e+06	1.480000e+03	3.177859e+06	1.480000e+03	3.208370e+06	1.480000e+03	3.180111e+06	1.480000e+03	3.202474e+06	1.480000e+03	3.186378e+06	1.480000e+03	3.194168e+06	1.480000e+03	3.205554e+06	1.480000e+03	3.188665e+06	1.480000e+03	3.194162e+06	1.480000e+03	3.187839e+06	1.480000e+03	3.166825e+06	1.480000e+03	3.198413e+06	1.480000e+03	3.188801e+06	1.480000e+03	3.195631e+06	1.480000e+03	3.191850e+06	1.480000e+03	3.191684e+06	1.480000e+03	3.209191e+06	1.480000e+03	3.201072e+06	1.480000e+03	3.185865e+06	1.480000e+03	3.186515e+06	1.480000e+03	3.181284e+06	1.480000e+03	3.200814e+06	1.480000e+03	3.167641e+06	1.480000e+03	3.194310e+06	1.480000e+03	3.182617e+06	1.480000e+03	3.185640e+06	1.480000e+03	3.191293e+06	1.480000e+03	3.205714e+06	1.480000e+03	3.192320e+06
1.485000e+03	3.098290e+06	1.485000e+03	3.089338e+06	1.485000e+03	3.065425e+06	1.485000e+03	3.058055e+06	1.485000e+03	3.065500e+06	1.485000e+03	3.043817e+06	1.485000e+03	3.044339e+06	1.485000e+03	3.034313e+06	1.485000e+03	3.055030e+06	1.485000e+03	3.029017e+06	1.485000e+03	3.022144e+06	1.485000e+03	3.021094e+06	1.485000e+03	3.025886e+06	1.485000e+03	3.024338e+06	1.485000e+03	3.042255e+06	1.485000e+03	3.006766e+06	1.485000e+03	3.020000e+06	1.485000e+03	3.032219e+06	1.485000e+03	3.017613e+06	1.485000e+03	3.023235e+06	1.485000e+03	3.018205e+06	1.485000e+03	3.031288e+06	1.485000e+03	3.032044e+06	1.485000e+03	3.003846e+06	1.485000e+03	3.019733e+06	1.485000e+03	2.994357e+06	1.485000e+03	3.016856e+06	1.485000e+03	3.011455e+06	1.485000e+03	3.008862e+06	1.485000e+03	3.027571e+06	1.485000e+03	3.030071e+06	1.485000e+03	3.023846e+06	1.485000e+03	3.004609e+06	1.485000e+03	3.023642e+06	1.485000e+03	3.022495e+06	1.485000e+03	3.019160e+06	1.485000e+03	3.050621e+06	1.485000e+03	3.035389e+06	1.485000e+03	3.039468e+06	1.485000e+03	3.041066e+06	1.485000e+03	3.053382e+06	1.485000e+03	3.042746e+06	1.485000e+03	3.065142e+06	1.485000e+03	3.057861e+06	1.485000e+03	3.025835e+06	1.485000e+03	3.061578e+06	1.485000e+03	3.055495e+06	1.485000e+03	3.070693e+06	1.485000e+03	3.092618e+06	1.485000e+03	3.084808e+06	1.485000e+03	3.085051e+06	1.485000e+03	3.077853e+06	1.485000e+03	3.080482e+06	1.485000e+03	3.078758e+06	1.485000e+03	3.062899e+06	1.485000e+03	3.083629e+06	1.485000e+03	3.088627e+06	1.485000e+03	3.098648e+06	1.485000e+03	3.090587e+06	1.485000e+03	3.091818e+06	1.485000e+03	3.092321e+06	1.485000e+03	3.091637e+06	1.485000e+03	3.072030e+06	1.485000e+03	3.085823e+06	1.485000e+03	3.065885e+06	1.485000e+03	3.076279e+06	1.485000e+03	3.089395e+06	1.485000e+03	3.081159e+06	1.485000e+03	3.077951e+06	1.485000e+03	3.096319e+06	1.485000e+03	3.099802e+06	1.485000e+03	3.087724e+06	1.485000e+03	3.103701e+06	1.485000e+03	3.103656e+06	1.485000e+03	3.118371e+06	1.485000e+03	3.102196e+06	1.485000e+03	3.106510e+06	1.485000e+03	3.099538e+06	1.485000e+03	3.091577e+06	1.485000e+03	3.103472e+06	1.485000e+03	3.088419e+06	1.485000e+03	3.093855e+06	1.485000e+03	3.101512e+06	1.485000e+03	3.126912e+06	1.485000e+03	3.098525e+06	1.485000e+03	3.093033e+06	1.485000e+03	3.097971e+06	1.485000e+03	3.115372e+06	1.485000e+03	3.121819e+06	1.485000e+03	3.102071e+06	1.485000e+03	3.119255e+06	1.485000e+03	3.112346e+06	1.485000e+03	3.106710e+06	1.485000e+03	3.125112e+06	1.485000e+03	3.129999e+06	1.485000e+03	3.126762e+06	1.485000e+03	3.097084e+06	1.485000e+03	3.125824e+06	1.485000e+03	3.122966e+06	1.485000e+03	3.131153e+06	1.485000e+03	3.137098e+06	1.485000e+03	3.140847e+06	1.485000e+03	3.127037e+06	1.485000e+03	3.120836e+06	1.485000e+03	3.126704e+06	1.485000e+03	3.107264e+06	1.485000e+03	3.102781e+06	1.485000e+03	3.126639e+06	1.485000e+03	3.140012e+06	1.485000e+03	3.116921e+06	1.485000e+03	3.147482e+06	1.485000e+03	3.126235e+06	1.485000e+03	3.131283e+06	1.485000e+03	3.140526e+06	1.485000e+03	3.141131e+06	1.485000e+03	3.150973e+06	1.485000e+03	3.125230e+06	1.485000e+03	3.115998e+06	1.485000e+03	3.081247e+06	1.485000e+03	3.101092e+06	1.485000e+03	3.142749e+06	1.485000e+03	3.126335e+06	1.485000e+03	3.113537e+06	1.485000e+03	3.124871e+06	1.485000e+03	3.113897e+06	1.485000e+03	3.095218e+06	1.485000e+03	3.110173e+06	1.485000e+03	3.122631e+06	1.485000e+03	3.144170e+06	1.485000e+03	3.119824e+06	1.485000e+03	3.095755e+06	1.485000e+03	3.109433e+06	1.485000e+03	3.110283e+06	1.485000e+03	3.105367e+06	1.485000e+03	3.113299e+06	1.485000e+03	3.097909e+06	1.485000e+03	3.124632e+06	1.485000e+03	3.127464e+06	1.485000e+03	3.111231e+06	1.485000e+03	3.102996e+06	1.485000e+03	3.128254e+06	1.485000e+03	3.117683e+06	1.485000e+03	3.146030e+06	1.485000e+03	3.138574e+06	1.485000e+03	3.124343e+06	1.485000e+03	3.121003e+06	1.485000e+03	3.128769e+06	1.485000e+03	3.132489e+06	1.485000e+03	3.127477e+06	1.485000e+03	3.130385e+06	1.485000e+03	3.117245e+06	1.485000e+03	3.134681e+06	1.485000e+03	3.127819e+06	1.485000e+03	3.141444e+06	1.485000e+03	3.148776e+06	1.485000e+03	3.145227e+06	1.485000e+03	3.143900e+06	1.485000e+03	3.147990e+06	1.485000e+03	3.130864e+06	1.485000e+03	3.148867e+06	1.485000e+03	3.140074e+06	1.485000e+03	3.146534e+06	1.485000e+03	3.162550e+06	1.485000e+03	3.146830e+06	1.485000e+03	3.157341e+06	1.485000e+03	3.143752e+06	1.485000e+03	3.170589e+06	1.485000e+03	3.159587e+06	1.485000e+03	3.152680e+06	1.485000e+03	3.148043e+06	1.485000e+03	3.169950e+06	1.485000e+03	3.158866e+06	1.485000e+03	3.163443e+06	1.485000e+03	3.174147e+06	1.485000e+03	3.157949e+06	1.485000e+03	3.168203e+06	1.485000e+03	3.144173e+06	1.485000e+03	3.148640e+06	1.485000e+03	3.170024e+06	1.485000e+03	3.166705e+06	1.485000e+03	3.155611e+06	1.485000e+03	3.150579e+06	1.485000e+03	3.154606e+06	1.485000e+03	3.164051e+06	1.485000e+03	3.165611e+06	1.485000e+03	3.163436e+06	1.485000e+03	3.168122e+06	1.485000e+03	3.171290e+06	1.485000e+03	3.162078e+06	1.485000e+03	3.171420e+06	1.485000e+03	3.166389e+06	1.485000e+03	3.179886e+06	1.485000e+03	3.169045e+06	1.485000e+03	3.165168e+06	1.485000e+03	3.156480e+06	1.485000e+03	3.148778e+06	1.485000e+03	3.146626e+06	1.485000e+03	3.156421e+06	1.485000e+03	3.163800e+06	1.485000e+03	3.173588e+06	1.485000e+03	3.151969e+06	1.485000e+03	3.151412e+06	1.485000e+03	3.183264e+06	1.485000e+03	3.151677e+06	1.485000e+03	3.147857e+06	1.485000e+03	3.164057e+06	1.485000e+03	3.155291e+06	1.485000e+03	3.158826e+06	1.485000e+03	3.159434e+06	1.485000e+03	3.161831e+06	1.485000e+03	3.157610e+06	1.485000e+03	3.162726e+06	1.485000e+03	3.149201e+06	1.485000e+03	3.148035e+06	1.485000e+03	3.167240e+06	1.485000e+03	3.149573e+06	1.485000e+03	3.187299e+06	1.485000e+03	3.152421e+06	1.485000e+03	3.181769e+06	1.485000e+03	3.167746e+06	1.485000e+03	3.149391e+06	1.485000e+03	3.176144e+06	1.485000e+03	3.151922e+06	1.485000e+03	3.172560e+06	1.485000e+03	3.174307e+06	1.485000e+03	3.164852e+06	1.485000e+03	3.140033e+06	1.485000e+03	3.137130e+06	1.485000e+03	3.134215e+06	1.485000e+03	3.159390e+06	1.485000e+03	3.158935e+06	1.485000e+03	3.174162e+06	1.485000e+03	3.168717e+06	1.485000e+03	3.152189e+06	1.485000e+03	3.157505e+06	1.485000e+03	3.159903e+06	1.485000e+03	3.165162e+06	1.485000e+03	3.165337e+06	1.485000e+03	3.158378e+06	1.485000e+03	3.153822e+06	1.485000e+03	3.168481e+06	1.485000e+03	3.154186e+06	1.485000e+03	3.154255e+06	1.485000e+03	3.148016e+06	1.485000e+03	3.150465e+06	1.485000e+03	3.167283e+06	1.485000e+03	3.152818e+06	1.485000e+03	3.178595e+06	1.485000e+03	3.140265e+06	1.485000e+03	3.152935e+06	1.485000e+03	3.172550e+06	1.485000e+03	3.152824e+06	1.485000e+03	3.172731e+06	1.485000e+03	3.175249e+06	1.485000e+03	3.175632e+06	1.485000e+03	3.170571e+06	1.485000e+03	3.167504e+06	1.485000e+03	3.169502e+06	1.485000e+03	3.159572e+06	1.485000e+03	3.177990e+06	1.485000e+03	3.164858e+06	1.485000e+03	3.187565e+06	1.485000e+03	3.173002e+06	1.485000e+03	3.182140e+06	1.485000e+03	3.195275e+06	1.485000e+03	3.191208e+06	1.485000e+03	3.187201e+06	1.485000e+03	3.174069e+06	1.485000e+03	3.167832e+06	1.485000e+03	3.164282e+06	1.485000e+03	3.167548e+06	1.485000e+03	3.178962e+06	1.485000e+03	3.155249e+06	1.485000e+03	3.179957e+06	1.485000e+03	3.189262e+06	1.485000e+03	3.190334e+06	1.485000e+03	3.173769e+06	1.485000e+03	3.169827e+06	1.485000e+03	3.176728e+06	1.485000e+03	3.187481e+06	1.485000e+03	3.197853e+06	1.485000e+03	3.182120e+06	1.485000e+03	3.191844e+06	1.485000e+03	3.184766e+06	1.485000e+03	3.168079e+06	1.485000e+03	3.178480e+06	1.485000e+03	3.211979e+06	1.485000e+03	3.187503e+06	1.485000e+03	3.203404e+06	1.485000e+03	3.178005e+06	1.485000e+03	3.190845e+06	1.485000e+03	3.201867e+06	1.485000e+03	3.192819e+06	1.485000e+03	3.194402e+06	1.485000e+03	3.188551e+06	1.485000e+03	3.161298e+06	1.485000e+03	3.198070e+06	1.485000e+03	3.194563e+06	1.485000e+03	3.193279e+06	1.485000e+03	3.190810e+06	1.485000e+03	3.194604e+06	1.485000e+03	3.206629e+06	1.485000e+03	3.196436e+06	1.485000e+03	3.189249e+06	1.485000e+03	3.183716e+06	1.485000e+03	3.192273e+06	1.485000e+03	3.197283e+06	1.485000e+03	3.165373e+06	1.485000e+03	3.192352e+06	1.485000e+03	3.189601e+06	1.485000e+03	3.189400e+06	1.485000e+03	3.191903e+06	1.485000e+03	3.192996e+06	1.485000e+03	3.191257e+06
1.490000e+03	3.104191e+06	1.490000e+03	3.086819e+06	1.490000e+03	3.067039e+06	1.490000e+03	3.051000e+06	1.490000e+03	3.058142e+06	1.490000e+03	3.043122e+06	1.490000e+03	3.053982e+06	1.490000e+03	3.034173e+06	1.490000e+03	3.059538e+06	1.490000e+03	3.026528e+06	1.490000e+03	3.022104e+06	1.490000e+03	3.027096e+06	1.490000e+03	3.013058e+06	1.490000e+03	3.024211e+06	1.490000e+03	3.043003e+06	1.490000e+03	3.014301e+06	1.490000e+03	3.020919e+06	1.490000e+03	3.034058e+06	1.490000e+03	3.022355e+06	1.490000e+03	3.023743e+06	1.490000e+03	3.020426e+06	1.490000e+03	3.018256e+06	1.490000e+03	3.037060e+06	1.490000e+03	3.001892e+06	1.490000e+03	3.017372e+06	1.490000e+03	2.991835e+06	1.490000e+03	3.012938e+06	1.490000e+03	3.012044e+06	1.490000e+03	3.016924e+06	1.490000e+03	3.019273e+06	1.490000e+03	3.038679e+06	1.490000e+03	3.018257e+06	1.490000e+03	3.016026e+06	1.490000e+03	3.022721e+06	1.490000e+03	3.017477e+06	1.490000e+03	3.040838e+06	1.490000e+03	3.046530e+06	1.490000e+03	3.034211e+06	1.490000e+03	3.035221e+06	1.490000e+03	3.046872e+06	1.490000e+03	3.054629e+06	1.490000e+03	3.055357e+06	1.490000e+03	3.051177e+06	1.490000e+03	3.070093e+06	1.490000e+03	3.035280e+06	1.490000e+03	3.059055e+06	1.490000e+03	3.052507e+06	1.490000e+03	3.064229e+06	1.490000e+03	3.085616e+06	1.490000e+03	3.081704e+06	1.490000e+03	3.077747e+06	1.490000e+03	3.074796e+06	1.490000e+03	3.074086e+06	1.490000e+03	3.078046e+06	1.490000e+03	3.064199e+06	1.490000e+03	3.085416e+06	1.490000e+03	3.076823e+06	1.490000e+03	3.097298e+06	1.490000e+03	3.086299e+06	1.490000e+03	3.088119e+06	1.490000e+03	3.092602e+06	1.490000e+03	3.093064e+06	1.490000e+03	3.081545e+06	1.490000e+03	3.089279e+06	1.490000e+03	3.071091e+06	1.490000e+03	3.077260e+06	1.490000e+03	3.085133e+06	1.490000e+03	3.081760e+06	1.490000e+03	3.078356e+06	1.490000e+03	3.097482e+06	1.490000e+03	3.093348e+06	1.490000e+03	3.096468e+06	1.490000e+03	3.099267e+06	1.490000e+03	3.101682e+06	1.490000e+03	3.116690e+06	1.490000e+03	3.103916e+06	1.490000e+03	3.106898e+06	1.490000e+03	3.088254e+06	1.490000e+03	3.097773e+06	1.490000e+03	3.105856e+06	1.490000e+03	3.088016e+06	1.490000e+03	3.102695e+06	1.490000e+03	3.098242e+06	1.490000e+03	3.126954e+06	1.490000e+03	3.094701e+06	1.490000e+03	3.103091e+06	1.490000e+03	3.103629e+06	1.490000e+03	3.118592e+06	1.490000e+03	3.122561e+06	1.490000e+03	3.101468e+06	1.490000e+03	3.126094e+06	1.490000e+03	3.112513e+06	1.490000e+03	3.107836e+06	1.490000e+03	3.121336e+06	1.490000e+03	3.120200e+06	1.490000e+03	3.117919e+06	1.490000e+03	3.105897e+06	1.490000e+03	3.126874e+06	1.490000e+03	3.128760e+06	1.490000e+03	3.128489e+06	1.490000e+03	3.132065e+06	1.490000e+03	3.152042e+06	1.490000e+03	3.119148e+06	1.490000e+03	3.118779e+06	1.490000e+03	3.132140e+06	1.490000e+03	3.108056e+06	1.490000e+03	3.093979e+06	1.490000e+03	3.121775e+06	1.490000e+03	3.132479e+06	1.490000e+03	3.114399e+06	1.490000e+03	3.149012e+06	1.490000e+03	3.130539e+06	1.490000e+03	3.127779e+06	1.490000e+03	3.146345e+06	1.490000e+03	3.143019e+06	1.490000e+03	3.136365e+06	1.490000e+03	3.123911e+06	1.490000e+03	3.116247e+06	1.490000e+03	3.091584e+06	1.490000e+03	3.099623e+06	1.490000e+03	3.139844e+06	1.490000e+03	3.123967e+06	1.490000e+03	3.112895e+06	1.490000e+03	3.128120e+06	1.490000e+03	3.112025e+06	1.490000e+03	3.099861e+06	1.490000e+03	3.112430e+06	1.490000e+03	3.114674e+06	1.490000e+03	3.145267e+06	1.490000e+03	3.120579e+06	1.490000e+03	3.099974e+06	1.490000e+03	3.112286e+06	1.490000e+03	3.124755e+06	1.490000e+03	3.100608e+06	1.490000e+03	3.110538e+06	1.490000e+03	3.101511e+06	1.490000e+03	3.133682e+06	1.490000e+03	3.128089e+06	1.490000e+03	3.110067e+06	1.490000e+03	3.099307e+06	1.490000e+03	3.124831e+06	1.490000e+03	3.121948e+06	1.490000e+03	3.146890e+06	1.490000e+03	3.148483e+06	1.490000e+03	3.116970e+06	1.490000e+03	3.130586e+06	1.490000e+03	3.130426e+06	1.490000e+03	3.133148e+06	1.490000e+03	3.124587e+06	1.490000e+03	3.137003e+06	1.490000e+03	3.120432e+06	1.490000e+03	3.133639e+06	1.490000e+03	3.126165e+06	1.490000e+03	3.137089e+06	1.490000e+03	3.152894e+06	1.490000e+03	3.139480e+06	1.490000e+03	3.142671e+06	1.490000e+03	3.146341e+06	1.490000e+03	3.134867e+06	1.490000e+03	3.144835e+06	1.490000e+03	3.127018e+06	1.490000e+03	3.154096e+06	1.490000e+03	3.157584e+06	1.490000e+03	3.142699e+06	1.490000e+03	3.166119e+06	1.490000e+03	3.147271e+06	1.490000e+03	3.171394e+06	1.490000e+03	3.156510e+06	1.490000e+03	3.157532e+06	1.490000e+03	3.158286e+06	1.490000e+03	3.171042e+06	1.490000e+03	3.159309e+06	1.490000e+03	3.162041e+06	1.490000e+03	3.161814e+06	1.490000e+03	3.152010e+06	1.490000e+03	3.162459e+06	1.490000e+03	3.145222e+06	1.490000e+03	3.147302e+06	1.490000e+03	3.170131e+06	1.490000e+03	3.161009e+06	1.490000e+03	3.159774e+06	1.490000e+03	3.159386e+06	1.490000e+03	3.153489e+06	1.490000e+03	3.168082e+06	1.490000e+03	3.162613e+06	1.490000e+03	3.157161e+06	1.490000e+03	3.151489e+06	1.490000e+03	3.169442e+06	1.490000e+03	3.160188e+06	1.490000e+03	3.170757e+06	1.490000e+03	3.164582e+06	1.490000e+03	3.187085e+06	1.490000e+03	3.161083e+06	1.490000e+03	3.165023e+06	1.490000e+03	3.167078e+06	1.490000e+03	3.150668e+06	1.490000e+03	3.151372e+06	1.490000e+03	3.156417e+06	1.490000e+03	3.160066e+06	1.490000e+03	3.171028e+06	1.490000e+03	3.153693e+06	1.490000e+03	3.147009e+06	1.490000e+03	3.178155e+06	1.490000e+03	3.157495e+06	1.490000e+03	3.146179e+06	1.490000e+03	3.151788e+06	1.490000e+03	3.145804e+06	1.490000e+03	3.156050e+06	1.490000e+03	3.166427e+06	1.490000e+03	3.178004e+06	1.490000e+03	3.155879e+06	1.490000e+03	3.157320e+06	1.490000e+03	3.148438e+06	1.490000e+03	3.152432e+06	1.490000e+03	3.168319e+06	1.490000e+03	3.145645e+06	1.490000e+03	3.186754e+06	1.490000e+03	3.151388e+06	1.490000e+03	3.183707e+06	1.490000e+03	3.165960e+06	1.490000e+03	3.155673e+06	1.490000e+03	3.173434e+06	1.490000e+03	3.151764e+06	1.490000e+03	3.173176e+06	1.490000e+03	3.171852e+06	1.490000e+03	3.163161e+06	1.490000e+03	3.135009e+06	1.490000e+03	3.142942e+06	1.490000e+03	3.139451e+06	1.490000e+03	3.160233e+06	1.490000e+03	3.160430e+06	1.490000e+03	3.168886e+06	1.490000e+03	3.159430e+06	1.490000e+03	3.152796e+06	1.490000e+03	3.162364e+06	1.490000e+03	3.160598e+06	1.490000e+03	3.161836e+06	1.490000e+03	3.171101e+06	1.490000e+03	3.159042e+06	1.490000e+03	3.148527e+06	1.490000e+03	3.174722e+06	1.490000e+03	3.160794e+06	1.490000e+03	3.151364e+06	1.490000e+03	3.145036e+06	1.490000e+03	3.158245e+06	1.490000e+03	3.168723e+06	1.490000e+03	3.153424e+06	1.490000e+03	3.162004e+06	1.490000e+03	3.135186e+06	1.490000e+03	3.159781e+06	1.490000e+03	3.170651e+06	1.490000e+03	3.152748e+06	1.490000e+03	3.179164e+06	1.490000e+03	3.175631e+06	1.490000e+03	3.171475e+06	1.490000e+03	3.171417e+06	1.490000e+03	3.168632e+06	1.490000e+03	3.168465e+06	1.490000e+03	3.166360e+06	1.490000e+03	3.169758e+06	1.490000e+03	3.172563e+06	1.490000e+03	3.181200e+06	1.490000e+03	3.181198e+06	1.490000e+03	3.181986e+06	1.490000e+03	3.186129e+06	1.490000e+03	3.193043e+06	1.490000e+03	3.185894e+06	1.490000e+03	3.172626e+06	1.490000e+03	3.178724e+06	1.490000e+03	3.168454e+06	1.490000e+03	3.164242e+06	1.490000e+03	3.170922e+06	1.490000e+03	3.151479e+06	1.490000e+03	3.181572e+06	1.490000e+03	3.182054e+06	1.490000e+03	3.185233e+06	1.490000e+03	3.172977e+06	1.490000e+03	3.166973e+06	1.490000e+03	3.176312e+06	1.490000e+03	3.190418e+06	1.490000e+03	3.202227e+06	1.490000e+03	3.181155e+06	1.490000e+03	3.197211e+06	1.490000e+03	3.188514e+06	1.490000e+03	3.166488e+06	1.490000e+03	3.188962e+06	1.490000e+03	3.206549e+06	1.490000e+03	3.189081e+06	1.490000e+03	3.197425e+06	1.490000e+03	3.182917e+06	1.490000e+03	3.201021e+06	1.490000e+03	3.197516e+06	1.490000e+03	3.189960e+06	1.490000e+03	3.216992e+06	1.490000e+03	3.187891e+06	1.490000e+03	3.163578e+06	1.490000e+03	3.198950e+06	1.490000e+03	3.199195e+06	1.490000e+03	3.208968e+06	1.490000e+03	3.185636e+06	1.490000e+03	3.204024e+06	1.490000e+03	3.206988e+06	1.490000e+03	3.195338e+06	1.490000e+03	3.191563e+06	1.490000e+03	3.184557e+06	1.490000e+03	3.196397e+06	1.490000e+03	3.188777e+06	1.490000e+03	3.168457e+06	1.490000e+03	3.192944e+06	1.490000e+03	3.179718e+06	1.490000e+03	3.189616e+06	1.490000e+03	3.184156e+06	1.490000e+03	3.193710e+06	1.490000e+03	3.193415e+06
1.495000e+03	3.102255e+06	1.495000e+03	3.093960e+06	1.495000e+03	3.068312e+06	1.495000e+03	3.054087e+06	1.495000e+03	3.051987e+06	1.495000e+03	3.054006e+06	1.495000e+03	3.041983e+06	1.495000e+03	3.038564e+06	1.495000e+03	3.061801e+06	1.495000e+03	3.034337e+06	1.495000e+03	3.024290e+06	1.495000e+03	3.034162e+06	1.495000e+03	3.015934e+06	1.495000e+03	3.020661e+06	1.495000e+03	3.044279e+06	1.495000e+03	3.013855e+06	1.495000e+03	3.024265e+06	1.495000e+03	3.027028e+06	1.495000e+03	3.018559e+06	1.495000e+03	3.024336e+06	1.495000e+03	3.016182e+06	1.495000e+03	3.020338e+06	1.495000e+03	3.035198e+06	1.495000e+03	3.008584e+06	1.495000e+03	3.021003e+06	1.495000e+03	2.989635e+06	1.495000e+03	3.014124e+06	1.495000e+03	3.014105e+06	1.495000e+03	3.014778e+06	1.495000e+03	3.019400e+06	1.495000e+03	3.038761e+06	1.495000e+03	3.013353e+06	1.495000e+03	3.007892e+06	1.495000e+03	3.017448e+06	1.495000e+03	3.016535e+06	1.495000e+03	3.047284e+06	1.495000e+03	3.050101e+06	1.495000e+03	3.025527e+06	1.495000e+03	3.034525e+06	1.495000e+03	3.049690e+06	1.495000e+03	3.059715e+06	1.495000e+03	3.046995e+06	1.495000e+03	3.051116e+06	1.495000e+03	3.051922e+06	1.495000e+03	3.038886e+06	1.495000e+03	3.053480e+06	1.495000e+03	3.054262e+06	1.495000e+03	3.060826e+06	1.495000e+03	3.085394e+06	1.495000e+03	3.081493e+06	1.495000e+03	3.075768e+06	1.495000e+03	3.075227e+06	1.495000e+03	3.069543e+06	1.495000e+03	3.071543e+06	1.495000e+03	3.057227e+06	1.495000e+03	3.082063e+06	1.495000e+03	3.075026e+06	1.495000e+03	3.098663e+06	1.495000e+03	3.087294e+06	1.495000e+03	3.086159e+06	1.495000e+03	3.093653e+06	1.495000e+03	3.102181e+06	1.495000e+03	3.078594e+06	1.495000e+03	3.092300e+06	1.495000e+03	3.084591e+06	1.495000e+03	3.081853e+06	1.495000e+03	3.095940e+06	1.495000e+03	3.088928e+06	1.495000e+03	3.075843e+06	1.495000e+03	3.095581e+06	1.495000e+03	3.098781e+06	1.495000e+03	3.084797e+06	1.495000e+03	3.101539e+06	1.495000e+03	3.107665e+06	1.495000e+03	3.118382e+06	1.495000e+03	3.099863e+06	1.495000e+03	3.105222e+06	1.495000e+03	3.086932e+06	1.495000e+03	3.091379e+06	1.495000e+03	3.105690e+06	1.495000e+03	3.084938e+06	1.495000e+03	3.106969e+06	1.495000e+03	3.111307e+06	1.495000e+03	3.130520e+06	1.495000e+03	3.096387e+06	1.495000e+03	3.095380e+06	1.495000e+03	3.110918e+06	1.495000e+03	3.114107e+06	1.495000e+03	3.105034e+06	1.495000e+03	3.102953e+06	1.495000e+03	3.128738e+06	1.495000e+03	3.110368e+06	1.495000e+03	3.106553e+06	1.495000e+03	3.126967e+06	1.495000e+03	3.121578e+06	1.495000e+03	3.112332e+06	1.495000e+03	3.113940e+06	1.495000e+03	3.126892e+06	1.495000e+03	3.131323e+06	1.495000e+03	3.128175e+06	1.495000e+03	3.134403e+06	1.495000e+03	3.146648e+06	1.495000e+03	3.134783e+06	1.495000e+03	3.121933e+06	1.495000e+03	3.131355e+06	1.495000e+03	3.110008e+06	1.495000e+03	3.093627e+06	1.495000e+03	3.122701e+06	1.495000e+03	3.132262e+06	1.495000e+03	3.108080e+06	1.495000e+03	3.149519e+06	1.495000e+03	3.142197e+06	1.495000e+03	3.115298e+06	1.495000e+03	3.147001e+06	1.495000e+03	3.142766e+06	1.495000e+03	3.137213e+06	1.495000e+03	3.121992e+06	1.495000e+03	3.124469e+06	1.495000e+03	3.093976e+06	1.495000e+03	3.093924e+06	1.495000e+03	3.134504e+06	1.495000e+03	3.133368e+06	1.495000e+03	3.116629e+06	1.495000e+03	3.123664e+06	1.495000e+03	3.110806e+06	1.495000e+03	3.099109e+06	1.495000e+03	3.107671e+06	1.495000e+03	3.117729e+06	1.495000e+03	3.149153e+06	1.495000e+03	3.130852e+06	1.495000e+03	3.107981e+06	1.495000e+03	3.111912e+06	1.495000e+03	3.115602e+06	1.495000e+03	3.117169e+06	1.495000e+03	3.109761e+06	1.495000e+03	3.100771e+06	1.495000e+03	3.132293e+06	1.495000e+03	3.122661e+06	1.495000e+03	3.116278e+06	1.495000e+03	3.098163e+06	1.495000e+03	3.116988e+06	1.495000e+03	3.147847e+06	1.495000e+03	3.145554e+06	1.495000e+03	3.139686e+06	1.495000e+03	3.121713e+06	1.495000e+03	3.133947e+06	1.495000e+03	3.139145e+06	1.495000e+03	3.144251e+06	1.495000e+03	3.122312e+06	1.495000e+03	3.136408e+06	1.495000e+03	3.125468e+06	1.495000e+03	3.131056e+06	1.495000e+03	3.128829e+06	1.495000e+03	3.136772e+06	1.495000e+03	3.156209e+06	1.495000e+03	3.141166e+06	1.495000e+03	3.132971e+06	1.495000e+03	3.139449e+06	1.495000e+03	3.129543e+06	1.495000e+03	3.156524e+06	1.495000e+03	3.134293e+06	1.495000e+03	3.141828e+06	1.495000e+03	3.156346e+06	1.495000e+03	3.139971e+06	1.495000e+03	3.165256e+06	1.495000e+03	3.143424e+06	1.495000e+03	3.166665e+06	1.495000e+03	3.155576e+06	1.495000e+03	3.153935e+06	1.495000e+03	3.159774e+06	1.495000e+03	3.175895e+06	1.495000e+03	3.165844e+06	1.495000e+03	3.160492e+06	1.495000e+03	3.158590e+06	1.495000e+03	3.158100e+06	1.495000e+03	3.155310e+06	1.495000e+03	3.142475e+06	1.495000e+03	3.149753e+06	1.495000e+03	3.181048e+06	1.495000e+03	3.153559e+06	1.495000e+03	3.158177e+06	1.495000e+03	3.163754e+06	1.495000e+03	3.149350e+06	1.495000e+03	3.180571e+06	1.495000e+03	3.163553e+06	1.495000e+03	3.159735e+06	1.495000e+03	3.144724e+06	1.495000e+03	3.184453e+06	1.495000e+03	3.161339e+06	1.495000e+03	3.168745e+06	1.495000e+03	3.169403e+06	1.495000e+03	3.182661e+06	1.495000e+03	3.164808e+06	1.495000e+03	3.165887e+06	1.495000e+03	3.157670e+06	1.495000e+03	3.146170e+06	1.495000e+03	3.153242e+06	1.495000e+03	3.156202e+06	1.495000e+03	3.155341e+06	1.495000e+03	3.167368e+06	1.495000e+03	3.155067e+06	1.495000e+03	3.151825e+06	1.495000e+03	3.171731e+06	1.495000e+03	3.153185e+06	1.495000e+03	3.149472e+06	1.495000e+03	3.148448e+06	1.495000e+03	3.152879e+06	1.495000e+03	3.156545e+06	1.495000e+03	3.166104e+06	1.495000e+03	3.168336e+06	1.495000e+03	3.150876e+06	1.495000e+03	3.158220e+06	1.495000e+03	3.141701e+06	1.495000e+03	3.150936e+06	1.495000e+03	3.165700e+06	1.495000e+03	3.153020e+06	1.495000e+03	3.191289e+06	1.495000e+03	3.156794e+06	1.495000e+03	3.178436e+06	1.495000e+03	3.163090e+06	1.495000e+03	3.158034e+06	1.495000e+03	3.176813e+06	1.495000e+03	3.156579e+06	1.495000e+03	3.179485e+06	1.495000e+03	3.168402e+06	1.495000e+03	3.161666e+06	1.495000e+03	3.136690e+06	1.495000e+03	3.138328e+06	1.495000e+03	3.140182e+06	1.495000e+03	3.163781e+06	1.495000e+03	3.160300e+06	1.495000e+03	3.160912e+06	1.495000e+03	3.168012e+06	1.495000e+03	3.153637e+06	1.495000e+03	3.156276e+06	1.495000e+03	3.166146e+06	1.495000e+03	3.166511e+06	1.495000e+03	3.175124e+06	1.495000e+03	3.150096e+06	1.495000e+03	3.155411e+06	1.495000e+03	3.172983e+06	1.495000e+03	3.159289e+06	1.495000e+03	3.150139e+06	1.495000e+03	3.148049e+06	1.495000e+03	3.154192e+06	1.495000e+03	3.161113e+06	1.495000e+03	3.155025e+06	1.495000e+03	3.165026e+06	1.495000e+03	3.136518e+06	1.495000e+03	3.154532e+06	1.495000e+03	3.171539e+06	1.495000e+03	3.149718e+06	1.495000e+03	3.179349e+06	1.495000e+03	3.172587e+06	1.495000e+03	3.168253e+06	1.495000e+03	3.167839e+06	1.495000e+03	3.175023e+06	1.495000e+03	3.169736e+06	1.495000e+03	3.172417e+06	1.495000e+03	3.170702e+06	1.495000e+03	3.174338e+06	1.495000e+03	3.175594e+06	1.495000e+03	3.179811e+06	1.495000e+03	3.180615e+06	1.495000e+03	3.188378e+06	1.495000e+03	3.194687e+06	1.495000e+03	3.178611e+06	1.495000e+03	3.169382e+06	1.495000e+03	3.169230e+06	1.495000e+03	3.167675e+06	1.495000e+03	3.165345e+06	1.495000e+03	3.170167e+06	1.495000e+03	3.161515e+06	1.495000e+03	3.182720e+06	1.495000e+03	3.186283e+06	1.495000e+03	3.181972e+06	1.495000e+03	3.174108e+06	1.495000e+03	3.168637e+06	1.495000e+03	3.169738e+06	1.495000e+03	3.176053e+06	1.495000e+03	3.201989e+06	1.495000e+03	3.179542e+06	1.495000e+03	3.194472e+06	1.495000e+03	3.182476e+06	1.495000e+03	3.161653e+06	1.495000e+03	3.186667e+06	1.495000e+03	3.204032e+06	1.495000e+03	3.189066e+06	1.495000e+03	3.202737e+06	1.495000e+03	3.187028e+06	1.495000e+03	3.204240e+06	1.495000e+03	3.200090e+06	1.495000e+03	3.195624e+06	1.495000e+03	3.216444e+06	1.495000e+03	3.198411e+06	1.495000e+03	3.166790e+06	1.495000e+03	3.197537e+06	1.495000e+03	3.202128e+06	1.495000e+03	3.199876e+06	1.495000e+03	3.191325e+06	1.495000e+03	3.200817e+06	1.495000e+03	3.204892e+06	1.495000e+03	3.193919e+06	1.495000e+03	3.198337e+06	1.495000e+03	3.180773e+06	1.495000e+03	3.191512e+06	1.495000e+03	3.189578e+06	1.495000e+03	3.170572e+06	1.495000e+03	3.190805e+06	1.495000e+03	3.172796e+06	1.495000e+03	3.193799e+06	1.495000e+03	3.182067e+06	1.495000e+03	3.202097e+06	1.495000e+03	3.205042e+06
1.500000e+03	3.099041e+06	1.500000e+03	3.092649e+06	1.500000e+03	3.069269e+06	1.500000e+03	3.059440e+06	1.500000e+03	3.056898e+06	1.500000e+03	3.047203e+06	1.500000e+03	3.047423e+06	1.500000e+03	3.033671e+06	1.500000e+03	3.056728e+06	1.500000e+03	3.029118e+06	1.500000e+03	3.026493e+06	1.500000e+03	3.036290e+06	1.500000e+03	3.026579e+06	1.500000e+03	3.024194e+06	1.500000e+03	3.053139e+06	1.500000e+03	3.008322e+06	1.500000e+03	3.028886e+06	1.500000e+03	3.031451e+06	1.500000e+03	3.027171e+06	1.500000e+03	3.030882e+06	1.500000e+03	3.012246e+06	1.500000e+03	3.027910e+06	1.500000e+03	3.032222e+06	1.500000e+03	3.015479e+06	1.500000e+03	3.022933e+06	1.500000e+03	3.010746e+06	1.500000e+03	3.007566e+06	1.500000e+03	3.014950e+06	1.500000e+03	3.013066e+06	1.500000e+03	3.017047e+06	1.500000e+03	3.044142e+06	1.500000e+03	3.024099e+06	1.500000e+03	3.005616e+06	1.500000e+03	3.009448e+06	1.500000e+03	3.032989e+06	1.500000e+03	3.043016e+06	1.500000e+03	3.051927e+06	1.500000e+03	3.031747e+06	1.500000e+03	3.028145e+06	1.500000e+03	3.039096e+06	1.500000e+03	3.054444e+06	1.500000e+03	3.047195e+06	1.500000e+03	3.045674e+06	1.500000e+03	3.046411e+06	1.500000e+03	3.036424e+06	1.500000e+03	3.049342e+06	1.500000e+03	3.055804e+06	1.500000e+03	3.070697e+06	1.500000e+03	3.110064e+06	1.500000e+03	3.083340e+06	1.500000e+03	3.071804e+06	1.500000e+03	3.070648e+06	1.500000e+03	3.076802e+06	1.500000e+03	3.079116e+06	1.500000e+03	3.064040e+06	1.500000e+03	3.075328e+06	1.500000e+03	3.074487e+06	1.500000e+03	3.098886e+06	1.500000e+03	3.095705e+06	1.500000e+03	3.085159e+06	1.500000e+03	3.091331e+06	1.500000e+03	3.094444e+06	1.500000e+03	3.077254e+06	1.500000e+03	3.082428e+06	1.500000e+03	3.081326e+06	1.500000e+03	3.083180e+06	1.500000e+03	3.095679e+06	1.500000e+03	3.087535e+06	1.500000e+03	3.079423e+06	1.500000e+03	3.092937e+06	1.500000e+03	3.100642e+06	1.500000e+03	3.081822e+06	1.500000e+03	3.117585e+06	1.500000e+03	3.106347e+06	1.500000e+03	3.112994e+06	1.500000e+03	3.108652e+06	1.500000e+03	3.105221e+06	1.500000e+03	3.085191e+06	1.500000e+03	3.092825e+06	1.500000e+03	3.103314e+06	1.500000e+03	3.091131e+06	1.500000e+03	3.107891e+06	1.500000e+03	3.127946e+06	1.500000e+03	3.121297e+06	1.500000e+03	3.096223e+06	1.500000e+03	3.097490e+06	1.500000e+03	3.103584e+06	1.500000e+03	3.109775e+06	1.500000e+03	3.114125e+06	1.500000e+03	3.102278e+06	1.500000e+03	3.123323e+06	1.500000e+03	3.116141e+06	1.500000e+03	3.119500e+06	1.500000e+03	3.132347e+06	1.500000e+03	3.120655e+06	1.500000e+03	3.115784e+06	1.500000e+03	3.107062e+06	1.500000e+03	3.120255e+06	1.500000e+03	3.132643e+06	1.500000e+03	3.125750e+06	1.500000e+03	3.131597e+06	1.500000e+03	3.146868e+06	1.500000e+03	3.134361e+06	1.500000e+03	3.116372e+06	1.500000e+03	3.133080e+06	1.500000e+03	3.109940e+06	1.500000e+03	3.088793e+06	1.500000e+03	3.118193e+06	1.500000e+03	3.130133e+06	1.500000e+03	3.109487e+06	1.500000e+03	3.140613e+06	1.500000e+03	3.139925e+06	1.500000e+03	3.119452e+06	1.500000e+03	3.135309e+06	1.500000e+03	3.142988e+06	1.500000e+03	3.140533e+06	1.500000e+03	3.123845e+06	1.500000e+03	3.126221e+06	1.500000e+03	3.091909e+06	1.500000e+03	3.100369e+06	1.500000e+03	3.135472e+06	1.500000e+03	3.127453e+06	1.500000e+03	3.116373e+06	1.500000e+03	3.126633e+06	1.500000e+03	3.116066e+06	1.500000e+03	3.109881e+06	1.500000e+03	3.109075e+06	1.500000e+03	3.126311e+06	1.500000e+03	3.148224e+06	1.500000e+03	3.129630e+06	1.500000e+03	3.098723e+06	1.500000e+03	3.119186e+06	1.500000e+03	3.115530e+06	1.500000e+03	3.109804e+06	1.500000e+03	3.101227e+06	1.500000e+03	3.098432e+06	1.500000e+03	3.134016e+06	1.500000e+03	3.126955e+06	1.500000e+03	3.115193e+06	1.500000e+03	3.101531e+06	1.500000e+03	3.118970e+06	1.500000e+03	3.131413e+06	1.500000e+03	3.145361e+06	1.500000e+03	3.137846e+06	1.500000e+03	3.117613e+06	1.500000e+03	3.133562e+06	1.500000e+03	3.138401e+06	1.500000e+03	3.137515e+06	1.500000e+03	3.130916e+06	1.500000e+03	3.145898e+06	1.500000e+03	3.121952e+06	1.500000e+03	3.141786e+06	1.500000e+03	3.123982e+06	1.500000e+03	3.140089e+06	1.500000e+03	3.165406e+06	1.500000e+03	3.143326e+06	1.500000e+03	3.139257e+06	1.500000e+03	3.144498e+06	1.500000e+03	3.129099e+06	1.500000e+03	3.152635e+06	1.500000e+03	3.132420e+06	1.500000e+03	3.151225e+06	1.500000e+03	3.166791e+06	1.500000e+03	3.145671e+06	1.500000e+03	3.161021e+06	1.500000e+03	3.141509e+06	1.500000e+03	3.151754e+06	1.500000e+03	3.152192e+06	1.500000e+03	3.158788e+06	1.500000e+03	3.152279e+06	1.500000e+03	3.171116e+06	1.500000e+03	3.161623e+06	1.500000e+03	3.162689e+06	1.500000e+03	3.155554e+06	1.500000e+03	3.157454e+06	1.500000e+03	3.154614e+06	1.500000e+03	3.146398e+06	1.500000e+03	3.141481e+06	1.500000e+03	3.165353e+06	1.500000e+03	3.157534e+06	1.500000e+03	3.150881e+06	1.500000e+03	3.149576e+06	1.500000e+03	3.160642e+06	1.500000e+03	3.173029e+06	1.500000e+03	3.165836e+06	1.500000e+03	3.157466e+06	1.500000e+03	3.147485e+06	1.500000e+03	3.185192e+06	1.500000e+03	3.166774e+06	1.500000e+03	3.160346e+06	1.500000e+03	3.169356e+06	1.500000e+03	3.180331e+06	1.500000e+03	3.169615e+06	1.500000e+03	3.163318e+06	1.500000e+03	3.156641e+06	1.500000e+03	3.149946e+06	1.500000e+03	3.153685e+06	1.500000e+03	3.149996e+06	1.500000e+03	3.157190e+06	1.500000e+03	3.175134e+06	1.500000e+03	3.149570e+06	1.500000e+03	3.150603e+06	1.500000e+03	3.156675e+06	1.500000e+03	3.153189e+06	1.500000e+03	3.163504e+06	1.500000e+03	3.154278e+06	1.500000e+03	3.141021e+06	1.500000e+03	3.165713e+06	1.500000e+03	3.166319e+06	1.500000e+03	3.162756e+06	1.500000e+03	3.150033e+06	1.500000e+03	3.163146e+06	1.500000e+03	3.136892e+06	1.500000e+03	3.142706e+06	1.500000e+03	3.167131e+06	1.500000e+03	3.144293e+06	1.500000e+03	3.157591e+06	1.500000e+03	3.168524e+06	1.500000e+03	3.180987e+06	1.500000e+03	3.170513e+06	1.500000e+03	3.160743e+06	1.500000e+03	3.173813e+06	1.500000e+03	3.166522e+06	1.500000e+03	3.178020e+06	1.500000e+03	3.163290e+06	1.500000e+03	3.164009e+06	1.500000e+03	3.132601e+06	1.500000e+03	3.144129e+06	1.500000e+03	3.141012e+06	1.500000e+03	3.162959e+06	1.500000e+03	3.156301e+06	1.500000e+03	3.157922e+06	1.500000e+03	3.165291e+06	1.500000e+03	3.150799e+06	1.500000e+03	3.166222e+06	1.500000e+03	3.166728e+06	1.500000e+03	3.170568e+06	1.500000e+03	3.173545e+06	1.500000e+03	3.156890e+06	1.500000e+03	3.154911e+06	1.500000e+03	3.169808e+06	1.500000e+03	3.169995e+06	1.500000e+03	3.154495e+06	1.500000e+03	3.147849e+06	1.500000e+03	3.155624e+06	1.500000e+03	3.159115e+06	1.500000e+03	3.162071e+06	1.500000e+03	3.171808e+06	1.500000e+03	3.135913e+06	1.500000e+03	3.152883e+06	1.500000e+03	3.169914e+06	1.500000e+03	3.158977e+06	1.500000e+03	3.173535e+06	1.500000e+03	3.171236e+06	1.500000e+03	3.170184e+06	1.500000e+03	3.170997e+06	1.500000e+03	3.167487e+06	1.500000e+03	3.167472e+06	1.500000e+03	3.159356e+06	1.500000e+03	3.162804e+06	1.500000e+03	3.165908e+06	1.500000e+03	3.173165e+06	1.500000e+03	3.180637e+06	1.500000e+03	3.185394e+06	1.500000e+03	3.192274e+06	1.500000e+03	3.193803e+06	1.500000e+03	3.183721e+06	1.500000e+03	3.169255e+06	1.500000e+03	3.174223e+06	1.500000e+03	3.164582e+06	1.500000e+03	3.170244e+06	1.500000e+03	3.179765e+06	1.500000e+03	3.158615e+06	1.500000e+03	3.178913e+06	1.500000e+03	3.183349e+06	1.500000e+03	3.182666e+06	1.500000e+03	3.165759e+06	1.500000e+03	3.168348e+06	1.500000e+03	3.169862e+06	1.500000e+03	3.178810e+06	1.500000e+03	3.190207e+06	1.500000e+03	3.177039e+06	1.500000e+03	3.190584e+06	1.500000e+03	3.182820e+06	1.500000e+03	3.162619e+06	1.500000e+03	3.200649e+06	1.500000e+03	3.202997e+06	1.500000e+03	3.195464e+06	1.500000e+03	3.205289e+06	1.500000e+03	3.186237e+06	1.500000e+03	3.211967e+06	1.500000e+03	3.195384e+06	1.500000e+03	3.193428e+06	1.500000e+03	3.195424e+06	1.500000e+03	3.194442e+06	1.500000e+03	3.173478e+06	1.500000e+03	3.193230e+06	1.500000e+03	3.196193e+06	1.500000e+03	3.197480e+06	1.500000e+03	3.192825e+06	1.500000e+03	3.197420e+06	1.500000e+03	3.216343e+06	1.500000e+03	3.194894e+06	1.500000e+03	3.199749e+06	1.500000e+03	3.182503e+06	1.500000e+03	3.191326e+06	1.500000e+03	3.187431e+06	1.500000e+03	3.171288e+06	1.500000e+03	3.187588e+06	1.500000e+03	3.173790e+06	1.500000e+03	3.186677e+06	1.500000e+03	3.173962e+06	1.500000e+03	3.192748e+06	1.500000e+03	3.199438e+06
1.505000e+03	3.104986e+06	1.505000e+03	3.088784e+06	1.505000e+03	3.066546e+06	1.505000e+03	3.063115e+06	1.505000e+03	3.053079e+06	1.505000e+03	3.045621e+06	1.505000e+03	3.049939e+06	1.505000e+03	3.036761e+06	1.505000e+03	3.049334e+06	1.505000e+03	3.028123e+06	1.505000e+03	3.016452e+06	1.505000e+03	3.042467e+06	1.505000e+03	3.022324e+06	1.505000e+03	3.021510e+06	1.505000e+03	3.050592e+06	1.505000e+03	3.014247e+06	1.505000e+03	3.023740e+06	1.505000e+03	3.031255e+06	1.505000e+03	3.015670e+06	1.505000e+03	3.035522e+06	1.505000e+03	3.009485e+06	1.505000e+03	3.027018e+06	1.505000e+03	3.029616e+06	1.505000e+03	3.014412e+06	1.505000e+03	3.020760e+06	1.505000e+03	3.017184e+06	1.505000e+03	3.003339e+06	1.505000e+03	3.005908e+06	1.505000e+03	3.011933e+06	1.505000e+03	3.018778e+06	1.505000e+03	3.054148e+06	1.505000e+03	3.016915e+06	1.505000e+03	3.007696e+06	1.505000e+03	3.018766e+06	1.505000e+03	3.028976e+06	1.505000e+03	3.045030e+06	1.505000e+03	3.043528e+06	1.505000e+03	3.026603e+06	1.505000e+03	3.031894e+06	1.505000e+03	3.033532e+06	1.505000e+03	3.052702e+06	1.505000e+03	3.039161e+06	1.505000e+03	3.047336e+06	1.505000e+03	3.049378e+06	1.505000e+03	3.031788e+06	1.505000e+03	3.053196e+06	1.505000e+03	3.051900e+06	1.505000e+03	3.064042e+06	1.505000e+03	3.110463e+06	1.505000e+03	3.088003e+06	1.505000e+03	3.070602e+06	1.505000e+03	3.079738e+06	1.505000e+03	3.074883e+06	1.505000e+03	3.080875e+06	1.505000e+03	3.063320e+06	1.505000e+03	3.077608e+06	1.505000e+03	3.075891e+06	1.505000e+03	3.092233e+06	1.505000e+03	3.083574e+06	1.505000e+03	3.089295e+06	1.505000e+03	3.097110e+06	1.505000e+03	3.090252e+06	1.505000e+03	3.081709e+06	1.505000e+03	3.081329e+06	1.505000e+03	3.074847e+06	1.505000e+03	3.084250e+06	1.505000e+03	3.093338e+06	1.505000e+03	3.094853e+06	1.505000e+03	3.078633e+06	1.505000e+03	3.091323e+06	1.505000e+03	3.092424e+06	1.505000e+03	3.081661e+06	1.505000e+03	3.120831e+06	1.505000e+03	3.108391e+06	1.505000e+03	3.112520e+06	1.505000e+03	3.109460e+06	1.505000e+03	3.107378e+06	1.505000e+03	3.085058e+06	1.505000e+03	3.091144e+06	1.505000e+03	3.098946e+06	1.505000e+03	3.092666e+06	1.505000e+03	3.105383e+06	1.505000e+03	3.116138e+06	1.505000e+03	3.126979e+06	1.505000e+03	3.092542e+06	1.505000e+03	3.097466e+06	1.505000e+03	3.106648e+06	1.505000e+03	3.115489e+06	1.505000e+03	3.109848e+06	1.505000e+03	3.099502e+06	1.505000e+03	3.119974e+06	1.505000e+03	3.116845e+06	1.505000e+03	3.107591e+06	1.505000e+03	3.137374e+06	1.505000e+03	3.122994e+06	1.505000e+03	3.114935e+06	1.505000e+03	3.106961e+06	1.505000e+03	3.104763e+06	1.505000e+03	3.132494e+06	1.505000e+03	3.128463e+06	1.505000e+03	3.139265e+06	1.505000e+03	3.154456e+06	1.505000e+03	3.121921e+06	1.505000e+03	3.116018e+06	1.505000e+03	3.138052e+06	1.505000e+03	3.106878e+06	1.505000e+03	3.097928e+06	1.505000e+03	3.114912e+06	1.505000e+03	3.128004e+06	1.505000e+03	3.109823e+06	1.505000e+03	3.144811e+06	1.505000e+03	3.138056e+06	1.505000e+03	3.116260e+06	1.505000e+03	3.138928e+06	1.505000e+03	3.143694e+06	1.505000e+03	3.147967e+06	1.505000e+03	3.128655e+06	1.505000e+03	3.128294e+06	1.505000e+03	3.092620e+06	1.505000e+03	3.099791e+06	1.505000e+03	3.132569e+06	1.505000e+03	3.115824e+06	1.505000e+03	3.113405e+06	1.505000e+03	3.129480e+06	1.505000e+03	3.113695e+06	1.505000e+03	3.106355e+06	1.505000e+03	3.108299e+06	1.505000e+03	3.126458e+06	1.505000e+03	3.144060e+06	1.505000e+03	3.125441e+06	1.505000e+03	3.103718e+06	1.505000e+03	3.112954e+06	1.505000e+03	3.118152e+06	1.505000e+03	3.115303e+06	1.505000e+03	3.101080e+06	1.505000e+03	3.100575e+06	1.505000e+03	3.134089e+06	1.505000e+03	3.122820e+06	1.505000e+03	3.113232e+06	1.505000e+03	3.108364e+06	1.505000e+03	3.126343e+06	1.505000e+03	3.127683e+06	1.505000e+03	3.143825e+06	1.505000e+03	3.141692e+06	1.505000e+03	3.119161e+06	1.505000e+03	3.130534e+06	1.505000e+03	3.133035e+06	1.505000e+03	3.144563e+06	1.505000e+03	3.129366e+06	1.505000e+03	3.144985e+06	1.505000e+03	3.124479e+06	1.505000e+03	3.149750e+06	1.505000e+03	3.123525e+06	1.505000e+03	3.138982e+06	1.505000e+03	3.157154e+06	1.505000e+03	3.135929e+06	1.505000e+03	3.152765e+06	1.505000e+03	3.153789e+06	1.505000e+03	3.134530e+06	1.505000e+03	3.161302e+06	1.505000e+03	3.131240e+06	1.505000e+03	3.146975e+06	1.505000e+03	3.164115e+06	1.505000e+03	3.146783e+06	1.505000e+03	3.153786e+06	1.505000e+03	3.143544e+06	1.505000e+03	3.153108e+06	1.505000e+03	3.150445e+06	1.505000e+03	3.152889e+06	1.505000e+03	3.153085e+06	1.505000e+03	3.170828e+06	1.505000e+03	3.175535e+06	1.505000e+03	3.157307e+06	1.505000e+03	3.152817e+06	1.505000e+03	3.155450e+06	1.505000e+03	3.158415e+06	1.505000e+03	3.152991e+06	1.505000e+03	3.151446e+06	1.505000e+03	3.163175e+06	1.505000e+03	3.167405e+06	1.505000e+03	3.149355e+06	1.505000e+03	3.149566e+06	1.505000e+03	3.152694e+06	1.505000e+03	3.170963e+06	1.505000e+03	3.169867e+06	1.505000e+03	3.156604e+06	1.505000e+03	3.155657e+06	1.505000e+03	3.179589e+06	1.505000e+03	3.165782e+06	1.505000e+03	3.161857e+06	1.505000e+03	3.162496e+06	1.505000e+03	3.174024e+06	1.505000e+03	3.171135e+06	1.505000e+03	3.166941e+06	1.505000e+03	3.150822e+06	1.505000e+03	3.151989e+06	1.505000e+03	3.161107e+06	1.505000e+03	3.154691e+06	1.505000e+03	3.162126e+06	1.505000e+03	3.178042e+06	1.505000e+03	3.152369e+06	1.505000e+03	3.154331e+06	1.505000e+03	3.156218e+06	1.505000e+03	3.156527e+06	1.505000e+03	3.154976e+06	1.505000e+03	3.147624e+06	1.505000e+03	3.140604e+06	1.505000e+03	3.155908e+06	1.505000e+03	3.162937e+06	1.505000e+03	3.160462e+06	1.505000e+03	3.158794e+06	1.505000e+03	3.162757e+06	1.505000e+03	3.142128e+06	1.505000e+03	3.146236e+06	1.505000e+03	3.166310e+06	1.505000e+03	3.149763e+06	1.505000e+03	3.155795e+06	1.505000e+03	3.158683e+06	1.505000e+03	3.177945e+06	1.505000e+03	3.168780e+06	1.505000e+03	3.156905e+06	1.505000e+03	3.176102e+06	1.505000e+03	3.157499e+06	1.505000e+03	3.175313e+06	1.505000e+03	3.165538e+06	1.505000e+03	3.161740e+06	1.505000e+03	3.141662e+06	1.505000e+03	3.135504e+06	1.505000e+03	3.135744e+06	1.505000e+03	3.161904e+06	1.505000e+03	3.172771e+06	1.505000e+03	3.165473e+06	1.505000e+03	3.167308e+06	1.505000e+03	3.150900e+06	1.505000e+03	3.155481e+06	1.505000e+03	3.167043e+06	1.505000e+03	3.156236e+06	1.505000e+03	3.169246e+06	1.505000e+03	3.156186e+06	1.505000e+03	3.157332e+06	1.505000e+03	3.180006e+06	1.505000e+03	3.185256e+06	1.505000e+03	3.159327e+06	1.505000e+03	3.155109e+06	1.505000e+03	3.150486e+06	1.505000e+03	3.171420e+06	1.505000e+03	3.154729e+06	1.505000e+03	3.168955e+06	1.505000e+03	3.140590e+06	1.505000e+03	3.162038e+06	1.505000e+03	3.160171e+06	1.505000e+03	3.161366e+06	1.505000e+03	3.177023e+06	1.505000e+03	3.173678e+06	1.505000e+03	3.162577e+06	1.505000e+03	3.174000e+06	1.505000e+03	3.169514e+06	1.505000e+03	3.166409e+06	1.505000e+03	3.154321e+06	1.505000e+03	3.160676e+06	1.505000e+03	3.159355e+06	1.505000e+03	3.176970e+06	1.505000e+03	3.191008e+06	1.505000e+03	3.188701e+06	1.505000e+03	3.187921e+06	1.505000e+03	3.185620e+06	1.505000e+03	3.187542e+06	1.505000e+03	3.170455e+06	1.505000e+03	3.165501e+06	1.505000e+03	3.172253e+06	1.505000e+03	3.176482e+06	1.505000e+03	3.183553e+06	1.505000e+03	3.156637e+06	1.505000e+03	3.172985e+06	1.505000e+03	3.189809e+06	1.505000e+03	3.189199e+06	1.505000e+03	3.165463e+06	1.505000e+03	3.167467e+06	1.505000e+03	3.179747e+06	1.505000e+03	3.181641e+06	1.505000e+03	3.189927e+06	1.505000e+03	3.178319e+06	1.505000e+03	3.201801e+06	1.505000e+03	3.175731e+06	1.505000e+03	3.164178e+06	1.505000e+03	3.196668e+06	1.505000e+03	3.199748e+06	1.505000e+03	3.190370e+06	1.505000e+03	3.203523e+06	1.505000e+03	3.186664e+06	1.505000e+03	3.208695e+06	1.505000e+03	3.191675e+06	1.505000e+03	3.186690e+06	1.505000e+03	3.191811e+06	1.505000e+03	3.197015e+06	1.505000e+03	3.170199e+06	1.505000e+03	3.194551e+06	1.505000e+03	3.198961e+06	1.505000e+03	3.196474e+06	1.505000e+03	3.193496e+06	1.505000e+03	3.193193e+06	1.505000e+03	3.219431e+06	1.505000e+03	3.196087e+06	1.505000e+03	3.195603e+06	1.505000e+03	3.185683e+06	1.505000e+03	3.191132e+06	1.505000e+03	3.188782e+06	1.505000e+03	3.170337e+06	1.505000e+03	3.186725e+06	1.505000e+03	3.175656e+06	1.505000e+03	3.182270e+06	1.505000e+03	3.185871e+06	1.505000e+03	3.192581e+06	1.505000e+03	3.206777e+06
1.510000e+03	3.102461e+06	1.510000e+03	3.092876e+06	1.510000e+03	3.075459e+06	1.510000e+03	3.060075e+06	1.510000e+03	3.057687e+06	1.510000e+03	3.035560e+06	1.510000e+03	3.061765e+06	1.510000e+03	3.034291e+06	1.510000e+03	3.050497e+06	1.510000e+03	3.029753e+06	1.510000e+03	3.014496e+06	1.510000e+03	3.029338e+06	1.510000e+03	3.025617e+06	1.510000e+03	3.016691e+06	1.510000e+03	3.060641e+06	1.510000e+03	3.011282e+06	1.510000e+03	3.034957e+06	1.510000e+03	3.047631e+06	1.510000e+03	3.016998e+06	1.510000e+03	3.031077e+06	1.510000e+03	3.003681e+06	1.510000e+03	3.019703e+06	1.510000e+03	3.026637e+06	1.510000e+03	3.014940e+06	1.510000e+03	3.020274e+06	1.510000e+03	3.018356e+06	1.510000e+03	3.015414e+06	1.510000e+03	3.014889e+06	1.510000e+03	3.007652e+06	1.510000e+03	3.013989e+06	1.510000e+03	3.038867e+06	1.510000e+03	3.021799e+06	1.510000e+03	3.005886e+06	1.510000e+03	3.022062e+06	1.510000e+03	3.019060e+06	1.510000e+03	3.044967e+06	1.510000e+03	3.046061e+06	1.510000e+03	3.033949e+06	1.510000e+03	3.034960e+06	1.510000e+03	3.037316e+06	1.510000e+03	3.054483e+06	1.510000e+03	3.044665e+06	1.510000e+03	3.043632e+06	1.510000e+03	3.046619e+06	1.510000e+03	3.032159e+06	1.510000e+03	3.054106e+06	1.510000e+03	3.049381e+06	1.510000e+03	3.064937e+06	1.510000e+03	3.093398e+06	1.510000e+03	3.085733e+06	1.510000e+03	3.079664e+06	1.510000e+03	3.075586e+06	1.510000e+03	3.089063e+06	1.510000e+03	3.075220e+06	1.510000e+03	3.053975e+06	1.510000e+03	3.085312e+06	1.510000e+03	3.084107e+06	1.510000e+03	3.092202e+06	1.510000e+03	3.084394e+06	1.510000e+03	3.082042e+06	1.510000e+03	3.092613e+06	1.510000e+03	3.091077e+06	1.510000e+03	3.082110e+06	1.510000e+03	3.079151e+06	1.510000e+03	3.077560e+06	1.510000e+03	3.091087e+06	1.510000e+03	3.081594e+06	1.510000e+03	3.092343e+06	1.510000e+03	3.079898e+06	1.510000e+03	3.091808e+06	1.510000e+03	3.091544e+06	1.510000e+03	3.089922e+06	1.510000e+03	3.097715e+06	1.510000e+03	3.111246e+06	1.510000e+03	3.115026e+06	1.510000e+03	3.112615e+06	1.510000e+03	3.110120e+06	1.510000e+03	3.086478e+06	1.510000e+03	3.093873e+06	1.510000e+03	3.103173e+06	1.510000e+03	3.102775e+06	1.510000e+03	3.101060e+06	1.510000e+03	3.120032e+06	1.510000e+03	3.130478e+06	1.510000e+03	3.097288e+06	1.510000e+03	3.108025e+06	1.510000e+03	3.111257e+06	1.510000e+03	3.112328e+06	1.510000e+03	3.121129e+06	1.510000e+03	3.097775e+06	1.510000e+03	3.116926e+06	1.510000e+03	3.118847e+06	1.510000e+03	3.109711e+06	1.510000e+03	3.136551e+06	1.510000e+03	3.126862e+06	1.510000e+03	3.118107e+06	1.510000e+03	3.109470e+06	1.510000e+03	3.105849e+06	1.510000e+03	3.123886e+06	1.510000e+03	3.126603e+06	1.510000e+03	3.134386e+06	1.510000e+03	3.152676e+06	1.510000e+03	3.118512e+06	1.510000e+03	3.116831e+06	1.510000e+03	3.145048e+06	1.510000e+03	3.112404e+06	1.510000e+03	3.095421e+06	1.510000e+03	3.114179e+06	1.510000e+03	3.123563e+06	1.510000e+03	3.115724e+06	1.510000e+03	3.146509e+06	1.510000e+03	3.135520e+06	1.510000e+03	3.114512e+06	1.510000e+03	3.135790e+06	1.510000e+03	3.141944e+06	1.510000e+03	3.151815e+06	1.510000e+03	3.130902e+06	1.510000e+03	3.128350e+06	1.510000e+03	3.085106e+06	1.510000e+03	3.099345e+06	1.510000e+03	3.129966e+06	1.510000e+03	3.120778e+06	1.510000e+03	3.112716e+06	1.510000e+03	3.125577e+06	1.510000e+03	3.110355e+06	1.510000e+03	3.098980e+06	1.510000e+03	3.110259e+06	1.510000e+03	3.117759e+06	1.510000e+03	3.153066e+06	1.510000e+03	3.139274e+06	1.510000e+03	3.108761e+06	1.510000e+03	3.114645e+06	1.510000e+03	3.116777e+06	1.510000e+03	3.109290e+06	1.510000e+03	3.103706e+06	1.510000e+03	3.096930e+06	1.510000e+03	3.136238e+06	1.510000e+03	3.125592e+06	1.510000e+03	3.118711e+06	1.510000e+03	3.108990e+06	1.510000e+03	3.125040e+06	1.510000e+03	3.127074e+06	1.510000e+03	3.144151e+06	1.510000e+03	3.135250e+06	1.510000e+03	3.123911e+06	1.510000e+03	3.132074e+06	1.510000e+03	3.127351e+06	1.510000e+03	3.142140e+06	1.510000e+03	3.129427e+06	1.510000e+03	3.136108e+06	1.510000e+03	3.122806e+06	1.510000e+03	3.139046e+06	1.510000e+03	3.127325e+06	1.510000e+03	3.138479e+06	1.510000e+03	3.157955e+06	1.510000e+03	3.136229e+06	1.510000e+03	3.158222e+06	1.510000e+03	3.151707e+06	1.510000e+03	3.132218e+06	1.510000e+03	3.169978e+06	1.510000e+03	3.138480e+06	1.510000e+03	3.140396e+06	1.510000e+03	3.155795e+06	1.510000e+03	3.149245e+06	1.510000e+03	3.153634e+06	1.510000e+03	3.137986e+06	1.510000e+03	3.153264e+06	1.510000e+03	3.151792e+06	1.510000e+03	3.146441e+06	1.510000e+03	3.152041e+06	1.510000e+03	3.166101e+06	1.510000e+03	3.161448e+06	1.510000e+03	3.156301e+06	1.510000e+03	3.154238e+06	1.510000e+03	3.147943e+06	1.510000e+03	3.161610e+06	1.510000e+03	3.163811e+06	1.510000e+03	3.146720e+06	1.510000e+03	3.168234e+06	1.510000e+03	3.169340e+06	1.510000e+03	3.155012e+06	1.510000e+03	3.152461e+06	1.510000e+03	3.157667e+06	1.510000e+03	3.177334e+06	1.510000e+03	3.168883e+06	1.510000e+03	3.161806e+06	1.510000e+03	3.139759e+06	1.510000e+03	3.182792e+06	1.510000e+03	3.165201e+06	1.510000e+03	3.165192e+06	1.510000e+03	3.168578e+06	1.510000e+03	3.176245e+06	1.510000e+03	3.161901e+06	1.510000e+03	3.167546e+06	1.510000e+03	3.155071e+06	1.510000e+03	3.152690e+06	1.510000e+03	3.165985e+06	1.510000e+03	3.146460e+06	1.510000e+03	3.162070e+06	1.510000e+03	3.172411e+06	1.510000e+03	3.147285e+06	1.510000e+03	3.159539e+06	1.510000e+03	3.149383e+06	1.510000e+03	3.157059e+06	1.510000e+03	3.149562e+06	1.510000e+03	3.146281e+06	1.510000e+03	3.139163e+06	1.510000e+03	3.157844e+06	1.510000e+03	3.166597e+06	1.510000e+03	3.162509e+06	1.510000e+03	3.154535e+06	1.510000e+03	3.168818e+06	1.510000e+03	3.140815e+06	1.510000e+03	3.145047e+06	1.510000e+03	3.168163e+06	1.510000e+03	3.148563e+06	1.510000e+03	3.154999e+06	1.510000e+03	3.158952e+06	1.510000e+03	3.178190e+06	1.510000e+03	3.173515e+06	1.510000e+03	3.156783e+06	1.510000e+03	3.172284e+06	1.510000e+03	3.152860e+06	1.510000e+03	3.170321e+06	1.510000e+03	3.159122e+06	1.510000e+03	3.162718e+06	1.510000e+03	3.136323e+06	1.510000e+03	3.129748e+06	1.510000e+03	3.144551e+06	1.510000e+03	3.166094e+06	1.510000e+03	3.151884e+06	1.510000e+03	3.166317e+06	1.510000e+03	3.167202e+06	1.510000e+03	3.150160e+06	1.510000e+03	3.154210e+06	1.510000e+03	3.156971e+06	1.510000e+03	3.159595e+06	1.510000e+03	3.170460e+06	1.510000e+03	3.157449e+06	1.510000e+03	3.152520e+06	1.510000e+03	3.175334e+06	1.510000e+03	3.178864e+06	1.510000e+03	3.162253e+06	1.510000e+03	3.152794e+06	1.510000e+03	3.151227e+06	1.510000e+03	3.173870e+06	1.510000e+03	3.145980e+06	1.510000e+03	3.178176e+06	1.510000e+03	3.140090e+06	1.510000e+03	3.160687e+06	1.510000e+03	3.161820e+06	1.510000e+03	3.154512e+06	1.510000e+03	3.175305e+06	1.510000e+03	3.179883e+06	1.510000e+03	3.161761e+06	1.510000e+03	3.174882e+06	1.510000e+03	3.170744e+06	1.510000e+03	3.174651e+06	1.510000e+03	3.148509e+06	1.510000e+03	3.155164e+06	1.510000e+03	3.147947e+06	1.510000e+03	3.173653e+06	1.510000e+03	3.197086e+06	1.510000e+03	3.188520e+06	1.510000e+03	3.184412e+06	1.510000e+03	3.181471e+06	1.510000e+03	3.188119e+06	1.510000e+03	3.170549e+06	1.510000e+03	3.165444e+06	1.510000e+03	3.175507e+06	1.510000e+03	3.169814e+06	1.510000e+03	3.177896e+06	1.510000e+03	3.155815e+06	1.510000e+03	3.172874e+06	1.510000e+03	3.185483e+06	1.510000e+03	3.187264e+06	1.510000e+03	3.168714e+06	1.510000e+03	3.164227e+06	1.510000e+03	3.173059e+06	1.510000e+03	3.192294e+06	1.510000e+03	3.187672e+06	1.510000e+03	3.181571e+06	1.510000e+03	3.198446e+06	1.510000e+03	3.188010e+06	1.510000e+03	3.174046e+06	1.510000e+03	3.189569e+06	1.510000e+03	3.192294e+06	1.510000e+03	3.188114e+06	1.510000e+03	3.204080e+06	1.510000e+03	3.190997e+06	1.510000e+03	3.205162e+06	1.510000e+03	3.193260e+06	1.510000e+03	3.191675e+06	1.510000e+03	3.192622e+06	1.510000e+03	3.193441e+06	1.510000e+03	3.159281e+06	1.510000e+03	3.191722e+06	1.510000e+03	3.194843e+06	1.510000e+03	3.200649e+06	1.510000e+03	3.194181e+06	1.510000e+03	3.192599e+06	1.510000e+03	3.209508e+06	1.510000e+03	3.200710e+06	1.510000e+03	3.196609e+06	1.510000e+03	3.180679e+06	1.510000e+03	3.196389e+06	1.510000e+03	3.191299e+06	1.510000e+03	3.173173e+06	1.510000e+03	3.190832e+06	1.510000e+03	3.175953e+06	1.510000e+03	3.179786e+06	1.510000e+03	3.188986e+06	1.510000e+03	3.188272e+06	1.510000e+03	3.204109e+06
1.515000e+03	3.107011e+06	1.515000e+03	3.093907e+06	1.515000e+03	3.070279e+06	1.515000e+03	3.055904e+06	1.515000e+03	3.052424e+06	1.515000e+03	3.033131e+06	1.515000e+03	3.064643e+06	1.515000e+03	3.031741e+06	1.515000e+03	3.051331e+06	1.515000e+03	3.023723e+06	1.515000e+03	3.015334e+06	1.515000e+03	3.035190e+06	1.515000e+03	3.031970e+06	1.515000e+03	3.024198e+06	1.515000e+03	3.064177e+06	1.515000e+03	3.010737e+06	1.515000e+03	3.030760e+06	1.515000e+03	3.040311e+06	1.515000e+03	3.016134e+06	1.515000e+03	3.027914e+06	1.515000e+03	3.013645e+06	1.515000e+03	3.025421e+06	1.515000e+03	3.041637e+06	1.515000e+03	3.016065e+06	1.515000e+03	3.025296e+06	1.515000e+03	3.034958e+06	1.515000e+03	3.019465e+06	1.515000e+03	3.017628e+06	1.515000e+03	3.009407e+06	1.515000e+03	3.016514e+06	1.515000e+03	3.033397e+06	1.515000e+03	3.024913e+06	1.515000e+03	3.008431e+06	1.515000e+03	3.022084e+06	1.515000e+03	3.025945e+06	1.515000e+03	3.031542e+06	1.515000e+03	3.039324e+06	1.515000e+03	3.024885e+06	1.515000e+03	3.036096e+06	1.515000e+03	3.040447e+06	1.515000e+03	3.055193e+06	1.515000e+03	3.038496e+06	1.515000e+03	3.050407e+06	1.515000e+03	3.046620e+06	1.515000e+03	3.038829e+06	1.515000e+03	3.051374e+06	1.515000e+03	3.053068e+06	1.515000e+03	3.060526e+06	1.515000e+03	3.078910e+06	1.515000e+03	3.079194e+06	1.515000e+03	3.077719e+06	1.515000e+03	3.070433e+06	1.515000e+03	3.084717e+06	1.515000e+03	3.074178e+06	1.515000e+03	3.057117e+06	1.515000e+03	3.089034e+06	1.515000e+03	3.081679e+06	1.515000e+03	3.090037e+06	1.515000e+03	3.083006e+06	1.515000e+03	3.086872e+06	1.515000e+03	3.095217e+06	1.515000e+03	3.092127e+06	1.515000e+03	3.081188e+06	1.515000e+03	3.079048e+06	1.515000e+03	3.081662e+06	1.515000e+03	3.093488e+06	1.515000e+03	3.080864e+06	1.515000e+03	3.085369e+06	1.515000e+03	3.083385e+06	1.515000e+03	3.087413e+06	1.515000e+03	3.094555e+06	1.515000e+03	3.095704e+06	1.515000e+03	3.093568e+06	1.515000e+03	3.105475e+06	1.515000e+03	3.119019e+06	1.515000e+03	3.116876e+06	1.515000e+03	3.102231e+06	1.515000e+03	3.087401e+06	1.515000e+03	3.094373e+06	1.515000e+03	3.106141e+06	1.515000e+03	3.098392e+06	1.515000e+03	3.098452e+06	1.515000e+03	3.124120e+06	1.515000e+03	3.123655e+06	1.515000e+03	3.102985e+06	1.515000e+03	3.104465e+06	1.515000e+03	3.105927e+06	1.515000e+03	3.109319e+06	1.515000e+03	3.115699e+06	1.515000e+03	3.100376e+06	1.515000e+03	3.117488e+06	1.515000e+03	3.119336e+06	1.515000e+03	3.108378e+06	1.515000e+03	3.142735e+06	1.515000e+03	3.121245e+06	1.515000e+03	3.117914e+06	1.515000e+03	3.117915e+06	1.515000e+03	3.109421e+06	1.515000e+03	3.126445e+06	1.515000e+03	3.126815e+06	1.515000e+03	3.138983e+06	1.515000e+03	3.152477e+06	1.515000e+03	3.118458e+06	1.515000e+03	3.119188e+06	1.515000e+03	3.142543e+06	1.515000e+03	3.111356e+06	1.515000e+03	3.091925e+06	1.515000e+03	3.118539e+06	1.515000e+03	3.128668e+06	1.515000e+03	3.113821e+06	1.515000e+03	3.142468e+06	1.515000e+03	3.127859e+06	1.515000e+03	3.114333e+06	1.515000e+03	3.129758e+06	1.515000e+03	3.146603e+06	1.515000e+03	3.139851e+06	1.515000e+03	3.134500e+06	1.515000e+03	3.120522e+06	1.515000e+03	3.087231e+06	1.515000e+03	3.100897e+06	1.515000e+03	3.122791e+06	1.515000e+03	3.120186e+06	1.515000e+03	3.124588e+06	1.515000e+03	3.128146e+06	1.515000e+03	3.108399e+06	1.515000e+03	3.094749e+06	1.515000e+03	3.105633e+06	1.515000e+03	3.122618e+06	1.515000e+03	3.158874e+06	1.515000e+03	3.127787e+06	1.515000e+03	3.118100e+06	1.515000e+03	3.113226e+06	1.515000e+03	3.116522e+06	1.515000e+03	3.110473e+06	1.515000e+03	3.099295e+06	1.515000e+03	3.095265e+06	1.515000e+03	3.133401e+06	1.515000e+03	3.120098e+06	1.515000e+03	3.111187e+06	1.515000e+03	3.105231e+06	1.515000e+03	3.123351e+06	1.515000e+03	3.120133e+06	1.515000e+03	3.140534e+06	1.515000e+03	3.143652e+06	1.515000e+03	3.118876e+06	1.515000e+03	3.134423e+06	1.515000e+03	3.127596e+06	1.515000e+03	3.143325e+06	1.515000e+03	3.134381e+06	1.515000e+03	3.158233e+06	1.515000e+03	3.119453e+06	1.515000e+03	3.131430e+06	1.515000e+03	3.125995e+06	1.515000e+03	3.147976e+06	1.515000e+03	3.152480e+06	1.515000e+03	3.160129e+06	1.515000e+03	3.146067e+06	1.515000e+03	3.140344e+06	1.515000e+03	3.127972e+06	1.515000e+03	3.169809e+06	1.515000e+03	3.152742e+06	1.515000e+03	3.139050e+06	1.515000e+03	3.156284e+06	1.515000e+03	3.148006e+06	1.515000e+03	3.145904e+06	1.515000e+03	3.143180e+06	1.515000e+03	3.151531e+06	1.515000e+03	3.162943e+06	1.515000e+03	3.144856e+06	1.515000e+03	3.154363e+06	1.515000e+03	3.163662e+06	1.515000e+03	3.159034e+06	1.515000e+03	3.158644e+06	1.515000e+03	3.152774e+06	1.515000e+03	3.151546e+06	1.515000e+03	3.160372e+06	1.515000e+03	3.148290e+06	1.515000e+03	3.154881e+06	1.515000e+03	3.160369e+06	1.515000e+03	3.166548e+06	1.515000e+03	3.150317e+06	1.515000e+03	3.148350e+06	1.515000e+03	3.148828e+06	1.515000e+03	3.173878e+06	1.515000e+03	3.173175e+06	1.515000e+03	3.156225e+06	1.515000e+03	3.147602e+06	1.515000e+03	3.178290e+06	1.515000e+03	3.159006e+06	1.515000e+03	3.165133e+06	1.515000e+03	3.169699e+06	1.515000e+03	3.175793e+06	1.515000e+03	3.160058e+06	1.515000e+03	3.166321e+06	1.515000e+03	3.158417e+06	1.515000e+03	3.153121e+06	1.515000e+03	3.169279e+06	1.515000e+03	3.152662e+06	1.515000e+03	3.154970e+06	1.515000e+03	3.164349e+06	1.515000e+03	3.154058e+06	1.515000e+03	3.155579e+06	1.515000e+03	3.147969e+06	1.515000e+03	3.161447e+06	1.515000e+03	3.154023e+06	1.515000e+03	3.153461e+06	1.515000e+03	3.134876e+06	1.515000e+03	3.153594e+06	1.515000e+03	3.158759e+06	1.515000e+03	3.164806e+06	1.515000e+03	3.151798e+06	1.515000e+03	3.169842e+06	1.515000e+03	3.138945e+06	1.515000e+03	3.149755e+06	1.515000e+03	3.162349e+06	1.515000e+03	3.149533e+06	1.515000e+03	3.149351e+06	1.515000e+03	3.159744e+06	1.515000e+03	3.187408e+06	1.515000e+03	3.171704e+06	1.515000e+03	3.157736e+06	1.515000e+03	3.169157e+06	1.515000e+03	3.153554e+06	1.515000e+03	3.169653e+06	1.515000e+03	3.156670e+06	1.515000e+03	3.160708e+06	1.515000e+03	3.144456e+06	1.515000e+03	3.129193e+06	1.515000e+03	3.143818e+06	1.515000e+03	3.158854e+06	1.515000e+03	3.160533e+06	1.515000e+03	3.161603e+06	1.515000e+03	3.167812e+06	1.515000e+03	3.158500e+06	1.515000e+03	3.156837e+06	1.515000e+03	3.154775e+06	1.515000e+03	3.165157e+06	1.515000e+03	3.179287e+06	1.515000e+03	3.152795e+06	1.515000e+03	3.161734e+06	1.515000e+03	3.174524e+06	1.515000e+03	3.171927e+06	1.515000e+03	3.158628e+06	1.515000e+03	3.148715e+06	1.515000e+03	3.151571e+06	1.515000e+03	3.176114e+06	1.515000e+03	3.152038e+06	1.515000e+03	3.176268e+06	1.515000e+03	3.137566e+06	1.515000e+03	3.155943e+06	1.515000e+03	3.163107e+06	1.515000e+03	3.158329e+06	1.515000e+03	3.177901e+06	1.515000e+03	3.181650e+06	1.515000e+03	3.156018e+06	1.515000e+03	3.175234e+06	1.515000e+03	3.177732e+06	1.515000e+03	3.167365e+06	1.515000e+03	3.148911e+06	1.515000e+03	3.160640e+06	1.515000e+03	3.151277e+06	1.515000e+03	3.173062e+06	1.515000e+03	3.181102e+06	1.515000e+03	3.175914e+06	1.515000e+03	3.190040e+06	1.515000e+03	3.181389e+06	1.515000e+03	3.188688e+06	1.515000e+03	3.167668e+06	1.515000e+03	3.170368e+06	1.515000e+03	3.172753e+06	1.515000e+03	3.168002e+06	1.515000e+03	3.181525e+06	1.515000e+03	3.163821e+06	1.515000e+03	3.169013e+06	1.515000e+03	3.187698e+06	1.515000e+03	3.180668e+06	1.515000e+03	3.179168e+06	1.515000e+03	3.159138e+06	1.515000e+03	3.169330e+06	1.515000e+03	3.187076e+06	1.515000e+03	3.191372e+06	1.515000e+03	3.188652e+06	1.515000e+03	3.199814e+06	1.515000e+03	3.181598e+06	1.515000e+03	3.173662e+06	1.515000e+03	3.197517e+06	1.515000e+03	3.190242e+06	1.515000e+03	3.188061e+06	1.515000e+03	3.204169e+06	1.515000e+03	3.189752e+06	1.515000e+03	3.210367e+06	1.515000e+03	3.193944e+06	1.515000e+03	3.201408e+06	1.515000e+03	3.199808e+06	1.515000e+03	3.194543e+06	1.515000e+03	3.171164e+06	1.515000e+03	3.192794e+06	1.515000e+03	3.200429e+06	1.515000e+03	3.199217e+06	1.515000e+03	3.189678e+06	1.515000e+03	3.193426e+06	1.515000e+03	3.202055e+06	1.515000e+03	3.191967e+06	1.515000e+03	3.193302e+06	1.515000e+03	3.177409e+06	1.515000e+03	3.193096e+06	1.515000e+03	3.188613e+06	1.515000e+03	3.166839e+06	1.515000e+03	3.188807e+06	1.515000e+03	3.179907e+06	1.515000e+03	3.177374e+06	1.515000e+03	3.185901e+06	1.515000e+03	3.191505e+06	1.515000e+03	3.206305e+06
1.520000e+03	3.107362e+06	1.520000e+03	3.090392e+06	1.520000e+03	3.073461e+06	1.520000e+03	3.050484e+06	1.520000e+03	3.054639e+06	1.520000e+03	3.034201e+06	1.520000e+03	3.060262e+06	1.520000e+03	3.036191e+06	1.520000e+03	3.044144e+06	1.520000e+03	3.020494e+06	1.520000e+03	3.018224e+06	1.520000e+03	3.026795e+06	1.520000e+03	3.027676e+06	1.520000e+03	3.023302e+06	1.520000e+03	3.047067e+06	1.520000e+03	3.014023e+06	1.520000e+03	3.016988e+06	1.520000e+03	3.037731e+06	1.520000e+03	3.016794e+06	1.520000e+03	3.026615e+06	1.520000e+03	3.013565e+06	1.520000e+03	3.024524e+06	1.520000e+03	3.036657e+06	1.520000e+03	3.016050e+06	1.520000e+03	3.025657e+06	1.520000e+03	3.016467e+06	1.520000e+03	3.006420e+06	1.520000e+03	3.028863e+06	1.520000e+03	3.009181e+06	1.520000e+03	3.010875e+06	1.520000e+03	3.030563e+06	1.520000e+03	3.018505e+06	1.520000e+03	3.005021e+06	1.520000e+03	3.020896e+06	1.520000e+03	3.022446e+06	1.520000e+03	3.040461e+06	1.520000e+03	3.037204e+06	1.520000e+03	3.033831e+06	1.520000e+03	3.032833e+06	1.520000e+03	3.038068e+06	1.520000e+03	3.057039e+06	1.520000e+03	3.046157e+06	1.520000e+03	3.054632e+06	1.520000e+03	3.048633e+06	1.520000e+03	3.035407e+06	1.520000e+03	3.043025e+06	1.520000e+03	3.050395e+06	1.520000e+03	3.066361e+06	1.520000e+03	3.090093e+06	1.520000e+03	3.082020e+06	1.520000e+03	3.072486e+06	1.520000e+03	3.072814e+06	1.520000e+03	3.087366e+06	1.520000e+03	3.074422e+06	1.520000e+03	3.060265e+06	1.520000e+03	3.078578e+06	1.520000e+03	3.080483e+06	1.520000e+03	3.110615e+06	1.520000e+03	3.091704e+06	1.520000e+03	3.086533e+06	1.520000e+03	3.092427e+06	1.520000e+03	3.094226e+06	1.520000e+03	3.082222e+06	1.520000e+03	3.078702e+06	1.520000e+03	3.081542e+06	1.520000e+03	3.091673e+06	1.520000e+03	3.079095e+06	1.520000e+03	3.094828e+06	1.520000e+03	3.088280e+06	1.520000e+03	3.089067e+06	1.520000e+03	3.094833e+06	1.520000e+03	3.093407e+06	1.520000e+03	3.093142e+06	1.520000e+03	3.106707e+06	1.520000e+03	3.119119e+06	1.520000e+03	3.116284e+06	1.520000e+03	3.107438e+06	1.520000e+03	3.085709e+06	1.520000e+03	3.090578e+06	1.520000e+03	3.106148e+06	1.520000e+03	3.097963e+06	1.520000e+03	3.112724e+06	1.520000e+03	3.111049e+06	1.520000e+03	3.125204e+06	1.520000e+03	3.097850e+06	1.520000e+03	3.107542e+06	1.520000e+03	3.103372e+06	1.520000e+03	3.117934e+06	1.520000e+03	3.108628e+06	1.520000e+03	3.101242e+06	1.520000e+03	3.117397e+06	1.520000e+03	3.125402e+06	1.520000e+03	3.108055e+06	1.520000e+03	3.142817e+06	1.520000e+03	3.126139e+06	1.520000e+03	3.118927e+06	1.520000e+03	3.120263e+06	1.520000e+03	3.107653e+06	1.520000e+03	3.128152e+06	1.520000e+03	3.125593e+06	1.520000e+03	3.147319e+06	1.520000e+03	3.151871e+06	1.520000e+03	3.121351e+06	1.520000e+03	3.122745e+06	1.520000e+03	3.136013e+06	1.520000e+03	3.111719e+06	1.520000e+03	3.096841e+06	1.520000e+03	3.110529e+06	1.520000e+03	3.128277e+06	1.520000e+03	3.115235e+06	1.520000e+03	3.145058e+06	1.520000e+03	3.126041e+06	1.520000e+03	3.115815e+06	1.520000e+03	3.131535e+06	1.520000e+03	3.143833e+06	1.520000e+03	3.139081e+06	1.520000e+03	3.131569e+06	1.520000e+03	3.118567e+06	1.520000e+03	3.091845e+06	1.520000e+03	3.108069e+06	1.520000e+03	3.128030e+06	1.520000e+03	3.121088e+06	1.520000e+03	3.120743e+06	1.520000e+03	3.131590e+06	1.520000e+03	3.117307e+06	1.520000e+03	3.101195e+06	1.520000e+03	3.107144e+06	1.520000e+03	3.131616e+06	1.520000e+03	3.148151e+06	1.520000e+03	3.112850e+06	1.520000e+03	3.114036e+06	1.520000e+03	3.110896e+06	1.520000e+03	3.115877e+06	1.520000e+03	3.118699e+06	1.520000e+03	3.106105e+06	1.520000e+03	3.102312e+06	1.520000e+03	3.131369e+06	1.520000e+03	3.120537e+06	1.520000e+03	3.106322e+06	1.520000e+03	3.098357e+06	1.520000e+03	3.128166e+06	1.520000e+03	3.120364e+06	1.520000e+03	3.137769e+06	1.520000e+03	3.145779e+06	1.520000e+03	3.125280e+06	1.520000e+03	3.135108e+06	1.520000e+03	3.126555e+06	1.520000e+03	3.145062e+06	1.520000e+03	3.135894e+06	1.520000e+03	3.153968e+06	1.520000e+03	3.126248e+06	1.520000e+03	3.122732e+06	1.520000e+03	3.124559e+06	1.520000e+03	3.133538e+06	1.520000e+03	3.154913e+06	1.520000e+03	3.158887e+06	1.520000e+03	3.142161e+06	1.520000e+03	3.143637e+06	1.520000e+03	3.130304e+06	1.520000e+03	3.166159e+06	1.520000e+03	3.157989e+06	1.520000e+03	3.144000e+06	1.520000e+03	3.153389e+06	1.520000e+03	3.144709e+06	1.520000e+03	3.148226e+06	1.520000e+03	3.144971e+06	1.520000e+03	3.150939e+06	1.520000e+03	3.166828e+06	1.520000e+03	3.147504e+06	1.520000e+03	3.156191e+06	1.520000e+03	3.176657e+06	1.520000e+03	3.161833e+06	1.520000e+03	3.166174e+06	1.520000e+03	3.149964e+06	1.520000e+03	3.142799e+06	1.520000e+03	3.155513e+06	1.520000e+03	3.145408e+06	1.520000e+03	3.145871e+06	1.520000e+03	3.160281e+06	1.520000e+03	3.164964e+06	1.520000e+03	3.153643e+06	1.520000e+03	3.150054e+06	1.520000e+03	3.146571e+06	1.520000e+03	3.175355e+06	1.520000e+03	3.166948e+06	1.520000e+03	3.161489e+06	1.520000e+03	3.143676e+06	1.520000e+03	3.178876e+06	1.520000e+03	3.155509e+06	1.520000e+03	3.175591e+06	1.520000e+03	3.164944e+06	1.520000e+03	3.179075e+06	1.520000e+03	3.158672e+06	1.520000e+03	3.167807e+06	1.520000e+03	3.165838e+06	1.520000e+03	3.155724e+06	1.520000e+03	3.157930e+06	1.520000e+03	3.158084e+06	1.520000e+03	3.155366e+06	1.520000e+03	3.170542e+06	1.520000e+03	3.157228e+06	1.520000e+03	3.156399e+06	1.520000e+03	3.155322e+06	1.520000e+03	3.182029e+06	1.520000e+03	3.152399e+06	1.520000e+03	3.155027e+06	1.520000e+03	3.131790e+06	1.520000e+03	3.157661e+06	1.520000e+03	3.157627e+06	1.520000e+03	3.173724e+06	1.520000e+03	3.154558e+06	1.520000e+03	3.167913e+06	1.520000e+03	3.143970e+06	1.520000e+03	3.148259e+06	1.520000e+03	3.164927e+06	1.520000e+03	3.148511e+06	1.520000e+03	3.153886e+06	1.520000e+03	3.154704e+06	1.520000e+03	3.189839e+06	1.520000e+03	3.172686e+06	1.520000e+03	3.154078e+06	1.520000e+03	3.175040e+06	1.520000e+03	3.159471e+06	1.520000e+03	3.167073e+06	1.520000e+03	3.152070e+06	1.520000e+03	3.159172e+06	1.520000e+03	3.132965e+06	1.520000e+03	3.130356e+06	1.520000e+03	3.133601e+06	1.520000e+03	3.149780e+06	1.520000e+03	3.162385e+06	1.520000e+03	3.165676e+06	1.520000e+03	3.164353e+06	1.520000e+03	3.172284e+06	1.520000e+03	3.165987e+06	1.520000e+03	3.150941e+06	1.520000e+03	3.164735e+06	1.520000e+03	3.163558e+06	1.520000e+03	3.158224e+06	1.520000e+03	3.161975e+06	1.520000e+03	3.172467e+06	1.520000e+03	3.162826e+06	1.520000e+03	3.155103e+06	1.520000e+03	3.152330e+06	1.520000e+03	3.167057e+06	1.520000e+03	3.167401e+06	1.520000e+03	3.152345e+06	1.520000e+03	3.175843e+06	1.520000e+03	3.122609e+06	1.520000e+03	3.160373e+06	1.520000e+03	3.165969e+06	1.520000e+03	3.155990e+06	1.520000e+03	3.173621e+06	1.520000e+03	3.173994e+06	1.520000e+03	3.156715e+06	1.520000e+03	3.170366e+06	1.520000e+03	3.171417e+06	1.520000e+03	3.173881e+06	1.520000e+03	3.150105e+06	1.520000e+03	3.162162e+06	1.520000e+03	3.146707e+06	1.520000e+03	3.165430e+06	1.520000e+03	3.187920e+06	1.520000e+03	3.173617e+06	1.520000e+03	3.191139e+06	1.520000e+03	3.182993e+06	1.520000e+03	3.192303e+06	1.520000e+03	3.172187e+06	1.520000e+03	3.169895e+06	1.520000e+03	3.183445e+06	1.520000e+03	3.169099e+06	1.520000e+03	3.175507e+06	1.520000e+03	3.164701e+06	1.520000e+03	3.166479e+06	1.520000e+03	3.191717e+06	1.520000e+03	3.188168e+06	1.520000e+03	3.172924e+06	1.520000e+03	3.169397e+06	1.520000e+03	3.175306e+06	1.520000e+03	3.181735e+06	1.520000e+03	3.197091e+06	1.520000e+03	3.183846e+06	1.520000e+03	3.206155e+06	1.520000e+03	3.178931e+06	1.520000e+03	3.169076e+06	1.520000e+03	3.188731e+06	1.520000e+03	3.189392e+06	1.520000e+03	3.188470e+06	1.520000e+03	3.208200e+06	1.520000e+03	3.181224e+06	1.520000e+03	3.207557e+06	1.520000e+03	3.197652e+06	1.520000e+03	3.198076e+06	1.520000e+03	3.196071e+06	1.520000e+03	3.189097e+06	1.520000e+03	3.156517e+06	1.520000e+03	3.200436e+06	1.520000e+03	3.191800e+06	1.520000e+03	3.208488e+06	1.520000e+03	3.189737e+06	1.520000e+03	3.191972e+06	1.520000e+03	3.203683e+06	1.520000e+03	3.198884e+06	1.520000e+03	3.196743e+06	1.520000e+03	3.180900e+06	1.520000e+03	3.184848e+06	1.520000e+03	3.198852e+06	1.520000e+03	3.168937e+06	1.520000e+03	3.191605e+06	1.520000e+03	3.174432e+06	1.520000e+03	3.178388e+06	1.520000e+03	3.182045e+06	1.520000e+03	3.197899e+06	1.520000e+03	3.209301e+06
1.525000e+03	3.105763e+06	1.525000e+03	3.094654e+06	1.525000e+03	3.078246e+06	1.525000e+03	3.045106e+06	1.525000e+03	3.057007e+06	1.525000e+03	3.034814e+06	1.525000e+03	3.060290e+06	1.525000e+03	3.031062e+06	1.525000e+03	3.034133e+06	1.525000e+03	3.038257e+06	1.525000e+03	3.016582e+06	1.525000e+03	3.026847e+06	1.525000e+03	3.031705e+06	1.525000e+03	3.022886e+06	1.525000e+03	3.047091e+06	1.525000e+03	3.012057e+06	1.525000e+03	3.011527e+06	1.525000e+03	3.034274e+06	1.525000e+03	3.015566e+06	1.525000e+03	3.028040e+06	1.525000e+03	3.013847e+06	1.525000e+03	3.025475e+06	1.525000e+03	3.027914e+06	1.525000e+03	3.012323e+06	1.525000e+03	3.017100e+06	1.525000e+03	3.007748e+06	1.525000e+03	3.011519e+06	1.525000e+03	3.014627e+06	1.525000e+03	3.013257e+06	1.525000e+03	3.011883e+06	1.525000e+03	3.035999e+06	1.525000e+03	3.020720e+06	1.525000e+03	3.004683e+06	1.525000e+03	3.018440e+06	1.525000e+03	3.025230e+06	1.525000e+03	3.017667e+06	1.525000e+03	3.049320e+06	1.525000e+03	3.038280e+06	1.525000e+03	3.029312e+06	1.525000e+03	3.041042e+06	1.525000e+03	3.046153e+06	1.525000e+03	3.054577e+06	1.525000e+03	3.048125e+06	1.525000e+03	3.062329e+06	1.525000e+03	3.044450e+06	1.525000e+03	3.042980e+06	1.525000e+03	3.050805e+06	1.525000e+03	3.056164e+06	1.525000e+03	3.095195e+06	1.525000e+03	3.086256e+06	1.525000e+03	3.073723e+06	1.525000e+03	3.068758e+06	1.525000e+03	3.085053e+06	1.525000e+03	3.075765e+06	1.525000e+03	3.055755e+06	1.525000e+03	3.071087e+06	1.525000e+03	3.078008e+06	1.525000e+03	3.121766e+06	1.525000e+03	3.086054e+06	1.525000e+03	3.094927e+06	1.525000e+03	3.108480e+06	1.525000e+03	3.090784e+06	1.525000e+03	3.078379e+06	1.525000e+03	3.083249e+06	1.525000e+03	3.081691e+06	1.525000e+03	3.103310e+06	1.525000e+03	3.088825e+06	1.525000e+03	3.099118e+06	1.525000e+03	3.088074e+06	1.525000e+03	3.095589e+06	1.525000e+03	3.097331e+06	1.525000e+03	3.092119e+06	1.525000e+03	3.099387e+06	1.525000e+03	3.099671e+06	1.525000e+03	3.114332e+06	1.525000e+03	3.122944e+06	1.525000e+03	3.106367e+06	1.525000e+03	3.085079e+06	1.525000e+03	3.095616e+06	1.525000e+03	3.109870e+06	1.525000e+03	3.098020e+06	1.525000e+03	3.109505e+06	1.525000e+03	3.105762e+06	1.525000e+03	3.119148e+06	1.525000e+03	3.094901e+06	1.525000e+03	3.113962e+06	1.525000e+03	3.103248e+06	1.525000e+03	3.119270e+06	1.525000e+03	3.114872e+06	1.525000e+03	3.100829e+06	1.525000e+03	3.121564e+06	1.525000e+03	3.125186e+06	1.525000e+03	3.109535e+06	1.525000e+03	3.136407e+06	1.525000e+03	3.138748e+06	1.525000e+03	3.119083e+06	1.525000e+03	3.117453e+06	1.525000e+03	3.110638e+06	1.525000e+03	3.129681e+06	1.525000e+03	3.121817e+06	1.525000e+03	3.151680e+06	1.525000e+03	3.143727e+06	1.525000e+03	3.109502e+06	1.525000e+03	3.124040e+06	1.525000e+03	3.136405e+06	1.525000e+03	3.112430e+06	1.525000e+03	3.095960e+06	1.525000e+03	3.117723e+06	1.525000e+03	3.132897e+06	1.525000e+03	3.123481e+06	1.525000e+03	3.146565e+06	1.525000e+03	3.131711e+06	1.525000e+03	3.121969e+06	1.525000e+03	3.134859e+06	1.525000e+03	3.142745e+06	1.525000e+03	3.133987e+06	1.525000e+03	3.133835e+06	1.525000e+03	3.123925e+06	1.525000e+03	3.094684e+06	1.525000e+03	3.107575e+06	1.525000e+03	3.132285e+06	1.525000e+03	3.126101e+06	1.525000e+03	3.123353e+06	1.525000e+03	3.128972e+06	1.525000e+03	3.116707e+06	1.525000e+03	3.101566e+06	1.525000e+03	3.113062e+06	1.525000e+03	3.134163e+06	1.525000e+03	3.152853e+06	1.525000e+03	3.116056e+06	1.525000e+03	3.112841e+06	1.525000e+03	3.111670e+06	1.525000e+03	3.110683e+06	1.525000e+03	3.117571e+06	1.525000e+03	3.109255e+06	1.525000e+03	3.094872e+06	1.525000e+03	3.133396e+06	1.525000e+03	3.119552e+06	1.525000e+03	3.099117e+06	1.525000e+03	3.103180e+06	1.525000e+03	3.129242e+06	1.525000e+03	3.130317e+06	1.525000e+03	3.142722e+06	1.525000e+03	3.136043e+06	1.525000e+03	3.129881e+06	1.525000e+03	3.133533e+06	1.525000e+03	3.123204e+06	1.525000e+03	3.142213e+06	1.525000e+03	3.135366e+06	1.525000e+03	3.139584e+06	1.525000e+03	3.122089e+06	1.525000e+03	3.123993e+06	1.525000e+03	3.128582e+06	1.525000e+03	3.133281e+06	1.525000e+03	3.151937e+06	1.525000e+03	3.143279e+06	1.525000e+03	3.141954e+06	1.525000e+03	3.148400e+06	1.525000e+03	3.130269e+06	1.525000e+03	3.156987e+06	1.525000e+03	3.145721e+06	1.525000e+03	3.145071e+06	1.525000e+03	3.154456e+06	1.525000e+03	3.149662e+06	1.525000e+03	3.155182e+06	1.525000e+03	3.143377e+06	1.525000e+03	3.149748e+06	1.525000e+03	3.157466e+06	1.525000e+03	3.146712e+06	1.525000e+03	3.158151e+06	1.525000e+03	3.180904e+06	1.525000e+03	3.164536e+06	1.525000e+03	3.164571e+06	1.525000e+03	3.159854e+06	1.525000e+03	3.141477e+06	1.525000e+03	3.150052e+06	1.525000e+03	3.144079e+06	1.525000e+03	3.146807e+06	1.525000e+03	3.157232e+06	1.525000e+03	3.167828e+06	1.525000e+03	3.149532e+06	1.525000e+03	3.155498e+06	1.525000e+03	3.144181e+06	1.525000e+03	3.182684e+06	1.525000e+03	3.168656e+06	1.525000e+03	3.161805e+06	1.525000e+03	3.147664e+06	1.525000e+03	3.184568e+06	1.525000e+03	3.158306e+06	1.525000e+03	3.171740e+06	1.525000e+03	3.167176e+06	1.525000e+03	3.180371e+06	1.525000e+03	3.162059e+06	1.525000e+03	3.173720e+06	1.525000e+03	3.167174e+06	1.525000e+03	3.154148e+06	1.525000e+03	3.158624e+06	1.525000e+03	3.151717e+06	1.525000e+03	3.152399e+06	1.525000e+03	3.166931e+06	1.525000e+03	3.148251e+06	1.525000e+03	3.162732e+06	1.525000e+03	3.155781e+06	1.525000e+03	3.193819e+06	1.525000e+03	3.161526e+06	1.525000e+03	3.149022e+06	1.525000e+03	3.135206e+06	1.525000e+03	3.151289e+06	1.525000e+03	3.150714e+06	1.525000e+03	3.173016e+06	1.525000e+03	3.160414e+06	1.525000e+03	3.158007e+06	1.525000e+03	3.138608e+06	1.525000e+03	3.143444e+06	1.525000e+03	3.166317e+06	1.525000e+03	3.156481e+06	1.525000e+03	3.159290e+06	1.525000e+03	3.167687e+06	1.525000e+03	3.188631e+06	1.525000e+03	3.167383e+06	1.525000e+03	3.153690e+06	1.525000e+03	3.173150e+06	1.525000e+03	3.175032e+06	1.525000e+03	3.156232e+06	1.525000e+03	3.159972e+06	1.525000e+03	3.163398e+06	1.525000e+03	3.150097e+06	1.525000e+03	3.128617e+06	1.525000e+03	3.130126e+06	1.525000e+03	3.163218e+06	1.525000e+03	3.155337e+06	1.525000e+03	3.159211e+06	1.525000e+03	3.160367e+06	1.525000e+03	3.180091e+06	1.525000e+03	3.164230e+06	1.525000e+03	3.158967e+06	1.525000e+03	3.167688e+06	1.525000e+03	3.168314e+06	1.525000e+03	3.158369e+06	1.525000e+03	3.163322e+06	1.525000e+03	3.176588e+06	1.525000e+03	3.164774e+06	1.525000e+03	3.155748e+06	1.525000e+03	3.163704e+06	1.525000e+03	3.159933e+06	1.525000e+03	3.160471e+06	1.525000e+03	3.147175e+06	1.525000e+03	3.170433e+06	1.525000e+03	3.132296e+06	1.525000e+03	3.160320e+06	1.525000e+03	3.172632e+06	1.525000e+03	3.163344e+06	1.525000e+03	3.169394e+06	1.525000e+03	3.175487e+06	1.525000e+03	3.154870e+06	1.525000e+03	3.170574e+06	1.525000e+03	3.180347e+06	1.525000e+03	3.170539e+06	1.525000e+03	3.148441e+06	1.525000e+03	3.167432e+06	1.525000e+03	3.151167e+06	1.525000e+03	3.172171e+06	1.525000e+03	3.191889e+06	1.525000e+03	3.175375e+06	1.525000e+03	3.178719e+06	1.525000e+03	3.177438e+06	1.525000e+03	3.189498e+06	1.525000e+03	3.177538e+06	1.525000e+03	3.177754e+06	1.525000e+03	3.180958e+06	1.525000e+03	3.167236e+06	1.525000e+03	3.174982e+06	1.525000e+03	3.161929e+06	1.525000e+03	3.169487e+06	1.525000e+03	3.193189e+06	1.525000e+03	3.199316e+06	1.525000e+03	3.181914e+06	1.525000e+03	3.173681e+06	1.525000e+03	3.179585e+06	1.525000e+03	3.186961e+06	1.525000e+03	3.202128e+06	1.525000e+03	3.185400e+06	1.525000e+03	3.197471e+06	1.525000e+03	3.180790e+06	1.525000e+03	3.168037e+06	1.525000e+03	3.181618e+06	1.525000e+03	3.188073e+06	1.525000e+03	3.190757e+06	1.525000e+03	3.217370e+06	1.525000e+03	3.175327e+06	1.525000e+03	3.205300e+06	1.525000e+03	3.196333e+06	1.525000e+03	3.193950e+06	1.525000e+03	3.201260e+06	1.525000e+03	3.192556e+06	1.525000e+03	3.163390e+06	1.525000e+03	3.202362e+06	1.525000e+03	3.193103e+06	1.525000e+03	3.200763e+06	1.525000e+03	3.195099e+06	1.525000e+03	3.194358e+06	1.525000e+03	3.205565e+06	1.525000e+03	3.195667e+06	1.525000e+03	3.196703e+06	1.525000e+03	3.175265e+06	1.525000e+03	3.186467e+06	1.525000e+03	3.194550e+06	1.525000e+03	3.165285e+06	1.525000e+03	3.190567e+06	1.525000e+03	3.171099e+06	1.525000e+03	3.185150e+06	1.525000e+03	3.187183e+06	1.525000e+03	3.214071e+06	1.525000e+03	3.201949e+06
1.530000e+03	3.099619e+06	1.530000e+03	3.094958e+06	1.530000e+03	3.076673e+06	1.530000e+03	3.043319e+06	1.530000e+03	3.054860e+06	1.530000e+03	3.049365e+06	1.530000e+03	3.046509e+06	1.530000e+03	3.034009e+06	1.530000e+03	3.043681e+06	1.530000e+03	3.029065e+06	1.530000e+03	3.012385e+06	1.530000e+03	3.022375e+06	1.530000e+03	3.033383e+06	1.530000e+03	3.020665e+06	1.530000e+03	3.047497e+06	1.530000e+03	3.012250e+06	1.530000e+03	3.011515e+06	1.530000e+03	3.038648e+06	1.530000e+03	3.021469e+06	1.530000e+03	3.027501e+06	1.530000e+03	3.012508e+06	1.530000e+03	3.028248e+06	1.530000e+03	3.031463e+06	1.530000e+03	3.012820e+06	1.530000e+03	3.024633e+06	1.530000e+03	3.000265e+06	1.530000e+03	3.015004e+06	1.530000e+03	3.014215e+06	1.530000e+03	3.019773e+06	1.530000e+03	3.014060e+06	1.530000e+03	3.027306e+06	1.530000e+03	3.021649e+06	1.530000e+03	3.012929e+06	1.530000e+03	3.014503e+06	1.530000e+03	3.028636e+06	1.530000e+03	3.021333e+06	1.530000e+03	3.042416e+06	1.530000e+03	3.042838e+06	1.530000e+03	3.025310e+06	1.530000e+03	3.033721e+06	1.530000e+03	3.048254e+06	1.530000e+03	3.052556e+06	1.530000e+03	3.051702e+06	1.530000e+03	3.061448e+06	1.530000e+03	3.039650e+06	1.530000e+03	3.054314e+06	1.530000e+03	3.055458e+06	1.530000e+03	3.058855e+06	1.530000e+03	3.093329e+06	1.530000e+03	3.085089e+06	1.530000e+03	3.074363e+06	1.530000e+03	3.067173e+06	1.530000e+03	3.088234e+06	1.530000e+03	3.079169e+06	1.530000e+03	3.062461e+06	1.530000e+03	3.076895e+06	1.530000e+03	3.077480e+06	1.530000e+03	3.103086e+06	1.530000e+03	3.093363e+06	1.530000e+03	3.091239e+06	1.530000e+03	3.102388e+06	1.530000e+03	3.089339e+06	1.530000e+03	3.084238e+06	1.530000e+03	3.085151e+06	1.530000e+03	3.075191e+06	1.530000e+03	3.105349e+06	1.530000e+03	3.083326e+06	1.530000e+03	3.094629e+06	1.530000e+03	3.083679e+06	1.530000e+03	3.094634e+06	1.530000e+03	3.081566e+06	1.530000e+03	3.092768e+06	1.530000e+03	3.099639e+06	1.530000e+03	3.106777e+06	1.530000e+03	3.108994e+06	1.530000e+03	3.121405e+06	1.530000e+03	3.104135e+06	1.530000e+03	3.085895e+06	1.530000e+03	3.097628e+06	1.530000e+03	3.104417e+06	1.530000e+03	3.115771e+06	1.530000e+03	3.111193e+06	1.530000e+03	3.103258e+06	1.530000e+03	3.119212e+06	1.530000e+03	3.096479e+06	1.530000e+03	3.105780e+06	1.530000e+03	3.102850e+06	1.530000e+03	3.126344e+06	1.530000e+03	3.117778e+06	1.530000e+03	3.108018e+06	1.530000e+03	3.114304e+06	1.530000e+03	3.128668e+06	1.530000e+03	3.110539e+06	1.530000e+03	3.130447e+06	1.530000e+03	3.136462e+06	1.530000e+03	3.123294e+06	1.530000e+03	3.123876e+06	1.530000e+03	3.113799e+06	1.530000e+03	3.130479e+06	1.530000e+03	3.124692e+06	1.530000e+03	3.152096e+06	1.530000e+03	3.144235e+06	1.530000e+03	3.114950e+06	1.530000e+03	3.112818e+06	1.530000e+03	3.131698e+06	1.530000e+03	3.106711e+06	1.530000e+03	3.095076e+06	1.530000e+03	3.119184e+06	1.530000e+03	3.133616e+06	1.530000e+03	3.124502e+06	1.530000e+03	3.150958e+06	1.530000e+03	3.132741e+06	1.530000e+03	3.121304e+06	1.530000e+03	3.137058e+06	1.530000e+03	3.132124e+06	1.530000e+03	3.142431e+06	1.530000e+03	3.136957e+06	1.530000e+03	3.115253e+06	1.530000e+03	3.089003e+06	1.530000e+03	3.112474e+06	1.530000e+03	3.123098e+06	1.530000e+03	3.119350e+06	1.530000e+03	3.125756e+06	1.530000e+03	3.131977e+06	1.530000e+03	3.114755e+06	1.530000e+03	3.099748e+06	1.530000e+03	3.108533e+06	1.530000e+03	3.135742e+06	1.530000e+03	3.147072e+06	1.530000e+03	3.114915e+06	1.530000e+03	3.113860e+06	1.530000e+03	3.109711e+06	1.530000e+03	3.112585e+06	1.530000e+03	3.120384e+06	1.530000e+03	3.116085e+06	1.530000e+03	3.097540e+06	1.530000e+03	3.135991e+06	1.530000e+03	3.126499e+06	1.530000e+03	3.100448e+06	1.530000e+03	3.105458e+06	1.530000e+03	3.133149e+06	1.530000e+03	3.124853e+06	1.530000e+03	3.141566e+06	1.530000e+03	3.130215e+06	1.530000e+03	3.126859e+06	1.530000e+03	3.132736e+06	1.530000e+03	3.124499e+06	1.530000e+03	3.141655e+06	1.530000e+03	3.142600e+06	1.530000e+03	3.143273e+06	1.530000e+03	3.143377e+06	1.530000e+03	3.120482e+06	1.530000e+03	3.122411e+06	1.530000e+03	3.137763e+06	1.530000e+03	3.156857e+06	1.530000e+03	3.147077e+06	1.530000e+03	3.140856e+06	1.530000e+03	3.151446e+06	1.530000e+03	3.124869e+06	1.530000e+03	3.154485e+06	1.530000e+03	3.136153e+06	1.530000e+03	3.154300e+06	1.530000e+03	3.151914e+06	1.530000e+03	3.146539e+06	1.530000e+03	3.151699e+06	1.530000e+03	3.144126e+06	1.530000e+03	3.142073e+06	1.530000e+03	3.156767e+06	1.530000e+03	3.142047e+06	1.530000e+03	3.151565e+06	1.530000e+03	3.167238e+06	1.530000e+03	3.164188e+06	1.530000e+03	3.157049e+06	1.530000e+03	3.148122e+06	1.530000e+03	3.137120e+06	1.530000e+03	3.147812e+06	1.530000e+03	3.140825e+06	1.530000e+03	3.148008e+06	1.530000e+03	3.159642e+06	1.530000e+03	3.169936e+06	1.530000e+03	3.154968e+06	1.530000e+03	3.154888e+06	1.530000e+03	3.148160e+06	1.530000e+03	3.182402e+06	1.530000e+03	3.170301e+06	1.530000e+03	3.158928e+06	1.530000e+03	3.146555e+06	1.530000e+03	3.183748e+06	1.530000e+03	3.164830e+06	1.530000e+03	3.165116e+06	1.530000e+03	3.172478e+06	1.530000e+03	3.181172e+06	1.530000e+03	3.157408e+06	1.530000e+03	3.175157e+06	1.530000e+03	3.162969e+06	1.530000e+03	3.159045e+06	1.530000e+03	3.161949e+06	1.530000e+03	3.149689e+06	1.530000e+03	3.148976e+06	1.530000e+03	3.166251e+06	1.530000e+03	3.149670e+06	1.530000e+03	3.159199e+06	1.530000e+03	3.157087e+06	1.530000e+03	3.185133e+06	1.530000e+03	3.156297e+06	1.530000e+03	3.151505e+06	1.530000e+03	3.131172e+06	1.530000e+03	3.153225e+06	1.530000e+03	3.161620e+06	1.530000e+03	3.169821e+06	1.530000e+03	3.159923e+06	1.530000e+03	3.162072e+06	1.530000e+03	3.148724e+06	1.530000e+03	3.143393e+06	1.530000e+03	3.164000e+06	1.530000e+03	3.155866e+06	1.530000e+03	3.158866e+06	1.530000e+03	3.164442e+06	1.530000e+03	3.190550e+06	1.530000e+03	3.171867e+06	1.530000e+03	3.167164e+06	1.530000e+03	3.174388e+06	1.530000e+03	3.180148e+06	1.530000e+03	3.158367e+06	1.530000e+03	3.170917e+06	1.530000e+03	3.165302e+06	1.530000e+03	3.134300e+06	1.530000e+03	3.137490e+06	1.530000e+03	3.134616e+06	1.530000e+03	3.166917e+06	1.530000e+03	3.152839e+06	1.530000e+03	3.158720e+06	1.530000e+03	3.169430e+06	1.530000e+03	3.176740e+06	1.530000e+03	3.161681e+06	1.530000e+03	3.158749e+06	1.530000e+03	3.166780e+06	1.530000e+03	3.172525e+06	1.530000e+03	3.156195e+06	1.530000e+03	3.153710e+06	1.530000e+03	3.173747e+06	1.530000e+03	3.167092e+06	1.530000e+03	3.162840e+06	1.530000e+03	3.161187e+06	1.530000e+03	3.154405e+06	1.530000e+03	3.164251e+06	1.530000e+03	3.154496e+06	1.530000e+03	3.179289e+06	1.530000e+03	3.140553e+06	1.530000e+03	3.157718e+06	1.530000e+03	3.166577e+06	1.530000e+03	3.162351e+06	1.530000e+03	3.183665e+06	1.530000e+03	3.181177e+06	1.530000e+03	3.157424e+06	1.530000e+03	3.166991e+06	1.530000e+03	3.176194e+06	1.530000e+03	3.167934e+06	1.530000e+03	3.145147e+06	1.530000e+03	3.163121e+06	1.530000e+03	3.155375e+06	1.530000e+03	3.182907e+06	1.530000e+03	3.196424e+06	1.530000e+03	3.172366e+06	1.530000e+03	3.185724e+06	1.530000e+03	3.180853e+06	1.530000e+03	3.181600e+06	1.530000e+03	3.173299e+06	1.530000e+03	3.174099e+06	1.530000e+03	3.174537e+06	1.530000e+03	3.167211e+06	1.530000e+03	3.181626e+06	1.530000e+03	3.154224e+06	1.530000e+03	3.165691e+06	1.530000e+03	3.190824e+06	1.530000e+03	3.200010e+06	1.530000e+03	3.185461e+06	1.530000e+03	3.169592e+06	1.530000e+03	3.182096e+06	1.530000e+03	3.192641e+06	1.530000e+03	3.202155e+06	1.530000e+03	3.179642e+06	1.530000e+03	3.198695e+06	1.530000e+03	3.184472e+06	1.530000e+03	3.176429e+06	1.530000e+03	3.179092e+06	1.530000e+03	3.191651e+06	1.530000e+03	3.188434e+06	1.530000e+03	3.220210e+06	1.530000e+03	3.172889e+06	1.530000e+03	3.204096e+06	1.530000e+03	3.195936e+06	1.530000e+03	3.196033e+06	1.530000e+03	3.202342e+06	1.530000e+03	3.198003e+06	1.530000e+03	3.166855e+06	1.530000e+03	3.196552e+06	1.530000e+03	3.190768e+06	1.530000e+03	3.187325e+06	1.530000e+03	3.193163e+06	1.530000e+03	3.188461e+06	1.530000e+03	3.203988e+06	1.530000e+03	3.194974e+06	1.530000e+03	3.202941e+06	1.530000e+03	3.181397e+06	1.530000e+03	3.188694e+06	1.530000e+03	3.189391e+06	1.530000e+03	3.163580e+06	1.530000e+03	3.191875e+06	1.530000e+03	3.175624e+06	1.530000e+03	3.184771e+06	1.530000e+03	3.187959e+06	1.530000e+03	3.208479e+06	1.530000e+03	3.204632e+06
1.535000e+03	3.104644e+06	1.535000e+03	3.086475e+06	1.535000e+03	3.076514e+06	1.535000e+03	3.045553e+06	1.535000e+03	3.044515e+06	1.535000e+03	3.044638e+06	1.535000e+03	3.041110e+06	1.535000e+03	3.020126e+06	1.535000e+03	3.037264e+06	1.535000e+03	3.026119e+06	1.535000e+03	3.022979e+06	1.535000e+03	3.025544e+06	1.535000e+03	3.026103e+06	1.535000e+03	3.025259e+06	1.535000e+03	3.043946e+06	1.535000e+03	3.014142e+06	1.535000e+03	3.011329e+06	1.535000e+03	3.042997e+06	1.535000e+03	3.020856e+06	1.535000e+03	3.032928e+06	1.535000e+03	3.014028e+06	1.535000e+03	3.033878e+06	1.535000e+03	3.028657e+06	1.535000e+03	3.016016e+06	1.535000e+03	3.023522e+06	1.535000e+03	3.005637e+06	1.535000e+03	3.018718e+06	1.535000e+03	3.016816e+06	1.535000e+03	3.011197e+06	1.535000e+03	3.008304e+06	1.535000e+03	3.023444e+06	1.535000e+03	3.021029e+06	1.535000e+03	3.017064e+06	1.535000e+03	3.019541e+06	1.535000e+03	3.012232e+06	1.535000e+03	3.014838e+06	1.535000e+03	3.037204e+06	1.535000e+03	3.043708e+06	1.535000e+03	3.043454e+06	1.535000e+03	3.045061e+06	1.535000e+03	3.052412e+06	1.535000e+03	3.053026e+06	1.535000e+03	3.054225e+06	1.535000e+03	3.053562e+06	1.535000e+03	3.041531e+06	1.535000e+03	3.050493e+06	1.535000e+03	3.050833e+06	1.535000e+03	3.059070e+06	1.535000e+03	3.072882e+06	1.535000e+03	3.081789e+06	1.535000e+03	3.076127e+06	1.535000e+03	3.071688e+06	1.535000e+03	3.076813e+06	1.535000e+03	3.078960e+06	1.535000e+03	3.054038e+06	1.535000e+03	3.076583e+06	1.535000e+03	3.068347e+06	1.535000e+03	3.098339e+06	1.535000e+03	3.096776e+06	1.535000e+03	3.088326e+06	1.535000e+03	3.089666e+06	1.535000e+03	3.091869e+06	1.535000e+03	3.083976e+06	1.535000e+03	3.079771e+06	1.535000e+03	3.083746e+06	1.535000e+03	3.118132e+06	1.535000e+03	3.088652e+06	1.535000e+03	3.096248e+06	1.535000e+03	3.084543e+06	1.535000e+03	3.092083e+06	1.535000e+03	3.073408e+06	1.535000e+03	3.099695e+06	1.535000e+03	3.098151e+06	1.535000e+03	3.112988e+06	1.535000e+03	3.106888e+06	1.535000e+03	3.106390e+06	1.535000e+03	3.099567e+06	1.535000e+03	3.100331e+06	1.535000e+03	3.099870e+06	1.535000e+03	3.102666e+06	1.535000e+03	3.102890e+06	1.535000e+03	3.109496e+06	1.535000e+03	3.099475e+06	1.535000e+03	3.113565e+06	1.535000e+03	3.088853e+06	1.535000e+03	3.103821e+06	1.535000e+03	3.107453e+06	1.535000e+03	3.121711e+06	1.535000e+03	3.114612e+06	1.535000e+03	3.106358e+06	1.535000e+03	3.120239e+06	1.535000e+03	3.125838e+06	1.535000e+03	3.116157e+06	1.535000e+03	3.133746e+06	1.535000e+03	3.138662e+06	1.535000e+03	3.119375e+06	1.535000e+03	3.120519e+06	1.535000e+03	3.118323e+06	1.535000e+03	3.137253e+06	1.535000e+03	3.142857e+06	1.535000e+03	3.144349e+06	1.535000e+03	3.142914e+06	1.535000e+03	3.124986e+06	1.535000e+03	3.113684e+06	1.535000e+03	3.133838e+06	1.535000e+03	3.111863e+06	1.535000e+03	3.101341e+06	1.535000e+03	3.121438e+06	1.535000e+03	3.135191e+06	1.535000e+03	3.125391e+06	1.535000e+03	3.142709e+06	1.535000e+03	3.130679e+06	1.535000e+03	3.128262e+06	1.535000e+03	3.148636e+06	1.535000e+03	3.129376e+06	1.535000e+03	3.147417e+06	1.535000e+03	3.139851e+06	1.535000e+03	3.115329e+06	1.535000e+03	3.084184e+06	1.535000e+03	3.114402e+06	1.535000e+03	3.128337e+06	1.535000e+03	3.120902e+06	1.535000e+03	3.128145e+06	1.535000e+03	3.139930e+06	1.535000e+03	3.119037e+06	1.535000e+03	3.107589e+06	1.535000e+03	3.112287e+06	1.535000e+03	3.132876e+06	1.535000e+03	3.142222e+06	1.535000e+03	3.119706e+06	1.535000e+03	3.113919e+06	1.535000e+03	3.117712e+06	1.535000e+03	3.116873e+06	1.535000e+03	3.122980e+06	1.535000e+03	3.118638e+06	1.535000e+03	3.094661e+06	1.535000e+03	3.143713e+06	1.535000e+03	3.130095e+06	1.535000e+03	3.104380e+06	1.535000e+03	3.111940e+06	1.535000e+03	3.126156e+06	1.535000e+03	3.127633e+06	1.535000e+03	3.145756e+06	1.535000e+03	3.135661e+06	1.535000e+03	3.129048e+06	1.535000e+03	3.132360e+06	1.535000e+03	3.128129e+06	1.535000e+03	3.140312e+06	1.535000e+03	3.139326e+06	1.535000e+03	3.142467e+06	1.535000e+03	3.140716e+06	1.535000e+03	3.121567e+06	1.535000e+03	3.126200e+06	1.535000e+03	3.132627e+06	1.535000e+03	3.156267e+06	1.535000e+03	3.149986e+06	1.535000e+03	3.145206e+06	1.535000e+03	3.154852e+06	1.535000e+03	3.123650e+06	1.535000e+03	3.145029e+06	1.535000e+03	3.132011e+06	1.535000e+03	3.151752e+06	1.535000e+03	3.155170e+06	1.535000e+03	3.150395e+06	1.535000e+03	3.152131e+06	1.535000e+03	3.146832e+06	1.535000e+03	3.141080e+06	1.535000e+03	3.156338e+06	1.535000e+03	3.146429e+06	1.535000e+03	3.154086e+06	1.535000e+03	3.174898e+06	1.535000e+03	3.166414e+06	1.535000e+03	3.152432e+06	1.535000e+03	3.144399e+06	1.535000e+03	3.134690e+06	1.535000e+03	3.159907e+06	1.535000e+03	3.143971e+06	1.535000e+03	3.148150e+06	1.535000e+03	3.154827e+06	1.535000e+03	3.174283e+06	1.535000e+03	3.153994e+06	1.535000e+03	3.157780e+06	1.535000e+03	3.141133e+06	1.535000e+03	3.185953e+06	1.535000e+03	3.170712e+06	1.535000e+03	3.156197e+06	1.535000e+03	3.160855e+06	1.535000e+03	3.176963e+06	1.535000e+03	3.166390e+06	1.535000e+03	3.164696e+06	1.535000e+03	3.168062e+06	1.535000e+03	3.180104e+06	1.535000e+03	3.153413e+06	1.535000e+03	3.170466e+06	1.535000e+03	3.166178e+06	1.535000e+03	3.158661e+06	1.535000e+03	3.157934e+06	1.535000e+03	3.151926e+06	1.535000e+03	3.151280e+06	1.535000e+03	3.169669e+06	1.535000e+03	3.146985e+06	1.535000e+03	3.166073e+06	1.535000e+03	3.165111e+06	1.535000e+03	3.174936e+06	1.535000e+03	3.148720e+06	1.535000e+03	3.147902e+06	1.535000e+03	3.137048e+06	1.535000e+03	3.150941e+06	1.535000e+03	3.166044e+06	1.535000e+03	3.173082e+06	1.535000e+03	3.157095e+06	1.535000e+03	3.165190e+06	1.535000e+03	3.140661e+06	1.535000e+03	3.146277e+06	1.535000e+03	3.162355e+06	1.535000e+03	3.156757e+06	1.535000e+03	3.161690e+06	1.535000e+03	3.165647e+06	1.535000e+03	3.182885e+06	1.535000e+03	3.172715e+06	1.535000e+03	3.158384e+06	1.535000e+03	3.170059e+06	1.535000e+03	3.177015e+06	1.535000e+03	3.156183e+06	1.535000e+03	3.156934e+06	1.535000e+03	3.173993e+06	1.535000e+03	3.130507e+06	1.535000e+03	3.134020e+06	1.535000e+03	3.135735e+06	1.535000e+03	3.169090e+06	1.535000e+03	3.155259e+06	1.535000e+03	3.157108e+06	1.535000e+03	3.161764e+06	1.535000e+03	3.171158e+06	1.535000e+03	3.166722e+06	1.535000e+03	3.158199e+06	1.535000e+03	3.168106e+06	1.535000e+03	3.169730e+06	1.535000e+03	3.155119e+06	1.535000e+03	3.152229e+06	1.535000e+03	3.170155e+06	1.535000e+03	3.161815e+06	1.535000e+03	3.151533e+06	1.535000e+03	3.162191e+06	1.535000e+03	3.148111e+06	1.535000e+03	3.161701e+06	1.535000e+03	3.152405e+06	1.535000e+03	3.166119e+06	1.535000e+03	3.141549e+06	1.535000e+03	3.159601e+06	1.535000e+03	3.165218e+06	1.535000e+03	3.158069e+06	1.535000e+03	3.170890e+06	1.535000e+03	3.194503e+06	1.535000e+03	3.152730e+06	1.535000e+03	3.158510e+06	1.535000e+03	3.173974e+06	1.535000e+03	3.164631e+06	1.535000e+03	3.149955e+06	1.535000e+03	3.158195e+06	1.535000e+03	3.149162e+06	1.535000e+03	3.184128e+06	1.535000e+03	3.193823e+06	1.535000e+03	3.179485e+06	1.535000e+03	3.180204e+06	1.535000e+03	3.183895e+06	1.535000e+03	3.179302e+06	1.535000e+03	3.175924e+06	1.535000e+03	3.176917e+06	1.535000e+03	3.173239e+06	1.535000e+03	3.172783e+06	1.535000e+03	3.180405e+06	1.535000e+03	3.159727e+06	1.535000e+03	3.172132e+06	1.535000e+03	3.190056e+06	1.535000e+03	3.202552e+06	1.535000e+03	3.179775e+06	1.535000e+03	3.173278e+06	1.535000e+03	3.181748e+06	1.535000e+03	3.194861e+06	1.535000e+03	3.205787e+06	1.535000e+03	3.179086e+06	1.535000e+03	3.206864e+06	1.535000e+03	3.189440e+06	1.535000e+03	3.176496e+06	1.535000e+03	3.187589e+06	1.535000e+03	3.196499e+06	1.535000e+03	3.199331e+06	1.535000e+03	3.239710e+06	1.535000e+03	3.175724e+06	1.535000e+03	3.203831e+06	1.535000e+03	3.196213e+06	1.535000e+03	3.198568e+06	1.535000e+03	3.200737e+06	1.535000e+03	3.194815e+06	1.535000e+03	3.170000e+06	1.535000e+03	3.193243e+06	1.535000e+03	3.195441e+06	1.535000e+03	3.187552e+06	1.535000e+03	3.189998e+06	1.535000e+03	3.192297e+06	1.535000e+03	3.202917e+06	1.535000e+03	3.195828e+06	1.535000e+03	3.193957e+06	1.535000e+03	3.176979e+06	1.535000e+03	3.188241e+06	1.535000e+03	3.186846e+06	1.535000e+03	3.167527e+06	1.535000e+03	3.196328e+06	1.535000e+03	3.175034e+06	1.535000e+03	3.187401e+06	1.535000e+03	3.193278e+06	1.535000e+03	3.191224e+06	1.535000e+03	3.210663e+06
1.540000e+03	3.104661e+06	1.540000e+03	3.089438e+06	1.540000e+03	3.065714e+06	1.540000e+03	3.055557e+06	1.540000e+03	3.044957e+06	1.540000e+03	3.049064e+06	1.540000e+03	3.041892e+06	1.540000e+03	3.023686e+06	1.540000e+03	3.031827e+06	1.540000e+03	3.020294e+06	1.540000e+03	3.019601e+06	1.540000e+03	3.025065e+06	1.540000e+03	3.025520e+06	1.540000e+03	3.019454e+06	1.540000e+03	3.037767e+06	1.540000e+03	3.008230e+06	1.540000e+03	3.012246e+06	1.540000e+03	3.037940e+06	1.540000e+03	3.018796e+06	1.540000e+03	3.036883e+06	1.540000e+03	3.010180e+06	1.540000e+03	3.033596e+06	1.540000e+03	3.028681e+06	1.540000e+03	3.020587e+06	1.540000e+03	3.022335e+06	1.540000e+03	3.011306e+06	1.540000e+03	3.011186e+06	1.540000e+03	3.015153e+06	1.540000e+03	3.013046e+06	1.540000e+03	3.004019e+06	1.540000e+03	3.024446e+06	1.540000e+03	3.018368e+06	1.540000e+03	3.012337e+06	1.540000e+03	3.021029e+06	1.540000e+03	3.020742e+06	1.540000e+03	3.020379e+06	1.540000e+03	3.029734e+06	1.540000e+03	3.029747e+06	1.540000e+03	3.035282e+06	1.540000e+03	3.036255e+06	1.540000e+03	3.045691e+06	1.540000e+03	3.057460e+06	1.540000e+03	3.059547e+06	1.540000e+03	3.053444e+06	1.540000e+03	3.048776e+06	1.540000e+03	3.054447e+06	1.540000e+03	3.057469e+06	1.540000e+03	3.054102e+06	1.540000e+03	3.075708e+06	1.540000e+03	3.083122e+06	1.540000e+03	3.082795e+06	1.540000e+03	3.074625e+06	1.540000e+03	3.080836e+06	1.540000e+03	3.081705e+06	1.540000e+03	3.060892e+06	1.540000e+03	3.075087e+06	1.540000e+03	3.075622e+06	1.540000e+03	3.096369e+06	1.540000e+03	3.089764e+06	1.540000e+03	3.086797e+06	1.540000e+03	3.089744e+06	1.540000e+03	3.088240e+06	1.540000e+03	3.084582e+06	1.540000e+03	3.087597e+06	1.540000e+03	3.080989e+06	1.540000e+03	3.112173e+06	1.540000e+03	3.098406e+06	1.540000e+03	3.092983e+06	1.540000e+03	3.081847e+06	1.540000e+03	3.099044e+06	1.540000e+03	3.077212e+06	1.540000e+03	3.094943e+06	1.540000e+03	3.096925e+06	1.540000e+03	3.102724e+06	1.540000e+03	3.111410e+06	1.540000e+03	3.104981e+06	1.540000e+03	3.096377e+06	1.540000e+03	3.116092e+06	1.540000e+03	3.101677e+06	1.540000e+03	3.101751e+06	1.540000e+03	3.111162e+06	1.540000e+03	3.104587e+06	1.540000e+03	3.102397e+06	1.540000e+03	3.116760e+06	1.540000e+03	3.095529e+06	1.540000e+03	3.097863e+06	1.540000e+03	3.098836e+06	1.540000e+03	3.119761e+06	1.540000e+03	3.106653e+06	1.540000e+03	3.103423e+06	1.540000e+03	3.118311e+06	1.540000e+03	3.127997e+06	1.540000e+03	3.112747e+06	1.540000e+03	3.135166e+06	1.540000e+03	3.135817e+06	1.540000e+03	3.115283e+06	1.540000e+03	3.118097e+06	1.540000e+03	3.112151e+06	1.540000e+03	3.141357e+06	1.540000e+03	3.132232e+06	1.540000e+03	3.164028e+06	1.540000e+03	3.142336e+06	1.540000e+03	3.121474e+06	1.540000e+03	3.111702e+06	1.540000e+03	3.133514e+06	1.540000e+03	3.104546e+06	1.540000e+03	3.104135e+06	1.540000e+03	3.124337e+06	1.540000e+03	3.128873e+06	1.540000e+03	3.131322e+06	1.540000e+03	3.144077e+06	1.540000e+03	3.132458e+06	1.540000e+03	3.126547e+06	1.540000e+03	3.140346e+06	1.540000e+03	3.122188e+06	1.540000e+03	3.152450e+06	1.540000e+03	3.137453e+06	1.540000e+03	3.116193e+06	1.540000e+03	3.083018e+06	1.540000e+03	3.107611e+06	1.540000e+03	3.137320e+06	1.540000e+03	3.121355e+06	1.540000e+03	3.121755e+06	1.540000e+03	3.143360e+06	1.540000e+03	3.115862e+06	1.540000e+03	3.114446e+06	1.540000e+03	3.110775e+06	1.540000e+03	3.123789e+06	1.540000e+03	3.140859e+06	1.540000e+03	3.119515e+06	1.540000e+03	3.105214e+06	1.540000e+03	3.113253e+06	1.540000e+03	3.105224e+06	1.540000e+03	3.120666e+06	1.540000e+03	3.119237e+06	1.540000e+03	3.096068e+06	1.540000e+03	3.130944e+06	1.540000e+03	3.130801e+06	1.540000e+03	3.121004e+06	1.540000e+03	3.108721e+06	1.540000e+03	3.132490e+06	1.540000e+03	3.126662e+06	1.540000e+03	3.148193e+06	1.540000e+03	3.141026e+06	1.540000e+03	3.116191e+06	1.540000e+03	3.130963e+06	1.540000e+03	3.121654e+06	1.540000e+03	3.142815e+06	1.540000e+03	3.139052e+06	1.540000e+03	3.144180e+06	1.540000e+03	3.125955e+06	1.540000e+03	3.123154e+06	1.540000e+03	3.129039e+06	1.540000e+03	3.127251e+06	1.540000e+03	3.150875e+06	1.540000e+03	3.147905e+06	1.540000e+03	3.145276e+06	1.540000e+03	3.146361e+06	1.540000e+03	3.122341e+06	1.540000e+03	3.144763e+06	1.540000e+03	3.143811e+06	1.540000e+03	3.147163e+06	1.540000e+03	3.157432e+06	1.540000e+03	3.156587e+06	1.540000e+03	3.162152e+06	1.540000e+03	3.149061e+06	1.540000e+03	3.142662e+06	1.540000e+03	3.167441e+06	1.540000e+03	3.156227e+06	1.540000e+03	3.146844e+06	1.540000e+03	3.171550e+06	1.540000e+03	3.159888e+06	1.540000e+03	3.169863e+06	1.540000e+03	3.147073e+06	1.540000e+03	3.134038e+06	1.540000e+03	3.146614e+06	1.540000e+03	3.145726e+06	1.540000e+03	3.145762e+06	1.540000e+03	3.155542e+06	1.540000e+03	3.177738e+06	1.540000e+03	3.155687e+06	1.540000e+03	3.156182e+06	1.540000e+03	3.149540e+06	1.540000e+03	3.209477e+06	1.540000e+03	3.176010e+06	1.540000e+03	3.155011e+06	1.540000e+03	3.158288e+06	1.540000e+03	3.177869e+06	1.540000e+03	3.165137e+06	1.540000e+03	3.166059e+06	1.540000e+03	3.162357e+06	1.540000e+03	3.179469e+06	1.540000e+03	3.169004e+06	1.540000e+03	3.170812e+06	1.540000e+03	3.175892e+06	1.540000e+03	3.166576e+06	1.540000e+03	3.166152e+06	1.540000e+03	3.150626e+06	1.540000e+03	3.146355e+06	1.540000e+03	3.175305e+06	1.540000e+03	3.141428e+06	1.540000e+03	3.160113e+06	1.540000e+03	3.162660e+06	1.540000e+03	3.167133e+06	1.540000e+03	3.148191e+06	1.540000e+03	3.146140e+06	1.540000e+03	3.134445e+06	1.540000e+03	3.157070e+06	1.540000e+03	3.167128e+06	1.540000e+03	3.180030e+06	1.540000e+03	3.153093e+06	1.540000e+03	3.162767e+06	1.540000e+03	3.141623e+06	1.540000e+03	3.138498e+06	1.540000e+03	3.160717e+06	1.540000e+03	3.154322e+06	1.540000e+03	3.158870e+06	1.540000e+03	3.169321e+06	1.540000e+03	3.172104e+06	1.540000e+03	3.168687e+06	1.540000e+03	3.159894e+06	1.540000e+03	3.168256e+06	1.540000e+03	3.161920e+06	1.540000e+03	3.155774e+06	1.540000e+03	3.160269e+06	1.540000e+03	3.167375e+06	1.540000e+03	3.134238e+06	1.540000e+03	3.129090e+06	1.540000e+03	3.138348e+06	1.540000e+03	3.162355e+06	1.540000e+03	3.150030e+06	1.540000e+03	3.157364e+06	1.540000e+03	3.161286e+06	1.540000e+03	3.176769e+06	1.540000e+03	3.162627e+06	1.540000e+03	3.159630e+06	1.540000e+03	3.165364e+06	1.540000e+03	3.172079e+06	1.540000e+03	3.157307e+06	1.540000e+03	3.153009e+06	1.540000e+03	3.176004e+06	1.540000e+03	3.162740e+06	1.540000e+03	3.156947e+06	1.540000e+03	3.162471e+06	1.540000e+03	3.155141e+06	1.540000e+03	3.160877e+06	1.540000e+03	3.155521e+06	1.540000e+03	3.166876e+06	1.540000e+03	3.128979e+06	1.540000e+03	3.154697e+06	1.540000e+03	3.172102e+06	1.540000e+03	3.161107e+06	1.540000e+03	3.163979e+06	1.540000e+03	3.187381e+06	1.540000e+03	3.159339e+06	1.540000e+03	3.166284e+06	1.540000e+03	3.178422e+06	1.540000e+03	3.171041e+06	1.540000e+03	3.148207e+06	1.540000e+03	3.163498e+06	1.540000e+03	3.148912e+06	1.540000e+03	3.176546e+06	1.540000e+03	3.184663e+06	1.540000e+03	3.184261e+06	1.540000e+03	3.193436e+06	1.540000e+03	3.186840e+06	1.540000e+03	3.177967e+06	1.540000e+03	3.173275e+06	1.540000e+03	3.173522e+06	1.540000e+03	3.172420e+06	1.540000e+03	3.180698e+06	1.540000e+03	3.172154e+06	1.540000e+03	3.155741e+06	1.540000e+03	3.171991e+06	1.540000e+03	3.187737e+06	1.540000e+03	3.203118e+06	1.540000e+03	3.181572e+06	1.540000e+03	3.177542e+06	1.540000e+03	3.180028e+06	1.540000e+03	3.200443e+06	1.540000e+03	3.196954e+06	1.540000e+03	3.180554e+06	1.540000e+03	3.203363e+06	1.540000e+03	3.193867e+06	1.540000e+03	3.172678e+06	1.540000e+03	3.184858e+06	1.540000e+03	3.197850e+06	1.540000e+03	3.195984e+06	1.540000e+03	3.214215e+06	1.540000e+03	3.185587e+06	1.540000e+03	3.198102e+06	1.540000e+03	3.198263e+06	1.540000e+03	3.192901e+06	1.540000e+03	3.203990e+06	1.540000e+03	3.187668e+06	1.540000e+03	3.165708e+06	1.540000e+03	3.191462e+06	1.540000e+03	3.191609e+06	1.540000e+03	3.189454e+06	1.540000e+03	3.188928e+06	1.540000e+03	3.192273e+06	1.540000e+03	3.203760e+06	1.540000e+03	3.193268e+06	1.540000e+03	3.201967e+06	1.540000e+03	3.172950e+06	1.540000e+03	3.187476e+06	1.540000e+03	3.180556e+06	1.540000e+03	3.163986e+06	1.540000e+03	3.212770e+06	1.540000e+03	3.178424e+06	1.540000e+03	3.192423e+06	1.540000e+03	3.205352e+06	1.540000e+03	3.192105e+06	1.540000e+03	3.201388e+06
1.545000e+03	3.092150e+06	1.545000e+03	3.098206e+06	1.545000e+03	3.075775e+06	1.545000e+03	3.073963e+06	1.545000e+03	3.044705e+06	1.545000e+03	3.043225e+06	1.545000e+03	3.038249e+06	1.545000e+03	3.036249e+06	1.545000e+03	3.038499e+06	1.545000e+03	3.020128e+06	1.545000e+03	3.022605e+06	1.545000e+03	3.018460e+06	1.545000e+03	3.024592e+06	1.545000e+03	3.009395e+06	1.545000e+03	3.035004e+06	1.545000e+03	3.010688e+06	1.545000e+03	3.015067e+06	1.545000e+03	3.039749e+06	1.545000e+03	3.011778e+06	1.545000e+03	3.042800e+06	1.545000e+03	3.008429e+06	1.545000e+03	3.039696e+06	1.545000e+03	3.026667e+06	1.545000e+03	3.019010e+06	1.545000e+03	3.016913e+06	1.545000e+03	3.010607e+06	1.545000e+03	3.014682e+06	1.545000e+03	3.023944e+06	1.545000e+03	3.015259e+06	1.545000e+03	3.012189e+06	1.545000e+03	3.022053e+06	1.545000e+03	3.019572e+06	1.545000e+03	3.008707e+06	1.545000e+03	3.024819e+06	1.545000e+03	3.023363e+06	1.545000e+03	3.024393e+06	1.545000e+03	3.025278e+06	1.545000e+03	3.058319e+06	1.545000e+03	3.030150e+06	1.545000e+03	3.035819e+06	1.545000e+03	3.058185e+06	1.545000e+03	3.040106e+06	1.545000e+03	3.050814e+06	1.545000e+03	3.049822e+06	1.545000e+03	3.041549e+06	1.545000e+03	3.048889e+06	1.545000e+03	3.051473e+06	1.545000e+03	3.054425e+06	1.545000e+03	3.076505e+06	1.545000e+03	3.082499e+06	1.545000e+03	3.075780e+06	1.545000e+03	3.068964e+06	1.545000e+03	3.072258e+06	1.545000e+03	3.077278e+06	1.545000e+03	3.061718e+06	1.545000e+03	3.077392e+06	1.545000e+03	3.089343e+06	1.545000e+03	3.093749e+06	1.545000e+03	3.090464e+06	1.545000e+03	3.089873e+06	1.545000e+03	3.096539e+06	1.545000e+03	3.087315e+06	1.545000e+03	3.089007e+06	1.545000e+03	3.094954e+06	1.545000e+03	3.079943e+06	1.545000e+03	3.106460e+06	1.545000e+03	3.085800e+06	1.545000e+03	3.090033e+06	1.545000e+03	3.085944e+06	1.545000e+03	3.103292e+06	1.545000e+03	3.070033e+06	1.545000e+03	3.101866e+06	1.545000e+03	3.095147e+06	1.545000e+03	3.106276e+06	1.545000e+03	3.109512e+06	1.545000e+03	3.109862e+06	1.545000e+03	3.100482e+06	1.545000e+03	3.111934e+06	1.545000e+03	3.099706e+06	1.545000e+03	3.110480e+06	1.545000e+03	3.099982e+06	1.545000e+03	3.108224e+06	1.545000e+03	3.099315e+06	1.545000e+03	3.125151e+06	1.545000e+03	3.107344e+06	1.545000e+03	3.101239e+06	1.545000e+03	3.100330e+06	1.545000e+03	3.120191e+06	1.545000e+03	3.114587e+06	1.545000e+03	3.104435e+06	1.545000e+03	3.119777e+06	1.545000e+03	3.121195e+06	1.545000e+03	3.118804e+06	1.545000e+03	3.146819e+06	1.545000e+03	3.127001e+06	1.545000e+03	3.122534e+06	1.545000e+03	3.106297e+06	1.545000e+03	3.106509e+06	1.545000e+03	3.136621e+06	1.545000e+03	3.126872e+06	1.545000e+03	3.160500e+06	1.545000e+03	3.137924e+06	1.545000e+03	3.117939e+06	1.545000e+03	3.112010e+06	1.545000e+03	3.139288e+06	1.545000e+03	3.113903e+06	1.545000e+03	3.101484e+06	1.545000e+03	3.122114e+06	1.545000e+03	3.135234e+06	1.545000e+03	3.142517e+06	1.545000e+03	3.143396e+06	1.545000e+03	3.129421e+06	1.545000e+03	3.112793e+06	1.545000e+03	3.142918e+06	1.545000e+03	3.132860e+06	1.545000e+03	3.152469e+06	1.545000e+03	3.127819e+06	1.545000e+03	3.113347e+06	1.545000e+03	3.091408e+06	1.545000e+03	3.111774e+06	1.545000e+03	3.136077e+06	1.545000e+03	3.123970e+06	1.545000e+03	3.121453e+06	1.545000e+03	3.136720e+06	1.545000e+03	3.117417e+06	1.545000e+03	3.107980e+06	1.545000e+03	3.111644e+06	1.545000e+03	3.123134e+06	1.545000e+03	3.145705e+06	1.545000e+03	3.118242e+06	1.545000e+03	3.102271e+06	1.545000e+03	3.118843e+06	1.545000e+03	3.105787e+06	1.545000e+03	3.130444e+06	1.545000e+03	3.120167e+06	1.545000e+03	3.097328e+06	1.545000e+03	3.136118e+06	1.545000e+03	3.125240e+06	1.545000e+03	3.108034e+06	1.545000e+03	3.099199e+06	1.545000e+03	3.127097e+06	1.545000e+03	3.123606e+06	1.545000e+03	3.147139e+06	1.545000e+03	3.141236e+06	1.545000e+03	3.124065e+06	1.545000e+03	3.138067e+06	1.545000e+03	3.125597e+06	1.545000e+03	3.148670e+06	1.545000e+03	3.142711e+06	1.545000e+03	3.142392e+06	1.545000e+03	3.129597e+06	1.545000e+03	3.123609e+06	1.545000e+03	3.121857e+06	1.545000e+03	3.133759e+06	1.545000e+03	3.153595e+06	1.545000e+03	3.143241e+06	1.545000e+03	3.142024e+06	1.545000e+03	3.135424e+06	1.545000e+03	3.128431e+06	1.545000e+03	3.149564e+06	1.545000e+03	3.134522e+06	1.545000e+03	3.155787e+06	1.545000e+03	3.159717e+06	1.545000e+03	3.155322e+06	1.545000e+03	3.160778e+06	1.545000e+03	3.144805e+06	1.545000e+03	3.139371e+06	1.545000e+03	3.158270e+06	1.545000e+03	3.155729e+06	1.545000e+03	3.151818e+06	1.545000e+03	3.176920e+06	1.545000e+03	3.158966e+06	1.545000e+03	3.174215e+06	1.545000e+03	3.146163e+06	1.545000e+03	3.135081e+06	1.545000e+03	3.154107e+06	1.545000e+03	3.140587e+06	1.545000e+03	3.146297e+06	1.545000e+03	3.170983e+06	1.545000e+03	3.171098e+06	1.545000e+03	3.157152e+06	1.545000e+03	3.151146e+06	1.545000e+03	3.154108e+06	1.545000e+03	3.203648e+06	1.545000e+03	3.175149e+06	1.545000e+03	3.153477e+06	1.545000e+03	3.159560e+06	1.545000e+03	3.164963e+06	1.545000e+03	3.160214e+06	1.545000e+03	3.166666e+06	1.545000e+03	3.160098e+06	1.545000e+03	3.181240e+06	1.545000e+03	3.166298e+06	1.545000e+03	3.178686e+06	1.545000e+03	3.167393e+06	1.545000e+03	3.157533e+06	1.545000e+03	3.165291e+06	1.545000e+03	3.156735e+06	1.545000e+03	3.148703e+06	1.545000e+03	3.168448e+06	1.545000e+03	3.138390e+06	1.545000e+03	3.157562e+06	1.545000e+03	3.165695e+06	1.545000e+03	3.162315e+06	1.545000e+03	3.143583e+06	1.545000e+03	3.138995e+06	1.545000e+03	3.136252e+06	1.545000e+03	3.152301e+06	1.545000e+03	3.159587e+06	1.545000e+03	3.174591e+06	1.545000e+03	3.157640e+06	1.545000e+03	3.165405e+06	1.545000e+03	3.141614e+06	1.545000e+03	3.144107e+06	1.545000e+03	3.162123e+06	1.545000e+03	3.153207e+06	1.545000e+03	3.158061e+06	1.545000e+03	3.169309e+06	1.545000e+03	3.170655e+06	1.545000e+03	3.172343e+06	1.545000e+03	3.158822e+06	1.545000e+03	3.158486e+06	1.545000e+03	3.159650e+06	1.545000e+03	3.150880e+06	1.545000e+03	3.150955e+06	1.545000e+03	3.169411e+06	1.545000e+03	3.131406e+06	1.545000e+03	3.127830e+06	1.545000e+03	3.145915e+06	1.545000e+03	3.158774e+06	1.545000e+03	3.148024e+06	1.545000e+03	3.153924e+06	1.545000e+03	3.163089e+06	1.545000e+03	3.161631e+06	1.545000e+03	3.162418e+06	1.545000e+03	3.155535e+06	1.545000e+03	3.162886e+06	1.545000e+03	3.176308e+06	1.545000e+03	3.159454e+06	1.545000e+03	3.151477e+06	1.545000e+03	3.176562e+06	1.545000e+03	3.152949e+06	1.545000e+03	3.157569e+06	1.545000e+03	3.159773e+06	1.545000e+03	3.152061e+06	1.545000e+03	3.166524e+06	1.545000e+03	3.151195e+06	1.545000e+03	3.165911e+06	1.545000e+03	3.128859e+06	1.545000e+03	3.171467e+06	1.545000e+03	3.186468e+06	1.545000e+03	3.164710e+06	1.545000e+03	3.172740e+06	1.545000e+03	3.177139e+06	1.545000e+03	3.164487e+06	1.545000e+03	3.166299e+06	1.545000e+03	3.174244e+06	1.545000e+03	3.187101e+06	1.545000e+03	3.151131e+06	1.545000e+03	3.158638e+06	1.545000e+03	3.159456e+06	1.545000e+03	3.168858e+06	1.545000e+03	3.179567e+06	1.545000e+03	3.178557e+06	1.545000e+03	3.182424e+06	1.545000e+03	3.176544e+06	1.545000e+03	3.182577e+06	1.545000e+03	3.176627e+06	1.545000e+03	3.170837e+06	1.545000e+03	3.179957e+06	1.545000e+03	3.174202e+06	1.545000e+03	3.171852e+06	1.545000e+03	3.157121e+06	1.545000e+03	3.176906e+06	1.545000e+03	3.187814e+06	1.545000e+03	3.205116e+06	1.545000e+03	3.176466e+06	1.545000e+03	3.179442e+06	1.545000e+03	3.175147e+06	1.545000e+03	3.195079e+06	1.545000e+03	3.199865e+06	1.545000e+03	3.179452e+06	1.545000e+03	3.207655e+06	1.545000e+03	3.194407e+06	1.545000e+03	3.173826e+06	1.545000e+03	3.191198e+06	1.545000e+03	3.189059e+06	1.545000e+03	3.198635e+06	1.545000e+03	3.210733e+06	1.545000e+03	3.185015e+06	1.545000e+03	3.206472e+06	1.545000e+03	3.195350e+06	1.545000e+03	3.196054e+06	1.545000e+03	3.202185e+06	1.545000e+03	3.188023e+06	1.545000e+03	3.170854e+06	1.545000e+03	3.190527e+06	1.545000e+03	3.189609e+06	1.545000e+03	3.185213e+06	1.545000e+03	3.187902e+06	1.545000e+03	3.192615e+06	1.545000e+03	3.201899e+06	1.545000e+03	3.194470e+06	1.545000e+03	3.203752e+06	1.545000e+03	3.170818e+06	1.545000e+03	3.188109e+06	1.545000e+03	3.184214e+06	1.545000e+03	3.175528e+06	1.545000e+03	3.206617e+06	1.545000e+03	3.173215e+06	1.545000e+03	3.185972e+06	1.545000e+03	3.212272e+06	1.545000e+03	3.197481e+06	1.545000e+03	3.194690e+06
1.550000e+03	3.092944e+06	1.550000e+03	3.088552e+06	1.550000e+03	3.079048e+06	1.550000e+03	3.080759e+06	1.550000e+03	3.046544e+06	1.550000e+03	3.040491e+06	1.550000e+03	3.034784e+06	1.550000e+03	3.023741e+06	1.550000e+03	3.030624e+06	1.550000e+03	3.024269e+06	1.550000e+03	3.023926e+06	1.550000e+03	3.029424e+06	1.550000e+03	3.016705e+06	1.550000e+03	3.014121e+06	1.550000e+03	3.047546e+06	1.550000e+03	3.010555e+06	1.550000e+03	3.011331e+06	1.550000e+03	3.036061e+06	1.550000e+03	3.012398e+06	1.550000e+03	3.040051e+06	1.550000e+03	3.010257e+06	1.550000e+03	3.033586e+06	1.550000e+03	3.027704e+06	1.550000e+03	3.013207e+06	1.550000e+03	3.015994e+06	1.550000e+03	3.014446e+06	1.550000e+03	3.015197e+06	1.550000e+03	3.011026e+06	1.550000e+03	3.016158e+06	1.550000e+03	3.012136e+06	1.550000e+03	3.022149e+06	1.550000e+03	3.015805e+06	1.550000e+03	3.005649e+06	1.550000e+03	3.023137e+06	1.550000e+03	3.028429e+06	1.550000e+03	3.017720e+06	1.550000e+03	3.023407e+06	1.550000e+03	3.060030e+06	1.550000e+03	3.030578e+06	1.550000e+03	3.034965e+06	1.550000e+03	3.052847e+06	1.550000e+03	3.048232e+06	1.550000e+03	3.056476e+06	1.550000e+03	3.037890e+06	1.550000e+03	3.043988e+06	1.550000e+03	3.056648e+06	1.550000e+03	3.056532e+06	1.550000e+03	3.059987e+06	1.550000e+03	3.076158e+06	1.550000e+03	3.077840e+06	1.550000e+03	3.075195e+06	1.550000e+03	3.069657e+06	1.550000e+03	3.068578e+06	1.550000e+03	3.077919e+06	1.550000e+03	3.082457e+06	1.550000e+03	3.081613e+06	1.550000e+03	3.084164e+06	1.550000e+03	3.094840e+06	1.550000e+03	3.093658e+06	1.550000e+03	3.087773e+06	1.550000e+03	3.091088e+06	1.550000e+03	3.085621e+06	1.550000e+03	3.085929e+06	1.550000e+03	3.079412e+06	1.550000e+03	3.079471e+06	1.550000e+03	3.092912e+06	1.550000e+03	3.082617e+06	1.550000e+03	3.092572e+06	1.550000e+03	3.089055e+06	1.550000e+03	3.101251e+06	1.550000e+03	3.077433e+06	1.550000e+03	3.098409e+06	1.550000e+03	3.106161e+06	1.550000e+03	3.102633e+06	1.550000e+03	3.109347e+06	1.550000e+03	3.104269e+06	1.550000e+03	3.106205e+06	1.550000e+03	3.100741e+06	1.550000e+03	3.100482e+06	1.550000e+03	3.101473e+06	1.550000e+03	3.088145e+06	1.550000e+03	3.104630e+06	1.550000e+03	3.102018e+06	1.550000e+03	3.129164e+06	1.550000e+03	3.107593e+06	1.550000e+03	3.099108e+06	1.550000e+03	3.102720e+06	1.550000e+03	3.119019e+06	1.550000e+03	3.118895e+06	1.550000e+03	3.106393e+06	1.550000e+03	3.124465e+06	1.550000e+03	3.124606e+06	1.550000e+03	3.111846e+06	1.550000e+03	3.155888e+06	1.550000e+03	3.122046e+06	1.550000e+03	3.127488e+06	1.550000e+03	3.109610e+06	1.550000e+03	3.111955e+06	1.550000e+03	3.126193e+06	1.550000e+03	3.125254e+06	1.550000e+03	3.160174e+06	1.550000e+03	3.139804e+06	1.550000e+03	3.111488e+06	1.550000e+03	3.115593e+06	1.550000e+03	3.133785e+06	1.550000e+03	3.111175e+06	1.550000e+03	3.101886e+06	1.550000e+03	3.119049e+06	1.550000e+03	3.133519e+06	1.550000e+03	3.145254e+06	1.550000e+03	3.143079e+06	1.550000e+03	3.132744e+06	1.550000e+03	3.111114e+06	1.550000e+03	3.142373e+06	1.550000e+03	3.129927e+06	1.550000e+03	3.152469e+06	1.550000e+03	3.128337e+06	1.550000e+03	3.107680e+06	1.550000e+03	3.102520e+06	1.550000e+03	3.111625e+06	1.550000e+03	3.129532e+06	1.550000e+03	3.127091e+06	1.550000e+03	3.118041e+06	1.550000e+03	3.133148e+06	1.550000e+03	3.125486e+06	1.550000e+03	3.105014e+06	1.550000e+03	3.112712e+06	1.550000e+03	3.119974e+06	1.550000e+03	3.143011e+06	1.550000e+03	3.118625e+06	1.550000e+03	3.101539e+06	1.550000e+03	3.120045e+06	1.550000e+03	3.110428e+06	1.550000e+03	3.129676e+06	1.550000e+03	3.119767e+06	1.550000e+03	3.099274e+06	1.550000e+03	3.147119e+06	1.550000e+03	3.117220e+06	1.550000e+03	3.103414e+06	1.550000e+03	3.096244e+06	1.550000e+03	3.121948e+06	1.550000e+03	3.121552e+06	1.550000e+03	3.151046e+06	1.550000e+03	3.139360e+06	1.550000e+03	3.120296e+06	1.550000e+03	3.135746e+06	1.550000e+03	3.119942e+06	1.550000e+03	3.150523e+06	1.550000e+03	3.150663e+06	1.550000e+03	3.141665e+06	1.550000e+03	3.124029e+06	1.550000e+03	3.126848e+06	1.550000e+03	3.121692e+06	1.550000e+03	3.127007e+06	1.550000e+03	3.153209e+06	1.550000e+03	3.146085e+06	1.550000e+03	3.142026e+06	1.550000e+03	3.143595e+06	1.550000e+03	3.132947e+06	1.550000e+03	3.150527e+06	1.550000e+03	3.132227e+06	1.550000e+03	3.148963e+06	1.550000e+03	3.154756e+06	1.550000e+03	3.151153e+06	1.550000e+03	3.163042e+06	1.550000e+03	3.146236e+06	1.550000e+03	3.133304e+06	1.550000e+03	3.157927e+06	1.550000e+03	3.146080e+06	1.550000e+03	3.160009e+06	1.550000e+03	3.170861e+06	1.550000e+03	3.153335e+06	1.550000e+03	3.152180e+06	1.550000e+03	3.150080e+06	1.550000e+03	3.142529e+06	1.550000e+03	3.155306e+06	1.550000e+03	3.134963e+06	1.550000e+03	3.150603e+06	1.550000e+03	3.166731e+06	1.550000e+03	3.159541e+06	1.550000e+03	3.156885e+06	1.550000e+03	3.147161e+06	1.550000e+03	3.149718e+06	1.550000e+03	3.205231e+06	1.550000e+03	3.187243e+06	1.550000e+03	3.147689e+06	1.550000e+03	3.161815e+06	1.550000e+03	3.169732e+06	1.550000e+03	3.164661e+06	1.550000e+03	3.166592e+06	1.550000e+03	3.167265e+06	1.550000e+03	3.184596e+06	1.550000e+03	3.161641e+06	1.550000e+03	3.165034e+06	1.550000e+03	3.163134e+06	1.550000e+03	3.154215e+06	1.550000e+03	3.167432e+06	1.550000e+03	3.149970e+06	1.550000e+03	3.150054e+06	1.550000e+03	3.166703e+06	1.550000e+03	3.141667e+06	1.550000e+03	3.161435e+06	1.550000e+03	3.159148e+06	1.550000e+03	3.166336e+06	1.550000e+03	3.145433e+06	1.550000e+03	3.146611e+06	1.550000e+03	3.133451e+06	1.550000e+03	3.148151e+06	1.550000e+03	3.168267e+06	1.550000e+03	3.177636e+06	1.550000e+03	3.160273e+06	1.550000e+03	3.165441e+06	1.550000e+03	3.144398e+06	1.550000e+03	3.140372e+06	1.550000e+03	3.164904e+06	1.550000e+03	3.160029e+06	1.550000e+03	3.178629e+06	1.550000e+03	3.165888e+06	1.550000e+03	3.171410e+06	1.550000e+03	3.167585e+06	1.550000e+03	3.156487e+06	1.550000e+03	3.171366e+06	1.550000e+03	3.161547e+06	1.550000e+03	3.151455e+06	1.550000e+03	3.146529e+06	1.550000e+03	3.167418e+06	1.550000e+03	3.136539e+06	1.550000e+03	3.131930e+06	1.550000e+03	3.145461e+06	1.550000e+03	3.158227e+06	1.550000e+03	3.148786e+06	1.550000e+03	3.152122e+06	1.550000e+03	3.169696e+06	1.550000e+03	3.160748e+06	1.550000e+03	3.161984e+06	1.550000e+03	3.158034e+06	1.550000e+03	3.166015e+06	1.550000e+03	3.170109e+06	1.550000e+03	3.161850e+06	1.550000e+03	3.148726e+06	1.550000e+03	3.173300e+06	1.550000e+03	3.153787e+06	1.550000e+03	3.158279e+06	1.550000e+03	3.155818e+06	1.550000e+03	3.150910e+06	1.550000e+03	3.173160e+06	1.550000e+03	3.151573e+06	1.550000e+03	3.171874e+06	1.550000e+03	3.126313e+06	1.550000e+03	3.169864e+06	1.550000e+03	3.173176e+06	1.550000e+03	3.165871e+06	1.550000e+03	3.172657e+06	1.550000e+03	3.182377e+06	1.550000e+03	3.162465e+06	1.550000e+03	3.178618e+06	1.550000e+03	3.171454e+06	1.550000e+03	3.185266e+06	1.550000e+03	3.150423e+06	1.550000e+03	3.161346e+06	1.550000e+03	3.160718e+06	1.550000e+03	3.171545e+06	1.550000e+03	3.164438e+06	1.550000e+03	3.178637e+06	1.550000e+03	3.176929e+06	1.550000e+03	3.177327e+06	1.550000e+03	3.181845e+06	1.550000e+03	3.168327e+06	1.550000e+03	3.169967e+06	1.550000e+03	3.183123e+06	1.550000e+03	3.177239e+06	1.550000e+03	3.168747e+06	1.550000e+03	3.157917e+06	1.550000e+03	3.173439e+06	1.550000e+03	3.188990e+06	1.550000e+03	3.189093e+06	1.550000e+03	3.177610e+06	1.550000e+03	3.172148e+06	1.550000e+03	3.170533e+06	1.550000e+03	3.190684e+06	1.550000e+03	3.194587e+06	1.550000e+03	3.180009e+06	1.550000e+03	3.205330e+06	1.550000e+03	3.186817e+06	1.550000e+03	3.172288e+06	1.550000e+03	3.186600e+06	1.550000e+03	3.196537e+06	1.550000e+03	3.197751e+06	1.550000e+03	3.207834e+06	1.550000e+03	3.183552e+06	1.550000e+03	3.204779e+06	1.550000e+03	3.197258e+06	1.550000e+03	3.193053e+06	1.550000e+03	3.210364e+06	1.550000e+03	3.197518e+06	1.550000e+03	3.165346e+06	1.550000e+03	3.198659e+06	1.550000e+03	3.193800e+06	1.550000e+03	3.193097e+06	1.550000e+03	3.186650e+06	1.550000e+03	3.189295e+06	1.550000e+03	3.199495e+06	1.550000e+03	3.195715e+06	1.550000e+03	3.197655e+06	1.550000e+03	3.166654e+06	1.550000e+03	3.196230e+06	1.550000e+03	3.184971e+06	1.550000e+03	3.184697e+06	1.550000e+03	3.195551e+06	1.550000e+03	3.174243e+06	1.550000e+03	3.182679e+06	1.550000e+03	3.211417e+06	1.550000e+03	3.197004e+06	1.550000e+03	3.199798e+06
1.555000e+03	3.101491e+06	1.555000e+03	3.091662e+06	1.555000e+03	3.072526e+06	1.555000e+03	3.073887e+06	1.555000e+03	3.041923e+06	1.555000e+03	3.033247e+06	1.555000e+03	3.036793e+06	1.555000e+03	3.023760e+06	1.555000e+03	3.036415e+06	1.555000e+03	3.019589e+06	1.555000e+03	3.016724e+06	1.555000e+03	3.031726e+06	1.555000e+03	3.021442e+06	1.555000e+03	3.017794e+06	1.555000e+03	3.047328e+06	1.555000e+03	3.017038e+06	1.555000e+03	3.016513e+06	1.555000e+03	3.036118e+06	1.555000e+03	3.014595e+06	1.555000e+03	3.038148e+06	1.555000e+03	3.027012e+06	1.555000e+03	3.029968e+06	1.555000e+03	3.026507e+06	1.555000e+03	3.011509e+06	1.555000e+03	3.017920e+06	1.555000e+03	3.014158e+06	1.555000e+03	3.015478e+06	1.555000e+03	3.008375e+06	1.555000e+03	3.009746e+06	1.555000e+03	3.010384e+06	1.555000e+03	3.021538e+06	1.555000e+03	3.007169e+06	1.555000e+03	3.009155e+06	1.555000e+03	3.019682e+06	1.555000e+03	3.034415e+06	1.555000e+03	3.013995e+06	1.555000e+03	3.019046e+06	1.555000e+03	3.067595e+06	1.555000e+03	3.030863e+06	1.555000e+03	3.036929e+06	1.555000e+03	3.046306e+06	1.555000e+03	3.048562e+06	1.555000e+03	3.055133e+06	1.555000e+03	3.033693e+06	1.555000e+03	3.050633e+06	1.555000e+03	3.064540e+06	1.555000e+03	3.057511e+06	1.555000e+03	3.060190e+06	1.555000e+03	3.075602e+06	1.555000e+03	3.077513e+06	1.555000e+03	3.079617e+06	1.555000e+03	3.068930e+06	1.555000e+03	3.070682e+06	1.555000e+03	3.076344e+06	1.555000e+03	3.073340e+06	1.555000e+03	3.078809e+06	1.555000e+03	3.078571e+06	1.555000e+03	3.096660e+06	1.555000e+03	3.087927e+06	1.555000e+03	3.087393e+06	1.555000e+03	3.086128e+06	1.555000e+03	3.085934e+06	1.555000e+03	3.084964e+06	1.555000e+03	3.068773e+06	1.555000e+03	3.073817e+06	1.555000e+03	3.085399e+06	1.555000e+03	3.092930e+06	1.555000e+03	3.093319e+06	1.555000e+03	3.088102e+06	1.555000e+03	3.107152e+06	1.555000e+03	3.078863e+06	1.555000e+03	3.098707e+06	1.555000e+03	3.108201e+06	1.555000e+03	3.100600e+06	1.555000e+03	3.112689e+06	1.555000e+03	3.096174e+06	1.555000e+03	3.104784e+06	1.555000e+03	3.097558e+06	1.555000e+03	3.096885e+06	1.555000e+03	3.101500e+06	1.555000e+03	3.098233e+06	1.555000e+03	3.109504e+06	1.555000e+03	3.096532e+06	1.555000e+03	3.121004e+06	1.555000e+03	3.102262e+06	1.555000e+03	3.097033e+06	1.555000e+03	3.110281e+06	1.555000e+03	3.124177e+06	1.555000e+03	3.115740e+06	1.555000e+03	3.107010e+06	1.555000e+03	3.117775e+06	1.555000e+03	3.122431e+06	1.555000e+03	3.110534e+06	1.555000e+03	3.158090e+06	1.555000e+03	3.126879e+06	1.555000e+03	3.129946e+06	1.555000e+03	3.110104e+06	1.555000e+03	3.106927e+06	1.555000e+03	3.128991e+06	1.555000e+03	3.124377e+06	1.555000e+03	3.152875e+06	1.555000e+03	3.142887e+06	1.555000e+03	3.115125e+06	1.555000e+03	3.116774e+06	1.555000e+03	3.134749e+06	1.555000e+03	3.111118e+06	1.555000e+03	3.120811e+06	1.555000e+03	3.118801e+06	1.555000e+03	3.132804e+06	1.555000e+03	3.142991e+06	1.555000e+03	3.138249e+06	1.555000e+03	3.136248e+06	1.555000e+03	3.123678e+06	1.555000e+03	3.144050e+06	1.555000e+03	3.130803e+06	1.555000e+03	3.155518e+06	1.555000e+03	3.135430e+06	1.555000e+03	3.112902e+06	1.555000e+03	3.088120e+06	1.555000e+03	3.116317e+06	1.555000e+03	3.118656e+06	1.555000e+03	3.127933e+06	1.555000e+03	3.115377e+06	1.555000e+03	3.133475e+06	1.555000e+03	3.120024e+06	1.555000e+03	3.108463e+06	1.555000e+03	3.113470e+06	1.555000e+03	3.122701e+06	1.555000e+03	3.136125e+06	1.555000e+03	3.131724e+06	1.555000e+03	3.117793e+06	1.555000e+03	3.117425e+06	1.555000e+03	3.108556e+06	1.555000e+03	3.116333e+06	1.555000e+03	3.120289e+06	1.555000e+03	3.098587e+06	1.555000e+03	3.148464e+06	1.555000e+03	3.121090e+06	1.555000e+03	3.104273e+06	1.555000e+03	3.090992e+06	1.555000e+03	3.119182e+06	1.555000e+03	3.129685e+06	1.555000e+03	3.146484e+06	1.555000e+03	3.142032e+06	1.555000e+03	3.119549e+06	1.555000e+03	3.134059e+06	1.555000e+03	3.127526e+06	1.555000e+03	3.147057e+06	1.555000e+03	3.141657e+06	1.555000e+03	3.132663e+06	1.555000e+03	3.125764e+06	1.555000e+03	3.130386e+06	1.555000e+03	3.125010e+06	1.555000e+03	3.131610e+06	1.555000e+03	3.144853e+06	1.555000e+03	3.141859e+06	1.555000e+03	3.151571e+06	1.555000e+03	3.143692e+06	1.555000e+03	3.131630e+06	1.555000e+03	3.150605e+06	1.555000e+03	3.136488e+06	1.555000e+03	3.149030e+06	1.555000e+03	3.154497e+06	1.555000e+03	3.155517e+06	1.555000e+03	3.155127e+06	1.555000e+03	3.138760e+06	1.555000e+03	3.132592e+06	1.555000e+03	3.159385e+06	1.555000e+03	3.157529e+06	1.555000e+03	3.158075e+06	1.555000e+03	3.165220e+06	1.555000e+03	3.159933e+06	1.555000e+03	3.152491e+06	1.555000e+03	3.150852e+06	1.555000e+03	3.144920e+06	1.555000e+03	3.161032e+06	1.555000e+03	3.141890e+06	1.555000e+03	3.154903e+06	1.555000e+03	3.156728e+06	1.555000e+03	3.161727e+06	1.555000e+03	3.148494e+06	1.555000e+03	3.145706e+06	1.555000e+03	3.149111e+06	1.555000e+03	3.202906e+06	1.555000e+03	3.174020e+06	1.555000e+03	3.149130e+06	1.555000e+03	3.159542e+06	1.555000e+03	3.156600e+06	1.555000e+03	3.162229e+06	1.555000e+03	3.164789e+06	1.555000e+03	3.164188e+06	1.555000e+03	3.187572e+06	1.555000e+03	3.160881e+06	1.555000e+03	3.170933e+06	1.555000e+03	3.163894e+06	1.555000e+03	3.165338e+06	1.555000e+03	3.162353e+06	1.555000e+03	3.151818e+06	1.555000e+03	3.154367e+06	1.555000e+03	3.163277e+06	1.555000e+03	3.142742e+06	1.555000e+03	3.165597e+06	1.555000e+03	3.158681e+06	1.555000e+03	3.161154e+06	1.555000e+03	3.147582e+06	1.555000e+03	3.149680e+06	1.555000e+03	3.141908e+06	1.555000e+03	3.147949e+06	1.555000e+03	3.165773e+06	1.555000e+03	3.185200e+06	1.555000e+03	3.169774e+06	1.555000e+03	3.168331e+06	1.555000e+03	3.139058e+06	1.555000e+03	3.137215e+06	1.555000e+03	3.159328e+06	1.555000e+03	3.158716e+06	1.555000e+03	3.170989e+06	1.555000e+03	3.167014e+06	1.555000e+03	3.178997e+06	1.555000e+03	3.173777e+06	1.555000e+03	3.152895e+06	1.555000e+03	3.179476e+06	1.555000e+03	3.166163e+06	1.555000e+03	3.154741e+06	1.555000e+03	3.148921e+06	1.555000e+03	3.165415e+06	1.555000e+03	3.136490e+06	1.555000e+03	3.131368e+06	1.555000e+03	3.135180e+06	1.555000e+03	3.158912e+06	1.555000e+03	3.141289e+06	1.555000e+03	3.152891e+06	1.555000e+03	3.179176e+06	1.555000e+03	3.174972e+06	1.555000e+03	3.158087e+06	1.555000e+03	3.162990e+06	1.555000e+03	3.162281e+06	1.555000e+03	3.176737e+06	1.555000e+03	3.156899e+06	1.555000e+03	3.160385e+06	1.555000e+03	3.181156e+06	1.555000e+03	3.159303e+06	1.555000e+03	3.154231e+06	1.555000e+03	3.159578e+06	1.555000e+03	3.156001e+06	1.555000e+03	3.167519e+06	1.555000e+03	3.155997e+06	1.555000e+03	3.173152e+06	1.555000e+03	3.130277e+06	1.555000e+03	3.160566e+06	1.555000e+03	3.167834e+06	1.555000e+03	3.168729e+06	1.555000e+03	3.180102e+06	1.555000e+03	3.174253e+06	1.555000e+03	3.160058e+06	1.555000e+03	3.176555e+06	1.555000e+03	3.176990e+06	1.555000e+03	3.172679e+06	1.555000e+03	3.143349e+06	1.555000e+03	3.156781e+06	1.555000e+03	3.160155e+06	1.555000e+03	3.165762e+06	1.555000e+03	3.167379e+06	1.555000e+03	3.186466e+06	1.555000e+03	3.178833e+06	1.555000e+03	3.189466e+06	1.555000e+03	3.180373e+06	1.555000e+03	3.162928e+06	1.555000e+03	3.171505e+06	1.555000e+03	3.183271e+06	1.555000e+03	3.175500e+06	1.555000e+03	3.176148e+06	1.555000e+03	3.160197e+06	1.555000e+03	3.181770e+06	1.555000e+03	3.185298e+06	1.555000e+03	3.190347e+06	1.555000e+03	3.174763e+06	1.555000e+03	3.174026e+06	1.555000e+03	3.166125e+06	1.555000e+03	3.195247e+06	1.555000e+03	3.198830e+06	1.555000e+03	3.183636e+06	1.555000e+03	3.197604e+06	1.555000e+03	3.186274e+06	1.555000e+03	3.169657e+06	1.555000e+03	3.180511e+06	1.555000e+03	3.193747e+06	1.555000e+03	3.207364e+06	1.555000e+03	3.201048e+06	1.555000e+03	3.194935e+06	1.555000e+03	3.198611e+06	1.555000e+03	3.196817e+06	1.555000e+03	3.196571e+06	1.555000e+03	3.211395e+06	1.555000e+03	3.192343e+06	1.555000e+03	3.175693e+06	1.555000e+03	3.204808e+06	1.555000e+03	3.200076e+06	1.555000e+03	3.184777e+06	1.555000e+03	3.192682e+06	1.555000e+03	3.187925e+06	1.555000e+03	3.201038e+06	1.555000e+03	3.201199e+06	1.555000e+03	3.194907e+06	1.555000e+03	3.166050e+06	1.555000e+03	3.202705e+06	1.555000e+03	3.181827e+06	1.555000e+03	3.180510e+06	1.555000e+03	3.189033e+06	1.555000e+03	3.172148e+06	1.555000e+03	3.179610e+06	1.555000e+03	3.207234e+06	1.555000e+03	3.189621e+06	1.555000e+03	3.197398e+06
1.560000e+03	3.100919e+06	1.560000e+03	3.087058e+06	1.560000e+03	3.072101e+06	1.560000e+03	3.055122e+06	1.560000e+03	3.052270e+06	1.560000e+03	3.042558e+06	1.560000e+03	3.034555e+06	1.560000e+03	3.022099e+06	1.560000e+03	3.041636e+06	1.560000e+03	3.028774e+06	1.560000e+03	3.018495e+06	1.560000e+03	3.024346e+06	1.560000e+03	3.020714e+06	1.560000e+03	3.020174e+06	1.560000e+03	3.044582e+06	1.560000e+03	3.015376e+06	1.560000e+03	3.032314e+06	1.560000e+03	3.034379e+06	1.560000e+03	3.014712e+06	1.560000e+03	3.029772e+06	1.560000e+03	3.030681e+06	1.560000e+03	3.024123e+06	1.560000e+03	3.032611e+06	1.560000e+03	3.014762e+06	1.560000e+03	3.021528e+06	1.560000e+03	3.024532e+06	1.560000e+03	3.014980e+06	1.560000e+03	3.007312e+06	1.560000e+03	3.014880e+06	1.560000e+03	3.013060e+06	1.560000e+03	3.033979e+06	1.560000e+03	3.009636e+06	1.560000e+03	3.010231e+06	1.560000e+03	3.021895e+06	1.560000e+03	3.035919e+06	1.560000e+03	3.014581e+06	1.560000e+03	3.023992e+06	1.560000e+03	3.048573e+06	1.560000e+03	3.025229e+06	1.560000e+03	3.051630e+06	1.560000e+03	3.044686e+06	1.560000e+03	3.052149e+06	1.560000e+03	3.052537e+06	1.560000e+03	3.034988e+06	1.560000e+03	3.044086e+06	1.560000e+03	3.059974e+06	1.560000e+03	3.055543e+06	1.560000e+03	3.055389e+06	1.560000e+03	3.076705e+06	1.560000e+03	3.093047e+06	1.560000e+03	3.078350e+06	1.560000e+03	3.072445e+06	1.560000e+03	3.075331e+06	1.560000e+03	3.074904e+06	1.560000e+03	3.070876e+06	1.560000e+03	3.084341e+06	1.560000e+03	3.072688e+06	1.560000e+03	3.092383e+06	1.560000e+03	3.094711e+06	1.560000e+03	3.084469e+06	1.560000e+03	3.088982e+06	1.560000e+03	3.079802e+06	1.560000e+03	3.085697e+06	1.560000e+03	3.068790e+06	1.560000e+03	3.074538e+06	1.560000e+03	3.084888e+06	1.560000e+03	3.079782e+06	1.560000e+03	3.098130e+06	1.560000e+03	3.087827e+06	1.560000e+03	3.106323e+06	1.560000e+03	3.081733e+06	1.560000e+03	3.094966e+06	1.560000e+03	3.098410e+06	1.560000e+03	3.108051e+06	1.560000e+03	3.107521e+06	1.560000e+03	3.104183e+06	1.560000e+03	3.112306e+06	1.560000e+03	3.105866e+06	1.560000e+03	3.095866e+06	1.560000e+03	3.102869e+06	1.560000e+03	3.098859e+06	1.560000e+03	3.113538e+06	1.560000e+03	3.099318e+06	1.560000e+03	3.115920e+06	1.560000e+03	3.118298e+06	1.560000e+03	3.106681e+06	1.560000e+03	3.119169e+06	1.560000e+03	3.130742e+06	1.560000e+03	3.114492e+06	1.560000e+03	3.106292e+06	1.560000e+03	3.116038e+06	1.560000e+03	3.129550e+06	1.560000e+03	3.114294e+06	1.560000e+03	3.148643e+06	1.560000e+03	3.122205e+06	1.560000e+03	3.135730e+06	1.560000e+03	3.112885e+06	1.560000e+03	3.116401e+06	1.560000e+03	3.134194e+06	1.560000e+03	3.127632e+06	1.560000e+03	3.162182e+06	1.560000e+03	3.147028e+06	1.560000e+03	3.115356e+06	1.560000e+03	3.121009e+06	1.560000e+03	3.128346e+06	1.560000e+03	3.117236e+06	1.560000e+03	3.102075e+06	1.560000e+03	3.117150e+06	1.560000e+03	3.127294e+06	1.560000e+03	3.152081e+06	1.560000e+03	3.140146e+06	1.560000e+03	3.134364e+06	1.560000e+03	3.125954e+06	1.560000e+03	3.136913e+06	1.560000e+03	3.120460e+06	1.560000e+03	3.144193e+06	1.560000e+03	3.138698e+06	1.560000e+03	3.114118e+06	1.560000e+03	3.093562e+06	1.560000e+03	3.109248e+06	1.560000e+03	3.123535e+06	1.560000e+03	3.131357e+06	1.560000e+03	3.117083e+06	1.560000e+03	3.133161e+06	1.560000e+03	3.123854e+06	1.560000e+03	3.109467e+06	1.560000e+03	3.110803e+06	1.560000e+03	3.127621e+06	1.560000e+03	3.133919e+06	1.560000e+03	3.128953e+06	1.560000e+03	3.114561e+06	1.560000e+03	3.116625e+06	1.560000e+03	3.114358e+06	1.560000e+03	3.112668e+06	1.560000e+03	3.110631e+06	1.560000e+03	3.103399e+06	1.560000e+03	3.148741e+06	1.560000e+03	3.119704e+06	1.560000e+03	3.103238e+06	1.560000e+03	3.089443e+06	1.560000e+03	3.119476e+06	1.560000e+03	3.135839e+06	1.560000e+03	3.143367e+06	1.560000e+03	3.148936e+06	1.560000e+03	3.120633e+06	1.560000e+03	3.136141e+06	1.560000e+03	3.120918e+06	1.560000e+03	3.147251e+06	1.560000e+03	3.148521e+06	1.560000e+03	3.128171e+06	1.560000e+03	3.124414e+06	1.560000e+03	3.137325e+06	1.560000e+03	3.128639e+06	1.560000e+03	3.128704e+06	1.560000e+03	3.145621e+06	1.560000e+03	3.138823e+06	1.560000e+03	3.152457e+06	1.560000e+03	3.140263e+06	1.560000e+03	3.131743e+06	1.560000e+03	3.164825e+06	1.560000e+03	3.132746e+06	1.560000e+03	3.147846e+06	1.560000e+03	3.152655e+06	1.560000e+03	3.141752e+06	1.560000e+03	3.149485e+06	1.560000e+03	3.146786e+06	1.560000e+03	3.136630e+06	1.560000e+03	3.157941e+06	1.560000e+03	3.151671e+06	1.560000e+03	3.159405e+06	1.560000e+03	3.162520e+06	1.560000e+03	3.154127e+06	1.560000e+03	3.147231e+06	1.560000e+03	3.151509e+06	1.560000e+03	3.143697e+06	1.560000e+03	3.162689e+06	1.560000e+03	3.135905e+06	1.560000e+03	3.151100e+06	1.560000e+03	3.158201e+06	1.560000e+03	3.162605e+06	1.560000e+03	3.153546e+06	1.560000e+03	3.146569e+06	1.560000e+03	3.154036e+06	1.560000e+03	3.198872e+06	1.560000e+03	3.170155e+06	1.560000e+03	3.147506e+06	1.560000e+03	3.154232e+06	1.560000e+03	3.172242e+06	1.560000e+03	3.162789e+06	1.560000e+03	3.164112e+06	1.560000e+03	3.160394e+06	1.560000e+03	3.173887e+06	1.560000e+03	3.159883e+06	1.560000e+03	3.166693e+06	1.560000e+03	3.167332e+06	1.560000e+03	3.152600e+06	1.560000e+03	3.163077e+06	1.560000e+03	3.153730e+06	1.560000e+03	3.157823e+06	1.560000e+03	3.155930e+06	1.560000e+03	3.146989e+06	1.560000e+03	3.178643e+06	1.560000e+03	3.152368e+06	1.560000e+03	3.163566e+06	1.560000e+03	3.138683e+06	1.560000e+03	3.148836e+06	1.560000e+03	3.132949e+06	1.560000e+03	3.161447e+06	1.560000e+03	3.167700e+06	1.560000e+03	3.189064e+06	1.560000e+03	3.169799e+06	1.560000e+03	3.164273e+06	1.560000e+03	3.143685e+06	1.560000e+03	3.141322e+06	1.560000e+03	3.166042e+06	1.560000e+03	3.153230e+06	1.560000e+03	3.170380e+06	1.560000e+03	3.167708e+06	1.560000e+03	3.177920e+06	1.560000e+03	3.171404e+06	1.560000e+03	3.149906e+06	1.560000e+03	3.165700e+06	1.560000e+03	3.164801e+06	1.560000e+03	3.155680e+06	1.560000e+03	3.143850e+06	1.560000e+03	3.157246e+06	1.560000e+03	3.132233e+06	1.560000e+03	3.127274e+06	1.560000e+03	3.139309e+06	1.560000e+03	3.161549e+06	1.560000e+03	3.145592e+06	1.560000e+03	3.149474e+06	1.560000e+03	3.176635e+06	1.560000e+03	3.164935e+06	1.560000e+03	3.161947e+06	1.560000e+03	3.161117e+06	1.560000e+03	3.166651e+06	1.560000e+03	3.178212e+06	1.560000e+03	3.146756e+06	1.560000e+03	3.153082e+06	1.560000e+03	3.191647e+06	1.560000e+03	3.161550e+06	1.560000e+03	3.155069e+06	1.560000e+03	3.167819e+06	1.560000e+03	3.156383e+06	1.560000e+03	3.164533e+06	1.560000e+03	3.160000e+06	1.560000e+03	3.166723e+06	1.560000e+03	3.128268e+06	1.560000e+03	3.166310e+06	1.560000e+03	3.161794e+06	1.560000e+03	3.163006e+06	1.560000e+03	3.174200e+06	1.560000e+03	3.169893e+06	1.560000e+03	3.157346e+06	1.560000e+03	3.164329e+06	1.560000e+03	3.174320e+06	1.560000e+03	3.170524e+06	1.560000e+03	3.139842e+06	1.560000e+03	3.161763e+06	1.560000e+03	3.160914e+06	1.560000e+03	3.170756e+06	1.560000e+03	3.167322e+06	1.560000e+03	3.185795e+06	1.560000e+03	3.178980e+06	1.560000e+03	3.194169e+06	1.560000e+03	3.182436e+06	1.560000e+03	3.166401e+06	1.560000e+03	3.170803e+06	1.560000e+03	3.184167e+06	1.560000e+03	3.178730e+06	1.560000e+03	3.176245e+06	1.560000e+03	3.167518e+06	1.560000e+03	3.174966e+06	1.560000e+03	3.187651e+06	1.560000e+03	3.189922e+06	1.560000e+03	3.180844e+06	1.560000e+03	3.177027e+06	1.560000e+03	3.175903e+06	1.560000e+03	3.198218e+06	1.560000e+03	3.194509e+06	1.560000e+03	3.182337e+06	1.560000e+03	3.196681e+06	1.560000e+03	3.188660e+06	1.560000e+03	3.167604e+06	1.560000e+03	3.182661e+06	1.560000e+03	3.183124e+06	1.560000e+03	3.206777e+06	1.560000e+03	3.203046e+06	1.560000e+03	3.202210e+06	1.560000e+03	3.200759e+06	1.560000e+03	3.193945e+06	1.560000e+03	3.197019e+06	1.560000e+03	3.211346e+06	1.560000e+03	3.192795e+06	1.560000e+03	3.171110e+06	1.560000e+03	3.204785e+06	1.560000e+03	3.193596e+06	1.560000e+03	3.185067e+06	1.560000e+03	3.187628e+06	1.560000e+03	3.194837e+06	1.560000e+03	3.203930e+06	1.560000e+03	3.194250e+06	1.560000e+03	3.196699e+06	1.560000e+03	3.164768e+06	1.560000e+03	3.199316e+06	1.560000e+03	3.182357e+06	1.560000e+03	3.173492e+06	1.560000e+03	3.196019e+06	1.560000e+03	3.180828e+06	1.560000e+03	3.179128e+06	1.560000e+03	3.203916e+06	1.560000e+03	3.181376e+06	1.560000e+03	3.196255e+06
1.565000e+03	3.100230e+06	1.565000e+03	3.087665e+06	1.565000e+03	3.068999e+06	1.565000e+03	3.063333e+06	1.565000e+03	3.062768e+06	1.565000e+03	3.038682e+06	1.565000e+03	3.036487e+06	1.565000e+03	3.030152e+06	1.565000e+03	3.033103e+06	1.565000e+03	3.025236e+06	1.565000e+03	3.014371e+06	1.565000e+03	3.020864e+06	1.565000e+03	3.026882e+06	1.565000e+03	3.020382e+06	1.565000e+03	3.046446e+06	1.565000e+03	3.015493e+06	1.565000e+03	3.026746e+06	1.565000e+03	3.040305e+06	1.565000e+03	3.014722e+06	1.565000e+03	3.023432e+06	1.565000e+03	3.026896e+06	1.565000e+03	3.024640e+06	1.565000e+03	3.028649e+06	1.565000e+03	3.010022e+06	1.565000e+03	3.021861e+06	1.565000e+03	3.034209e+06	1.565000e+03	3.015956e+06	1.565000e+03	3.014427e+06	1.565000e+03	3.012312e+06	1.565000e+03	3.013318e+06	1.565000e+03	3.039413e+06	1.565000e+03	3.013412e+06	1.565000e+03	3.012663e+06	1.565000e+03	3.024404e+06	1.565000e+03	3.032844e+06	1.565000e+03	3.021527e+06	1.565000e+03	3.012488e+06	1.565000e+03	3.043110e+06	1.565000e+03	3.026866e+06	1.565000e+03	3.039322e+06	1.565000e+03	3.043514e+06	1.565000e+03	3.054734e+06	1.565000e+03	3.039374e+06	1.565000e+03	3.034461e+06	1.565000e+03	3.045920e+06	1.565000e+03	3.064352e+06	1.565000e+03	3.056905e+06	1.565000e+03	3.057404e+06	1.565000e+03	3.072839e+06	1.565000e+03	3.077607e+06	1.565000e+03	3.080369e+06	1.565000e+03	3.067711e+06	1.565000e+03	3.077012e+06	1.565000e+03	3.076179e+06	1.565000e+03	3.070334e+06	1.565000e+03	3.085798e+06	1.565000e+03	3.070945e+06	1.565000e+03	3.092066e+06	1.565000e+03	3.082020e+06	1.565000e+03	3.088572e+06	1.565000e+03	3.087309e+06	1.565000e+03	3.084036e+06	1.565000e+03	3.082223e+06	1.565000e+03	3.071315e+06	1.565000e+03	3.077732e+06	1.565000e+03	3.084559e+06	1.565000e+03	3.078906e+06	1.565000e+03	3.106398e+06	1.565000e+03	3.100631e+06	1.565000e+03	3.100515e+06	1.565000e+03	3.077837e+06	1.565000e+03	3.092382e+06	1.565000e+03	3.107506e+06	1.565000e+03	3.100773e+06	1.565000e+03	3.106431e+06	1.565000e+03	3.108693e+06	1.565000e+03	3.112287e+06	1.565000e+03	3.102308e+06	1.565000e+03	3.102706e+06	1.565000e+03	3.102963e+06	1.565000e+03	3.098250e+06	1.565000e+03	3.107791e+06	1.565000e+03	3.102651e+06	1.565000e+03	3.114118e+06	1.565000e+03	3.111612e+06	1.565000e+03	3.105291e+06	1.565000e+03	3.116833e+06	1.565000e+03	3.134798e+06	1.565000e+03	3.115313e+06	1.565000e+03	3.104241e+06	1.565000e+03	3.123838e+06	1.565000e+03	3.121827e+06	1.565000e+03	3.108220e+06	1.565000e+03	3.150496e+06	1.565000e+03	3.120682e+06	1.565000e+03	3.129539e+06	1.565000e+03	3.108483e+06	1.565000e+03	3.107639e+06	1.565000e+03	3.131636e+06	1.565000e+03	3.121142e+06	1.565000e+03	3.164762e+06	1.565000e+03	3.144859e+06	1.565000e+03	3.111974e+06	1.565000e+03	3.118874e+06	1.565000e+03	3.125820e+06	1.565000e+03	3.114641e+06	1.565000e+03	3.100575e+06	1.565000e+03	3.128199e+06	1.565000e+03	3.132963e+06	1.565000e+03	3.146488e+06	1.565000e+03	3.132143e+06	1.565000e+03	3.128216e+06	1.565000e+03	3.121685e+06	1.565000e+03	3.139576e+06	1.565000e+03	3.131961e+06	1.565000e+03	3.149848e+06	1.565000e+03	3.134861e+06	1.565000e+03	3.115110e+06	1.565000e+03	3.097940e+06	1.565000e+03	3.111921e+06	1.565000e+03	3.115995e+06	1.565000e+03	3.124338e+06	1.565000e+03	3.121426e+06	1.565000e+03	3.131042e+06	1.565000e+03	3.117761e+06	1.565000e+03	3.110212e+06	1.565000e+03	3.114170e+06	1.565000e+03	3.122749e+06	1.565000e+03	3.135132e+06	1.565000e+03	3.118368e+06	1.565000e+03	3.112866e+06	1.565000e+03	3.119346e+06	1.565000e+03	3.118194e+06	1.565000e+03	3.120057e+06	1.565000e+03	3.111502e+06	1.565000e+03	3.114740e+06	1.565000e+03	3.150847e+06	1.565000e+03	3.119507e+06	1.565000e+03	3.102665e+06	1.565000e+03	3.079995e+06	1.565000e+03	3.116398e+06	1.565000e+03	3.135435e+06	1.565000e+03	3.143116e+06	1.565000e+03	3.148220e+06	1.565000e+03	3.140346e+06	1.565000e+03	3.133063e+06	1.565000e+03	3.122557e+06	1.565000e+03	3.151280e+06	1.565000e+03	3.145758e+06	1.565000e+03	3.126454e+06	1.565000e+03	3.129310e+06	1.565000e+03	3.135915e+06	1.565000e+03	3.131898e+06	1.565000e+03	3.131112e+06	1.565000e+03	3.150064e+06	1.565000e+03	3.140453e+06	1.565000e+03	3.144900e+06	1.565000e+03	3.148359e+06	1.565000e+03	3.142991e+06	1.565000e+03	3.157622e+06	1.565000e+03	3.132111e+06	1.565000e+03	3.144602e+06	1.565000e+03	3.152497e+06	1.565000e+03	3.145292e+06	1.565000e+03	3.153950e+06	1.565000e+03	3.155419e+06	1.565000e+03	3.133021e+06	1.565000e+03	3.156054e+06	1.565000e+03	3.153695e+06	1.565000e+03	3.160861e+06	1.565000e+03	3.161822e+06	1.565000e+03	3.148694e+06	1.565000e+03	3.151477e+06	1.565000e+03	3.153938e+06	1.565000e+03	3.144978e+06	1.565000e+03	3.163381e+06	1.565000e+03	3.142695e+06	1.565000e+03	3.144860e+06	1.565000e+03	3.159005e+06	1.565000e+03	3.161375e+06	1.565000e+03	3.151747e+06	1.565000e+03	3.149537e+06	1.565000e+03	3.159881e+06	1.565000e+03	3.194261e+06	1.565000e+03	3.178566e+06	1.565000e+03	3.142745e+06	1.565000e+03	3.165404e+06	1.565000e+03	3.167368e+06	1.565000e+03	3.158241e+06	1.565000e+03	3.162516e+06	1.565000e+03	3.157859e+06	1.565000e+03	3.176149e+06	1.565000e+03	3.151844e+06	1.565000e+03	3.162464e+06	1.565000e+03	3.170402e+06	1.565000e+03	3.155366e+06	1.565000e+03	3.162111e+06	1.565000e+03	3.157853e+06	1.565000e+03	3.155749e+06	1.565000e+03	3.160109e+06	1.565000e+03	3.151412e+06	1.565000e+03	3.177633e+06	1.565000e+03	3.145669e+06	1.565000e+03	3.163472e+06	1.565000e+03	3.143556e+06	1.565000e+03	3.149952e+06	1.565000e+03	3.141379e+06	1.565000e+03	3.152180e+06	1.565000e+03	3.177080e+06	1.565000e+03	3.185400e+06	1.565000e+03	3.158364e+06	1.565000e+03	3.171069e+06	1.565000e+03	3.146552e+06	1.565000e+03	3.137811e+06	1.565000e+03	3.158765e+06	1.565000e+03	3.162076e+06	1.565000e+03	3.176608e+06	1.565000e+03	3.161689e+06	1.565000e+03	3.187974e+06	1.565000e+03	3.171660e+06	1.565000e+03	3.148891e+06	1.565000e+03	3.171473e+06	1.565000e+03	3.165920e+06	1.565000e+03	3.152892e+06	1.565000e+03	3.144988e+06	1.565000e+03	3.159497e+06	1.565000e+03	3.130739e+06	1.565000e+03	3.134259e+06	1.565000e+03	3.136013e+06	1.565000e+03	3.161388e+06	1.565000e+03	3.144349e+06	1.565000e+03	3.142960e+06	1.565000e+03	3.166383e+06	1.565000e+03	3.163583e+06	1.565000e+03	3.163092e+06	1.565000e+03	3.160858e+06	1.565000e+03	3.167209e+06	1.565000e+03	3.185907e+06	1.565000e+03	3.147890e+06	1.565000e+03	3.156174e+06	1.565000e+03	3.195833e+06	1.565000e+03	3.165484e+06	1.565000e+03	3.146491e+06	1.565000e+03	3.166632e+06	1.565000e+03	3.157633e+06	1.565000e+03	3.163680e+06	1.565000e+03	3.162964e+06	1.565000e+03	3.165123e+06	1.565000e+03	3.121578e+06	1.565000e+03	3.165406e+06	1.565000e+03	3.165124e+06	1.565000e+03	3.172451e+06	1.565000e+03	3.169562e+06	1.565000e+03	3.174043e+06	1.565000e+03	3.158705e+06	1.565000e+03	3.164507e+06	1.565000e+03	3.170406e+06	1.565000e+03	3.170073e+06	1.565000e+03	3.147319e+06	1.565000e+03	3.161756e+06	1.565000e+03	3.154837e+06	1.565000e+03	3.169881e+06	1.565000e+03	3.170167e+06	1.565000e+03	3.184885e+06	1.565000e+03	3.190650e+06	1.565000e+03	3.194710e+06	1.565000e+03	3.186738e+06	1.565000e+03	3.170061e+06	1.565000e+03	3.168871e+06	1.565000e+03	3.181055e+06	1.565000e+03	3.181333e+06	1.565000e+03	3.185801e+06	1.565000e+03	3.172450e+06	1.565000e+03	3.176408e+06	1.565000e+03	3.181844e+06	1.565000e+03	3.180051e+06	1.565000e+03	3.181391e+06	1.565000e+03	3.171518e+06	1.565000e+03	3.171097e+06	1.565000e+03	3.189445e+06	1.565000e+03	3.197940e+06	1.565000e+03	3.181753e+06	1.565000e+03	3.197275e+06	1.565000e+03	3.188733e+06	1.565000e+03	3.171384e+06	1.565000e+03	3.181362e+06	1.565000e+03	3.178595e+06	1.565000e+03	3.202936e+06	1.565000e+03	3.205093e+06	1.565000e+03	3.189801e+06	1.565000e+03	3.203177e+06	1.565000e+03	3.197908e+06	1.565000e+03	3.196912e+06	1.565000e+03	3.209885e+06	1.565000e+03	3.191441e+06	1.565000e+03	3.175881e+06	1.565000e+03	3.204851e+06	1.565000e+03	3.192452e+06	1.565000e+03	3.188680e+06	1.565000e+03	3.190204e+06	1.565000e+03	3.191831e+06	1.565000e+03	3.198561e+06	1.565000e+03	3.197031e+06	1.565000e+03	3.214899e+06	1.565000e+03	3.171576e+06	1.565000e+03	3.197876e+06	1.565000e+03	3.187983e+06	1.565000e+03	3.175377e+06	1.565000e+03	3.189206e+06	1.565000e+03	3.181732e+06	1.565000e+03	3.184297e+06	1.565000e+03	3.204299e+06	1.565000e+03	3.186119e+06	1.565000e+03	3.193897e+06
1.570000e+03	3.104367e+06	1.570000e+03	3.087385e+06	1.570000e+03	3.075361e+06	1.570000e+03	3.059915e+06	1.570000e+03	3.052701e+06	1.570000e+03	3.031081e+06	1.570000e+03	3.033614e+06	1.570000e+03	3.036455e+06	1.570000e+03	3.031373e+06	1.570000e+03	3.019918e+06	1.570000e+03	3.022365e+06	1.570000e+03	3.024720e+06	1.570000e+03	3.026889e+06	1.570000e+03	3.023856e+06	1.570000e+03	3.042326e+06	1.570000e+03	3.013073e+06	1.570000e+03	3.032033e+06	1.570000e+03	3.040388e+06	1.570000e+03	3.013971e+06	1.570000e+03	3.033210e+06	1.570000e+03	3.026687e+06	1.570000e+03	3.028455e+06	1.570000e+03	3.021090e+06	1.570000e+03	3.015371e+06	1.570000e+03	3.020866e+06	1.570000e+03	3.025370e+06	1.570000e+03	3.016000e+06	1.570000e+03	3.017635e+06	1.570000e+03	3.010326e+06	1.570000e+03	3.012438e+06	1.570000e+03	3.035219e+06	1.570000e+03	3.012535e+06	1.570000e+03	3.010802e+06	1.570000e+03	3.023134e+06	1.570000e+03	3.043722e+06	1.570000e+03	3.026623e+06	1.570000e+03	3.006745e+06	1.570000e+03	3.046573e+06	1.570000e+03	3.018828e+06	1.570000e+03	3.039415e+06	1.570000e+03	3.048030e+06	1.570000e+03	3.055580e+06	1.570000e+03	3.036513e+06	1.570000e+03	3.035229e+06	1.570000e+03	3.045359e+06	1.570000e+03	3.059369e+06	1.570000e+03	3.051546e+06	1.570000e+03	3.058688e+06	1.570000e+03	3.089959e+06	1.570000e+03	3.079993e+06	1.570000e+03	3.073521e+06	1.570000e+03	3.068925e+06	1.570000e+03	3.072347e+06	1.570000e+03	3.075933e+06	1.570000e+03	3.070051e+06	1.570000e+03	3.084250e+06	1.570000e+03	3.067643e+06	1.570000e+03	3.087372e+06	1.570000e+03	3.089943e+06	1.570000e+03	3.091806e+06	1.570000e+03	3.090742e+06	1.570000e+03	3.088148e+06	1.570000e+03	3.090950e+06	1.570000e+03	3.075241e+06	1.570000e+03	3.079395e+06	1.570000e+03	3.088922e+06	1.570000e+03	3.074769e+06	1.570000e+03	3.087023e+06	1.570000e+03	3.091244e+06	1.570000e+03	3.105002e+06	1.570000e+03	3.073817e+06	1.570000e+03	3.089477e+06	1.570000e+03	3.115110e+06	1.570000e+03	3.097297e+06	1.570000e+03	3.109098e+06	1.570000e+03	3.107287e+06	1.570000e+03	3.106903e+06	1.570000e+03	3.101880e+06	1.570000e+03	3.099253e+06	1.570000e+03	3.099269e+06	1.570000e+03	3.092300e+06	1.570000e+03	3.103169e+06	1.570000e+03	3.103316e+06	1.570000e+03	3.110181e+06	1.570000e+03	3.102748e+06	1.570000e+03	3.114024e+06	1.570000e+03	3.119887e+06	1.570000e+03	3.130829e+06	1.570000e+03	3.109358e+06	1.570000e+03	3.107850e+06	1.570000e+03	3.121167e+06	1.570000e+03	3.123560e+06	1.570000e+03	3.130430e+06	1.570000e+03	3.158069e+06	1.570000e+03	3.122149e+06	1.570000e+03	3.124433e+06	1.570000e+03	3.100841e+06	1.570000e+03	3.108638e+06	1.570000e+03	3.132367e+06	1.570000e+03	3.123539e+06	1.570000e+03	3.152355e+06	1.570000e+03	3.139476e+06	1.570000e+03	3.118010e+06	1.570000e+03	3.114431e+06	1.570000e+03	3.123328e+06	1.570000e+03	3.111957e+06	1.570000e+03	3.094968e+06	1.570000e+03	3.116807e+06	1.570000e+03	3.132726e+06	1.570000e+03	3.142271e+06	1.570000e+03	3.135931e+06	1.570000e+03	3.130352e+06	1.570000e+03	3.126109e+06	1.570000e+03	3.139884e+06	1.570000e+03	3.133783e+06	1.570000e+03	3.144416e+06	1.570000e+03	3.128054e+06	1.570000e+03	3.106333e+06	1.570000e+03	3.096094e+06	1.570000e+03	3.122983e+06	1.570000e+03	3.121765e+06	1.570000e+03	3.125668e+06	1.570000e+03	3.120627e+06	1.570000e+03	3.135848e+06	1.570000e+03	3.128454e+06	1.570000e+03	3.105735e+06	1.570000e+03	3.114430e+06	1.570000e+03	3.113856e+06	1.570000e+03	3.138928e+06	1.570000e+03	3.124182e+06	1.570000e+03	3.114821e+06	1.570000e+03	3.122786e+06	1.570000e+03	3.113412e+06	1.570000e+03	3.123254e+06	1.570000e+03	3.112678e+06	1.570000e+03	3.104722e+06	1.570000e+03	3.126647e+06	1.570000e+03	3.117580e+06	1.570000e+03	3.103935e+06	1.570000e+03	3.082507e+06	1.570000e+03	3.118587e+06	1.570000e+03	3.129244e+06	1.570000e+03	3.145682e+06	1.570000e+03	3.142505e+06	1.570000e+03	3.137533e+06	1.570000e+03	3.129716e+06	1.570000e+03	3.124650e+06	1.570000e+03	3.150832e+06	1.570000e+03	3.137801e+06	1.570000e+03	3.128194e+06	1.570000e+03	3.135895e+06	1.570000e+03	3.147845e+06	1.570000e+03	3.126411e+06	1.570000e+03	3.128513e+06	1.570000e+03	3.149857e+06	1.570000e+03	3.140966e+06	1.570000e+03	3.147065e+06	1.570000e+03	3.148572e+06	1.570000e+03	3.138462e+06	1.570000e+03	3.157852e+06	1.570000e+03	3.134845e+06	1.570000e+03	3.146178e+06	1.570000e+03	3.139316e+06	1.570000e+03	3.151854e+06	1.570000e+03	3.163867e+06	1.570000e+03	3.148515e+06	1.570000e+03	3.133383e+06	1.570000e+03	3.157879e+06	1.570000e+03	3.157039e+06	1.570000e+03	3.152512e+06	1.570000e+03	3.163468e+06	1.570000e+03	3.147430e+06	1.570000e+03	3.149557e+06	1.570000e+03	3.157580e+06	1.570000e+03	3.139045e+06	1.570000e+03	3.159938e+06	1.570000e+03	3.136743e+06	1.570000e+03	3.154026e+06	1.570000e+03	3.157425e+06	1.570000e+03	3.156742e+06	1.570000e+03	3.158856e+06	1.570000e+03	3.148015e+06	1.570000e+03	3.153116e+06	1.570000e+03	3.181155e+06	1.570000e+03	3.178316e+06	1.570000e+03	3.146787e+06	1.570000e+03	3.156902e+06	1.570000e+03	3.166466e+06	1.570000e+03	3.162676e+06	1.570000e+03	3.172834e+06	1.570000e+03	3.151717e+06	1.570000e+03	3.183398e+06	1.570000e+03	3.152593e+06	1.570000e+03	3.161302e+06	1.570000e+03	3.166058e+06	1.570000e+03	3.159477e+06	1.570000e+03	3.152911e+06	1.570000e+03	3.158114e+06	1.570000e+03	3.159182e+06	1.570000e+03	3.168646e+06	1.570000e+03	3.150600e+06	1.570000e+03	3.178109e+06	1.570000e+03	3.149594e+06	1.570000e+03	3.163713e+06	1.570000e+03	3.136121e+06	1.570000e+03	3.144296e+06	1.570000e+03	3.135200e+06	1.570000e+03	3.157881e+06	1.570000e+03	3.173459e+06	1.570000e+03	3.167363e+06	1.570000e+03	3.152139e+06	1.570000e+03	3.162478e+06	1.570000e+03	3.140091e+06	1.570000e+03	3.141732e+06	1.570000e+03	3.153076e+06	1.570000e+03	3.164142e+06	1.570000e+03	3.190377e+06	1.570000e+03	3.160981e+06	1.570000e+03	3.187046e+06	1.570000e+03	3.171623e+06	1.570000e+03	3.150928e+06	1.570000e+03	3.169832e+06	1.570000e+03	3.164820e+06	1.570000e+03	3.153344e+06	1.570000e+03	3.142939e+06	1.570000e+03	3.158811e+06	1.570000e+03	3.144682e+06	1.570000e+03	3.143902e+06	1.570000e+03	3.141310e+06	1.570000e+03	3.161256e+06	1.570000e+03	3.145173e+06	1.570000e+03	3.146612e+06	1.570000e+03	3.166641e+06	1.570000e+03	3.156838e+06	1.570000e+03	3.156200e+06	1.570000e+03	3.163663e+06	1.570000e+03	3.164558e+06	1.570000e+03	3.184931e+06	1.570000e+03	3.148514e+06	1.570000e+03	3.162293e+06	1.570000e+03	3.178290e+06	1.570000e+03	3.166894e+06	1.570000e+03	3.143781e+06	1.570000e+03	3.162353e+06	1.570000e+03	3.157663e+06	1.570000e+03	3.164311e+06	1.570000e+03	3.160652e+06	1.570000e+03	3.156221e+06	1.570000e+03	3.124479e+06	1.570000e+03	3.156029e+06	1.570000e+03	3.163569e+06	1.570000e+03	3.168176e+06	1.570000e+03	3.172427e+06	1.570000e+03	3.189686e+06	1.570000e+03	3.166615e+06	1.570000e+03	3.157896e+06	1.570000e+03	3.170962e+06	1.570000e+03	3.168123e+06	1.570000e+03	3.143553e+06	1.570000e+03	3.161192e+06	1.570000e+03	3.171301e+06	1.570000e+03	3.167983e+06	1.570000e+03	3.170686e+06	1.570000e+03	3.181810e+06	1.570000e+03	3.188371e+06	1.570000e+03	3.185132e+06	1.570000e+03	3.190050e+06	1.570000e+03	3.165940e+06	1.570000e+03	3.172751e+06	1.570000e+03	3.185931e+06	1.570000e+03	3.191344e+06	1.570000e+03	3.175343e+06	1.570000e+03	3.154708e+06	1.570000e+03	3.178106e+06	1.570000e+03	3.192966e+06	1.570000e+03	3.181513e+06	1.570000e+03	3.181445e+06	1.570000e+03	3.172782e+06	1.570000e+03	3.173963e+06	1.570000e+03	3.186830e+06	1.570000e+03	3.201831e+06	1.570000e+03	3.183223e+06	1.570000e+03	3.197042e+06	1.570000e+03	3.188115e+06	1.570000e+03	3.173360e+06	1.570000e+03	3.183172e+06	1.570000e+03	3.178889e+06	1.570000e+03	3.204199e+06	1.570000e+03	3.206523e+06	1.570000e+03	3.173802e+06	1.570000e+03	3.211796e+06	1.570000e+03	3.198589e+06	1.570000e+03	3.196129e+06	1.570000e+03	3.202027e+06	1.570000e+03	3.188446e+06	1.570000e+03	3.173511e+06	1.570000e+03	3.202402e+06	1.570000e+03	3.199618e+06	1.570000e+03	3.186207e+06	1.570000e+03	3.193847e+06	1.570000e+03	3.192784e+06	1.570000e+03	3.201598e+06	1.570000e+03	3.197469e+06	1.570000e+03	3.215094e+06	1.570000e+03	3.170968e+06	1.570000e+03	3.192143e+06	1.570000e+03	3.188993e+06	1.570000e+03	3.167825e+06	1.570000e+03	3.192966e+06	1.570000e+03	3.168894e+06	1.570000e+03	3.179770e+06	1.570000e+03	3.185704e+06	1.570000e+03	3.182363e+06	1.570000e+03	3.195936e+06
1.575000e+03	3.094342e+06	1.575000e+03	3.088727e+06	1.575000e+03	3.075893e+06	1.575000e+03	3.059734e+06	1.575000e+03	3.059588e+06	1.575000e+03	3.040272e+06	1.575000e+03	3.030996e+06	1.575000e+03	3.035303e+06	1.575000e+03	3.029292e+06	1.575000e+03	3.016200e+06	1.575000e+03	3.016305e+06	1.575000e+03	3.033174e+06	1.575000e+03	3.025296e+06	1.575000e+03	3.021492e+06	1.575000e+03	3.052811e+06	1.575000e+03	3.010288e+06	1.575000e+03	3.036642e+06	1.575000e+03	3.043731e+06	1.575000e+03	3.014471e+06	1.575000e+03	3.026642e+06	1.575000e+03	3.019210e+06	1.575000e+03	3.024194e+06	1.575000e+03	3.020718e+06	1.575000e+03	3.019497e+06	1.575000e+03	3.015412e+06	1.575000e+03	3.028572e+06	1.575000e+03	3.013698e+06	1.575000e+03	3.015892e+06	1.575000e+03	3.007518e+06	1.575000e+03	3.014065e+06	1.575000e+03	3.021294e+06	1.575000e+03	3.012979e+06	1.575000e+03	3.014481e+06	1.575000e+03	3.019475e+06	1.575000e+03	3.044008e+06	1.575000e+03	3.024201e+06	1.575000e+03	3.008740e+06	1.575000e+03	3.047842e+06	1.575000e+03	3.019932e+06	1.575000e+03	3.046558e+06	1.575000e+03	3.049970e+06	1.575000e+03	3.048755e+06	1.575000e+03	3.047484e+06	1.575000e+03	3.030668e+06	1.575000e+03	3.052028e+06	1.575000e+03	3.051555e+06	1.575000e+03	3.054815e+06	1.575000e+03	3.063959e+06	1.575000e+03	3.088389e+06	1.575000e+03	3.077267e+06	1.575000e+03	3.083254e+06	1.575000e+03	3.076891e+06	1.575000e+03	3.070221e+06	1.575000e+03	3.072379e+06	1.575000e+03	3.065749e+06	1.575000e+03	3.085896e+06	1.575000e+03	3.069421e+06	1.575000e+03	3.090245e+06	1.575000e+03	3.098648e+06	1.575000e+03	3.089308e+06	1.575000e+03	3.088562e+06	1.575000e+03	3.093969e+06	1.575000e+03	3.096615e+06	1.575000e+03	3.075436e+06	1.575000e+03	3.070058e+06	1.575000e+03	3.091250e+06	1.575000e+03	3.078523e+06	1.575000e+03	3.090107e+06	1.575000e+03	3.088433e+06	1.575000e+03	3.114160e+06	1.575000e+03	3.069351e+06	1.575000e+03	3.091876e+06	1.575000e+03	3.114894e+06	1.575000e+03	3.102568e+06	1.575000e+03	3.111831e+06	1.575000e+03	3.108230e+06	1.575000e+03	3.112797e+06	1.575000e+03	3.103320e+06	1.575000e+03	3.097580e+06	1.575000e+03	3.101528e+06	1.575000e+03	3.093073e+06	1.575000e+03	3.108230e+06	1.575000e+03	3.110578e+06	1.575000e+03	3.114977e+06	1.575000e+03	3.105367e+06	1.575000e+03	3.098991e+06	1.575000e+03	3.105278e+06	1.575000e+03	3.124980e+06	1.575000e+03	3.113148e+06	1.575000e+03	3.110694e+06	1.575000e+03	3.121886e+06	1.575000e+03	3.120795e+06	1.575000e+03	3.125696e+06	1.575000e+03	3.166269e+06	1.575000e+03	3.123673e+06	1.575000e+03	3.122321e+06	1.575000e+03	3.107327e+06	1.575000e+03	3.108056e+06	1.575000e+03	3.141812e+06	1.575000e+03	3.118041e+06	1.575000e+03	3.157346e+06	1.575000e+03	3.147031e+06	1.575000e+03	3.112428e+06	1.575000e+03	3.111435e+06	1.575000e+03	3.122920e+06	1.575000e+03	3.105852e+06	1.575000e+03	3.098030e+06	1.575000e+03	3.118462e+06	1.575000e+03	3.138274e+06	1.575000e+03	3.140580e+06	1.575000e+03	3.135721e+06	1.575000e+03	3.140532e+06	1.575000e+03	3.135015e+06	1.575000e+03	3.120362e+06	1.575000e+03	3.138412e+06	1.575000e+03	3.136876e+06	1.575000e+03	3.126570e+06	1.575000e+03	3.109110e+06	1.575000e+03	3.093195e+06	1.575000e+03	3.113406e+06	1.575000e+03	3.116781e+06	1.575000e+03	3.116633e+06	1.575000e+03	3.121241e+06	1.575000e+03	3.141470e+06	1.575000e+03	3.126552e+06	1.575000e+03	3.099358e+06	1.575000e+03	3.114575e+06	1.575000e+03	3.114601e+06	1.575000e+03	3.137634e+06	1.575000e+03	3.120159e+06	1.575000e+03	3.112124e+06	1.575000e+03	3.124265e+06	1.575000e+03	3.118899e+06	1.575000e+03	3.120697e+06	1.575000e+03	3.110762e+06	1.575000e+03	3.110859e+06	1.575000e+03	3.131427e+06	1.575000e+03	3.120046e+06	1.575000e+03	3.102377e+06	1.575000e+03	3.083327e+06	1.575000e+03	3.113695e+06	1.575000e+03	3.132192e+06	1.575000e+03	3.142883e+06	1.575000e+03	3.132067e+06	1.575000e+03	3.135749e+06	1.575000e+03	3.133177e+06	1.575000e+03	3.131836e+06	1.575000e+03	3.145105e+06	1.575000e+03	3.138074e+06	1.575000e+03	3.135450e+06	1.575000e+03	3.132375e+06	1.575000e+03	3.146303e+06	1.575000e+03	3.136831e+06	1.575000e+03	3.128827e+06	1.575000e+03	3.143845e+06	1.575000e+03	3.134884e+06	1.575000e+03	3.139103e+06	1.575000e+03	3.151578e+06	1.575000e+03	3.138861e+06	1.575000e+03	3.158541e+06	1.575000e+03	3.145967e+06	1.575000e+03	3.142026e+06	1.575000e+03	3.141930e+06	1.575000e+03	3.151262e+06	1.575000e+03	3.153925e+06	1.575000e+03	3.154336e+06	1.575000e+03	3.136969e+06	1.575000e+03	3.162681e+06	1.575000e+03	3.151727e+06	1.575000e+03	3.167686e+06	1.575000e+03	3.160292e+06	1.575000e+03	3.149540e+06	1.575000e+03	3.148928e+06	1.575000e+03	3.165491e+06	1.575000e+03	3.140390e+06	1.575000e+03	3.158961e+06	1.575000e+03	3.138552e+06	1.575000e+03	3.154554e+06	1.575000e+03	3.156278e+06	1.575000e+03	3.158477e+06	1.575000e+03	3.166543e+06	1.575000e+03	3.148438e+06	1.575000e+03	3.158056e+06	1.575000e+03	3.169942e+06	1.575000e+03	3.170772e+06	1.575000e+03	3.146373e+06	1.575000e+03	3.155324e+06	1.575000e+03	3.168256e+06	1.575000e+03	3.159681e+06	1.575000e+03	3.161141e+06	1.575000e+03	3.156908e+06	1.575000e+03	3.181815e+06	1.575000e+03	3.152344e+06	1.575000e+03	3.161598e+06	1.575000e+03	3.162568e+06	1.575000e+03	3.156359e+06	1.575000e+03	3.149530e+06	1.575000e+03	3.152977e+06	1.575000e+03	3.158620e+06	1.575000e+03	3.174742e+06	1.575000e+03	3.153351e+06	1.575000e+03	3.174929e+06	1.575000e+03	3.146992e+06	1.575000e+03	3.163793e+06	1.575000e+03	3.142273e+06	1.575000e+03	3.148889e+06	1.575000e+03	3.132953e+06	1.575000e+03	3.163711e+06	1.575000e+03	3.176528e+06	1.575000e+03	3.173034e+06	1.575000e+03	3.149375e+06	1.575000e+03	3.160792e+06	1.575000e+03	3.138189e+06	1.575000e+03	3.145442e+06	1.575000e+03	3.157663e+06	1.575000e+03	3.166397e+06	1.575000e+03	3.176258e+06	1.575000e+03	3.158349e+06	1.575000e+03	3.184164e+06	1.575000e+03	3.171183e+06	1.575000e+03	3.147770e+06	1.575000e+03	3.166685e+06	1.575000e+03	3.170552e+06	1.575000e+03	3.146842e+06	1.575000e+03	3.144332e+06	1.575000e+03	3.159077e+06	1.575000e+03	3.142099e+06	1.575000e+03	3.148421e+06	1.575000e+03	3.145061e+06	1.575000e+03	3.169110e+06	1.575000e+03	3.142467e+06	1.575000e+03	3.149518e+06	1.575000e+03	3.164303e+06	1.575000e+03	3.160984e+06	1.575000e+03	3.151883e+06	1.575000e+03	3.163492e+06	1.575000e+03	3.166470e+06	1.575000e+03	3.177889e+06	1.575000e+03	3.139225e+06	1.575000e+03	3.162846e+06	1.575000e+03	3.181681e+06	1.575000e+03	3.172121e+06	1.575000e+03	3.151708e+06	1.575000e+03	3.151187e+06	1.575000e+03	3.160159e+06	1.575000e+03	3.158413e+06	1.575000e+03	3.157369e+06	1.575000e+03	3.153397e+06	1.575000e+03	3.123928e+06	1.575000e+03	3.164387e+06	1.575000e+03	3.163485e+06	1.575000e+03	3.175503e+06	1.575000e+03	3.173679e+06	1.575000e+03	3.185190e+06	1.575000e+03	3.165749e+06	1.575000e+03	3.163778e+06	1.575000e+03	3.186218e+06	1.575000e+03	3.177237e+06	1.575000e+03	3.134668e+06	1.575000e+03	3.158499e+06	1.575000e+03	3.167747e+06	1.575000e+03	3.170053e+06	1.575000e+03	3.165878e+06	1.575000e+03	3.182258e+06	1.575000e+03	3.175800e+06	1.575000e+03	3.176879e+06	1.575000e+03	3.187395e+06	1.575000e+03	3.165881e+06	1.575000e+03	3.173627e+06	1.575000e+03	3.191910e+06	1.575000e+03	3.192508e+06	1.575000e+03	3.175282e+06	1.575000e+03	3.162874e+06	1.575000e+03	3.183821e+06	1.575000e+03	3.184264e+06	1.575000e+03	3.184752e+06	1.575000e+03	3.181025e+06	1.575000e+03	3.182805e+06	1.575000e+03	3.172221e+06	1.575000e+03	3.199492e+06	1.575000e+03	3.200376e+06	1.575000e+03	3.181936e+06	1.575000e+03	3.193443e+06	1.575000e+03	3.189298e+06	1.575000e+03	3.162748e+06	1.575000e+03	3.187238e+06	1.575000e+03	3.181893e+06	1.575000e+03	3.186634e+06	1.575000e+03	3.203900e+06	1.575000e+03	3.177892e+06	1.575000e+03	3.209240e+06	1.575000e+03	3.203055e+06	1.575000e+03	3.189113e+06	1.575000e+03	3.199213e+06	1.575000e+03	3.187783e+06	1.575000e+03	3.172698e+06	1.575000e+03	3.204143e+06	1.575000e+03	3.195869e+06	1.575000e+03	3.191566e+06	1.575000e+03	3.192009e+06	1.575000e+03	3.200653e+06	1.575000e+03	3.202819e+06	1.575000e+03	3.193066e+06	1.575000e+03	3.201472e+06	1.575000e+03	3.170467e+06	1.575000e+03	3.188504e+06	1.575000e+03	3.187921e+06	1.575000e+03	3.171052e+06	1.575000e+03	3.199248e+06	1.575000e+03	3.193099e+06	1.575000e+03	3.180786e+06	1.575000e+03	3.188607e+06	1.575000e+03	3.178321e+06	1.575000e+03	3.199007e+06
1.580000e+03	3.094335e+06	1.580000e+03	3.099474e+06	1.580000e+03	3.073852e+06	1.580000e+03	3.063584e+06	1.580000e+03	3.060888e+06	1.580000e+03	3.036082e+06	1.580000e+03	3.037687e+06	1.580000e+03	3.035142e+06	1.580000e+03	3.032450e+06	1.580000e+03	3.025440e+06	1.580000e+03	3.015560e+06	1.580000e+03	3.023548e+06	1.580000e+03	3.023448e+06	1.580000e+03	3.016050e+06	1.580000e+03	3.041624e+06	1.580000e+03	3.013486e+06	1.580000e+03	3.042131e+06	1.580000e+03	3.039311e+06	1.580000e+03	3.022675e+06	1.580000e+03	3.024254e+06	1.580000e+03	3.023286e+06	1.580000e+03	3.028799e+06	1.580000e+03	3.031592e+06	1.580000e+03	3.021935e+06	1.580000e+03	3.006479e+06	1.580000e+03	3.028897e+06	1.580000e+03	3.017928e+06	1.580000e+03	3.013183e+06	1.580000e+03	3.005382e+06	1.580000e+03	3.014855e+06	1.580000e+03	3.020747e+06	1.580000e+03	3.020478e+06	1.580000e+03	3.015000e+06	1.580000e+03	3.023134e+06	1.580000e+03	3.039022e+06	1.580000e+03	3.026725e+06	1.580000e+03	3.009247e+06	1.580000e+03	3.045393e+06	1.580000e+03	3.022276e+06	1.580000e+03	3.052667e+06	1.580000e+03	3.049362e+06	1.580000e+03	3.049793e+06	1.580000e+03	3.039024e+06	1.580000e+03	3.027515e+06	1.580000e+03	3.050804e+06	1.580000e+03	3.038811e+06	1.580000e+03	3.050901e+06	1.580000e+03	3.059691e+06	1.580000e+03	3.092303e+06	1.580000e+03	3.077632e+06	1.580000e+03	3.083341e+06	1.580000e+03	3.068788e+06	1.580000e+03	3.074092e+06	1.580000e+03	3.078955e+06	1.580000e+03	3.070449e+06	1.580000e+03	3.085308e+06	1.580000e+03	3.079646e+06	1.580000e+03	3.084902e+06	1.580000e+03	3.094572e+06	1.580000e+03	3.091866e+06	1.580000e+03	3.092827e+06	1.580000e+03	3.094689e+06	1.580000e+03	3.109388e+06	1.580000e+03	3.071790e+06	1.580000e+03	3.078890e+06	1.580000e+03	3.095503e+06	1.580000e+03	3.084029e+06	1.580000e+03	3.086535e+06	1.580000e+03	3.086225e+06	1.580000e+03	3.107250e+06	1.580000e+03	3.069002e+06	1.580000e+03	3.092074e+06	1.580000e+03	3.103426e+06	1.580000e+03	3.101390e+06	1.580000e+03	3.110417e+06	1.580000e+03	3.117533e+06	1.580000e+03	3.114782e+06	1.580000e+03	3.103794e+06	1.580000e+03	3.099105e+06	1.580000e+03	3.106561e+06	1.580000e+03	3.100009e+06	1.580000e+03	3.105944e+06	1.580000e+03	3.109599e+06	1.580000e+03	3.123415e+06	1.580000e+03	3.103720e+06	1.580000e+03	3.100263e+06	1.580000e+03	3.104932e+06	1.580000e+03	3.121985e+06	1.580000e+03	3.109251e+06	1.580000e+03	3.107696e+06	1.580000e+03	3.119205e+06	1.580000e+03	3.125129e+06	1.580000e+03	3.113086e+06	1.580000e+03	3.166781e+06	1.580000e+03	3.124885e+06	1.580000e+03	3.119513e+06	1.580000e+03	3.124791e+06	1.580000e+03	3.110263e+06	1.580000e+03	3.134550e+06	1.580000e+03	3.127628e+06	1.580000e+03	3.169735e+06	1.580000e+03	3.145812e+06	1.580000e+03	3.118758e+06	1.580000e+03	3.112547e+06	1.580000e+03	3.129159e+06	1.580000e+03	3.107074e+06	1.580000e+03	3.105606e+06	1.580000e+03	3.118683e+06	1.580000e+03	3.137992e+06	1.580000e+03	3.147034e+06	1.580000e+03	3.134413e+06	1.580000e+03	3.137279e+06	1.580000e+03	3.129817e+06	1.580000e+03	3.117249e+06	1.580000e+03	3.130483e+06	1.580000e+03	3.140152e+06	1.580000e+03	3.124021e+06	1.580000e+03	3.106447e+06	1.580000e+03	3.092865e+06	1.580000e+03	3.115296e+06	1.580000e+03	3.113783e+06	1.580000e+03	3.119028e+06	1.580000e+03	3.134547e+06	1.580000e+03	3.138258e+06	1.580000e+03	3.127851e+06	1.580000e+03	3.108907e+06	1.580000e+03	3.116065e+06	1.580000e+03	3.117194e+06	1.580000e+03	3.143560e+06	1.580000e+03	3.114729e+06	1.580000e+03	3.114851e+06	1.580000e+03	3.129544e+06	1.580000e+03	3.114998e+06	1.580000e+03	3.128807e+06	1.580000e+03	3.113570e+06	1.580000e+03	3.108582e+06	1.580000e+03	3.129601e+06	1.580000e+03	3.119072e+06	1.580000e+03	3.109665e+06	1.580000e+03	3.083834e+06	1.580000e+03	3.118135e+06	1.580000e+03	3.133532e+06	1.580000e+03	3.138637e+06	1.580000e+03	3.134475e+06	1.580000e+03	3.138552e+06	1.580000e+03	3.132960e+06	1.580000e+03	3.125533e+06	1.580000e+03	3.152737e+06	1.580000e+03	3.132141e+06	1.580000e+03	3.132392e+06	1.580000e+03	3.119938e+06	1.580000e+03	3.145796e+06	1.580000e+03	3.129915e+06	1.580000e+03	3.134066e+06	1.580000e+03	3.144416e+06	1.580000e+03	3.133562e+06	1.580000e+03	3.139194e+06	1.580000e+03	3.148375e+06	1.580000e+03	3.138591e+06	1.580000e+03	3.149530e+06	1.580000e+03	3.151863e+06	1.580000e+03	3.134404e+06	1.580000e+03	3.141593e+06	1.580000e+03	3.146803e+06	1.580000e+03	3.148456e+06	1.580000e+03	3.154168e+06	1.580000e+03	3.140579e+06	1.580000e+03	3.159936e+06	1.580000e+03	3.148936e+06	1.580000e+03	3.169491e+06	1.580000e+03	3.165397e+06	1.580000e+03	3.141950e+06	1.580000e+03	3.150268e+06	1.580000e+03	3.159708e+06	1.580000e+03	3.138718e+06	1.580000e+03	3.158057e+06	1.580000e+03	3.136489e+06	1.580000e+03	3.150480e+06	1.580000e+03	3.161484e+06	1.580000e+03	3.150903e+06	1.580000e+03	3.159618e+06	1.580000e+03	3.151034e+06	1.580000e+03	3.156531e+06	1.580000e+03	3.173992e+06	1.580000e+03	3.172434e+06	1.580000e+03	3.150728e+06	1.580000e+03	3.151803e+06	1.580000e+03	3.162412e+06	1.580000e+03	3.160109e+06	1.580000e+03	3.163428e+06	1.580000e+03	3.152709e+06	1.580000e+03	3.179786e+06	1.580000e+03	3.156492e+06	1.580000e+03	3.163450e+06	1.580000e+03	3.175861e+06	1.580000e+03	3.153891e+06	1.580000e+03	3.148863e+06	1.580000e+03	3.162513e+06	1.580000e+03	3.148554e+06	1.580000e+03	3.162765e+06	1.580000e+03	3.150079e+06	1.580000e+03	3.173152e+06	1.580000e+03	3.151509e+06	1.580000e+03	3.162318e+06	1.580000e+03	3.139398e+06	1.580000e+03	3.150621e+06	1.580000e+03	3.139497e+06	1.580000e+03	3.171252e+06	1.580000e+03	3.170051e+06	1.580000e+03	3.183656e+06	1.580000e+03	3.151884e+06	1.580000e+03	3.160257e+06	1.580000e+03	3.143327e+06	1.580000e+03	3.139375e+06	1.580000e+03	3.159074e+06	1.580000e+03	3.163914e+06	1.580000e+03	3.171185e+06	1.580000e+03	3.156822e+06	1.580000e+03	3.181854e+06	1.580000e+03	3.171866e+06	1.580000e+03	3.142646e+06	1.580000e+03	3.162110e+06	1.580000e+03	3.168194e+06	1.580000e+03	3.149708e+06	1.580000e+03	3.142194e+06	1.580000e+03	3.166015e+06	1.580000e+03	3.144746e+06	1.580000e+03	3.150979e+06	1.580000e+03	3.148814e+06	1.580000e+03	3.165051e+06	1.580000e+03	3.156631e+06	1.580000e+03	3.147112e+06	1.580000e+03	3.163460e+06	1.580000e+03	3.154923e+06	1.580000e+03	3.153704e+06	1.580000e+03	3.168611e+06	1.580000e+03	3.164838e+06	1.580000e+03	3.179253e+06	1.580000e+03	3.146946e+06	1.580000e+03	3.168045e+06	1.580000e+03	3.177916e+06	1.580000e+03	3.159154e+06	1.580000e+03	3.156288e+06	1.580000e+03	3.157094e+06	1.580000e+03	3.162820e+06	1.580000e+03	3.157392e+06	1.580000e+03	3.161780e+06	1.580000e+03	3.153094e+06	1.580000e+03	3.130309e+06	1.580000e+03	3.161467e+06	1.580000e+03	3.162088e+06	1.580000e+03	3.173685e+06	1.580000e+03	3.173910e+06	1.580000e+03	3.179424e+06	1.580000e+03	3.170574e+06	1.580000e+03	3.180585e+06	1.580000e+03	3.185368e+06	1.580000e+03	3.177953e+06	1.580000e+03	3.131900e+06	1.580000e+03	3.162999e+06	1.580000e+03	3.165117e+06	1.580000e+03	3.172790e+06	1.580000e+03	3.165816e+06	1.580000e+03	3.184908e+06	1.580000e+03	3.178261e+06	1.580000e+03	3.180587e+06	1.580000e+03	3.186134e+06	1.580000e+03	3.165779e+06	1.580000e+03	3.178897e+06	1.580000e+03	3.184136e+06	1.580000e+03	3.173807e+06	1.580000e+03	3.163653e+06	1.580000e+03	3.161626e+06	1.580000e+03	3.180598e+06	1.580000e+03	3.182561e+06	1.580000e+03	3.184469e+06	1.580000e+03	3.180546e+06	1.580000e+03	3.180540e+06	1.580000e+03	3.164475e+06	1.580000e+03	3.204778e+06	1.580000e+03	3.200076e+06	1.580000e+03	3.179153e+06	1.580000e+03	3.186963e+06	1.580000e+03	3.183947e+06	1.580000e+03	3.169509e+06	1.580000e+03	3.186929e+06	1.580000e+03	3.180733e+06	1.580000e+03	3.189783e+06	1.580000e+03	3.200418e+06	1.580000e+03	3.180969e+06	1.580000e+03	3.201642e+06	1.580000e+03	3.197172e+06	1.580000e+03	3.188292e+06	1.580000e+03	3.205810e+06	1.580000e+03	3.182491e+06	1.580000e+03	3.183448e+06	1.580000e+03	3.203272e+06	1.580000e+03	3.192989e+06	1.580000e+03	3.194888e+06	1.580000e+03	3.186776e+06	1.580000e+03	3.206867e+06	1.580000e+03	3.196239e+06	1.580000e+03	3.194740e+06	1.580000e+03	3.201958e+06	1.580000e+03	3.167310e+06	1.580000e+03	3.186904e+06	1.580000e+03	3.183665e+06	1.580000e+03	3.173284e+06	1.580000e+03	3.206722e+06	1.580000e+03	3.189246e+06	1.580000e+03	3.181237e+06	1.580000e+03	3.189698e+06	1.580000e+03	3.181425e+06	1.580000e+03	3.197121e+06
1.585000e+03	3.098130e+06	1.585000e+03	3.093538e+06	1.585000e+03	3.068568e+06	1.585000e+03	3.060088e+06	1.585000e+03	3.064023e+06	1.585000e+03	3.039373e+06	1.585000e+03	3.036746e+06	1.585000e+03	3.028543e+06	1.585000e+03	3.033070e+06	1.585000e+03	3.029575e+06	1.585000e+03	3.023081e+06	1.585000e+03	3.020150e+06	1.585000e+03	3.023222e+06	1.585000e+03	3.015488e+06	1.585000e+03	3.044271e+06	1.585000e+03	3.010708e+06	1.585000e+03	3.036941e+06	1.585000e+03	3.036451e+06	1.585000e+03	3.020600e+06	1.585000e+03	3.025718e+06	1.585000e+03	3.017278e+06	1.585000e+03	3.019586e+06	1.585000e+03	3.028348e+06	1.585000e+03	3.018708e+06	1.585000e+03	3.004633e+06	1.585000e+03	3.024611e+06	1.585000e+03	3.008611e+06	1.585000e+03	3.015214e+06	1.585000e+03	3.011315e+06	1.585000e+03	3.013838e+06	1.585000e+03	3.013824e+06	1.585000e+03	3.020790e+06	1.585000e+03	3.012461e+06	1.585000e+03	3.014115e+06	1.585000e+03	3.021763e+06	1.585000e+03	3.007310e+06	1.585000e+03	3.012816e+06	1.585000e+03	3.041857e+06	1.585000e+03	3.022126e+06	1.585000e+03	3.047340e+06	1.585000e+03	3.032891e+06	1.585000e+03	3.041466e+06	1.585000e+03	3.035212e+06	1.585000e+03	3.038688e+06	1.585000e+03	3.050407e+06	1.585000e+03	3.037664e+06	1.585000e+03	3.047414e+06	1.585000e+03	3.054637e+06	1.585000e+03	3.098111e+06	1.585000e+03	3.072119e+06	1.585000e+03	3.076297e+06	1.585000e+03	3.058624e+06	1.585000e+03	3.072692e+06	1.585000e+03	3.079644e+06	1.585000e+03	3.069282e+06	1.585000e+03	3.075865e+06	1.585000e+03	3.085178e+06	1.585000e+03	3.082452e+06	1.585000e+03	3.095559e+06	1.585000e+03	3.094707e+06	1.585000e+03	3.083853e+06	1.585000e+03	3.089849e+06	1.585000e+03	3.112802e+06	1.585000e+03	3.070842e+06	1.585000e+03	3.076846e+06	1.585000e+03	3.092088e+06	1.585000e+03	3.083018e+06	1.585000e+03	3.080389e+06	1.585000e+03	3.084750e+06	1.585000e+03	3.106903e+06	1.585000e+03	3.065895e+06	1.585000e+03	3.091532e+06	1.585000e+03	3.109397e+06	1.585000e+03	3.103695e+06	1.585000e+03	3.102125e+06	1.585000e+03	3.111269e+06	1.585000e+03	3.119344e+06	1.585000e+03	3.102456e+06	1.585000e+03	3.103858e+06	1.585000e+03	3.111766e+06	1.585000e+03	3.104695e+06	1.585000e+03	3.107058e+06	1.585000e+03	3.107730e+06	1.585000e+03	3.132415e+06	1.585000e+03	3.103811e+06	1.585000e+03	3.098155e+06	1.585000e+03	3.108214e+06	1.585000e+03	3.117540e+06	1.585000e+03	3.110396e+06	1.585000e+03	3.106004e+06	1.585000e+03	3.125247e+06	1.585000e+03	3.132383e+06	1.585000e+03	3.108581e+06	1.585000e+03	3.164563e+06	1.585000e+03	3.119735e+06	1.585000e+03	3.115531e+06	1.585000e+03	3.119336e+06	1.585000e+03	3.116703e+06	1.585000e+03	3.131789e+06	1.585000e+03	3.123937e+06	1.585000e+03	3.174859e+06	1.585000e+03	3.141494e+06	1.585000e+03	3.121388e+06	1.585000e+03	3.116456e+06	1.585000e+03	3.130897e+06	1.585000e+03	3.120726e+06	1.585000e+03	3.105746e+06	1.585000e+03	3.111728e+06	1.585000e+03	3.134378e+06	1.585000e+03	3.138910e+06	1.585000e+03	3.142454e+06	1.585000e+03	3.133297e+06	1.585000e+03	3.131029e+06	1.585000e+03	3.123767e+06	1.585000e+03	3.132043e+06	1.585000e+03	3.141253e+06	1.585000e+03	3.119108e+06	1.585000e+03	3.105582e+06	1.585000e+03	3.097795e+06	1.585000e+03	3.114737e+06	1.585000e+03	3.117330e+06	1.585000e+03	3.125463e+06	1.585000e+03	3.126494e+06	1.585000e+03	3.133543e+06	1.585000e+03	3.124904e+06	1.585000e+03	3.105181e+06	1.585000e+03	3.119847e+06	1.585000e+03	3.139268e+06	1.585000e+03	3.139360e+06	1.585000e+03	3.122676e+06	1.585000e+03	3.104845e+06	1.585000e+03	3.122228e+06	1.585000e+03	3.110703e+06	1.585000e+03	3.130606e+06	1.585000e+03	3.115419e+06	1.585000e+03	3.116069e+06	1.585000e+03	3.134742e+06	1.585000e+03	3.125433e+06	1.585000e+03	3.100848e+06	1.585000e+03	3.079660e+06	1.585000e+03	3.115721e+06	1.585000e+03	3.134413e+06	1.585000e+03	3.133914e+06	1.585000e+03	3.139761e+06	1.585000e+03	3.137533e+06	1.585000e+03	3.150336e+06	1.585000e+03	3.117905e+06	1.585000e+03	3.152477e+06	1.585000e+03	3.130589e+06	1.585000e+03	3.132482e+06	1.585000e+03	3.131752e+06	1.585000e+03	3.154813e+06	1.585000e+03	3.127961e+06	1.585000e+03	3.131123e+06	1.585000e+03	3.150038e+06	1.585000e+03	3.134697e+06	1.585000e+03	3.145328e+06	1.585000e+03	3.156765e+06	1.585000e+03	3.141692e+06	1.585000e+03	3.157272e+06	1.585000e+03	3.151328e+06	1.585000e+03	3.139641e+06	1.585000e+03	3.143806e+06	1.585000e+03	3.146080e+06	1.585000e+03	3.153346e+06	1.585000e+03	3.144788e+06	1.585000e+03	3.136196e+06	1.585000e+03	3.162955e+06	1.585000e+03	3.149001e+06	1.585000e+03	3.157911e+06	1.585000e+03	3.161813e+06	1.585000e+03	3.148921e+06	1.585000e+03	3.153387e+06	1.585000e+03	3.155186e+06	1.585000e+03	3.139563e+06	1.585000e+03	3.157135e+06	1.585000e+03	3.149755e+06	1.585000e+03	3.147158e+06	1.585000e+03	3.154556e+06	1.585000e+03	3.156326e+06	1.585000e+03	3.164204e+06	1.585000e+03	3.147205e+06	1.585000e+03	3.157942e+06	1.585000e+03	3.170548e+06	1.585000e+03	3.171558e+06	1.585000e+03	3.149868e+06	1.585000e+03	3.154463e+06	1.585000e+03	3.152604e+06	1.585000e+03	3.156672e+06	1.585000e+03	3.161677e+06	1.585000e+03	3.153312e+06	1.585000e+03	3.173726e+06	1.585000e+03	3.158108e+06	1.585000e+03	3.166408e+06	1.585000e+03	3.167546e+06	1.585000e+03	3.151395e+06	1.585000e+03	3.150191e+06	1.585000e+03	3.161586e+06	1.585000e+03	3.145689e+06	1.585000e+03	3.167375e+06	1.585000e+03	3.154321e+06	1.585000e+03	3.173689e+06	1.585000e+03	3.146731e+06	1.585000e+03	3.161227e+06	1.585000e+03	3.139001e+06	1.585000e+03	3.146753e+06	1.585000e+03	3.134909e+06	1.585000e+03	3.162649e+06	1.585000e+03	3.176754e+06	1.585000e+03	3.184070e+06	1.585000e+03	3.145464e+06	1.585000e+03	3.168018e+06	1.585000e+03	3.146221e+06	1.585000e+03	3.138389e+06	1.585000e+03	3.157994e+06	1.585000e+03	3.165769e+06	1.585000e+03	3.170626e+06	1.585000e+03	3.159445e+06	1.585000e+03	3.180756e+06	1.585000e+03	3.170759e+06	1.585000e+03	3.142637e+06	1.585000e+03	3.167007e+06	1.585000e+03	3.158824e+06	1.585000e+03	3.152720e+06	1.585000e+03	3.142644e+06	1.585000e+03	3.161140e+06	1.585000e+03	3.147247e+06	1.585000e+03	3.147198e+06	1.585000e+03	3.147187e+06	1.585000e+03	3.160434e+06	1.585000e+03	3.157040e+06	1.585000e+03	3.142412e+06	1.585000e+03	3.163228e+06	1.585000e+03	3.154023e+06	1.585000e+03	3.159493e+06	1.585000e+03	3.163665e+06	1.585000e+03	3.161347e+06	1.585000e+03	3.175402e+06	1.585000e+03	3.147083e+06	1.585000e+03	3.168608e+06	1.585000e+03	3.172479e+06	1.585000e+03	3.163693e+06	1.585000e+03	3.161118e+06	1.585000e+03	3.156749e+06	1.585000e+03	3.152620e+06	1.585000e+03	3.164448e+06	1.585000e+03	3.155571e+06	1.585000e+03	3.145786e+06	1.585000e+03	3.129571e+06	1.585000e+03	3.160015e+06	1.585000e+03	3.158318e+06	1.585000e+03	3.168516e+06	1.585000e+03	3.176031e+06	1.585000e+03	3.180890e+06	1.585000e+03	3.162211e+06	1.585000e+03	3.169010e+06	1.585000e+03	3.180082e+06	1.585000e+03	3.180016e+06	1.585000e+03	3.136307e+06	1.585000e+03	3.159919e+06	1.585000e+03	3.160714e+06	1.585000e+03	3.175216e+06	1.585000e+03	3.178176e+06	1.585000e+03	3.179553e+06	1.585000e+03	3.186275e+06	1.585000e+03	3.183173e+06	1.585000e+03	3.194381e+06	1.585000e+03	3.168562e+06	1.585000e+03	3.180942e+06	1.585000e+03	3.175375e+06	1.585000e+03	3.177126e+06	1.585000e+03	3.168404e+06	1.585000e+03	3.157604e+06	1.585000e+03	3.175942e+06	1.585000e+03	3.186226e+06	1.585000e+03	3.181791e+06	1.585000e+03	3.180563e+06	1.585000e+03	3.185342e+06	1.585000e+03	3.171503e+06	1.585000e+03	3.202911e+06	1.585000e+03	3.198101e+06	1.585000e+03	3.187290e+06	1.585000e+03	3.189882e+06	1.585000e+03	3.184017e+06	1.585000e+03	3.169456e+06	1.585000e+03	3.187586e+06	1.585000e+03	3.183307e+06	1.585000e+03	3.187366e+06	1.585000e+03	3.200071e+06	1.585000e+03	3.177273e+06	1.585000e+03	3.205324e+06	1.585000e+03	3.198186e+06	1.585000e+03	3.189996e+06	1.585000e+03	3.199313e+06	1.585000e+03	3.184581e+06	1.585000e+03	3.182334e+06	1.585000e+03	3.205823e+06	1.585000e+03	3.197812e+06	1.585000e+03	3.189686e+06	1.585000e+03	3.193917e+06	1.585000e+03	3.207815e+06	1.585000e+03	3.197530e+06	1.585000e+03	3.203065e+06	1.585000e+03	3.196905e+06	1.585000e+03	3.170131e+06	1.585000e+03	3.183965e+06	1.585000e+03	3.190679e+06	1.585000e+03	3.166085e+06	1.585000e+03	3.200756e+06	1.585000e+03	3.177080e+06	1.585000e+03	3.180755e+06	1.585000e+03	3.199677e+06	1.585000e+03	3.186502e+06	1.585000e+03	3.199405e+06
1.590000e+03	3.096974e+06	1.590000e+03	3.086498e+06	1.590000e+03	3.076727e+06	1.590000e+03	3.059279e+06	1.590000e+03	3.060930e+06	1.590000e+03	3.043480e+06	1.590000e+03	3.039336e+06	1.590000e+03	3.034356e+06	1.590000e+03	3.030758e+06	1.590000e+03	3.019666e+06	1.590000e+03	3.021627e+06	1.590000e+03	3.017928e+06	1.590000e+03	3.023694e+06	1.590000e+03	3.013253e+06	1.590000e+03	3.042960e+06	1.590000e+03	3.007546e+06	1.590000e+03	3.041577e+06	1.590000e+03	3.034427e+06	1.590000e+03	3.016072e+06	1.590000e+03	3.027739e+06	1.590000e+03	3.010145e+06	1.590000e+03	3.019112e+06	1.590000e+03	3.033700e+06	1.590000e+03	3.017611e+06	1.590000e+03	3.012290e+06	1.590000e+03	3.024565e+06	1.590000e+03	3.013711e+06	1.590000e+03	3.021359e+06	1.590000e+03	3.012503e+06	1.590000e+03	3.024531e+06	1.590000e+03	3.021045e+06	1.590000e+03	2.999024e+06	1.590000e+03	3.015704e+06	1.590000e+03	3.015988e+06	1.590000e+03	3.012090e+06	1.590000e+03	3.017249e+06	1.590000e+03	3.007670e+06	1.590000e+03	3.041002e+06	1.590000e+03	3.024566e+06	1.590000e+03	3.050631e+06	1.590000e+03	3.040038e+06	1.590000e+03	3.047171e+06	1.590000e+03	3.030008e+06	1.590000e+03	3.036206e+06	1.590000e+03	3.054234e+06	1.590000e+03	3.040356e+06	1.590000e+03	3.047946e+06	1.590000e+03	3.059417e+06	1.590000e+03	3.104712e+06	1.590000e+03	3.072099e+06	1.590000e+03	3.076451e+06	1.590000e+03	3.054050e+06	1.590000e+03	3.071906e+06	1.590000e+03	3.077148e+06	1.590000e+03	3.074087e+06	1.590000e+03	3.072920e+06	1.590000e+03	3.101825e+06	1.590000e+03	3.091964e+06	1.590000e+03	3.087141e+06	1.590000e+03	3.098396e+06	1.590000e+03	3.078519e+06	1.590000e+03	3.094608e+06	1.590000e+03	3.096319e+06	1.590000e+03	3.066136e+06	1.590000e+03	3.075504e+06	1.590000e+03	3.095053e+06	1.590000e+03	3.085860e+06	1.590000e+03	3.087668e+06	1.590000e+03	3.089076e+06	1.590000e+03	3.108921e+06	1.590000e+03	3.067825e+06	1.590000e+03	3.099732e+06	1.590000e+03	3.112106e+06	1.590000e+03	3.104309e+06	1.590000e+03	3.104429e+06	1.590000e+03	3.115231e+06	1.590000e+03	3.119588e+06	1.590000e+03	3.098931e+06	1.590000e+03	3.110590e+06	1.590000e+03	3.109884e+06	1.590000e+03	3.096365e+06	1.590000e+03	3.113827e+06	1.590000e+03	3.100456e+06	1.590000e+03	3.137365e+06	1.590000e+03	3.116161e+06	1.590000e+03	3.094314e+06	1.590000e+03	3.106607e+06	1.590000e+03	3.113602e+06	1.590000e+03	3.122649e+06	1.590000e+03	3.101618e+06	1.590000e+03	3.119375e+06	1.590000e+03	3.127573e+06	1.590000e+03	3.108707e+06	1.590000e+03	3.160450e+06	1.590000e+03	3.119795e+06	1.590000e+03	3.117392e+06	1.590000e+03	3.120073e+06	1.590000e+03	3.110608e+06	1.590000e+03	3.136066e+06	1.590000e+03	3.119381e+06	1.590000e+03	3.172857e+06	1.590000e+03	3.138556e+06	1.590000e+03	3.121622e+06	1.590000e+03	3.117311e+06	1.590000e+03	3.126363e+06	1.590000e+03	3.125004e+06	1.590000e+03	3.110224e+06	1.590000e+03	3.111523e+06	1.590000e+03	3.134633e+06	1.590000e+03	3.133530e+06	1.590000e+03	3.138094e+06	1.590000e+03	3.127367e+06	1.590000e+03	3.128123e+06	1.590000e+03	3.134274e+06	1.590000e+03	3.142464e+06	1.590000e+03	3.142523e+06	1.590000e+03	3.119823e+06	1.590000e+03	3.111490e+06	1.590000e+03	3.096097e+06	1.590000e+03	3.119677e+06	1.590000e+03	3.119309e+06	1.590000e+03	3.119548e+06	1.590000e+03	3.126281e+06	1.590000e+03	3.128629e+06	1.590000e+03	3.134481e+06	1.590000e+03	3.101948e+06	1.590000e+03	3.122003e+06	1.590000e+03	3.142271e+06	1.590000e+03	3.139755e+06	1.590000e+03	3.120544e+06	1.590000e+03	3.101488e+06	1.590000e+03	3.123409e+06	1.590000e+03	3.113068e+06	1.590000e+03	3.132860e+06	1.590000e+03	3.110049e+06	1.590000e+03	3.114949e+06	1.590000e+03	3.130898e+06	1.590000e+03	3.130626e+06	1.590000e+03	3.106533e+06	1.590000e+03	3.087712e+06	1.590000e+03	3.107697e+06	1.590000e+03	3.142508e+06	1.590000e+03	3.137251e+06	1.590000e+03	3.154012e+06	1.590000e+03	3.127076e+06	1.590000e+03	3.128851e+06	1.590000e+03	3.119204e+06	1.590000e+03	3.139180e+06	1.590000e+03	3.131656e+06	1.590000e+03	3.129889e+06	1.590000e+03	3.124109e+06	1.590000e+03	3.158989e+06	1.590000e+03	3.128661e+06	1.590000e+03	3.130522e+06	1.590000e+03	3.142192e+06	1.590000e+03	3.137130e+06	1.590000e+03	3.139301e+06	1.590000e+03	3.156649e+06	1.590000e+03	3.142057e+06	1.590000e+03	3.154895e+06	1.590000e+03	3.153417e+06	1.590000e+03	3.140886e+06	1.590000e+03	3.140773e+06	1.590000e+03	3.156238e+06	1.590000e+03	3.154662e+06	1.590000e+03	3.145312e+06	1.590000e+03	3.133493e+06	1.590000e+03	3.151640e+06	1.590000e+03	3.144667e+06	1.590000e+03	3.155536e+06	1.590000e+03	3.161062e+06	1.590000e+03	3.153838e+06	1.590000e+03	3.145952e+06	1.590000e+03	3.160370e+06	1.590000e+03	3.137179e+06	1.590000e+03	3.174358e+06	1.590000e+03	3.151897e+06	1.590000e+03	3.150049e+06	1.590000e+03	3.155039e+06	1.590000e+03	3.152064e+06	1.590000e+03	3.164383e+06	1.590000e+03	3.147836e+06	1.590000e+03	3.157523e+06	1.590000e+03	3.171717e+06	1.590000e+03	3.173666e+06	1.590000e+03	3.155149e+06	1.590000e+03	3.158950e+06	1.590000e+03	3.155386e+06	1.590000e+03	3.171705e+06	1.590000e+03	3.162845e+06	1.590000e+03	3.155204e+06	1.590000e+03	3.173590e+06	1.590000e+03	3.155491e+06	1.590000e+03	3.159683e+06	1.590000e+03	3.164129e+06	1.590000e+03	3.156822e+06	1.590000e+03	3.156232e+06	1.590000e+03	3.167654e+06	1.590000e+03	3.145042e+06	1.590000e+03	3.165326e+06	1.590000e+03	3.152362e+06	1.590000e+03	3.175249e+06	1.590000e+03	3.143464e+06	1.590000e+03	3.160736e+06	1.590000e+03	3.141368e+06	1.590000e+03	3.148203e+06	1.590000e+03	3.131385e+06	1.590000e+03	3.162764e+06	1.590000e+03	3.169784e+06	1.590000e+03	3.180099e+06	1.590000e+03	3.151430e+06	1.590000e+03	3.166597e+06	1.590000e+03	3.142124e+06	1.590000e+03	3.141970e+06	1.590000e+03	3.153595e+06	1.590000e+03	3.165613e+06	1.590000e+03	3.164277e+06	1.590000e+03	3.163316e+06	1.590000e+03	3.165952e+06	1.590000e+03	3.168109e+06	1.590000e+03	3.139990e+06	1.590000e+03	3.167552e+06	1.590000e+03	3.163596e+06	1.590000e+03	3.155281e+06	1.590000e+03	3.147365e+06	1.590000e+03	3.158462e+06	1.590000e+03	3.148631e+06	1.590000e+03	3.137668e+06	1.590000e+03	3.147480e+06	1.590000e+03	3.158772e+06	1.590000e+03	3.147588e+06	1.590000e+03	3.139743e+06	1.590000e+03	3.162058e+06	1.590000e+03	3.149510e+06	1.590000e+03	3.157123e+06	1.590000e+03	3.162900e+06	1.590000e+03	3.158671e+06	1.590000e+03	3.172407e+06	1.590000e+03	3.142365e+06	1.590000e+03	3.168550e+06	1.590000e+03	3.178047e+06	1.590000e+03	3.160976e+06	1.590000e+03	3.166590e+06	1.590000e+03	3.164908e+06	1.590000e+03	3.166344e+06	1.590000e+03	3.158740e+06	1.590000e+03	3.163185e+06	1.590000e+03	3.148927e+06	1.590000e+03	3.130007e+06	1.590000e+03	3.162397e+06	1.590000e+03	3.152596e+06	1.590000e+03	3.171789e+06	1.590000e+03	3.172177e+06	1.590000e+03	3.175292e+06	1.590000e+03	3.159088e+06	1.590000e+03	3.159534e+06	1.590000e+03	3.163710e+06	1.590000e+03	3.174388e+06	1.590000e+03	3.137692e+06	1.590000e+03	3.157300e+06	1.590000e+03	3.161804e+06	1.590000e+03	3.176002e+06	1.590000e+03	3.174668e+06	1.590000e+03	3.183868e+06	1.590000e+03	3.182166e+06	1.590000e+03	3.187274e+06	1.590000e+03	3.186830e+06	1.590000e+03	3.173765e+06	1.590000e+03	3.177204e+06	1.590000e+03	3.181945e+06	1.590000e+03	3.172713e+06	1.590000e+03	3.167650e+06	1.590000e+03	3.162485e+06	1.590000e+03	3.179381e+06	1.590000e+03	3.183237e+06	1.590000e+03	3.179273e+06	1.590000e+03	3.181356e+06	1.590000e+03	3.178511e+06	1.590000e+03	3.172802e+06	1.590000e+03	3.195345e+06	1.590000e+03	3.197410e+06	1.590000e+03	3.188967e+06	1.590000e+03	3.189282e+06	1.590000e+03	3.193393e+06	1.590000e+03	3.181161e+06	1.590000e+03	3.185427e+06	1.590000e+03	3.182188e+06	1.590000e+03	3.195832e+06	1.590000e+03	3.201890e+06	1.590000e+03	3.174529e+06	1.590000e+03	3.201814e+06	1.590000e+03	3.196628e+06	1.590000e+03	3.189316e+06	1.590000e+03	3.196949e+06	1.590000e+03	3.186149e+06	1.590000e+03	3.190102e+06	1.590000e+03	3.205266e+06	1.590000e+03	3.193503e+06	1.590000e+03	3.191296e+06	1.590000e+03	3.201524e+06	1.590000e+03	3.204807e+06	1.590000e+03	3.205487e+06	1.590000e+03	3.199600e+06	1.590000e+03	3.208413e+06	1.590000e+03	3.172821e+06	1.590000e+03	3.186414e+06	1.590000e+03	3.191870e+06	1.590000e+03	3.166262e+06	1.590000e+03	3.198135e+06	1.590000e+03	3.175221e+06	1.590000e+03	3.179306e+06	1.590000e+03	3.202622e+06	1.590000e+03	3.188037e+06	1.590000e+03	3.198283e+06
1.595000e+03	3.102315e+06	1.595000e+03	3.084193e+06	1.595000e+03	3.079381e+06	1.595000e+03	3.051320e+06	1.595000e+03	3.068080e+06	1.595000e+03	3.036332e+06	1.595000e+03	3.039206e+06	1.595000e+03	3.031976e+06	1.595000e+03	3.036475e+06	1.595000e+03	3.032824e+06	1.595000e+03	3.016002e+06	1.595000e+03	3.027867e+06	1.595000e+03	3.040299e+06	1.595000e+03	3.014039e+06	1.595000e+03	3.045116e+06	1.595000e+03	3.007673e+06	1.595000e+03	3.037982e+06	1.595000e+03	3.035928e+06	1.595000e+03	3.017800e+06	1.595000e+03	3.032571e+06	1.595000e+03	3.006799e+06	1.595000e+03	3.015024e+06	1.595000e+03	3.033486e+06	1.595000e+03	3.018438e+06	1.595000e+03	3.014628e+06	1.595000e+03	3.020537e+06	1.595000e+03	3.019679e+06	1.595000e+03	3.018474e+06	1.595000e+03	3.013801e+06	1.595000e+03	3.036333e+06	1.595000e+03	3.020665e+06	1.595000e+03	2.996113e+06	1.595000e+03	3.013626e+06	1.595000e+03	3.018077e+06	1.595000e+03	3.021206e+06	1.595000e+03	3.009780e+06	1.595000e+03	3.015728e+06	1.595000e+03	3.057888e+06	1.595000e+03	3.026510e+06	1.595000e+03	3.056634e+06	1.595000e+03	3.041290e+06	1.595000e+03	3.042193e+06	1.595000e+03	3.033022e+06	1.595000e+03	3.038562e+06	1.595000e+03	3.053558e+06	1.595000e+03	3.045082e+06	1.595000e+03	3.048243e+06	1.595000e+03	3.057138e+06	1.595000e+03	3.097164e+06	1.595000e+03	3.085580e+06	1.595000e+03	3.078601e+06	1.595000e+03	3.058646e+06	1.595000e+03	3.075976e+06	1.595000e+03	3.086644e+06	1.595000e+03	3.071106e+06	1.595000e+03	3.078472e+06	1.595000e+03	3.105815e+06	1.595000e+03	3.088657e+06	1.595000e+03	3.091666e+06	1.595000e+03	3.096378e+06	1.595000e+03	3.087833e+06	1.595000e+03	3.100519e+06	1.595000e+03	3.090046e+06	1.595000e+03	3.069046e+06	1.595000e+03	3.079438e+06	1.595000e+03	3.091701e+06	1.595000e+03	3.094038e+06	1.595000e+03	3.092115e+06	1.595000e+03	3.096801e+06	1.595000e+03	3.113312e+06	1.595000e+03	3.068133e+06	1.595000e+03	3.100410e+06	1.595000e+03	3.106047e+06	1.595000e+03	3.103818e+06	1.595000e+03	3.105883e+06	1.595000e+03	3.110672e+06	1.595000e+03	3.110382e+06	1.595000e+03	3.101105e+06	1.595000e+03	3.102717e+06	1.595000e+03	3.102846e+06	1.595000e+03	3.089370e+06	1.595000e+03	3.110979e+06	1.595000e+03	3.105088e+06	1.595000e+03	3.125913e+06	1.595000e+03	3.111175e+06	1.595000e+03	3.097106e+06	1.595000e+03	3.109103e+06	1.595000e+03	3.122651e+06	1.595000e+03	3.124049e+06	1.595000e+03	3.103306e+06	1.595000e+03	3.117417e+06	1.595000e+03	3.130804e+06	1.595000e+03	3.107380e+06	1.595000e+03	3.156894e+06	1.595000e+03	3.120998e+06	1.595000e+03	3.118869e+06	1.595000e+03	3.105675e+06	1.595000e+03	3.110212e+06	1.595000e+03	3.141133e+06	1.595000e+03	3.113780e+06	1.595000e+03	3.167669e+06	1.595000e+03	3.142723e+06	1.595000e+03	3.121308e+06	1.595000e+03	3.114660e+06	1.595000e+03	3.130869e+06	1.595000e+03	3.125611e+06	1.595000e+03	3.102170e+06	1.595000e+03	3.118152e+06	1.595000e+03	3.128682e+06	1.595000e+03	3.127974e+06	1.595000e+03	3.145210e+06	1.595000e+03	3.130021e+06	1.595000e+03	3.116871e+06	1.595000e+03	3.129303e+06	1.595000e+03	3.139199e+06	1.595000e+03	3.140832e+06	1.595000e+03	3.120562e+06	1.595000e+03	3.103908e+06	1.595000e+03	3.096760e+06	1.595000e+03	3.125307e+06	1.595000e+03	3.121786e+06	1.595000e+03	3.117385e+06	1.595000e+03	3.120885e+06	1.595000e+03	3.122581e+06	1.595000e+03	3.137261e+06	1.595000e+03	3.111769e+06	1.595000e+03	3.125184e+06	1.595000e+03	3.134886e+06	1.595000e+03	3.143983e+06	1.595000e+03	3.118742e+06	1.595000e+03	3.105133e+06	1.595000e+03	3.126947e+06	1.595000e+03	3.116872e+06	1.595000e+03	3.129448e+06	1.595000e+03	3.107596e+06	1.595000e+03	3.120067e+06	1.595000e+03	3.130573e+06	1.595000e+03	3.125741e+06	1.595000e+03	3.110961e+06	1.595000e+03	3.102726e+06	1.595000e+03	3.114544e+06	1.595000e+03	3.148878e+06	1.595000e+03	3.137555e+06	1.595000e+03	3.149722e+06	1.595000e+03	3.143081e+06	1.595000e+03	3.122688e+06	1.595000e+03	3.125387e+06	1.595000e+03	3.142712e+06	1.595000e+03	3.129937e+06	1.595000e+03	3.128910e+06	1.595000e+03	3.127549e+06	1.595000e+03	3.156465e+06	1.595000e+03	3.125482e+06	1.595000e+03	3.128104e+06	1.595000e+03	3.144532e+06	1.595000e+03	3.141593e+06	1.595000e+03	3.149613e+06	1.595000e+03	3.142311e+06	1.595000e+03	3.138604e+06	1.595000e+03	3.154305e+06	1.595000e+03	3.148580e+06	1.595000e+03	3.139143e+06	1.595000e+03	3.139890e+06	1.595000e+03	3.160395e+06	1.595000e+03	3.145369e+06	1.595000e+03	3.152431e+06	1.595000e+03	3.138098e+06	1.595000e+03	3.178407e+06	1.595000e+03	3.155093e+06	1.595000e+03	3.156653e+06	1.595000e+03	3.159898e+06	1.595000e+03	3.157528e+06	1.595000e+03	3.149618e+06	1.595000e+03	3.158195e+06	1.595000e+03	3.142961e+06	1.595000e+03	3.169816e+06	1.595000e+03	3.157732e+06	1.595000e+03	3.149478e+06	1.595000e+03	3.163301e+06	1.595000e+03	3.146507e+06	1.595000e+03	3.171852e+06	1.595000e+03	3.140800e+06	1.595000e+03	3.155199e+06	1.595000e+03	3.163132e+06	1.595000e+03	3.173167e+06	1.595000e+03	3.154747e+06	1.595000e+03	3.154237e+06	1.595000e+03	3.164911e+06	1.595000e+03	3.170657e+06	1.595000e+03	3.163290e+06	1.595000e+03	3.156385e+06	1.595000e+03	3.179545e+06	1.595000e+03	3.159170e+06	1.595000e+03	3.149315e+06	1.595000e+03	3.156343e+06	1.595000e+03	3.161345e+06	1.595000e+03	3.151497e+06	1.595000e+03	3.170224e+06	1.595000e+03	3.155483e+06	1.595000e+03	3.170679e+06	1.595000e+03	3.149030e+06	1.595000e+03	3.178935e+06	1.595000e+03	3.148765e+06	1.595000e+03	3.160301e+06	1.595000e+03	3.136870e+06	1.595000e+03	3.152027e+06	1.595000e+03	3.132197e+06	1.595000e+03	3.165848e+06	1.595000e+03	3.176260e+06	1.595000e+03	3.178217e+06	1.595000e+03	3.151080e+06	1.595000e+03	3.163042e+06	1.595000e+03	3.150672e+06	1.595000e+03	3.142954e+06	1.595000e+03	3.152346e+06	1.595000e+03	3.161822e+06	1.595000e+03	3.168136e+06	1.595000e+03	3.164342e+06	1.595000e+03	3.164510e+06	1.595000e+03	3.176314e+06	1.595000e+03	3.149007e+06	1.595000e+03	3.174333e+06	1.595000e+03	3.151301e+06	1.595000e+03	3.164150e+06	1.595000e+03	3.141363e+06	1.595000e+03	3.162503e+06	1.595000e+03	3.147794e+06	1.595000e+03	3.140584e+06	1.595000e+03	3.141236e+06	1.595000e+03	3.162256e+06	1.595000e+03	3.149361e+06	1.595000e+03	3.142826e+06	1.595000e+03	3.170762e+06	1.595000e+03	3.157076e+06	1.595000e+03	3.154389e+06	1.595000e+03	3.166047e+06	1.595000e+03	3.163520e+06	1.595000e+03	3.170862e+06	1.595000e+03	3.138869e+06	1.595000e+03	3.167468e+06	1.595000e+03	3.171534e+06	1.595000e+03	3.164486e+06	1.595000e+03	3.170474e+06	1.595000e+03	3.160323e+06	1.595000e+03	3.166851e+06	1.595000e+03	3.157316e+06	1.595000e+03	3.164248e+06	1.595000e+03	3.147514e+06	1.595000e+03	3.130260e+06	1.595000e+03	3.164105e+06	1.595000e+03	3.151165e+06	1.595000e+03	3.169452e+06	1.595000e+03	3.173001e+06	1.595000e+03	3.176262e+06	1.595000e+03	3.162403e+06	1.595000e+03	3.168897e+06	1.595000e+03	3.162433e+06	1.595000e+03	3.172321e+06	1.595000e+03	3.142678e+06	1.595000e+03	3.157680e+06	1.595000e+03	3.163646e+06	1.595000e+03	3.171222e+06	1.595000e+03	3.177623e+06	1.595000e+03	3.185088e+06	1.595000e+03	3.181704e+06	1.595000e+03	3.181492e+06	1.595000e+03	3.185639e+06	1.595000e+03	3.180960e+06	1.595000e+03	3.173411e+06	1.595000e+03	3.178736e+06	1.595000e+03	3.186318e+06	1.595000e+03	3.173793e+06	1.595000e+03	3.162601e+06	1.595000e+03	3.187905e+06	1.595000e+03	3.180176e+06	1.595000e+03	3.177036e+06	1.595000e+03	3.180160e+06	1.595000e+03	3.181733e+06	1.595000e+03	3.174704e+06	1.595000e+03	3.198742e+06	1.595000e+03	3.200095e+06	1.595000e+03	3.183234e+06	1.595000e+03	3.192548e+06	1.595000e+03	3.190446e+06	1.595000e+03	3.173075e+06	1.595000e+03	3.184845e+06	1.595000e+03	3.188215e+06	1.595000e+03	3.198957e+06	1.595000e+03	3.200742e+06	1.595000e+03	3.169430e+06	1.595000e+03	3.201418e+06	1.595000e+03	3.193452e+06	1.595000e+03	3.190121e+06	1.595000e+03	3.203169e+06	1.595000e+03	3.188859e+06	1.595000e+03	3.195510e+06	1.595000e+03	3.205352e+06	1.595000e+03	3.202251e+06	1.595000e+03	3.189614e+06	1.595000e+03	3.193820e+06	1.595000e+03	3.194294e+06	1.595000e+03	3.201210e+06	1.595000e+03	3.192850e+06	1.595000e+03	3.205834e+06	1.595000e+03	3.169476e+06	1.595000e+03	3.183849e+06	1.595000e+03	3.193897e+06	1.595000e+03	3.167025e+06	1.595000e+03	3.193361e+06	1.595000e+03	3.167446e+06	1.595000e+03	3.180784e+06	1.595000e+03	3.214601e+06	1.595000e+03	3.190098e+06	1.595000e+03	3.197309e+06
1.600000e+03	3.106947e+06	1.600000e+03	3.089555e+06	1.600000e+03	3.075197e+06	1.600000e+03	3.060805e+06	1.600000e+03	3.064893e+06	1.600000e+03	3.038055e+06	1.600000e+03	3.042768e+06	1.600000e+03	3.034245e+06	1.600000e+03	3.037395e+06	1.600000e+03	3.033879e+06	1.600000e+03	3.012749e+06	1.600000e+03	3.026824e+06	1.600000e+03	3.042780e+06	1.600000e+03	3.020517e+06	1.600000e+03	3.035023e+06	1.600000e+03	3.025088e+06	1.600000e+03	3.037948e+06	1.600000e+03	3.034080e+06	1.600000e+03	3.013038e+06	1.600000e+03	3.032242e+06	1.600000e+03	3.006848e+06	1.600000e+03	3.011204e+06	1.600000e+03	3.027869e+06	1.600000e+03	3.013926e+06	1.600000e+03	3.008370e+06	1.600000e+03	3.019488e+06	1.600000e+03	3.024666e+06	1.600000e+03	3.020605e+06	1.600000e+03	3.011475e+06	1.600000e+03	3.037779e+06	1.600000e+03	3.026830e+06	1.600000e+03	3.003528e+06	1.600000e+03	3.016626e+06	1.600000e+03	3.013488e+06	1.600000e+03	3.028096e+06	1.600000e+03	3.006381e+06	1.600000e+03	3.022174e+06	1.600000e+03	3.053585e+06	1.600000e+03	3.035520e+06	1.600000e+03	3.062454e+06	1.600000e+03	3.040964e+06	1.600000e+03	3.045215e+06	1.600000e+03	3.033958e+06	1.600000e+03	3.040346e+06	1.600000e+03	3.055715e+06	1.600000e+03	3.053511e+06	1.600000e+03	3.059607e+06	1.600000e+03	3.058167e+06	1.600000e+03	3.110354e+06	1.600000e+03	3.076911e+06	1.600000e+03	3.076985e+06	1.600000e+03	3.060531e+06	1.600000e+03	3.066521e+06	1.600000e+03	3.081413e+06	1.600000e+03	3.065160e+06	1.600000e+03	3.083485e+06	1.600000e+03	3.081519e+06	1.600000e+03	3.088127e+06	1.600000e+03	3.098907e+06	1.600000e+03	3.100835e+06	1.600000e+03	3.086232e+06	1.600000e+03	3.097992e+06	1.600000e+03	3.090569e+06	1.600000e+03	3.075741e+06	1.600000e+03	3.081395e+06	1.600000e+03	3.083791e+06	1.600000e+03	3.094831e+06	1.600000e+03	3.097316e+06	1.600000e+03	3.101300e+06	1.600000e+03	3.110169e+06	1.600000e+03	3.068198e+06	1.600000e+03	3.103199e+06	1.600000e+03	3.115689e+06	1.600000e+03	3.101280e+06	1.600000e+03	3.107490e+06	1.600000e+03	3.118980e+06	1.600000e+03	3.100577e+06	1.600000e+03	3.103065e+06	1.600000e+03	3.098486e+06	1.600000e+03	3.108942e+06	1.600000e+03	3.096888e+06	1.600000e+03	3.100299e+06	1.600000e+03	3.108090e+06	1.600000e+03	3.121968e+06	1.600000e+03	3.108925e+06	1.600000e+03	3.096963e+06	1.600000e+03	3.125719e+06	1.600000e+03	3.127451e+06	1.600000e+03	3.125715e+06	1.600000e+03	3.100232e+06	1.600000e+03	3.120813e+06	1.600000e+03	3.131888e+06	1.600000e+03	3.106072e+06	1.600000e+03	3.148898e+06	1.600000e+03	3.120752e+06	1.600000e+03	3.118712e+06	1.600000e+03	3.099637e+06	1.600000e+03	3.112256e+06	1.600000e+03	3.133641e+06	1.600000e+03	3.117008e+06	1.600000e+03	3.175970e+06	1.600000e+03	3.133017e+06	1.600000e+03	3.118815e+06	1.600000e+03	3.130135e+06	1.600000e+03	3.130289e+06	1.600000e+03	3.123552e+06	1.600000e+03	3.112588e+06	1.600000e+03	3.124755e+06	1.600000e+03	3.133877e+06	1.600000e+03	3.139038e+06	1.600000e+03	3.134598e+06	1.600000e+03	3.122095e+06	1.600000e+03	3.111795e+06	1.600000e+03	3.132674e+06	1.600000e+03	3.141452e+06	1.600000e+03	3.143343e+06	1.600000e+03	3.121796e+06	1.600000e+03	3.108949e+06	1.600000e+03	3.098889e+06	1.600000e+03	3.127322e+06	1.600000e+03	3.111887e+06	1.600000e+03	3.112298e+06	1.600000e+03	3.125551e+06	1.600000e+03	3.122075e+06	1.600000e+03	3.133550e+06	1.600000e+03	3.121994e+06	1.600000e+03	3.126494e+06	1.600000e+03	3.130109e+06	1.600000e+03	3.140040e+06	1.600000e+03	3.119501e+06	1.600000e+03	3.108495e+06	1.600000e+03	3.121939e+06	1.600000e+03	3.114610e+06	1.600000e+03	3.121584e+06	1.600000e+03	3.115752e+06	1.600000e+03	3.108035e+06	1.600000e+03	3.134163e+06	1.600000e+03	3.123393e+06	1.600000e+03	3.106918e+06	1.600000e+03	3.095386e+06	1.600000e+03	3.119002e+06	1.600000e+03	3.138966e+06	1.600000e+03	3.141459e+06	1.600000e+03	3.145255e+06	1.600000e+03	3.141761e+06	1.600000e+03	3.131131e+06	1.600000e+03	3.122970e+06	1.600000e+03	3.142858e+06	1.600000e+03	3.131706e+06	1.600000e+03	3.134812e+06	1.600000e+03	3.137776e+06	1.600000e+03	3.147745e+06	1.600000e+03	3.129278e+06	1.600000e+03	3.127434e+06	1.600000e+03	3.156495e+06	1.600000e+03	3.143214e+06	1.600000e+03	3.141880e+06	1.600000e+03	3.146732e+06	1.600000e+03	3.145747e+06	1.600000e+03	3.161451e+06	1.600000e+03	3.165884e+06	1.600000e+03	3.140266e+06	1.600000e+03	3.130804e+06	1.600000e+03	3.155969e+06	1.600000e+03	3.146981e+06	1.600000e+03	3.157690e+06	1.600000e+03	3.134103e+06	1.600000e+03	3.181089e+06	1.600000e+03	3.153726e+06	1.600000e+03	3.159705e+06	1.600000e+03	3.154573e+06	1.600000e+03	3.158417e+06	1.600000e+03	3.149051e+06	1.600000e+03	3.152490e+06	1.600000e+03	3.138477e+06	1.600000e+03	3.160313e+06	1.600000e+03	3.146256e+06	1.600000e+03	3.144474e+06	1.600000e+03	3.156504e+06	1.600000e+03	3.147560e+06	1.600000e+03	3.175591e+06	1.600000e+03	3.143920e+06	1.600000e+03	3.149723e+06	1.600000e+03	3.178505e+06	1.600000e+03	3.166936e+06	1.600000e+03	3.155459e+06	1.600000e+03	3.148947e+06	1.600000e+03	3.161277e+06	1.600000e+03	3.165288e+06	1.600000e+03	3.161723e+06	1.600000e+03	3.155302e+06	1.600000e+03	3.179991e+06	1.600000e+03	3.160661e+06	1.600000e+03	3.155543e+06	1.600000e+03	3.158090e+06	1.600000e+03	3.157704e+06	1.600000e+03	3.151478e+06	1.600000e+03	3.164652e+06	1.600000e+03	3.144163e+06	1.600000e+03	3.167277e+06	1.600000e+03	3.151554e+06	1.600000e+03	3.181472e+06	1.600000e+03	3.155689e+06	1.600000e+03	3.173927e+06	1.600000e+03	3.142013e+06	1.600000e+03	3.149343e+06	1.600000e+03	3.127239e+06	1.600000e+03	3.163653e+06	1.600000e+03	3.175915e+06	1.600000e+03	3.176015e+06	1.600000e+03	3.144967e+06	1.600000e+03	3.163057e+06	1.600000e+03	3.153594e+06	1.600000e+03	3.151921e+06	1.600000e+03	3.158796e+06	1.600000e+03	3.159790e+06	1.600000e+03	3.176516e+06	1.600000e+03	3.169127e+06	1.600000e+03	3.162821e+06	1.600000e+03	3.163192e+06	1.600000e+03	3.146955e+06	1.600000e+03	3.173462e+06	1.600000e+03	3.167522e+06	1.600000e+03	3.161257e+06	1.600000e+03	3.146366e+06	1.600000e+03	3.160642e+06	1.600000e+03	3.146647e+06	1.600000e+03	3.139325e+06	1.600000e+03	3.140244e+06	1.600000e+03	3.172699e+06	1.600000e+03	3.153093e+06	1.600000e+03	3.142038e+06	1.600000e+03	3.159572e+06	1.600000e+03	3.147879e+06	1.600000e+03	3.160945e+06	1.600000e+03	3.167284e+06	1.600000e+03	3.167547e+06	1.600000e+03	3.164515e+06	1.600000e+03	3.142472e+06	1.600000e+03	3.166754e+06	1.600000e+03	3.171418e+06	1.600000e+03	3.164704e+06	1.600000e+03	3.161256e+06	1.600000e+03	3.166271e+06	1.600000e+03	3.168582e+06	1.600000e+03	3.153184e+06	1.600000e+03	3.162155e+06	1.600000e+03	3.151702e+06	1.600000e+03	3.132796e+06	1.600000e+03	3.161298e+06	1.600000e+03	3.149212e+06	1.600000e+03	3.169566e+06	1.600000e+03	3.175511e+06	1.600000e+03	3.175936e+06	1.600000e+03	3.161384e+06	1.600000e+03	3.171149e+06	1.600000e+03	3.166456e+06	1.600000e+03	3.179337e+06	1.600000e+03	3.142804e+06	1.600000e+03	3.156293e+06	1.600000e+03	3.161944e+06	1.600000e+03	3.170891e+06	1.600000e+03	3.172854e+06	1.600000e+03	3.176136e+06	1.600000e+03	3.179499e+06	1.600000e+03	3.176530e+06	1.600000e+03	3.187291e+06	1.600000e+03	3.177633e+06	1.600000e+03	3.173018e+06	1.600000e+03	3.181046e+06	1.600000e+03	3.184199e+06	1.600000e+03	3.168221e+06	1.600000e+03	3.167384e+06	1.600000e+03	3.186913e+06	1.600000e+03	3.183385e+06	1.600000e+03	3.181362e+06	1.600000e+03	3.185805e+06	1.600000e+03	3.169780e+06	1.600000e+03	3.177728e+06	1.600000e+03	3.191159e+06	1.600000e+03	3.193740e+06	1.600000e+03	3.180613e+06	1.600000e+03	3.187771e+06	1.600000e+03	3.189534e+06	1.600000e+03	3.168381e+06	1.600000e+03	3.189877e+06	1.600000e+03	3.194192e+06	1.600000e+03	3.203140e+06	1.600000e+03	3.202570e+06	1.600000e+03	3.176404e+06	1.600000e+03	3.208264e+06	1.600000e+03	3.190390e+06	1.600000e+03	3.191964e+06	1.600000e+03	3.201640e+06	1.600000e+03	3.190590e+06	1.600000e+03	3.197571e+06	1.600000e+03	3.199537e+06	1.600000e+03	3.197143e+06	1.600000e+03	3.186936e+06	1.600000e+03	3.193721e+06	1.600000e+03	3.191784e+06	1.600000e+03	3.207111e+06	1.600000e+03	3.190909e+06	1.600000e+03	3.208625e+06	1.600000e+03	3.171223e+06	1.600000e+03	3.188302e+06	1.600000e+03	3.191720e+06	1.600000e+03	3.170126e+06	1.600000e+03	3.197763e+06	1.600000e+03	3.167978e+06	1.600000e+03	3.188428e+06	1.600000e+03	3.209784e+06	1.600000e+03	3.189087e+06	1.600000e+03	3.194025e+06
