# comment: Аномальный ОДМР в 4H-SiC
# name: ODMR Spectrum measurement
# metadata: {'created': '2026-06-26T13_06_05', 'description': 'ODMR Spectrum measurement'}
# parameters: {'start_nm': 1000.0, 'end_nm': 1600.0, 'step_nm': 5.0, 'accum_time_ms': 1000, 'number_repetitions': 999999, 'data_points': 121}
# units: {'start_nm': 'nanometers', 'end_nm': 'nanometers', 'step_nm': 'nanometers', 'accum_time_ms': 'milliseconds'}
X1	Y1	X2	Y2	X3	Y3	X4	Y4	X5	Y5	X6	Y6	X7	Y7	X8	Y8	X9	Y9	X10	Y10	X11	Y11	X12	Y12	X13	Y13	X14	Y14	X15	Y15	X16	Y16	X17	Y17	X18	Y18	X19	Y19	X20	Y20	X21	Y21	X22	Y22	X23	Y23	X24	Y24	X25	Y25	X26	Y26	X27	Y27	X28	Y28	X29	Y29	X30	Y30	X31	Y31	X32	Y32	X33	Y33	X34	Y34	X35	Y35	X36	Y36	X37	Y37	X38	Y38	X39	Y39	X40	Y40	X41	Y41	X42	Y42	X43	Y43	X44	Y44
1.000000e+03	6.721990e+05	1.000000e+03	6.850510e+05	1.000000e+03	7.171490e+05	1.000000e+03	7.063990e+05	1.000000e+03	7.112390e+05	1.000000e+03	6.897870e+05	1.000000e+03	7.065730e+05	1.000000e+03	6.908090e+05	1.000000e+03	6.811570e+05	1.000000e+03	6.785230e+05	1.000000e+03	6.722600e+05	1.000000e+03	6.546930e+05	1.000000e+03	6.480990e+05	1.000000e+03	6.338890e+05	1.000000e+03	6.244670e+05	1.000000e+03	6.230450e+05	1.000000e+03	6.307840e+05	1.000000e+03	6.238880e+05	1.000000e+03	6.179110e+05	1.000000e+03	6.081370e+05	1.000000e+03	6.095060e+05	1.000000e+03	6.000210e+05	1.000000e+03	6.084370e+05	1.000000e+03	6.069180e+05	1.000000e+03	5.761970e+05	1.000000e+03	5.868520e+05	1.000000e+03	5.868450e+05	1.000000e+03	5.651580e+05	1.000000e+03	5.599890e+05	1.000000e+03	5.557140e+05	1.000000e+03	5.420070e+05	1.000000e+03	5.633140e+05	1.000000e+03	5.527080e+05	1.000000e+03	5.367210e+05	1.000000e+03	5.048450e+05	1.000000e+03	5.141850e+05	1.000000e+03	5.314510e+05	1.000000e+03	5.333570e+05	1.000000e+03	5.438110e+05	1.000000e+03	5.230590e+05	1.000000e+03	5.470670e+05	1.000000e+03	5.319100e+05	1.000000e+03	5.393410e+05	1.000000e+03	5.330570e+05
1.005000e+03	6.594730e+05	1.005000e+03	6.987020e+05	1.005000e+03	7.027190e+05	1.005000e+03	7.087120e+05	1.005000e+03	7.067060e+05	1.005000e+03	7.066870e+05	1.005000e+03	7.006480e+05	1.005000e+03	6.950920e+05	1.005000e+03	6.713380e+05	1.005000e+03	6.822290e+05	1.005000e+03	6.707270e+05	1.005000e+03	6.577670e+05	1.005000e+03	6.581720e+05	1.005000e+03	6.290100e+05	1.005000e+03	6.417690e+05	1.005000e+03	6.332840e+05	1.005000e+03	6.068360e+05	1.005000e+03	6.247540e+05	1.005000e+03	6.188340e+05	1.005000e+03	5.950730e+05	1.005000e+03	5.998900e+05	1.005000e+03	6.076300e+05	1.005000e+03	6.040070e+05	1.005000e+03	6.066970e+05	1.005000e+03	5.946400e+05	1.005000e+03	5.946110e+05	1.005000e+03	5.610280e+05	1.005000e+03	5.499560e+05	1.005000e+03	5.536160e+05	1.005000e+03	5.622050e+05	1.005000e+03	5.379250e+05	1.005000e+03	5.556260e+05	1.005000e+03	5.496380e+05	1.005000e+03	5.337230e+05	1.005000e+03	5.284920e+05	1.005000e+03	5.207970e+05	1.005000e+03	5.070270e+05	1.005000e+03	5.584130e+05	1.005000e+03	5.297590e+05	1.005000e+03	5.362300e+05	1.005000e+03	5.299550e+05	1.005000e+03	5.392640e+05	1.005000e+03	5.345730e+05	1.005000e+03	5.197670e+05
1.010000e+03	6.882040e+05	1.010000e+03	7.027340e+05	1.010000e+03	6.962980e+05	1.010000e+03	7.026500e+05	1.010000e+03	7.135840e+05	1.010000e+03	7.076530e+05	1.010000e+03	6.939400e+05	1.010000e+03	6.725080e+05	1.010000e+03	6.875670e+05	1.010000e+03	6.809170e+05	1.010000e+03	6.667460e+05	1.010000e+03	6.662810e+05	1.010000e+03	6.592940e+05	1.010000e+03	6.438230e+05	1.010000e+03	6.316850e+05	1.010000e+03	6.407190e+05	1.010000e+03	6.188360e+05	1.010000e+03	6.312830e+05	1.010000e+03	6.200670e+05	1.010000e+03	6.078910e+05	1.010000e+03	5.877100e+05	1.010000e+03	6.066050e+05	1.010000e+03	6.044940e+05	1.010000e+03	6.096270e+05	1.010000e+03	5.793090e+05	1.010000e+03	5.795830e+05	1.010000e+03	5.657540e+05	1.010000e+03	5.592560e+05	1.010000e+03	5.716590e+05	1.010000e+03	5.501100e+05	1.010000e+03	5.385820e+05	1.010000e+03	5.422370e+05	1.010000e+03	5.292510e+05	1.010000e+03	5.230310e+05	1.010000e+03	5.112230e+05	1.010000e+03	5.237380e+05	1.010000e+03	5.332090e+05	1.010000e+03	5.284850e+05	1.010000e+03	5.237390e+05	1.010000e+03	5.427380e+05	1.010000e+03	5.390980e+05	1.010000e+03	5.498840e+05	1.010000e+03	5.332330e+05	1.010000e+03	5.355110e+05
1.015000e+03	6.800350e+05	1.015000e+03	6.991420e+05	1.015000e+03	7.045040e+05	1.015000e+03	7.112730e+05	1.015000e+03	7.091710e+05	1.015000e+03	7.017850e+05	1.015000e+03	7.009890e+05	1.015000e+03	6.885660e+05	1.015000e+03	6.823220e+05	1.015000e+03	6.830520e+05	1.015000e+03	6.575340e+05	1.015000e+03	6.642730e+05	1.015000e+03	6.528100e+05	1.015000e+03	6.348720e+05	1.015000e+03	6.231360e+05	1.015000e+03	6.348510e+05	1.015000e+03	6.347620e+05	1.015000e+03	6.199700e+05	1.015000e+03	6.213980e+05	1.015000e+03	5.951390e+05	1.015000e+03	6.075060e+05	1.015000e+03	6.037620e+05	1.015000e+03	6.022740e+05	1.015000e+03	6.029840e+05	1.015000e+03	5.654470e+05	1.015000e+03	5.676850e+05	1.015000e+03	5.756780e+05	1.015000e+03	5.609990e+05	1.015000e+03	5.842400e+05	1.015000e+03	5.498370e+05	1.015000e+03	5.355350e+05	1.015000e+03	5.457080e+05	1.015000e+03	5.456520e+05	1.015000e+03	5.305200e+05	1.015000e+03	5.235580e+05	1.015000e+03	5.203270e+05	1.015000e+03	5.231150e+05	1.015000e+03	5.516670e+05	1.015000e+03	5.280320e+05	1.015000e+03	5.448360e+05	1.015000e+03	5.328700e+05	1.015000e+03	5.341620e+05	1.015000e+03	5.216290e+05	1.015000e+03	5.384830e+05
1.020000e+03	6.925590e+05	1.020000e+03	6.928300e+05	1.020000e+03	7.056860e+05	1.020000e+03	7.116940e+05	1.020000e+03	7.104320e+05	1.020000e+03	7.085480e+05	1.020000e+03	6.946740e+05	1.020000e+03	6.905050e+05	1.020000e+03	6.710910e+05	1.020000e+03	6.750890e+05	1.020000e+03	6.705000e+05	1.020000e+03	6.654020e+05	1.020000e+03	6.322070e+05	1.020000e+03	6.318360e+05	1.020000e+03	6.386580e+05	1.020000e+03	6.360230e+05	1.020000e+03	6.256360e+05	1.020000e+03	6.108200e+05	1.020000e+03	6.119250e+05	1.020000e+03	5.950730e+05	1.020000e+03	5.923970e+05	1.020000e+03	6.028580e+05	1.020000e+03	6.107100e+05	1.020000e+03	6.066830e+05	1.020000e+03	5.795020e+05	1.020000e+03	5.848380e+05	1.020000e+03	5.668000e+05	1.020000e+03	5.615150e+05	1.020000e+03	5.599220e+05	1.020000e+03	5.599560e+05	1.020000e+03	5.543380e+05	1.020000e+03	5.459000e+05	1.020000e+03	5.519720e+05	1.020000e+03	5.393610e+05	1.020000e+03	5.043550e+05	1.020000e+03	5.172470e+05	1.020000e+03	5.353400e+05	1.020000e+03	5.226550e+05	1.020000e+03	5.408100e+05	1.020000e+03	5.221450e+05	1.020000e+03	5.240860e+05	1.020000e+03	5.484240e+05	1.020000e+03	5.375810e+05	1.020000e+03	5.327000e+05
1.025000e+03	6.653790e+05	1.025000e+03	7.077630e+05	1.025000e+03	7.023990e+05	1.025000e+03	7.122590e+05	1.025000e+03	7.038790e+05	1.025000e+03	6.992610e+05	1.025000e+03	6.903560e+05	1.025000e+03	6.936560e+05	1.025000e+03	6.836880e+05	1.025000e+03	6.672850e+05	1.025000e+03	6.757480e+05	1.025000e+03	6.569870e+05	1.025000e+03	6.344050e+05	1.025000e+03	6.092330e+05	1.025000e+03	6.480650e+05	1.025000e+03	6.268000e+05	1.025000e+03	6.359040e+05	1.025000e+03	6.221520e+05	1.025000e+03	6.143120e+05	1.025000e+03	6.031290e+05	1.025000e+03	6.040540e+05	1.025000e+03	6.026750e+05	1.025000e+03	6.195490e+05	1.025000e+03	5.892050e+05	1.025000e+03	5.883920e+05	1.025000e+03	5.748400e+05	1.025000e+03	5.787440e+05	1.025000e+03	5.699600e+05	1.025000e+03	5.617720e+05	1.025000e+03	5.453220e+05	1.025000e+03	5.498630e+05	1.025000e+03	5.482490e+05	1.025000e+03	5.342700e+05	1.025000e+03	5.058580e+05	1.025000e+03	5.439830e+05	1.025000e+03	5.241830e+05	1.025000e+03	5.258140e+05	1.025000e+03	5.467780e+05	1.025000e+03	5.366140e+05	1.025000e+03	5.242200e+05	1.025000e+03	5.412830e+05	1.025000e+03	5.373930e+05	1.025000e+03	5.380590e+05	1.025000e+03	5.358330e+05
1.030000e+03	6.835010e+05	1.030000e+03	6.931970e+05	1.030000e+03	7.134770e+05	1.030000e+03	7.042270e+05	1.030000e+03	7.119530e+05	1.030000e+03	7.027520e+05	1.030000e+03	6.974330e+05	1.030000e+03	6.985230e+05	1.030000e+03	6.790770e+05	1.030000e+03	6.776880e+05	1.030000e+03	6.569680e+05	1.030000e+03	6.643970e+05	1.030000e+03	6.401650e+05	1.030000e+03	6.290000e+05	1.030000e+03	6.480630e+05	1.030000e+03	6.292170e+05	1.030000e+03	6.240360e+05	1.030000e+03	6.270840e+05	1.030000e+03	6.242740e+05	1.030000e+03	5.946110e+05	1.030000e+03	5.988340e+05	1.030000e+03	6.013160e+05	1.030000e+03	6.111390e+05	1.030000e+03	6.099430e+05	1.030000e+03	5.814580e+05	1.030000e+03	5.820940e+05	1.030000e+03	5.834660e+05	1.030000e+03	5.473970e+05	1.030000e+03	5.599730e+05	1.030000e+03	5.479420e+05	1.030000e+03	5.392130e+05	1.030000e+03	5.567500e+05	1.030000e+03	5.522940e+05	1.030000e+03	5.046150e+05	1.030000e+03	5.198980e+05	1.030000e+03	5.156710e+05	1.030000e+03	5.183140e+05	1.030000e+03	5.405340e+05	1.030000e+03	5.371870e+05	1.030000e+03	5.409660e+05	1.030000e+03	5.418800e+05	1.030000e+03	5.277690e+05	1.030000e+03	5.344210e+05	1.030000e+03	5.231070e+05
1.035000e+03	6.691290e+05	1.035000e+03	6.945770e+05	1.035000e+03	7.098480e+05	1.035000e+03	6.942770e+05	1.035000e+03	6.983930e+05	1.035000e+03	7.060380e+05	1.035000e+03	6.977300e+05	1.035000e+03	6.974480e+05	1.035000e+03	6.843650e+05	1.035000e+03	6.719420e+05	1.035000e+03	6.595880e+05	1.035000e+03	6.580580e+05	1.035000e+03	6.578370e+05	1.035000e+03	6.349480e+05	1.035000e+03	6.234100e+05	1.035000e+03	6.299960e+05	1.035000e+03	6.318040e+05	1.035000e+03	6.095860e+05	1.035000e+03	6.211990e+05	1.035000e+03	5.991740e+05	1.035000e+03	6.024990e+05	1.035000e+03	6.072750e+05	1.035000e+03	6.067700e+05	1.035000e+03	6.060610e+05	1.035000e+03	5.858260e+05	1.035000e+03	5.846600e+05	1.035000e+03	5.857950e+05	1.035000e+03	5.456680e+05	1.035000e+03	5.576160e+05	1.035000e+03	5.524130e+05	1.035000e+03	5.492420e+05	1.035000e+03	5.480290e+05	1.035000e+03	5.421790e+05	1.035000e+03	5.293440e+05	1.035000e+03	5.097020e+05	1.035000e+03	5.183480e+05	1.035000e+03	5.214880e+05	1.035000e+03	5.254190e+05	1.035000e+03	5.359970e+05	1.035000e+03	5.257000e+05	1.035000e+03	5.479000e+05	1.035000e+03	5.359670e+05	1.035000e+03	5.371740e+05	1.035000e+03	5.261020e+05
1.040000e+03	6.306800e+05	1.040000e+03	7.015830e+05	1.040000e+03	7.181490e+05	1.040000e+03	7.075690e+05	1.040000e+03	6.995700e+05	1.040000e+03	7.032840e+05	1.040000e+03	6.926490e+05	1.040000e+03	6.857980e+05	1.040000e+03	6.826000e+05	1.040000e+03	6.786290e+05	1.040000e+03	6.625330e+05	1.040000e+03	6.593490e+05	1.040000e+03	6.500550e+05	1.040000e+03	6.320600e+05	1.040000e+03	6.393880e+05	1.040000e+03	6.301240e+05	1.040000e+03	6.207140e+05	1.040000e+03	6.128070e+05	1.040000e+03	6.051600e+05	1.040000e+03	6.172280e+05	1.040000e+03	6.010820e+05	1.040000e+03	6.001710e+05	1.040000e+03	6.040710e+05	1.040000e+03	5.894160e+05	1.040000e+03	5.755560e+05	1.040000e+03	5.689140e+05	1.040000e+03	5.620400e+05	1.040000e+03	5.658450e+05	1.040000e+03	5.631690e+05	1.040000e+03	5.539270e+05	1.040000e+03	5.373110e+05	1.040000e+03	5.530490e+05	1.040000e+03	5.348950e+05	1.040000e+03	5.372830e+05	1.040000e+03	5.098790e+05	1.040000e+03	5.177770e+05	1.040000e+03	5.236620e+05	1.040000e+03	5.412320e+05	1.040000e+03	5.292490e+05	1.040000e+03	5.425670e+05	1.040000e+03	5.416350e+05	1.040000e+03	5.424280e+05	1.040000e+03	5.375220e+05	1.040000e+03	5.205960e+05
1.045000e+03	6.797570e+05	1.045000e+03	6.922370e+05	1.045000e+03	7.058140e+05	1.045000e+03	7.103900e+05	1.045000e+03	7.016130e+05	1.045000e+03	7.120820e+05	1.045000e+03	6.904160e+05	1.045000e+03	7.018110e+05	1.045000e+03	6.739400e+05	1.045000e+03	6.629620e+05	1.045000e+03	6.724570e+05	1.045000e+03	6.602850e+05	1.045000e+03	6.435940e+05	1.045000e+03	6.370300e+05	1.045000e+03	6.504590e+05	1.045000e+03	6.238170e+05	1.045000e+03	6.224260e+05	1.045000e+03	6.176390e+05	1.045000e+03	6.183810e+05	1.045000e+03	5.998920e+05	1.045000e+03	6.054730e+05	1.045000e+03	5.960200e+05	1.045000e+03	6.061350e+05	1.045000e+03	6.143220e+05	1.045000e+03	5.740140e+05	1.045000e+03	5.778060e+05	1.045000e+03	5.663530e+05	1.045000e+03	5.751320e+05	1.045000e+03	5.608920e+05	1.045000e+03	5.559810e+05	1.045000e+03	5.477220e+05	1.045000e+03	5.544510e+05	1.045000e+03	5.403480e+05	1.045000e+03	5.358830e+05	1.045000e+03	5.234000e+05	1.045000e+03	5.220940e+05	1.045000e+03	5.298950e+05	1.045000e+03	5.555510e+05	1.045000e+03	5.343290e+05	1.045000e+03	5.431880e+05	1.045000e+03	5.384130e+05	1.045000e+03	5.338610e+05	1.045000e+03	5.438470e+05	1.045000e+03	5.176540e+05
1.050000e+03	6.866580e+05	1.050000e+03	6.933860e+05	1.050000e+03	6.984090e+05	1.050000e+03	7.139390e+05	1.050000e+03	6.942970e+05	1.050000e+03	7.004350e+05	1.050000e+03	6.913630e+05	1.050000e+03	6.964720e+05	1.050000e+03	6.798230e+05	1.050000e+03	6.800360e+05	1.050000e+03	6.659170e+05	1.050000e+03	6.758660e+05	1.050000e+03	6.512800e+05	1.050000e+03	6.404710e+05	1.050000e+03	6.436570e+05	1.050000e+03	6.291350e+05	1.050000e+03	6.245940e+05	1.050000e+03	6.231630e+05	1.050000e+03	6.266240e+05	1.050000e+03	6.261460e+05	1.050000e+03	6.011280e+05	1.050000e+03	6.056160e+05	1.050000e+03	6.052950e+05	1.050000e+03	5.950360e+05	1.050000e+03	5.793670e+05	1.050000e+03	5.823970e+05	1.050000e+03	5.780440e+05	1.050000e+03	5.455480e+05	1.050000e+03	5.549840e+05	1.050000e+03	5.505630e+05	1.050000e+03	5.464550e+05	1.050000e+03	5.485630e+05	1.050000e+03	5.386140e+05	1.050000e+03	5.136120e+05	1.050000e+03	5.128610e+05	1.050000e+03	5.207720e+05	1.050000e+03	5.225720e+05	1.050000e+03	5.399950e+05	1.050000e+03	5.308280e+05	1.050000e+03	5.343340e+05	1.050000e+03	5.348280e+05	1.050000e+03	5.210870e+05	1.050000e+03	5.249890e+05	1.050000e+03	5.384660e+05
1.055000e+03	6.337740e+05	1.055000e+03	7.001690e+05	1.055000e+03	7.121290e+05	1.055000e+03	7.134610e+05	1.055000e+03	6.938240e+05	1.055000e+03	7.024470e+05	1.055000e+03	6.985310e+05	1.055000e+03	6.776630e+05	1.055000e+03	6.820120e+05	1.055000e+03	6.816270e+05	1.055000e+03	6.593080e+05	1.055000e+03	6.699890e+05	1.055000e+03	6.243250e+05	1.055000e+03	6.270700e+05	1.055000e+03	6.431260e+05	1.055000e+03	6.255900e+05	1.055000e+03	6.079080e+05	1.055000e+03	6.208690e+05	1.055000e+03	6.139160e+05	1.055000e+03	5.941190e+05	1.055000e+03	6.065730e+05	1.055000e+03	6.031370e+05	1.055000e+03	6.092860e+05	1.055000e+03	6.083670e+05	1.055000e+03	5.954090e+05	1.055000e+03	5.773600e+05	1.055000e+03	5.722740e+05	1.055000e+03	5.603090e+05	1.055000e+03	5.629560e+05	1.055000e+03	5.490570e+05	1.055000e+03	5.504830e+05	1.055000e+03	5.501960e+05	1.055000e+03	5.489770e+05	1.055000e+03	5.298160e+05	1.055000e+03	5.136760e+05	1.055000e+03	5.169190e+05	1.055000e+03	5.224350e+05	1.055000e+03	5.425640e+05	1.055000e+03	5.329850e+05	1.055000e+03	5.285160e+05	1.055000e+03	5.504450e+05	1.055000e+03	5.373950e+05	1.055000e+03	5.364230e+05	1.055000e+03	5.224590e+05
1.060000e+03	6.837030e+05	1.060000e+03	7.007090e+05	1.060000e+03	7.153600e+05	1.060000e+03	7.081240e+05	1.060000e+03	6.914530e+05	1.060000e+03	6.985280e+05	1.060000e+03	7.033980e+05	1.060000e+03	7.022510e+05	1.060000e+03	6.774610e+05	1.060000e+03	6.739240e+05	1.060000e+03	6.534800e+05	1.060000e+03	6.647410e+05	1.060000e+03	6.511090e+05	1.060000e+03	6.315900e+05	1.060000e+03	6.412950e+05	1.060000e+03	6.230030e+05	1.060000e+03	6.291550e+05	1.060000e+03	6.142640e+05	1.060000e+03	6.155960e+05	1.060000e+03	5.971880e+05	1.060000e+03	5.954740e+05	1.060000e+03	6.095380e+05	1.060000e+03	6.022560e+05	1.060000e+03	5.916340e+05	1.060000e+03	5.839650e+05	1.060000e+03	5.727240e+05	1.060000e+03	5.509100e+05	1.060000e+03	5.667740e+05	1.060000e+03	5.631360e+05	1.060000e+03	5.566540e+05	1.060000e+03	5.503540e+05	1.060000e+03	5.361190e+05	1.060000e+03	5.483470e+05	1.060000e+03	5.293200e+05	1.060000e+03	5.204100e+05	1.060000e+03	5.176720e+05	1.060000e+03	5.255800e+05	1.060000e+03	5.409560e+05	1.060000e+03	5.249640e+05	1.060000e+03	5.422770e+05	1.060000e+03	5.407930e+05	1.060000e+03	5.289100e+05	1.060000e+03	5.354390e+05	1.060000e+03	5.312020e+05
1.065000e+03	6.729070e+05	1.065000e+03	6.949230e+05	1.065000e+03	7.159490e+05	1.065000e+03	7.051290e+05	1.065000e+03	7.151050e+05	1.065000e+03	6.948760e+05	1.065000e+03	7.013460e+05	1.065000e+03	6.752510e+05	1.065000e+03	6.755080e+05	1.065000e+03	6.692090e+05	1.065000e+03	6.689520e+05	1.065000e+03	6.671510e+05	1.065000e+03	6.263340e+05	1.065000e+03	6.343860e+05	1.065000e+03	6.296450e+05	1.065000e+03	6.239170e+05	1.065000e+03	6.174590e+05	1.065000e+03	6.265780e+05	1.065000e+03	6.125670e+05	1.065000e+03	5.880830e+05	1.065000e+03	5.929570e+05	1.065000e+03	6.082310e+05	1.065000e+03	6.126600e+05	1.065000e+03	5.954790e+05	1.065000e+03	5.539760e+05	1.065000e+03	5.731460e+05	1.065000e+03	5.542040e+05	1.065000e+03	5.560920e+05	1.065000e+03	5.766490e+05	1.065000e+03	5.324650e+05	1.065000e+03	5.352310e+05	1.065000e+03	5.600070e+05	1.065000e+03	5.513100e+05	1.065000e+03	5.316770e+05	1.065000e+03	5.136730e+05	1.065000e+03	5.197640e+05	1.065000e+03	5.378170e+05	1.065000e+03	5.390270e+05	1.065000e+03	5.292320e+05	1.065000e+03	5.241450e+05	1.065000e+03	5.267340e+05	1.065000e+03	5.385430e+05	1.065000e+03	5.403260e+05	1.065000e+03	5.254700e+05
1.070000e+03	6.767080e+05	1.070000e+03	6.893030e+05	1.070000e+03	7.006940e+05	1.070000e+03	7.105860e+05	1.070000e+03	7.125360e+05	1.070000e+03	6.963640e+05	1.070000e+03	7.064670e+05	1.070000e+03	6.990540e+05	1.070000e+03	6.799040e+05	1.070000e+03	6.713850e+05	1.070000e+03	6.577750e+05	1.070000e+03	6.512450e+05	1.070000e+03	6.344760e+05	1.070000e+03	6.448810e+05	1.070000e+03	6.345160e+05	1.070000e+03	6.364550e+05	1.070000e+03	6.195980e+05	1.070000e+03	6.259170e+05	1.070000e+03	6.199220e+05	1.070000e+03	6.221960e+05	1.070000e+03	5.969160e+05	1.070000e+03	6.056110e+05	1.070000e+03	6.131590e+05	1.070000e+03	5.951730e+05	1.070000e+03	5.622450e+05	1.070000e+03	5.803190e+05	1.070000e+03	5.696680e+05	1.070000e+03	5.520940e+05	1.070000e+03	5.726850e+05	1.070000e+03	5.560180e+05	1.070000e+03	5.456940e+05	1.070000e+03	5.599870e+05	1.070000e+03	5.646710e+05	1.070000e+03	5.347170e+05	1.070000e+03	5.231360e+05	1.070000e+03	5.290690e+05	1.070000e+03	5.150690e+05	1.070000e+03	5.510910e+05	1.070000e+03	5.407830e+05	1.070000e+03	5.224950e+05	1.070000e+03	5.250510e+05	1.070000e+03	5.355820e+05	1.070000e+03	5.435510e+05	1.070000e+03	5.143260e+05
1.075000e+03	6.335940e+05	1.075000e+03	6.963600e+05	1.075000e+03	7.129560e+05	1.075000e+03	7.089420e+05	1.075000e+03	7.171940e+05	1.075000e+03	7.028530e+05	1.075000e+03	7.064760e+05	1.075000e+03	6.968450e+05	1.075000e+03	6.677820e+05	1.075000e+03	6.693710e+05	1.075000e+03	6.757000e+05	1.075000e+03	6.546330e+05	1.075000e+03	6.565040e+05	1.075000e+03	6.388310e+05	1.075000e+03	6.278070e+05	1.075000e+03	6.262450e+05	1.075000e+03	6.226330e+05	1.075000e+03	6.226630e+05	1.075000e+03	6.165750e+05	1.075000e+03	6.136010e+05	1.075000e+03	6.099640e+05	1.075000e+03	6.025380e+05	1.075000e+03	6.191880e+05	1.075000e+03	6.074780e+05	1.075000e+03	5.925220e+05	1.075000e+03	5.709470e+05	1.075000e+03	5.793820e+05	1.075000e+03	5.516000e+05	1.075000e+03	5.688210e+05	1.075000e+03	5.634580e+05	1.075000e+03	5.615050e+05	1.075000e+03	5.483380e+05	1.075000e+03	5.528950e+05	1.075000e+03	5.364120e+05	1.075000e+03	5.213020e+05	1.075000e+03	5.213110e+05	1.075000e+03	5.324390e+05	1.075000e+03	5.374410e+05	1.075000e+03	5.236310e+05	1.075000e+03	5.364360e+05	1.075000e+03	5.380940e+05	1.075000e+03	5.306920e+05	1.075000e+03	5.269210e+05	1.075000e+03	5.439700e+05
1.080000e+03	6.634620e+05	1.080000e+03	6.895380e+05	1.080000e+03	7.092820e+05	1.080000e+03	7.146920e+05	1.080000e+03	7.109000e+05	1.080000e+03	7.057260e+05	1.080000e+03	6.830840e+05	1.080000e+03	6.935400e+05	1.080000e+03	6.754140e+05	1.080000e+03	6.696670e+05	1.080000e+03	6.655390e+05	1.080000e+03	6.600140e+05	1.080000e+03	6.451130e+05	1.080000e+03	6.098410e+05	1.080000e+03	6.235830e+05	1.080000e+03	6.314610e+05	1.080000e+03	6.296030e+05	1.080000e+03	6.141600e+05	1.080000e+03	6.266660e+05	1.080000e+03	6.049890e+05	1.080000e+03	6.048560e+05	1.080000e+03	6.017570e+05	1.080000e+03	6.060580e+05	1.080000e+03	5.963210e+05	1.080000e+03	5.756410e+05	1.080000e+03	5.804160e+05	1.080000e+03	5.732280e+05	1.080000e+03	5.681730e+05	1.080000e+03	5.526810e+05	1.080000e+03	5.498350e+05	1.080000e+03	5.469530e+05	1.080000e+03	5.549490e+05	1.080000e+03	5.173580e+05	1.080000e+03	5.339650e+05	1.080000e+03	5.155940e+05	1.080000e+03	5.208850e+05	1.080000e+03	5.207270e+05	1.080000e+03	5.338510e+05	1.080000e+03	5.542840e+05	1.080000e+03	5.349340e+05	1.080000e+03	5.471890e+05	1.080000e+03	5.267840e+05	1.080000e+03	5.378350e+05	1.080000e+03	5.187630e+05
1.085000e+03	6.926510e+05	1.085000e+03	7.108060e+05	1.085000e+03	7.101190e+05	1.085000e+03	7.148970e+05	1.085000e+03	7.112970e+05	1.085000e+03	7.017310e+05	1.085000e+03	6.943200e+05	1.085000e+03	7.097160e+05	1.085000e+03	6.800780e+05	1.085000e+03	6.489900e+05	1.085000e+03	6.502370e+05	1.085000e+03	6.647520e+05	1.085000e+03	6.398470e+05	1.085000e+03	6.196050e+05	1.085000e+03	6.299270e+05	1.085000e+03	6.340140e+05	1.085000e+03	6.308590e+05	1.085000e+03	6.194410e+05	1.085000e+03	6.251130e+05	1.085000e+03	5.994140e+05	1.085000e+03	5.993950e+05	1.085000e+03	6.005870e+05	1.085000e+03	6.093860e+05	1.085000e+03	5.964070e+05	1.085000e+03	5.716450e+05	1.085000e+03	5.801420e+05	1.085000e+03	5.794460e+05	1.085000e+03	5.635090e+05	1.085000e+03	5.692760e+05	1.085000e+03	5.596050e+05	1.085000e+03	5.465020e+05	1.085000e+03	5.399120e+05	1.085000e+03	5.356950e+05	1.085000e+03	5.347830e+05	1.085000e+03	5.015810e+05	1.085000e+03	5.136150e+05	1.085000e+03	5.205220e+05	1.085000e+03	5.482640e+05	1.085000e+03	5.360090e+05	1.085000e+03	5.456880e+05	1.085000e+03	5.535110e+05	1.085000e+03	5.372960e+05	1.085000e+03	5.436070e+05	1.085000e+03	5.269250e+05
1.090000e+03	6.284200e+05	1.090000e+03	6.861350e+05	1.090000e+03	7.155860e+05	1.090000e+03	7.110530e+05	1.090000e+03	7.083440e+05	1.090000e+03	6.957570e+05	1.090000e+03	6.855560e+05	1.090000e+03	6.922970e+05	1.090000e+03	6.725990e+05	1.090000e+03	6.654190e+05	1.090000e+03	6.734220e+05	1.090000e+03	6.649880e+05	1.090000e+03	6.325560e+05	1.090000e+03	6.343460e+05	1.090000e+03	6.408530e+05	1.090000e+03	6.202100e+05	1.090000e+03	6.301670e+05	1.090000e+03	6.205820e+05	1.090000e+03	6.077570e+05	1.090000e+03	5.910200e+05	1.090000e+03	5.975230e+05	1.090000e+03	6.055440e+05	1.090000e+03	6.101200e+05	1.090000e+03	6.090220e+05	1.090000e+03	5.621380e+05	1.090000e+03	5.774730e+05	1.090000e+03	5.754400e+05	1.090000e+03	5.556020e+05	1.090000e+03	5.687750e+05	1.090000e+03	5.531950e+05	1.090000e+03	5.542840e+05	1.090000e+03	5.561460e+05	1.090000e+03	5.527640e+05	1.090000e+03	5.349390e+05	1.090000e+03	5.072770e+05	1.090000e+03	5.160380e+05	1.090000e+03	5.348970e+05	1.090000e+03	5.475760e+05	1.090000e+03	5.367170e+05	1.090000e+03	5.378880e+05	1.090000e+03	5.320080e+05	1.090000e+03	5.265610e+05	1.090000e+03	5.390450e+05	1.090000e+03	5.184480e+05
1.095000e+03	6.460040e+05	1.095000e+03	6.879470e+05	1.095000e+03	7.073260e+05	1.095000e+03	7.231210e+05	1.095000e+03	7.112510e+05	1.095000e+03	7.064580e+05	1.095000e+03	6.905080e+05	1.095000e+03	6.903370e+05	1.095000e+03	6.758430e+05	1.095000e+03	6.730400e+05	1.095000e+03	6.646490e+05	1.095000e+03	6.576540e+05	1.095000e+03	6.402630e+05	1.095000e+03	6.391560e+05	1.095000e+03	6.245800e+05	1.095000e+03	6.421590e+05	1.095000e+03	6.195610e+05	1.095000e+03	6.173860e+05	1.095000e+03	6.189310e+05	1.095000e+03	6.088870e+05	1.095000e+03	6.092910e+05	1.095000e+03	6.088060e+05	1.095000e+03	6.002060e+05	1.095000e+03	5.990610e+05	1.095000e+03	5.792800e+05	1.095000e+03	5.862410e+05	1.095000e+03	5.874800e+05	1.095000e+03	5.532530e+05	1.095000e+03	5.678820e+05	1.095000e+03	5.503800e+05	1.095000e+03	5.404590e+05	1.095000e+03	5.511190e+05	1.095000e+03	5.488530e+05	1.095000e+03	5.410950e+05	1.095000e+03	5.178200e+05	1.095000e+03	5.283760e+05	1.095000e+03	5.320770e+05	1.095000e+03	5.388990e+05	1.095000e+03	5.328310e+05	1.095000e+03	5.485110e+05	1.095000e+03	5.194650e+05	1.095000e+03	5.318760e+05	1.095000e+03	5.404700e+05	1.095000e+03	5.299460e+05
1.100000e+03	6.853750e+05	1.100000e+03	6.999040e+05	1.100000e+03	7.174460e+05	1.100000e+03	6.972200e+05	1.100000e+03	7.024070e+05	1.100000e+03	7.007320e+05	1.100000e+03	6.978390e+05	1.100000e+03	7.004580e+05	1.100000e+03	6.717140e+05	1.100000e+03	6.840860e+05	1.100000e+03	6.578590e+05	1.100000e+03	6.648900e+05	1.100000e+03	6.444260e+05	1.100000e+03	6.352200e+05	1.100000e+03	6.413890e+05	1.100000e+03	6.404680e+05	1.100000e+03	6.113200e+05	1.100000e+03	6.079340e+05	1.100000e+03	6.099560e+05	1.100000e+03	5.978180e+05	1.100000e+03	6.094730e+05	1.100000e+03	6.132590e+05	1.100000e+03	6.108190e+05	1.100000e+03	6.080960e+05	1.100000e+03	5.918850e+05	1.100000e+03	5.737540e+05	1.100000e+03	5.790360e+05	1.100000e+03	5.676730e+05	1.100000e+03	5.619300e+05	1.100000e+03	5.571520e+05	1.100000e+03	5.402590e+05	1.100000e+03	5.385300e+05	1.100000e+03	5.484520e+05	1.100000e+03	5.317830e+05	1.100000e+03	5.151450e+05	1.100000e+03	5.296160e+05	1.100000e+03	5.220010e+05	1.100000e+03	5.507690e+05	1.100000e+03	5.359110e+05	1.100000e+03	5.276650e+05	1.100000e+03	5.283590e+05	1.100000e+03	5.251860e+05	1.100000e+03	5.392580e+05	1.100000e+03	5.186000e+05
1.105000e+03	6.614230e+05	1.105000e+03	6.906710e+05	1.105000e+03	7.068110e+05	1.105000e+03	7.123540e+05	1.105000e+03	6.969490e+05	1.105000e+03	7.045620e+05	1.105000e+03	6.908780e+05	1.105000e+03	6.910750e+05	1.105000e+03	6.788410e+05	1.105000e+03	6.731800e+05	1.105000e+03	6.587380e+05	1.105000e+03	6.624940e+05	1.105000e+03	6.479550e+05	1.105000e+03	6.225300e+05	1.105000e+03	6.445420e+05	1.105000e+03	6.237310e+05	1.105000e+03	6.166940e+05	1.105000e+03	6.182010e+05	1.105000e+03	6.213690e+05	1.105000e+03	5.960630e+05	1.105000e+03	6.068370e+05	1.105000e+03	6.100920e+05	1.105000e+03	6.072810e+05	1.105000e+03	5.848590e+05	1.105000e+03	5.795240e+05	1.105000e+03	5.771480e+05	1.105000e+03	5.828310e+05	1.105000e+03	5.518890e+05	1.105000e+03	5.615540e+05	1.105000e+03	5.557910e+05	1.105000e+03	5.380040e+05	1.105000e+03	5.580910e+05	1.105000e+03	5.407720e+05	1.105000e+03	5.447840e+05	1.105000e+03	5.177010e+05	1.105000e+03	5.143820e+05	1.105000e+03	5.234150e+05	1.105000e+03	5.351840e+05	1.105000e+03	5.373770e+05	1.105000e+03	5.362160e+05	1.105000e+03	5.515600e+05	1.105000e+03	5.492870e+05	1.105000e+03	5.348850e+05	1.105000e+03	5.374860e+05
1.110000e+03	6.712960e+05	1.110000e+03	6.983640e+05	1.110000e+03	7.106600e+05	1.110000e+03	7.132680e+05	1.110000e+03	7.082910e+05	1.110000e+03	7.007660e+05	1.110000e+03	6.827200e+05	1.110000e+03	6.985680e+05	1.110000e+03	6.838240e+05	1.110000e+03	6.806100e+05	1.110000e+03	6.604360e+05	1.110000e+03	6.465970e+05	1.110000e+03	6.413680e+05	1.110000e+03	6.435490e+05	1.110000e+03	6.235950e+05	1.110000e+03	6.319620e+05	1.110000e+03	6.239490e+05	1.110000e+03	6.237080e+05	1.110000e+03	6.070260e+05	1.110000e+03	6.007670e+05	1.110000e+03	6.018980e+05	1.110000e+03	6.024770e+05	1.110000e+03	6.108620e+05	1.110000e+03	6.087420e+05	1.110000e+03	5.779650e+05	1.110000e+03	5.708230e+05	1.110000e+03	5.771840e+05	1.110000e+03	5.646930e+05	1.110000e+03	5.613480e+05	1.110000e+03	5.469750e+05	1.110000e+03	5.479700e+05	1.110000e+03	5.559890e+05	1.110000e+03	5.494220e+05	1.110000e+03	5.428100e+05	1.110000e+03	5.189280e+05	1.110000e+03	5.209850e+05	1.110000e+03	5.284300e+05	1.110000e+03	5.385350e+05	1.110000e+03	5.339510e+05	1.110000e+03	5.491170e+05	1.110000e+03	5.435660e+05	1.110000e+03	5.305500e+05	1.110000e+03	5.388910e+05	1.110000e+03	5.315880e+05
1.115000e+03	6.439830e+05	1.115000e+03	6.919090e+05	1.115000e+03	7.091790e+05	1.115000e+03	6.975590e+05	1.115000e+03	7.127670e+05	1.115000e+03	7.048530e+05	1.115000e+03	6.952370e+05	1.115000e+03	6.881460e+05	1.115000e+03	6.830200e+05	1.115000e+03	6.595470e+05	1.115000e+03	6.569760e+05	1.115000e+03	6.655200e+05	1.115000e+03	6.501800e+05	1.115000e+03	6.334510e+05	1.115000e+03	6.406540e+05	1.115000e+03	6.189890e+05	1.115000e+03	6.275520e+05	1.115000e+03	6.230350e+05	1.115000e+03	6.106430e+05	1.115000e+03	6.211820e+05	1.115000e+03	5.949860e+05	1.115000e+03	6.071260e+05	1.115000e+03	6.066640e+05	1.115000e+03	6.027670e+05	1.115000e+03	5.704020e+05	1.115000e+03	5.773560e+05	1.115000e+03	5.608930e+05	1.115000e+03	5.542910e+05	1.115000e+03	5.550240e+05	1.115000e+03	5.520460e+05	1.115000e+03	5.513850e+05	1.115000e+03	5.413760e+05	1.115000e+03	5.532090e+05	1.115000e+03	5.102970e+05	1.115000e+03	5.009910e+05	1.115000e+03	5.167570e+05	1.115000e+03	5.304890e+05	1.115000e+03	5.316200e+05	1.115000e+03	5.396490e+05	1.115000e+03	5.378610e+05	1.115000e+03	5.273090e+05	1.115000e+03	5.419580e+05	1.115000e+03	5.500190e+05	1.115000e+03	5.287330e+05
1.120000e+03	6.657460e+05	1.120000e+03	7.037880e+05	1.120000e+03	7.093230e+05	1.120000e+03	7.153440e+05	1.120000e+03	6.931460e+05	1.120000e+03	7.100430e+05	1.120000e+03	7.007530e+05	1.120000e+03	7.138860e+05	1.120000e+03	6.808330e+05	1.120000e+03	6.810460e+05	1.120000e+03	6.572990e+05	1.120000e+03	6.515010e+05	1.120000e+03	6.315970e+05	1.120000e+03	6.316230e+05	1.120000e+03	6.276070e+05	1.120000e+03	6.336730e+05	1.120000e+03	6.172920e+05	1.120000e+03	6.159520e+05	1.120000e+03	6.238410e+05	1.120000e+03	6.079720e+05	1.120000e+03	6.125420e+05	1.120000e+03	6.066200e+05	1.120000e+03	6.097450e+05	1.120000e+03	6.069560e+05	1.120000e+03	5.627380e+05	1.120000e+03	5.773090e+05	1.120000e+03	5.727750e+05	1.120000e+03	5.565170e+05	1.120000e+03	5.612220e+05	1.120000e+03	5.409800e+05	1.120000e+03	5.534540e+05	1.120000e+03	5.409270e+05	1.120000e+03	5.475160e+05	1.120000e+03	5.295580e+05	1.120000e+03	5.216700e+05	1.120000e+03	5.176720e+05	1.120000e+03	5.216450e+05	1.120000e+03	5.352980e+05	1.120000e+03	5.398490e+05	1.120000e+03	5.276150e+05	1.120000e+03	5.493530e+05	1.120000e+03	5.387580e+05	1.120000e+03	5.380240e+05	1.120000e+03	5.209450e+05
1.125000e+03	6.722600e+05	1.125000e+03	7.093310e+05	1.125000e+03	7.037890e+05	1.125000e+03	7.076790e+05	1.125000e+03	7.155990e+05	1.125000e+03	6.951600e+05	1.125000e+03	6.991540e+05	1.125000e+03	6.800780e+05	1.125000e+03	6.797340e+05	1.125000e+03	6.687470e+05	1.125000e+03	6.568370e+05	1.125000e+03	6.733050e+05	1.125000e+03	6.365130e+05	1.125000e+03	6.281460e+05	1.125000e+03	6.339270e+05	1.125000e+03	6.346890e+05	1.125000e+03	6.220770e+05	1.125000e+03	6.196610e+05	1.125000e+03	6.225280e+05	1.125000e+03	6.114200e+05	1.125000e+03	5.994720e+05	1.125000e+03	6.015290e+05	1.125000e+03	6.029480e+05	1.125000e+03	6.047060e+05	1.125000e+03	5.727230e+05	1.125000e+03	5.723520e+05	1.125000e+03	5.745720e+05	1.125000e+03	5.565870e+05	1.125000e+03	5.623390e+05	1.125000e+03	5.696440e+05	1.125000e+03	5.318050e+05	1.125000e+03	5.616130e+05	1.125000e+03	5.368250e+05	1.125000e+03	5.053510e+05	1.125000e+03	5.116740e+05	1.125000e+03	5.256310e+05	1.125000e+03	5.214630e+05	1.125000e+03	5.357200e+05	1.125000e+03	5.214830e+05	1.125000e+03	5.136980e+05	1.125000e+03	5.355330e+05	1.125000e+03	5.383830e+05	1.125000e+03	5.392380e+05	1.125000e+03	5.351130e+05
1.130000e+03	6.806990e+05	1.130000e+03	7.029950e+05	1.130000e+03	7.071380e+05	1.130000e+03	7.022960e+05	1.130000e+03	7.095630e+05	1.130000e+03	6.991400e+05	1.130000e+03	6.947300e+05	1.130000e+03	6.964430e+05	1.130000e+03	6.824400e+05	1.130000e+03	6.746230e+05	1.130000e+03	6.734700e+05	1.130000e+03	6.495070e+05	1.130000e+03	6.493300e+05	1.130000e+03	6.430350e+05	1.130000e+03	6.484110e+05	1.130000e+03	6.374650e+05	1.130000e+03	6.112600e+05	1.130000e+03	6.115200e+05	1.130000e+03	6.072820e+05	1.130000e+03	6.134030e+05	1.130000e+03	5.942370e+05	1.130000e+03	6.046380e+05	1.130000e+03	6.108340e+05	1.130000e+03	6.082840e+05	1.130000e+03	5.814730e+05	1.130000e+03	5.938680e+05	1.130000e+03	5.709910e+05	1.130000e+03	5.577250e+05	1.130000e+03	5.690620e+05	1.130000e+03	5.495990e+05	1.130000e+03	5.576670e+05	1.130000e+03	5.634660e+05	1.130000e+03	5.520090e+05	1.130000e+03	5.352420e+05	1.130000e+03	5.016900e+05	1.130000e+03	5.220170e+05	1.130000e+03	5.204330e+05	1.130000e+03	5.209500e+05	1.130000e+03	5.427180e+05	1.130000e+03	5.450050e+05	1.130000e+03	5.285890e+05	1.130000e+03	5.374300e+05	1.130000e+03	5.376450e+05	1.130000e+03	5.181270e+05
1.135000e+03	6.784910e+05	1.135000e+03	6.941960e+05	1.135000e+03	7.185600e+05	1.135000e+03	7.150970e+05	1.135000e+03	7.138810e+05	1.135000e+03	7.075460e+05	1.135000e+03	7.027740e+05	1.135000e+03	6.998100e+05	1.135000e+03	6.838160e+05	1.135000e+03	6.695960e+05	1.135000e+03	6.594430e+05	1.135000e+03	6.607380e+05	1.135000e+03	6.351550e+05	1.135000e+03	6.354210e+05	1.135000e+03	6.453350e+05	1.135000e+03	6.255380e+05	1.135000e+03	6.225410e+05	1.135000e+03	6.138080e+05	1.135000e+03	6.006150e+05	1.135000e+03	6.079620e+05	1.135000e+03	6.121040e+05	1.135000e+03	6.025600e+05	1.135000e+03	6.093720e+05	1.135000e+03	6.090850e+05	1.135000e+03	5.575460e+05	1.135000e+03	5.742790e+05	1.135000e+03	5.840980e+05	1.135000e+03	5.559820e+05	1.135000e+03	5.548130e+05	1.135000e+03	5.613860e+05	1.135000e+03	5.496260e+05	1.135000e+03	5.500500e+05	1.135000e+03	5.361740e+05	1.135000e+03	5.298220e+05	1.135000e+03	5.053150e+05	1.135000e+03	5.205470e+05	1.135000e+03	5.296430e+05	1.135000e+03	5.349790e+05	1.135000e+03	5.333100e+05	1.135000e+03	5.389340e+05	1.135000e+03	5.433530e+05	1.135000e+03	5.264620e+05	1.135000e+03	5.332860e+05	1.135000e+03	5.242470e+05
1.140000e+03	6.698010e+05	1.140000e+03	7.027170e+05	1.140000e+03	7.144710e+05	1.140000e+03	6.987490e+05	1.140000e+03	7.140450e+05	1.140000e+03	7.069000e+05	1.140000e+03	6.875910e+05	1.140000e+03	6.832760e+05	1.140000e+03	6.798690e+05	1.140000e+03	6.728920e+05	1.140000e+03	6.675010e+05	1.140000e+03	6.554500e+05	1.140000e+03	6.482340e+05	1.140000e+03	6.335850e+05	1.140000e+03	6.404120e+05	1.140000e+03	6.271570e+05	1.140000e+03	6.197130e+05	1.140000e+03	6.229290e+05	1.140000e+03	6.087310e+05	1.140000e+03	5.769630e+05	1.140000e+03	5.956670e+05	1.140000e+03	6.043100e+05	1.140000e+03	6.103770e+05	1.140000e+03	6.045070e+05	1.140000e+03	5.918810e+05	1.140000e+03	5.737220e+05	1.140000e+03	5.587910e+05	1.140000e+03	5.648280e+05	1.140000e+03	5.658400e+05	1.140000e+03	5.532090e+05	1.140000e+03	5.415290e+05	1.140000e+03	5.542950e+05	1.140000e+03	5.167250e+05	1.140000e+03	5.424690e+05	1.140000e+03	5.080220e+05	1.140000e+03	5.133790e+05	1.140000e+03	5.265390e+05	1.140000e+03	5.347100e+05	1.140000e+03	5.287820e+05	1.140000e+03	5.508900e+05	1.140000e+03	5.291010e+05	1.140000e+03	5.361630e+05	1.140000e+03	5.370440e+05	1.140000e+03	5.416880e+05
1.145000e+03	6.807350e+05	1.145000e+03	6.916150e+05	1.145000e+03	7.096110e+05	1.145000e+03	7.057210e+05	1.145000e+03	7.146850e+05	1.145000e+03	7.019330e+05	1.145000e+03	7.027970e+05	1.145000e+03	6.944030e+05	1.145000e+03	6.875990e+05	1.145000e+03	6.689020e+05	1.145000e+03	6.630760e+05	1.145000e+03	6.491930e+05	1.145000e+03	6.381860e+05	1.145000e+03	6.337700e+05	1.145000e+03	6.352980e+05	1.145000e+03	6.273160e+05	1.145000e+03	6.102910e+05	1.145000e+03	6.060820e+05	1.145000e+03	6.275180e+05	1.145000e+03	5.961860e+05	1.145000e+03	6.057400e+05	1.145000e+03	6.103570e+05	1.145000e+03	6.090220e+05	1.145000e+03	6.091920e+05	1.145000e+03	5.799050e+05	1.145000e+03	5.777170e+05	1.145000e+03	5.798570e+05	1.145000e+03	5.673070e+05	1.145000e+03	5.636540e+05	1.145000e+03	5.406260e+05	1.145000e+03	5.448680e+05	1.145000e+03	5.632300e+05	1.145000e+03	5.374570e+05	1.145000e+03	5.363480e+05	1.145000e+03	4.998850e+05	1.145000e+03	5.297150e+05	1.145000e+03	5.326110e+05	1.145000e+03	5.455900e+05	1.145000e+03	5.275480e+05	1.145000e+03	5.490780e+05	1.145000e+03	5.317590e+05	1.145000e+03	5.227050e+05	1.145000e+03	5.371570e+05	1.145000e+03	5.214210e+05
1.150000e+03	6.893020e+05	1.150000e+03	6.923130e+05	1.150000e+03	7.166310e+05	1.150000e+03	7.073190e+05	1.150000e+03	7.118960e+05	1.150000e+03	7.028480e+05	1.150000e+03	6.969490e+05	1.150000e+03	6.933910e+05	1.150000e+03	6.724190e+05	1.150000e+03	6.712010e+05	1.150000e+03	6.553750e+05	1.150000e+03	6.633860e+05	1.150000e+03	6.527090e+05	1.150000e+03	6.392010e+05	1.150000e+03	6.311700e+05	1.150000e+03	6.293950e+05	1.150000e+03	6.232620e+05	1.150000e+03	6.156840e+05	1.150000e+03	6.103910e+05	1.150000e+03	6.183910e+05	1.150000e+03	5.984120e+05	1.150000e+03	6.139370e+05	1.150000e+03	6.069150e+05	1.150000e+03	6.093540e+05	1.150000e+03	5.824540e+05	1.150000e+03	5.775140e+05	1.150000e+03	5.681070e+05	1.150000e+03	5.650500e+05	1.150000e+03	5.522790e+05	1.150000e+03	5.465580e+05	1.150000e+03	5.595340e+05	1.150000e+03	5.442050e+05	1.150000e+03	5.451320e+05	1.150000e+03	5.429300e+05	1.150000e+03	5.161500e+05	1.150000e+03	5.207100e+05	1.150000e+03	5.180270e+05	1.150000e+03	5.365150e+05	1.150000e+03	5.258650e+05	1.150000e+03	5.309880e+05	1.150000e+03	5.448460e+05	1.150000e+03	5.355880e+05	1.150000e+03	5.412380e+05	1.150000e+03	5.246830e+05
1.155000e+03	6.906920e+05	1.155000e+03	6.937950e+05	1.155000e+03	7.097250e+05	1.155000e+03	7.075200e+05	1.155000e+03	6.903400e+05	1.155000e+03	7.092520e+05	1.155000e+03	7.056880e+05	1.155000e+03	7.042860e+05	1.155000e+03	6.763030e+05	1.155000e+03	6.704050e+05	1.155000e+03	6.791030e+05	1.155000e+03	6.455430e+05	1.155000e+03	6.478380e+05	1.155000e+03	6.325440e+05	1.155000e+03	6.319610e+05	1.155000e+03	6.444290e+05	1.155000e+03	6.297330e+05	1.155000e+03	6.180450e+05	1.155000e+03	6.275860e+05	1.155000e+03	6.097590e+05	1.155000e+03	5.916980e+05	1.155000e+03	6.126810e+05	1.155000e+03	6.062650e+05	1.155000e+03	5.989010e+05	1.155000e+03	5.732580e+05	1.155000e+03	5.651310e+05	1.155000e+03	5.756050e+05	1.155000e+03	5.612140e+05	1.155000e+03	5.684980e+05	1.155000e+03	5.578010e+05	1.155000e+03	5.350610e+05	1.155000e+03	5.347940e+05	1.155000e+03	5.681200e+05	1.155000e+03	5.392740e+05	1.155000e+03	5.128070e+05	1.155000e+03	5.174000e+05	1.155000e+03	5.203950e+05	1.155000e+03	5.483760e+05	1.155000e+03	5.532680e+05	1.155000e+03	5.369720e+05	1.155000e+03	5.394010e+05	1.155000e+03	5.398500e+05	1.155000e+03	5.381320e+05	1.155000e+03	5.189440e+05
1.160000e+03	6.775020e+05	1.160000e+03	6.913450e+05	1.160000e+03	7.087440e+05	1.160000e+03	7.154010e+05	1.160000e+03	7.178600e+05	1.160000e+03	7.034920e+05	1.160000e+03	6.945100e+05	1.160000e+03	6.913960e+05	1.160000e+03	6.839610e+05	1.160000e+03	6.646600e+05	1.160000e+03	6.708620e+05	1.160000e+03	6.650530e+05	1.160000e+03	6.373620e+05	1.160000e+03	6.375690e+05	1.160000e+03	6.492290e+05	1.160000e+03	6.428650e+05	1.160000e+03	6.329720e+05	1.160000e+03	6.241510e+05	1.160000e+03	6.211570e+05	1.160000e+03	5.943990e+05	1.160000e+03	5.975530e+05	1.160000e+03	6.073160e+05	1.160000e+03	6.064690e+05	1.160000e+03	6.148770e+05	1.160000e+03	5.767440e+05	1.160000e+03	5.690280e+05	1.160000e+03	5.723020e+05	1.160000e+03	5.499720e+05	1.160000e+03	5.601210e+05	1.160000e+03	5.494940e+05	1.160000e+03	5.499580e+05	1.160000e+03	5.506610e+05	1.160000e+03	5.648250e+05	1.160000e+03	5.408920e+05	1.160000e+03	5.032500e+05	1.160000e+03	5.229700e+05	1.160000e+03	5.379480e+05	1.160000e+03	5.523450e+05	1.160000e+03	5.359740e+05	1.160000e+03	5.435580e+05	1.160000e+03	5.297300e+05	1.160000e+03	5.273380e+05	1.160000e+03	5.285250e+05	1.160000e+03	5.344640e+05
1.165000e+03	6.782210e+05	1.165000e+03	6.942090e+05	1.165000e+03	7.138670e+05	1.165000e+03	7.095710e+05	1.165000e+03	7.163570e+05	1.165000e+03	6.950210e+05	1.165000e+03	7.023310e+05	1.165000e+03	6.920390e+05	1.165000e+03	6.805060e+05	1.165000e+03	6.889800e+05	1.165000e+03	6.523790e+05	1.165000e+03	6.632350e+05	1.165000e+03	6.567900e+05	1.165000e+03	6.382770e+05	1.165000e+03	6.261420e+05	1.165000e+03	6.382880e+05	1.165000e+03	6.239870e+05	1.165000e+03	6.282720e+05	1.165000e+03	6.109850e+05	1.165000e+03	5.884990e+05	1.165000e+03	6.094940e+05	1.165000e+03	6.094050e+05	1.165000e+03	6.077580e+05	1.165000e+03	5.957740e+05	1.165000e+03	5.876940e+05	1.165000e+03	5.852710e+05	1.165000e+03	5.798190e+05	1.165000e+03	5.697870e+05	1.165000e+03	5.516260e+05	1.165000e+03	5.465710e+05	1.165000e+03	5.422930e+05	1.165000e+03	5.531960e+05	1.165000e+03	5.548730e+05	1.165000e+03	5.493100e+05	1.165000e+03	5.014220e+05	1.165000e+03	5.192950e+05	1.165000e+03	5.160210e+05	1.165000e+03	5.393690e+05	1.165000e+03	5.285250e+05	1.165000e+03	5.253230e+05	1.165000e+03	5.393620e+05	1.165000e+03	5.505040e+05	1.165000e+03	5.444330e+05	1.165000e+03	5.219980e+05
1.170000e+03	6.917380e+05	1.170000e+03	6.924500e+05	1.170000e+03	7.094360e+05	1.170000e+03	6.977950e+05	1.170000e+03	7.017890e+05	1.170000e+03	7.039220e+05	1.170000e+03	6.993850e+05	1.170000e+03	7.039890e+05	1.170000e+03	6.754510e+05	1.170000e+03	6.589230e+05	1.170000e+03	6.560700e+05	1.170000e+03	6.548590e+05	1.170000e+03	6.515010e+05	1.170000e+03	6.381710e+05	1.170000e+03	6.445720e+05	1.170000e+03	6.462190e+05	1.170000e+03	6.350530e+05	1.170000e+03	6.126510e+05	1.170000e+03	6.166590e+05	1.170000e+03	5.787070e+05	1.170000e+03	6.084740e+05	1.170000e+03	6.058160e+05	1.170000e+03	6.028350e+05	1.170000e+03	6.080620e+05	1.170000e+03	5.738860e+05	1.170000e+03	5.777470e+05	1.170000e+03	5.672310e+05	1.170000e+03	5.658110e+05	1.170000e+03	5.693820e+05	1.170000e+03	5.589550e+05	1.170000e+03	5.546530e+05	1.170000e+03	5.618320e+05	1.170000e+03	5.543600e+05	1.170000e+03	5.071870e+05	1.170000e+03	5.078160e+05	1.170000e+03	5.316630e+05	1.170000e+03	5.374570e+05	1.170000e+03	5.274610e+05	1.170000e+03	5.416430e+05	1.170000e+03	5.294610e+05	1.170000e+03	5.366930e+05	1.170000e+03	5.382170e+05	1.170000e+03	5.397960e+05	1.170000e+03	5.295990e+05
1.175000e+03	6.678370e+05	1.175000e+03	6.910190e+05	1.175000e+03	7.051080e+05	1.175000e+03	7.232800e+05	1.175000e+03	7.052620e+05	1.175000e+03	7.019530e+05	1.175000e+03	6.967640e+05	1.175000e+03	7.104310e+05	1.175000e+03	6.753960e+05	1.175000e+03	6.623950e+05	1.175000e+03	6.788270e+05	1.175000e+03	6.492780e+05	1.175000e+03	6.364470e+05	1.175000e+03	6.372480e+05	1.175000e+03	6.330130e+05	1.175000e+03	6.354800e+05	1.175000e+03	6.239890e+05	1.175000e+03	6.267480e+05	1.175000e+03	6.287720e+05	1.175000e+03	6.227090e+05	1.175000e+03	6.012020e+05	1.175000e+03	6.097760e+05	1.175000e+03	6.064770e+05	1.175000e+03	6.178290e+05	1.175000e+03	5.991290e+05	1.175000e+03	5.806580e+05	1.175000e+03	5.595320e+05	1.175000e+03	5.653860e+05	1.175000e+03	5.637280e+05	1.175000e+03	5.619390e+05	1.175000e+03	5.455750e+05	1.175000e+03	5.495620e+05	1.175000e+03	5.453100e+05	1.175000e+03	5.401380e+05	1.175000e+03	5.061390e+05	1.175000e+03	5.245050e+05	1.175000e+03	5.317090e+05	1.175000e+03	5.358190e+05	1.175000e+03	5.392860e+05	1.175000e+03	5.346080e+05	1.175000e+03	5.525110e+05	1.175000e+03	5.213650e+05	1.175000e+03	5.427570e+05	1.175000e+03	5.190860e+05
1.180000e+03	6.770950e+05	1.180000e+03	7.020430e+05	1.180000e+03	7.187490e+05	1.180000e+03	7.073710e+05	1.180000e+03	7.122480e+05	1.180000e+03	7.001210e+05	1.180000e+03	7.045580e+05	1.180000e+03	6.931200e+05	1.180000e+03	6.814810e+05	1.180000e+03	6.683130e+05	1.180000e+03	6.769810e+05	1.180000e+03	6.569710e+05	1.180000e+03	6.391680e+05	1.180000e+03	6.223230e+05	1.180000e+03	6.301720e+05	1.180000e+03	6.378850e+05	1.180000e+03	6.270190e+05	1.180000e+03	6.149470e+05	1.180000e+03	6.129450e+05	1.180000e+03	5.943300e+05	1.180000e+03	6.117220e+05	1.180000e+03	6.031500e+05	1.180000e+03	6.127220e+05	1.180000e+03	6.114460e+05	1.180000e+03	5.738570e+05	1.180000e+03	5.772100e+05	1.180000e+03	5.641370e+05	1.180000e+03	5.450770e+05	1.180000e+03	5.632290e+05	1.180000e+03	5.540500e+05	1.180000e+03	5.438780e+05	1.180000e+03	5.474150e+05	1.180000e+03	5.376120e+05	1.180000e+03	5.281970e+05	1.180000e+03	5.111220e+05	1.180000e+03	5.379230e+05	1.180000e+03	5.200250e+05	1.180000e+03	5.398320e+05	1.180000e+03	5.389090e+05	1.180000e+03	5.441600e+05	1.180000e+03	5.376520e+05	1.180000e+03	5.434400e+05	1.180000e+03	5.379180e+05	1.180000e+03	5.310010e+05
1.185000e+03	6.916230e+05	1.185000e+03	7.061060e+05	1.185000e+03	7.057090e+05	1.185000e+03	7.127720e+05	1.185000e+03	7.063400e+05	1.185000e+03	7.019480e+05	1.185000e+03	7.066770e+05	1.185000e+03	6.937250e+05	1.185000e+03	6.813990e+05	1.185000e+03	6.632350e+05	1.185000e+03	6.662110e+05	1.185000e+03	6.644520e+05	1.185000e+03	6.294080e+05	1.185000e+03	6.398670e+05	1.185000e+03	6.350480e+05	1.185000e+03	6.276490e+05	1.185000e+03	6.304580e+05	1.185000e+03	6.165770e+05	1.185000e+03	6.204980e+05	1.185000e+03	5.991900e+05	1.185000e+03	6.122130e+05	1.185000e+03	6.101060e+05	1.185000e+03	6.071390e+05	1.185000e+03	6.067880e+05	1.185000e+03	5.797270e+05	1.185000e+03	5.843540e+05	1.185000e+03	5.744040e+05	1.185000e+03	5.655640e+05	1.185000e+03	5.579520e+05	1.185000e+03	5.582920e+05	1.185000e+03	5.467660e+05	1.185000e+03	5.543410e+05	1.185000e+03	5.530420e+05	1.185000e+03	5.336920e+05	1.185000e+03	5.007270e+05	1.185000e+03	5.241640e+05	1.185000e+03	5.202300e+05	1.185000e+03	5.335280e+05	1.185000e+03	5.346230e+05	1.185000e+03	5.363590e+05	1.185000e+03	5.521610e+05	1.185000e+03	5.435400e+05	1.185000e+03	5.454410e+05	1.185000e+03	5.176530e+05
1.190000e+03	6.497770e+05	1.190000e+03	7.024100e+05	1.190000e+03	7.003350e+05	1.190000e+03	7.102960e+05	1.190000e+03	7.127330e+05	1.190000e+03	7.088920e+05	1.190000e+03	7.079540e+05	1.190000e+03	7.050130e+05	1.190000e+03	6.854130e+05	1.190000e+03	6.718870e+05	1.190000e+03	6.625430e+05	1.190000e+03	6.686530e+05	1.190000e+03	6.313820e+05	1.190000e+03	6.438400e+05	1.190000e+03	6.440930e+05	1.190000e+03	6.354930e+05	1.190000e+03	6.325510e+05	1.190000e+03	6.241760e+05	1.190000e+03	6.375110e+05	1.190000e+03	6.172640e+05	1.190000e+03	6.005150e+05	1.190000e+03	6.049360e+05	1.190000e+03	6.048000e+05	1.190000e+03	5.973950e+05	1.190000e+03	5.860500e+05	1.190000e+03	5.799630e+05	1.190000e+03	5.660130e+05	1.190000e+03	5.644360e+05	1.190000e+03	5.657030e+05	1.190000e+03	5.531480e+05	1.190000e+03	5.546820e+05	1.190000e+03	5.365660e+05	1.190000e+03	5.493710e+05	1.190000e+03	5.288070e+05	1.190000e+03	5.038450e+05	1.190000e+03	5.325720e+05	1.190000e+03	5.199150e+05	1.190000e+03	5.308130e+05	1.190000e+03	5.349760e+05	1.190000e+03	5.337760e+05	1.190000e+03	5.505890e+05	1.190000e+03	5.224280e+05	1.190000e+03	5.347010e+05	1.190000e+03	5.271100e+05
1.195000e+03	6.409380e+05	1.195000e+03	6.960730e+05	1.195000e+03	7.188600e+05	1.195000e+03	7.166090e+05	1.195000e+03	7.154000e+05	1.195000e+03	7.099160e+05	1.195000e+03	7.045940e+05	1.195000e+03	7.089330e+05	1.195000e+03	6.885200e+05	1.195000e+03	6.528690e+05	1.195000e+03	6.656090e+05	1.195000e+03	6.759080e+05	1.195000e+03	6.408210e+05	1.195000e+03	6.414880e+05	1.195000e+03	6.420960e+05	1.195000e+03	6.264250e+05	1.195000e+03	6.274150e+05	1.195000e+03	6.200730e+05	1.195000e+03	6.249320e+05	1.195000e+03	6.158910e+05	1.195000e+03	5.959400e+05	1.195000e+03	6.030380e+05	1.195000e+03	6.109720e+05	1.195000e+03	6.086290e+05	1.195000e+03	5.933410e+05	1.195000e+03	5.757040e+05	1.195000e+03	5.624030e+05	1.195000e+03	5.616230e+05	1.195000e+03	5.756520e+05	1.195000e+03	5.410630e+05	1.195000e+03	5.501040e+05	1.195000e+03	5.499340e+05	1.195000e+03	5.425260e+05	1.195000e+03	5.347790e+05	1.195000e+03	5.080330e+05	1.195000e+03	5.207360e+05	1.195000e+03	5.138150e+05	1.195000e+03	5.391540e+05	1.195000e+03	5.298910e+05	1.195000e+03	5.362520e+05	1.195000e+03	5.325110e+05	1.195000e+03	5.350180e+05	1.195000e+03	5.465500e+05	1.195000e+03	5.200510e+05
1.200000e+03	6.620010e+05	1.200000e+03	6.955530e+05	1.200000e+03	7.090380e+05	1.200000e+03	7.066020e+05	1.200000e+03	7.256430e+05	1.200000e+03	7.045640e+05	1.200000e+03	7.035950e+05	1.200000e+03	7.115120e+05	1.200000e+03	6.781110e+05	1.200000e+03	6.646080e+05	1.200000e+03	6.740020e+05	1.200000e+03	6.606820e+05	1.200000e+03	6.545920e+05	1.200000e+03	6.410840e+05	1.200000e+03	6.431550e+05	1.200000e+03	6.431580e+05	1.200000e+03	6.292170e+05	1.200000e+03	6.145470e+05	1.200000e+03	6.193370e+05	1.200000e+03	6.186390e+05	1.200000e+03	6.154670e+05	1.200000e+03	6.107680e+05	1.200000e+03	6.071530e+05	1.200000e+03	5.882260e+05	1.200000e+03	5.968980e+05	1.200000e+03	5.657260e+05	1.200000e+03	5.739770e+05	1.200000e+03	5.412190e+05	1.200000e+03	5.675830e+05	1.200000e+03	5.488980e+05	1.200000e+03	5.484150e+05	1.200000e+03	5.696390e+05	1.200000e+03	5.420170e+05	1.200000e+03	5.345580e+05	1.200000e+03	5.140050e+05	1.200000e+03	5.280660e+05	1.200000e+03	5.350010e+05	1.200000e+03	5.344760e+05	1.200000e+03	5.294770e+05	1.200000e+03	5.209270e+05	1.200000e+03	5.515980e+05	1.200000e+03	5.427160e+05	1.200000e+03	5.423960e+05	1.200000e+03	5.251130e+05
1.205000e+03	6.939310e+05	1.205000e+03	6.935970e+05	1.205000e+03	7.053510e+05	1.205000e+03	7.125430e+05	1.205000e+03	7.146970e+05	1.205000e+03	7.082520e+05	1.205000e+03	6.971760e+05	1.205000e+03	6.970210e+05	1.205000e+03	6.787020e+05	1.205000e+03	6.745230e+05	1.205000e+03	6.681380e+05	1.205000e+03	6.628090e+05	1.205000e+03	6.590980e+05	1.205000e+03	6.430590e+05	1.205000e+03	6.442380e+05	1.205000e+03	6.296130e+05	1.205000e+03	6.332910e+05	1.205000e+03	6.359870e+05	1.205000e+03	6.230230e+05	1.205000e+03	6.083100e+05	1.205000e+03	6.129420e+05	1.205000e+03	6.062220e+05	1.205000e+03	6.091920e+05	1.205000e+03	6.108420e+05	1.205000e+03	5.844020e+05	1.205000e+03	5.774190e+05	1.205000e+03	5.839560e+05	1.205000e+03	5.507900e+05	1.205000e+03	5.717320e+05	1.205000e+03	5.542420e+05	1.205000e+03	5.463290e+05	1.205000e+03	5.609950e+05	1.205000e+03	5.406630e+05	1.205000e+03	5.351190e+05	1.205000e+03	5.004860e+05	1.205000e+03	5.333350e+05	1.205000e+03	5.327850e+05	1.205000e+03	5.335300e+05	1.205000e+03	5.402970e+05	1.205000e+03	5.427310e+05	1.205000e+03	5.418190e+05	1.205000e+03	5.294060e+05	1.205000e+03	5.433160e+05	1.205000e+03	5.336490e+05
1.210000e+03	6.424250e+05	1.210000e+03	6.957570e+05	1.210000e+03	7.100480e+05	1.210000e+03	7.053080e+05	1.210000e+03	7.196270e+05	1.210000e+03	7.050860e+05	1.210000e+03	7.055400e+05	1.210000e+03	6.997790e+05	1.210000e+03	6.867810e+05	1.210000e+03	6.746720e+05	1.210000e+03	6.763380e+05	1.210000e+03	6.587900e+05	1.210000e+03	6.431880e+05	1.210000e+03	6.362130e+05	1.210000e+03	6.437080e+05	1.210000e+03	6.360330e+05	1.210000e+03	6.320670e+05	1.210000e+03	6.129400e+05	1.210000e+03	6.276790e+05	1.210000e+03	6.003780e+05	1.210000e+03	6.055170e+05	1.210000e+03	6.099690e+05	1.210000e+03	6.094810e+05	1.210000e+03	6.183240e+05	1.210000e+03	5.958750e+05	1.210000e+03	5.774080e+05	1.210000e+03	5.869450e+05	1.210000e+03	5.639780e+05	1.210000e+03	5.528820e+05	1.210000e+03	5.667740e+05	1.210000e+03	5.485960e+05	1.210000e+03	5.492230e+05	1.210000e+03	5.546250e+05	1.210000e+03	5.420860e+05	1.210000e+03	5.056940e+05	1.210000e+03	5.206510e+05	1.210000e+03	5.329540e+05	1.210000e+03	5.243490e+05	1.210000e+03	5.407760e+05	1.210000e+03	5.476260e+05	1.210000e+03	5.416750e+05	1.210000e+03	5.224000e+05	1.210000e+03	5.318650e+05	1.210000e+03	5.402920e+05
1.215000e+03	6.366430e+05	1.215000e+03	6.953990e+05	1.215000e+03	7.019960e+05	1.215000e+03	7.121700e+05	1.215000e+03	7.160240e+05	1.215000e+03	7.035980e+05	1.215000e+03	7.005120e+05	1.215000e+03	6.882260e+05	1.215000e+03	6.774760e+05	1.215000e+03	6.736990e+05	1.215000e+03	6.695370e+05	1.215000e+03	6.665200e+05	1.215000e+03	6.542980e+05	1.215000e+03	6.378780e+05	1.215000e+03	6.372310e+05	1.215000e+03	6.323430e+05	1.215000e+03	6.252630e+05	1.215000e+03	6.237660e+05	1.215000e+03	6.202240e+05	1.215000e+03	6.126670e+05	1.215000e+03	5.985610e+05	1.215000e+03	6.059030e+05	1.215000e+03	6.053210e+05	1.215000e+03	6.104480e+05	1.215000e+03	5.787090e+05	1.215000e+03	5.776830e+05	1.215000e+03	5.621460e+05	1.215000e+03	5.688480e+05	1.215000e+03	5.613410e+05	1.215000e+03	5.669330e+05	1.215000e+03	5.445000e+05	1.215000e+03	5.408100e+05	1.215000e+03	5.635600e+05	1.215000e+03	5.422280e+05	1.215000e+03	5.151330e+05	1.215000e+03	5.272540e+05	1.215000e+03	5.270410e+05	1.215000e+03	5.441720e+05	1.215000e+03	5.314400e+05	1.215000e+03	5.353200e+05	1.215000e+03	5.246250e+05	1.215000e+03	5.305090e+05	1.215000e+03	5.428680e+05	1.215000e+03	5.400530e+05
1.220000e+03	6.747100e+05	1.220000e+03	7.066140e+05	1.220000e+03	7.181290e+05	1.220000e+03	7.145830e+05	1.220000e+03	7.068220e+05	1.220000e+03	7.066560e+05	1.220000e+03	7.090650e+05	1.220000e+03	7.005250e+05	1.220000e+03	6.872960e+05	1.220000e+03	6.726700e+05	1.220000e+03	6.757080e+05	1.220000e+03	6.709320e+05	1.220000e+03	6.262180e+05	1.220000e+03	6.417960e+05	1.220000e+03	6.363390e+05	1.220000e+03	6.328860e+05	1.220000e+03	6.174010e+05	1.220000e+03	6.271630e+05	1.220000e+03	6.274490e+05	1.220000e+03	6.089700e+05	1.220000e+03	6.052680e+05	1.220000e+03	6.086310e+05	1.220000e+03	6.092370e+05	1.220000e+03	6.138710e+05	1.220000e+03	5.974840e+05	1.220000e+03	5.760960e+05	1.220000e+03	5.888280e+05	1.220000e+03	5.686120e+05	1.220000e+03	5.851160e+05	1.220000e+03	5.645630e+05	1.220000e+03	5.527540e+05	1.220000e+03	5.508190e+05	1.220000e+03	5.392350e+05	1.220000e+03	5.342380e+05	1.220000e+03	4.998180e+05	1.220000e+03	5.291270e+05	1.220000e+03	5.263570e+05	1.220000e+03	5.367290e+05	1.220000e+03	5.369320e+05	1.220000e+03	5.489560e+05	1.220000e+03	5.366350e+05	1.220000e+03	5.434960e+05	1.220000e+03	5.271550e+05	1.220000e+03	5.240490e+05
1.225000e+03	6.385540e+05	1.225000e+03	6.875080e+05	1.225000e+03	7.156730e+05	1.225000e+03	7.115760e+05	1.225000e+03	7.232500e+05	1.225000e+03	7.018310e+05	1.225000e+03	6.988600e+05	1.225000e+03	6.983680e+05	1.225000e+03	6.787570e+05	1.225000e+03	6.891300e+05	1.225000e+03	6.608300e+05	1.225000e+03	6.522840e+05	1.225000e+03	6.446820e+05	1.225000e+03	6.495840e+05	1.225000e+03	6.564850e+05	1.225000e+03	6.490900e+05	1.225000e+03	6.274200e+05	1.225000e+03	6.209660e+05	1.225000e+03	6.152670e+05	1.225000e+03	6.167240e+05	1.225000e+03	5.945390e+05	1.225000e+03	6.109450e+05	1.225000e+03	6.084270e+05	1.225000e+03	5.945030e+05	1.225000e+03	5.695480e+05	1.225000e+03	5.818590e+05	1.225000e+03	5.842040e+05	1.225000e+03	5.758830e+05	1.225000e+03	5.652470e+05	1.225000e+03	5.653130e+05	1.225000e+03	5.480470e+05	1.225000e+03	5.678220e+05	1.225000e+03	5.423910e+05	1.225000e+03	5.467630e+05	1.225000e+03	5.027980e+05	1.225000e+03	5.245740e+05	1.225000e+03	5.270400e+05	1.225000e+03	5.483480e+05	1.225000e+03	5.253370e+05	1.225000e+03	5.456970e+05	1.225000e+03	5.351100e+05	1.225000e+03	5.424730e+05	1.225000e+03	5.293150e+05	1.225000e+03	5.376070e+05
1.230000e+03	6.947740e+05	1.230000e+03	6.908610e+05	1.230000e+03	7.086830e+05	1.230000e+03	7.104770e+05	1.230000e+03	7.003890e+05	1.230000e+03	7.026890e+05	1.230000e+03	6.923590e+05	1.230000e+03	7.000160e+05	1.230000e+03	6.836450e+05	1.230000e+03	6.717640e+05	1.230000e+03	6.730230e+05	1.230000e+03	6.675370e+05	1.230000e+03	6.354950e+05	1.230000e+03	6.398590e+05	1.230000e+03	6.407750e+05	1.230000e+03	6.254810e+05	1.230000e+03	6.323210e+05	1.230000e+03	6.225560e+05	1.230000e+03	6.252660e+05	1.230000e+03	5.872940e+05	1.230000e+03	6.128480e+05	1.230000e+03	6.146690e+05	1.230000e+03	6.102860e+05	1.230000e+03	5.976700e+05	1.230000e+03	5.851610e+05	1.230000e+03	5.785690e+05	1.230000e+03	5.700360e+05	1.230000e+03	5.614420e+05	1.230000e+03	5.749240e+05	1.230000e+03	5.579260e+05	1.230000e+03	5.452940e+05	1.230000e+03	5.578940e+05	1.230000e+03	5.436380e+05	1.230000e+03	5.347250e+05	1.230000e+03	5.070860e+05	1.230000e+03	5.248370e+05	1.230000e+03	5.333660e+05	1.230000e+03	5.388450e+05	1.230000e+03	5.426410e+05	1.230000e+03	5.483920e+05	1.230000e+03	5.483230e+05	1.230000e+03	5.238610e+05	1.230000e+03	5.454410e+05	1.230000e+03	5.227000e+05
1.235000e+03	6.846270e+05	1.235000e+03	6.912940e+05	1.235000e+03	7.088180e+05	1.235000e+03	7.182470e+05	1.235000e+03	7.148620e+05	1.235000e+03	7.077590e+05	1.235000e+03	7.009390e+05	1.235000e+03	6.887900e+05	1.235000e+03	6.750160e+05	1.235000e+03	6.528320e+05	1.235000e+03	6.691320e+05	1.235000e+03	6.632510e+05	1.235000e+03	6.495790e+05	1.235000e+03	6.484800e+05	1.235000e+03	6.348780e+05	1.235000e+03	6.430800e+05	1.235000e+03	6.353420e+05	1.235000e+03	6.267220e+05	1.235000e+03	6.169650e+05	1.235000e+03	6.126740e+05	1.235000e+03	5.986480e+05	1.235000e+03	6.168350e+05	1.235000e+03	6.095850e+05	1.235000e+03	5.958910e+05	1.235000e+03	5.613220e+05	1.235000e+03	5.781390e+05	1.235000e+03	5.591720e+05	1.235000e+03	5.591910e+05	1.235000e+03	5.779180e+05	1.235000e+03	5.372840e+05	1.235000e+03	5.505020e+05	1.235000e+03	5.514160e+05	1.235000e+03	5.384730e+05	1.235000e+03	5.290820e+05	1.235000e+03	5.066930e+05	1.235000e+03	5.101410e+05	1.235000e+03	5.289070e+05	1.235000e+03	5.365490e+05	1.235000e+03	5.274270e+05	1.235000e+03	5.385420e+05	1.235000e+03	5.309270e+05	1.235000e+03	5.393840e+05	1.235000e+03	5.418540e+05	1.235000e+03	5.291370e+05
1.240000e+03	6.768590e+05	1.240000e+03	7.110980e+05	1.240000e+03	7.031670e+05	1.240000e+03	7.127360e+05	1.240000e+03	7.179230e+05	1.240000e+03	7.026890e+05	1.240000e+03	7.009840e+05	1.240000e+03	6.963490e+05	1.240000e+03	6.796520e+05	1.240000e+03	6.706650e+05	1.240000e+03	6.769230e+05	1.240000e+03	6.583360e+05	1.240000e+03	6.428400e+05	1.240000e+03	6.341590e+05	1.240000e+03	6.355720e+05	1.240000e+03	6.381340e+05	1.240000e+03	6.258810e+05	1.240000e+03	6.259800e+05	1.240000e+03	6.300450e+05	1.240000e+03	6.087340e+05	1.240000e+03	6.046290e+05	1.240000e+03	6.056000e+05	1.240000e+03	6.077180e+05	1.240000e+03	6.026380e+05	1.240000e+03	5.811940e+05	1.240000e+03	5.800250e+05	1.240000e+03	5.863350e+05	1.240000e+03	5.605790e+05	1.240000e+03	5.624310e+05	1.240000e+03	5.484980e+05	1.240000e+03	5.503110e+05	1.240000e+03	5.687620e+05	1.240000e+03	5.436190e+05	1.240000e+03	5.372580e+05	1.240000e+03	5.193710e+05	1.240000e+03	5.054710e+05	1.240000e+03	5.374090e+05	1.240000e+03	5.295040e+05	1.240000e+03	5.430940e+05	1.240000e+03	5.419680e+05	1.240000e+03	5.344610e+05	1.240000e+03	5.394480e+05	1.240000e+03	5.403330e+05	1.240000e+03	5.343710e+05
1.245000e+03	6.771080e+05	1.245000e+03	6.896700e+05	1.245000e+03	7.090810e+05	1.245000e+03	7.086080e+05	1.245000e+03	7.068140e+05	1.245000e+03	6.982480e+05	1.245000e+03	6.976610e+05	1.245000e+03	6.916010e+05	1.245000e+03	6.806530e+05	1.245000e+03	6.942820e+05	1.245000e+03	6.660400e+05	1.245000e+03	6.654790e+05	1.245000e+03	6.481460e+05	1.245000e+03	6.315320e+05	1.245000e+03	6.403510e+05	1.245000e+03	6.293490e+05	1.245000e+03	6.267890e+05	1.245000e+03	6.295860e+05	1.245000e+03	6.195000e+05	1.245000e+03	5.898090e+05	1.245000e+03	6.019560e+05	1.245000e+03	6.146910e+05	1.245000e+03	6.156220e+05	1.245000e+03	6.104970e+05	1.245000e+03	5.715640e+05	1.245000e+03	5.812590e+05	1.245000e+03	5.775410e+05	1.245000e+03	5.664020e+05	1.245000e+03	5.712910e+05	1.245000e+03	5.614290e+05	1.245000e+03	5.561700e+05	1.245000e+03	5.497790e+05	1.245000e+03	5.517390e+05	1.245000e+03	5.408540e+05	1.245000e+03	5.178380e+05	1.245000e+03	5.202150e+05	1.245000e+03	5.175240e+05	1.245000e+03	5.204510e+05	1.245000e+03	5.216940e+05	1.245000e+03	5.327280e+05	1.245000e+03	5.329950e+05	1.245000e+03	5.356570e+05	1.245000e+03	5.450700e+05	1.245000e+03	5.415920e+05
1.250000e+03	6.838460e+05	1.250000e+03	7.019730e+05	1.250000e+03	7.038600e+05	1.250000e+03	7.063680e+05	1.250000e+03	7.201340e+05	1.250000e+03	7.098840e+05	1.250000e+03	7.001120e+05	1.250000e+03	6.883180e+05	1.250000e+03	6.869980e+05	1.250000e+03	6.755070e+05	1.250000e+03	6.607230e+05	1.250000e+03	6.507360e+05	1.250000e+03	6.365140e+05	1.250000e+03	6.386600e+05	1.250000e+03	6.399300e+05	1.250000e+03	6.356030e+05	1.250000e+03	6.254630e+05	1.250000e+03	6.187290e+05	1.250000e+03	6.141210e+05	1.250000e+03	5.998990e+05	1.250000e+03	5.995680e+05	1.250000e+03	6.173070e+05	1.250000e+03	6.133050e+05	1.250000e+03	6.108120e+05	1.250000e+03	5.841740e+05	1.250000e+03	5.702020e+05	1.250000e+03	5.736010e+05	1.250000e+03	5.500880e+05	1.250000e+03	5.692700e+05	1.250000e+03	5.668120e+05	1.250000e+03	5.471910e+05	1.250000e+03	5.458960e+05	1.250000e+03	5.541790e+05	1.250000e+03	5.337690e+05	1.250000e+03	5.033780e+05	1.250000e+03	5.178480e+05	1.250000e+03	5.189290e+05	1.250000e+03	5.378410e+05	1.250000e+03	5.185090e+05	1.250000e+03	5.464600e+05	1.250000e+03	5.349310e+05	1.250000e+03	5.260010e+05	1.250000e+03	5.336130e+05	1.250000e+03	5.285080e+05
1.255000e+03	6.653960e+05	1.255000e+03	6.893930e+05	1.255000e+03	7.111230e+05	1.255000e+03	6.987750e+05	1.255000e+03	7.093780e+05	1.255000e+03	7.065920e+05	1.255000e+03	7.038630e+05	1.255000e+03	6.908060e+05	1.255000e+03	6.737310e+05	1.255000e+03	6.790510e+05	1.255000e+03	6.721880e+05	1.255000e+03	6.713830e+05	1.255000e+03	6.532710e+05	1.255000e+03	6.382930e+05	1.255000e+03	6.512110e+05	1.255000e+03	6.300890e+05	1.255000e+03	6.280440e+05	1.255000e+03	6.196450e+05	1.255000e+03	6.212140e+05	1.255000e+03	6.083760e+05	1.255000e+03	6.112550e+05	1.255000e+03	6.067110e+05	1.255000e+03	6.117390e+05	1.255000e+03	6.013980e+05	1.255000e+03	5.975240e+05	1.255000e+03	5.805060e+05	1.255000e+03	5.799300e+05	1.255000e+03	5.682640e+05	1.255000e+03	5.653530e+05	1.255000e+03	5.531950e+05	1.255000e+03	5.555490e+05	1.255000e+03	5.633160e+05	1.255000e+03	5.595350e+05	1.255000e+03	5.327830e+05	1.255000e+03	5.171890e+05	1.255000e+03	5.353420e+05	1.255000e+03	5.206050e+05	1.255000e+03	5.429030e+05	1.255000e+03	5.291600e+05	1.255000e+03	5.440450e+05	1.255000e+03	5.448760e+05	1.255000e+03	5.439900e+05	1.255000e+03	5.347150e+05	1.255000e+03	5.201860e+05
1.260000e+03	6.685080e+05	1.260000e+03	7.010240e+05	1.260000e+03	7.050300e+05	1.260000e+03	7.071850e+05	1.260000e+03	7.073320e+05	1.260000e+03	6.979410e+05	1.260000e+03	7.029710e+05	1.260000e+03	7.024320e+05	1.260000e+03	6.855850e+05	1.260000e+03	6.743220e+05	1.260000e+03	6.680810e+05	1.260000e+03	6.727850e+05	1.260000e+03	6.563030e+05	1.260000e+03	6.364360e+05	1.260000e+03	6.487720e+05	1.260000e+03	6.349390e+05	1.260000e+03	6.276040e+05	1.260000e+03	6.289240e+05	1.260000e+03	6.265350e+05	1.260000e+03	5.882580e+05	1.260000e+03	6.069530e+05	1.260000e+03	6.109870e+05	1.260000e+03	6.133960e+05	1.260000e+03	6.065390e+05	1.260000e+03	5.894530e+05	1.260000e+03	5.675470e+05	1.260000e+03	5.827300e+05	1.260000e+03	5.640980e+05	1.260000e+03	5.604910e+05	1.260000e+03	5.655940e+05	1.260000e+03	5.436810e+05	1.260000e+03	5.335420e+05	1.260000e+03	5.485260e+05	1.260000e+03	5.308120e+05	1.260000e+03	5.001110e+05	1.260000e+03	5.155480e+05	1.260000e+03	5.195250e+05	1.260000e+03	5.321180e+05	1.260000e+03	5.239510e+05	1.260000e+03	5.416260e+05	1.260000e+03	5.374590e+05	1.260000e+03	5.441510e+05	1.260000e+03	5.387020e+05	1.260000e+03	5.169970e+05
1.265000e+03	6.756050e+05	1.265000e+03	6.902960e+05	1.265000e+03	7.091410e+05	1.265000e+03	6.988160e+05	1.265000e+03	7.012150e+05	1.265000e+03	6.964440e+05	1.265000e+03	7.029720e+05	1.265000e+03	6.893030e+05	1.265000e+03	6.812360e+05	1.265000e+03	6.689020e+05	1.265000e+03	6.681470e+05	1.265000e+03	6.610200e+05	1.265000e+03	6.315720e+05	1.265000e+03	6.380310e+05	1.265000e+03	6.390330e+05	1.265000e+03	6.272940e+05	1.265000e+03	6.235660e+05	1.265000e+03	6.265080e+05	1.265000e+03	6.135870e+05	1.265000e+03	6.147690e+05	1.265000e+03	6.051060e+05	1.265000e+03	6.139890e+05	1.265000e+03	6.089500e+05	1.265000e+03	6.118530e+05	1.265000e+03	5.867440e+05	1.265000e+03	5.841830e+05	1.265000e+03	5.817410e+05	1.265000e+03	5.736550e+05	1.265000e+03	5.699630e+05	1.265000e+03	5.684770e+05	1.265000e+03	5.496390e+05	1.265000e+03	5.732150e+05	1.265000e+03	5.375380e+05	1.265000e+03	5.241830e+05	1.265000e+03	5.019040e+05	1.265000e+03	5.139820e+05	1.265000e+03	5.336630e+05	1.265000e+03	5.425630e+05	1.265000e+03	5.403570e+05	1.265000e+03	5.420660e+05	1.265000e+03	5.269400e+05	1.265000e+03	5.343540e+05	1.265000e+03	5.227470e+05	1.265000e+03	5.301410e+05
1.270000e+03	6.666170e+05	1.270000e+03	6.993150e+05	1.270000e+03	7.067630e+05	1.270000e+03	7.091510e+05	1.270000e+03	7.096900e+05	1.270000e+03	6.979920e+05	1.270000e+03	7.034140e+05	1.270000e+03	7.025920e+05	1.270000e+03	6.763710e+05	1.270000e+03	6.815250e+05	1.270000e+03	6.594340e+05	1.270000e+03	6.647970e+05	1.270000e+03	6.573020e+05	1.270000e+03	6.330720e+05	1.270000e+03	6.365130e+05	1.270000e+03	6.248820e+05	1.270000e+03	6.203790e+05	1.270000e+03	6.155570e+05	1.270000e+03	6.210160e+05	1.270000e+03	5.915570e+05	1.270000e+03	6.026920e+05	1.270000e+03	6.043580e+05	1.270000e+03	6.044130e+05	1.270000e+03	5.931340e+05	1.270000e+03	5.753550e+05	1.270000e+03	5.754680e+05	1.270000e+03	5.746490e+05	1.270000e+03	5.514370e+05	1.270000e+03	5.724720e+05	1.270000e+03	5.616240e+05	1.270000e+03	5.357640e+05	1.270000e+03	5.498500e+05	1.270000e+03	5.390570e+05	1.270000e+03	5.226780e+05	1.270000e+03	5.121880e+05	1.270000e+03	5.321650e+05	1.270000e+03	5.266610e+05	1.270000e+03	5.320490e+05	1.270000e+03	5.527950e+05	1.270000e+03	5.511400e+05	1.270000e+03	5.364150e+05	1.270000e+03	5.376350e+05	1.270000e+03	5.515110e+05	1.270000e+03	5.159670e+05
1.275000e+03	6.934670e+05	1.275000e+03	6.954270e+05	1.275000e+03	7.159480e+05	1.275000e+03	7.013650e+05	1.275000e+03	6.964650e+05	1.275000e+03	7.043120e+05	1.275000e+03	7.003990e+05	1.275000e+03	7.075850e+05	1.275000e+03	6.777840e+05	1.275000e+03	6.710740e+05	1.275000e+03	6.732530e+05	1.275000e+03	6.631430e+05	1.275000e+03	6.547160e+05	1.275000e+03	6.411350e+05	1.275000e+03	6.497450e+05	1.275000e+03	6.284360e+05	1.275000e+03	6.307300e+05	1.275000e+03	6.145500e+05	1.275000e+03	6.243630e+05	1.275000e+03	6.007090e+05	1.275000e+03	5.909010e+05	1.275000e+03	6.100020e+05	1.275000e+03	6.127960e+05	1.275000e+03	6.143190e+05	1.275000e+03	5.948860e+05	1.275000e+03	5.808620e+05	1.275000e+03	5.717520e+05	1.275000e+03	5.623360e+05	1.275000e+03	5.699950e+05	1.275000e+03	5.593530e+05	1.275000e+03	5.486590e+05	1.275000e+03	5.579600e+05	1.275000e+03	5.544330e+05	1.275000e+03	5.389750e+05	1.275000e+03	5.023990e+05	1.275000e+03	5.163810e+05	1.275000e+03	5.273500e+05	1.275000e+03	5.235500e+05	1.275000e+03	5.348970e+05	1.275000e+03	5.292590e+05	1.275000e+03	5.349870e+05	1.275000e+03	5.353020e+05	1.275000e+03	5.258630e+05	1.275000e+03	5.183040e+05
1.280000e+03	6.872830e+05	1.280000e+03	7.017630e+05	1.280000e+03	7.142140e+05	1.280000e+03	7.124050e+05	1.280000e+03	7.112550e+05	1.280000e+03	7.047420e+05	1.280000e+03	6.920010e+05	1.280000e+03	7.054020e+05	1.280000e+03	6.830160e+05	1.280000e+03	6.561530e+05	1.280000e+03	6.592190e+05	1.280000e+03	6.696320e+05	1.280000e+03	6.571650e+05	1.280000e+03	6.427520e+05	1.280000e+03	6.434580e+05	1.280000e+03	6.242670e+05	1.280000e+03	6.295730e+05	1.280000e+03	6.264470e+05	1.280000e+03	6.067360e+05	1.280000e+03	6.017710e+05	1.280000e+03	6.022010e+05	1.280000e+03	6.080510e+05	1.280000e+03	6.041770e+05	1.280000e+03	6.102500e+05	1.280000e+03	5.818590e+05	1.280000e+03	5.622740e+05	1.280000e+03	5.754530e+05	1.280000e+03	5.665810e+05	1.280000e+03	5.599980e+05	1.280000e+03	5.475700e+05	1.280000e+03	5.427140e+05	1.280000e+03	5.532140e+05	1.280000e+03	5.652570e+05	1.280000e+03	5.389350e+05	1.280000e+03	5.069310e+05	1.280000e+03	5.193140e+05	1.280000e+03	5.248950e+05	1.280000e+03	5.330290e+05	1.280000e+03	5.378560e+05	1.280000e+03	5.413040e+05	1.280000e+03	5.593380e+05	1.280000e+03	5.270740e+05	1.280000e+03	5.435440e+05	1.280000e+03	5.380020e+05
1.285000e+03	6.837700e+05	1.285000e+03	7.006050e+05	1.285000e+03	7.187840e+05	1.285000e+03	7.136780e+05	1.285000e+03	7.103990e+05	1.285000e+03	7.062970e+05	1.285000e+03	7.062090e+05	1.285000e+03	7.135210e+05	1.285000e+03	6.845510e+05	1.285000e+03	6.792780e+05	1.285000e+03	6.649720e+05	1.285000e+03	6.555270e+05	1.285000e+03	6.399210e+05	1.285000e+03	6.282030e+05	1.285000e+03	6.278720e+05	1.285000e+03	6.436630e+05	1.285000e+03	6.333840e+05	1.285000e+03	6.175850e+05	1.285000e+03	6.291410e+05	1.285000e+03	6.064180e+05	1.285000e+03	6.072830e+05	1.285000e+03	6.006750e+05	1.285000e+03	6.114180e+05	1.285000e+03	6.106740e+05	1.285000e+03	5.812560e+05	1.285000e+03	5.920870e+05	1.285000e+03	5.550070e+05	1.285000e+03	5.702610e+05	1.285000e+03	5.680300e+05	1.285000e+03	5.524690e+05	1.285000e+03	5.407440e+05	1.285000e+03	5.601040e+05	1.285000e+03	5.321540e+05	1.285000e+03	5.351930e+05	1.285000e+03	5.132870e+05	1.285000e+03	5.169740e+05	1.285000e+03	5.277100e+05	1.285000e+03	5.388540e+05	1.285000e+03	5.379230e+05	1.285000e+03	5.458850e+05	1.285000e+03	5.311740e+05	1.285000e+03	5.438510e+05	1.285000e+03	5.427920e+05	1.285000e+03	5.334780e+05
1.290000e+03	6.900380e+05	1.290000e+03	6.927350e+05	1.290000e+03	7.090060e+05	1.290000e+03	7.137900e+05	1.290000e+03	7.115860e+05	1.290000e+03	7.016540e+05	1.290000e+03	6.947750e+05	1.290000e+03	7.031100e+05	1.290000e+03	6.750020e+05	1.290000e+03	6.752220e+05	1.290000e+03	6.878110e+05	1.290000e+03	6.678520e+05	1.290000e+03	6.536860e+05	1.290000e+03	6.323990e+05	1.290000e+03	6.414000e+05	1.290000e+03	6.341900e+05	1.290000e+03	6.245020e+05	1.290000e+03	6.283450e+05	1.290000e+03	6.111030e+05	1.290000e+03	5.979090e+05	1.290000e+03	6.003990e+05	1.290000e+03	6.072840e+05	1.290000e+03	6.157120e+05	1.290000e+03	6.012680e+05	1.290000e+03	5.939370e+05	1.290000e+03	5.845510e+05	1.290000e+03	5.863540e+05	1.290000e+03	5.539500e+05	1.290000e+03	5.675570e+05	1.290000e+03	5.525520e+05	1.290000e+03	5.472610e+05	1.290000e+03	5.526810e+05	1.290000e+03	5.467700e+05	1.290000e+03	5.330290e+05	1.290000e+03	5.257780e+05	1.290000e+03	5.351910e+05	1.290000e+03	5.242300e+05	1.290000e+03	5.383880e+05	1.290000e+03	5.400420e+05	1.290000e+03	5.450360e+05	1.290000e+03	5.285200e+05	1.290000e+03	5.431310e+05	1.290000e+03	5.445300e+05	1.290000e+03	5.356520e+05
1.295000e+03	6.404050e+05	1.295000e+03	7.107020e+05	1.295000e+03	7.153360e+05	1.295000e+03	7.003230e+05	1.295000e+03	7.155910e+05	1.295000e+03	7.031450e+05	1.295000e+03	7.031750e+05	1.295000e+03	6.945960e+05	1.295000e+03	6.815520e+05	1.295000e+03	6.852170e+05	1.295000e+03	6.747020e+05	1.295000e+03	6.605690e+05	1.295000e+03	6.406480e+05	1.295000e+03	6.426240e+05	1.295000e+03	6.371750e+05	1.295000e+03	6.370630e+05	1.295000e+03	6.334340e+05	1.295000e+03	6.273510e+05	1.295000e+03	6.074700e+05	1.295000e+03	5.955710e+05	1.295000e+03	6.084370e+05	1.295000e+03	6.066520e+05	1.295000e+03	6.069210e+05	1.295000e+03	5.953880e+05	1.295000e+03	5.919830e+05	1.295000e+03	5.896870e+05	1.295000e+03	5.840840e+05	1.295000e+03	5.631610e+05	1.295000e+03	5.639410e+05	1.295000e+03	5.505110e+05	1.295000e+03	5.432990e+05	1.295000e+03	5.452390e+05	1.295000e+03	5.443910e+05	1.295000e+03	5.353860e+05	1.295000e+03	5.418950e+05	1.295000e+03	5.188460e+05	1.295000e+03	5.275850e+05	1.295000e+03	5.466900e+05	1.295000e+03	5.272480e+05	1.295000e+03	5.251340e+05	1.295000e+03	5.334650e+05	1.295000e+03	5.478080e+05	1.295000e+03	5.493320e+05	1.295000e+03	5.408920e+05
1.300000e+03	6.831810e+05	1.300000e+03	7.078180e+05	1.300000e+03	7.106290e+05	1.300000e+03	7.134870e+05	1.300000e+03	7.158460e+05	1.300000e+03	7.117440e+05	1.300000e+03	7.136040e+05	1.300000e+03	6.939190e+05	1.300000e+03	6.826200e+05	1.300000e+03	6.844840e+05	1.300000e+03	6.689630e+05	1.300000e+03	6.638870e+05	1.300000e+03	6.352440e+05	1.300000e+03	6.285860e+05	1.300000e+03	6.414990e+05	1.300000e+03	6.280780e+05	1.300000e+03	6.290510e+05	1.300000e+03	6.275300e+05	1.300000e+03	6.083590e+05	1.300000e+03	6.046650e+05	1.300000e+03	5.968950e+05	1.300000e+03	6.063730e+05	1.300000e+03	6.102200e+05	1.300000e+03	5.985780e+05	1.300000e+03	6.028500e+05	1.300000e+03	5.691530e+05	1.300000e+03	5.781700e+05	1.300000e+03	5.548110e+05	1.300000e+03	5.713020e+05	1.300000e+03	5.585010e+05	1.300000e+03	5.447890e+05	1.300000e+03	5.521770e+05	1.300000e+03	5.580600e+05	1.300000e+03	5.312980e+05	1.300000e+03	5.084490e+05	1.300000e+03	5.202150e+05	1.300000e+03	5.211000e+05	1.300000e+03	5.427760e+05	1.300000e+03	5.385870e+05	1.300000e+03	5.354230e+05	1.300000e+03	5.292350e+05	1.300000e+03	5.296870e+05	1.300000e+03	5.456660e+05	1.300000e+03	5.211700e+05
1.305000e+03	6.743400e+05	1.305000e+03	7.043760e+05	1.305000e+03	7.095960e+05	1.305000e+03	7.113000e+05	1.305000e+03	7.200960e+05	1.305000e+03	6.982350e+05	1.305000e+03	7.020520e+05	1.305000e+03	7.111060e+05	1.305000e+03	6.884150e+05	1.305000e+03	6.742080e+05	1.305000e+03	6.703860e+05	1.305000e+03	6.540560e+05	1.305000e+03	6.676770e+05	1.305000e+03	6.535640e+05	1.305000e+03	6.492920e+05	1.305000e+03	6.377700e+05	1.305000e+03	6.467130e+05	1.305000e+03	6.336930e+05	1.305000e+03	6.194770e+05	1.305000e+03	6.270060e+05	1.305000e+03	6.153950e+05	1.305000e+03	6.143670e+05	1.305000e+03	6.211430e+05	1.305000e+03	6.093020e+05	1.305000e+03	5.797700e+05	1.305000e+03	5.731600e+05	1.305000e+03	5.642950e+05	1.305000e+03	5.602430e+05	1.305000e+03	5.644640e+05	1.305000e+03	5.641470e+05	1.305000e+03	5.498530e+05	1.305000e+03	5.560250e+05	1.305000e+03	5.671360e+05	1.305000e+03	5.357980e+05	1.305000e+03	5.095710e+05	1.305000e+03	5.256500e+05	1.305000e+03	5.249530e+05	1.305000e+03	5.417110e+05	1.305000e+03	5.279990e+05	1.305000e+03	5.492000e+05	1.305000e+03	5.438820e+05	1.305000e+03	5.470590e+05	1.305000e+03	5.465820e+05	1.305000e+03	5.331440e+05
1.310000e+03	6.606250e+05	1.310000e+03	7.043110e+05	1.310000e+03	7.146460e+05	1.310000e+03	7.104840e+05	1.310000e+03	7.126350e+05	1.310000e+03	7.104370e+05	1.310000e+03	6.977140e+05	1.310000e+03	7.123760e+05	1.310000e+03	6.842170e+05	1.310000e+03	6.798560e+05	1.310000e+03	6.786540e+05	1.310000e+03	6.631070e+05	1.310000e+03	6.521950e+05	1.310000e+03	6.488630e+05	1.310000e+03	6.469530e+05	1.310000e+03	6.459760e+05	1.310000e+03	6.231490e+05	1.310000e+03	6.282700e+05	1.310000e+03	6.275560e+05	1.310000e+03	6.089310e+05	1.310000e+03	6.073770e+05	1.310000e+03	6.180730e+05	1.310000e+03	6.129790e+05	1.310000e+03	6.038500e+05	1.310000e+03	5.780960e+05	1.310000e+03	5.812370e+05	1.310000e+03	5.807430e+05	1.310000e+03	5.423120e+05	1.310000e+03	5.726120e+05	1.310000e+03	5.617220e+05	1.310000e+03	5.587230e+05	1.310000e+03	5.442850e+05	1.310000e+03	5.505660e+05	1.310000e+03	5.498420e+05	1.310000e+03	5.253990e+05	1.310000e+03	5.256310e+05	1.310000e+03	5.339500e+05	1.310000e+03	5.526390e+05	1.310000e+03	5.409360e+05	1.310000e+03	5.528080e+05	1.310000e+03	5.552960e+05	1.310000e+03	5.375260e+05	1.310000e+03	5.408230e+05	1.310000e+03	5.239930e+05
1.315000e+03	6.407670e+05	1.315000e+03	7.016380e+05	1.315000e+03	7.061990e+05	1.315000e+03	7.025080e+05	1.315000e+03	7.107710e+05	1.315000e+03	7.202630e+05	1.315000e+03	7.033090e+05	1.315000e+03	7.156370e+05	1.315000e+03	6.865410e+05	1.315000e+03	6.763180e+05	1.315000e+03	6.860030e+05	1.315000e+03	6.801510e+05	1.315000e+03	6.310920e+05	1.315000e+03	6.384090e+05	1.315000e+03	6.380130e+05	1.315000e+03	6.429460e+05	1.315000e+03	6.330610e+05	1.315000e+03	6.238810e+05	1.315000e+03	6.335130e+05	1.315000e+03	6.168000e+05	1.315000e+03	6.104050e+05	1.315000e+03	6.212680e+05	1.315000e+03	6.215940e+05	1.315000e+03	6.106340e+05	1.315000e+03	6.028860e+05	1.315000e+03	5.851060e+05	1.315000e+03	5.818540e+05	1.315000e+03	5.579830e+05	1.315000e+03	5.767980e+05	1.315000e+03	5.635900e+05	1.315000e+03	5.588400e+05	1.315000e+03	5.640010e+05	1.315000e+03	5.417500e+05	1.315000e+03	5.456360e+05	1.315000e+03	5.394480e+05	1.315000e+03	5.252760e+05	1.315000e+03	5.230110e+05	1.315000e+03	5.354150e+05	1.315000e+03	5.376310e+05	1.315000e+03	5.380120e+05	1.315000e+03	5.378040e+05	1.315000e+03	5.310440e+05	1.315000e+03	5.512100e+05	1.315000e+03	5.286350e+05
1.320000e+03	6.729990e+05	1.320000e+03	6.955190e+05	1.320000e+03	7.265500e+05	1.320000e+03	7.172830e+05	1.320000e+03	7.150070e+05	1.320000e+03	7.157480e+05	1.320000e+03	7.139780e+05	1.320000e+03	7.050400e+05	1.320000e+03	6.871250e+05	1.320000e+03	6.953590e+05	1.320000e+03	6.778360e+05	1.320000e+03	6.725190e+05	1.320000e+03	6.679450e+05	1.320000e+03	6.472270e+05	1.320000e+03	6.377040e+05	1.320000e+03	6.467630e+05	1.320000e+03	6.207900e+05	1.320000e+03	6.334790e+05	1.320000e+03	6.340560e+05	1.320000e+03	6.302860e+05	1.320000e+03	6.186540e+05	1.320000e+03	6.220960e+05	1.320000e+03	6.141610e+05	1.320000e+03	6.233090e+05	1.320000e+03	5.845320e+05	1.320000e+03	5.853550e+05	1.320000e+03	5.772130e+05	1.320000e+03	5.713640e+05	1.320000e+03	5.687710e+05	1.320000e+03	5.594430e+05	1.320000e+03	5.615700e+05	1.320000e+03	5.665040e+05	1.320000e+03	5.501420e+05	1.320000e+03	5.386230e+05	1.320000e+03	5.303780e+05	1.320000e+03	5.235880e+05	1.320000e+03	5.237180e+05	1.320000e+03	5.358740e+05	1.320000e+03	5.586700e+05	1.320000e+03	5.502780e+05	1.320000e+03	5.445020e+05	1.320000e+03	5.384680e+05	1.320000e+03	5.481110e+05	1.320000e+03	5.329930e+05
1.325000e+03	6.866360e+05	1.325000e+03	7.030160e+05	1.325000e+03	7.125640e+05	1.325000e+03	7.188550e+05	1.325000e+03	7.131190e+05	1.325000e+03	7.146140e+05	1.325000e+03	7.086720e+05	1.325000e+03	6.867260e+05	1.325000e+03	7.032050e+05	1.325000e+03	7.038440e+05	1.325000e+03	6.842000e+05	1.325000e+03	6.925180e+05	1.325000e+03	6.650240e+05	1.325000e+03	6.579400e+05	1.325000e+03	6.547530e+05	1.325000e+03	6.336360e+05	1.325000e+03	6.396640e+05	1.325000e+03	6.303860e+05	1.325000e+03	6.423610e+05	1.325000e+03	6.043470e+05	1.325000e+03	6.202680e+05	1.325000e+03	6.190130e+05	1.325000e+03	6.281560e+05	1.325000e+03	6.046440e+05	1.325000e+03	6.004270e+05	1.325000e+03	5.884920e+05	1.325000e+03	5.918300e+05	1.325000e+03	5.783490e+05	1.325000e+03	5.689900e+05	1.325000e+03	5.547990e+05	1.325000e+03	5.601900e+05	1.325000e+03	5.510940e+05	1.325000e+03	5.533610e+05	1.325000e+03	5.507290e+05	1.325000e+03	5.176770e+05	1.325000e+03	5.219260e+05	1.325000e+03	5.275720e+05	1.325000e+03	5.401690e+05	1.325000e+03	5.363270e+05	1.325000e+03	5.565700e+05	1.325000e+03	5.384030e+05	1.325000e+03	5.394570e+05	1.325000e+03	5.515260e+05	1.325000e+03	5.471840e+05
1.330000e+03	6.852000e+05	1.330000e+03	7.111980e+05	1.330000e+03	7.066580e+05	1.330000e+03	7.201740e+05	1.330000e+03	7.120290e+05	1.330000e+03	7.204810e+05	1.330000e+03	7.129840e+05	1.330000e+03	7.081220e+05	1.330000e+03	6.941910e+05	1.330000e+03	6.785130e+05	1.330000e+03	6.848320e+05	1.330000e+03	6.874410e+05	1.330000e+03	6.559310e+05	1.330000e+03	6.604220e+05	1.330000e+03	6.452860e+05	1.330000e+03	6.520160e+05	1.330000e+03	6.414520e+05	1.330000e+03	6.406120e+05	1.330000e+03	6.343050e+05	1.330000e+03	6.019190e+05	1.330000e+03	6.145970e+05	1.330000e+03	6.237660e+05	1.330000e+03	6.223060e+05	1.330000e+03	5.992110e+05	1.330000e+03	5.860200e+05	1.330000e+03	5.976490e+05	1.330000e+03	5.906130e+05	1.330000e+03	5.750450e+05	1.330000e+03	5.727680e+05	1.330000e+03	5.598470e+05	1.330000e+03	5.739080e+05	1.330000e+03	5.554890e+05	1.330000e+03	5.731080e+05	1.330000e+03	5.447890e+05	1.330000e+03	5.175530e+05	1.330000e+03	5.253520e+05	1.330000e+03	5.227680e+05	1.330000e+03	5.367660e+05	1.330000e+03	5.405510e+05	1.330000e+03	5.502880e+05	1.330000e+03	5.656950e+05	1.330000e+03	5.351360e+05	1.330000e+03	5.482870e+05	1.330000e+03	5.505880e+05
1.335000e+03	6.600530e+05	1.335000e+03	7.022130e+05	1.335000e+03	7.246480e+05	1.335000e+03	7.145760e+05	1.335000e+03	7.213340e+05	1.335000e+03	7.083980e+05	1.335000e+03	7.095450e+05	1.335000e+03	7.116060e+05	1.335000e+03	6.858500e+05	1.335000e+03	6.908130e+05	1.335000e+03	6.684860e+05	1.335000e+03	6.734390e+05	1.335000e+03	6.671260e+05	1.335000e+03	6.447990e+05	1.335000e+03	6.445540e+05	1.335000e+03	6.438880e+05	1.335000e+03	6.284780e+05	1.335000e+03	6.190480e+05	1.335000e+03	6.252490e+05	1.335000e+03	6.151270e+05	1.335000e+03	6.080830e+05	1.335000e+03	6.177710e+05	1.335000e+03	6.105360e+05	1.335000e+03	6.175800e+05	1.335000e+03	5.810160e+05	1.335000e+03	5.890700e+05	1.335000e+03	5.664360e+05	1.335000e+03	5.662590e+05	1.335000e+03	5.647870e+05	1.335000e+03	5.385970e+05	1.335000e+03	5.488140e+05	1.335000e+03	5.442780e+05	1.335000e+03	5.724650e+05	1.335000e+03	5.427050e+05	1.335000e+03	5.180600e+05	1.335000e+03	5.161980e+05	1.335000e+03	5.300900e+05	1.335000e+03	5.431990e+05	1.335000e+03	5.449210e+05	1.335000e+03	5.390760e+05	1.335000e+03	5.493870e+05	1.335000e+03	5.457100e+05	1.335000e+03	5.471810e+05	1.335000e+03	5.464780e+05
1.340000e+03	6.726840e+05	1.340000e+03	7.007660e+05	1.340000e+03	7.169830e+05	1.340000e+03	7.048390e+05	1.340000e+03	7.036200e+05	1.340000e+03	7.070820e+05	1.340000e+03	7.084960e+05	1.340000e+03	6.892460e+05	1.340000e+03	6.908980e+05	1.340000e+03	6.851470e+05	1.340000e+03	6.743160e+05	1.340000e+03	6.717440e+05	1.340000e+03	6.481090e+05	1.340000e+03	6.455460e+05	1.340000e+03	6.519430e+05	1.340000e+03	6.440110e+05	1.340000e+03	6.385440e+05	1.340000e+03	6.332490e+05	1.340000e+03	6.275370e+05	1.340000e+03	6.059990e+05	1.340000e+03	6.188340e+05	1.340000e+03	6.155700e+05	1.340000e+03	6.154880e+05	1.340000e+03	6.043240e+05	1.340000e+03	6.018060e+05	1.340000e+03	5.844370e+05	1.340000e+03	5.846210e+05	1.340000e+03	5.566580e+05	1.340000e+03	5.625210e+05	1.340000e+03	5.633400e+05	1.340000e+03	5.438390e+05	1.340000e+03	5.639040e+05	1.340000e+03	5.722490e+05	1.340000e+03	5.474110e+05	1.340000e+03	5.071140e+05	1.340000e+03	5.177090e+05	1.340000e+03	5.481220e+05	1.340000e+03	5.363470e+05	1.340000e+03	5.362400e+05	1.340000e+03	5.559140e+05	1.340000e+03	5.293220e+05	1.340000e+03	5.385890e+05	1.340000e+03	5.439830e+05	1.340000e+03	5.314000e+05
1.345000e+03	6.927100e+05	1.345000e+03	7.020020e+05	1.345000e+03	7.109780e+05	1.345000e+03	7.165110e+05	1.345000e+03	7.032990e+05	1.345000e+03	7.187220e+05	1.345000e+03	7.035610e+05	1.345000e+03	6.956740e+05	1.345000e+03	6.807050e+05	1.345000e+03	6.738530e+05	1.345000e+03	6.774220e+05	1.345000e+03	6.721190e+05	1.345000e+03	6.611430e+05	1.345000e+03	6.507490e+05	1.345000e+03	6.450790e+05	1.345000e+03	6.362870e+05	1.345000e+03	6.302110e+05	1.345000e+03	6.232590e+05	1.345000e+03	6.244650e+05	1.345000e+03	6.110760e+05	1.345000e+03	6.080580e+05	1.345000e+03	6.074070e+05	1.345000e+03	6.108960e+05	1.345000e+03	5.990700e+05	1.345000e+03	5.798980e+05	1.345000e+03	5.863550e+05	1.345000e+03	5.846830e+05	1.345000e+03	5.478840e+05	1.345000e+03	5.561270e+05	1.345000e+03	5.374700e+05	1.345000e+03	5.489020e+05	1.345000e+03	5.689990e+05	1.345000e+03	5.446460e+05	1.345000e+03	5.403170e+05	1.345000e+03	5.219710e+05	1.345000e+03	5.152600e+05	1.345000e+03	5.412100e+05	1.345000e+03	5.477050e+05	1.345000e+03	5.406310e+05	1.345000e+03	5.540350e+05	1.345000e+03	5.541880e+05	1.345000e+03	5.418830e+05	1.345000e+03	5.463790e+05	1.345000e+03	5.457340e+05
1.350000e+03	6.415640e+05	1.350000e+03	7.004470e+05	1.350000e+03	7.066870e+05	1.350000e+03	7.153270e+05	1.350000e+03	7.187420e+05	1.350000e+03	7.090570e+05	1.350000e+03	7.093690e+05	1.350000e+03	7.018100e+05	1.350000e+03	6.887410e+05	1.350000e+03	6.756010e+05	1.350000e+03	6.765950e+05	1.350000e+03	6.569860e+05	1.350000e+03	6.417360e+05	1.350000e+03	6.345410e+05	1.350000e+03	6.381170e+05	1.350000e+03	6.337600e+05	1.350000e+03	6.299580e+05	1.350000e+03	6.225220e+05	1.350000e+03	6.353010e+05	1.350000e+03	6.171160e+05	1.350000e+03	6.128600e+05	1.350000e+03	6.057150e+05	1.350000e+03	6.134460e+05	1.350000e+03	5.952180e+05	1.350000e+03	5.848880e+05	1.350000e+03	5.814940e+05	1.350000e+03	5.830510e+05	1.350000e+03	5.645940e+05	1.350000e+03	5.720610e+05	1.350000e+03	5.599520e+05	1.350000e+03	5.609990e+05	1.350000e+03	5.551710e+05	1.350000e+03	5.473660e+05	1.350000e+03	5.402060e+05	1.350000e+03	5.223210e+05	1.350000e+03	5.135910e+05	1.350000e+03	5.327820e+05	1.350000e+03	5.509390e+05	1.350000e+03	5.455640e+05	1.350000e+03	5.412810e+05	1.350000e+03	5.407760e+05	1.350000e+03	5.424940e+05	1.350000e+03	5.394900e+05	1.350000e+03	5.275150e+05
1.355000e+03	6.873780e+05	1.355000e+03	6.957070e+05	1.355000e+03	7.021600e+05	1.355000e+03	7.132500e+05	1.355000e+03	7.093200e+05	1.355000e+03	6.980370e+05	1.355000e+03	7.028510e+05	1.355000e+03	7.064350e+05	1.355000e+03	6.789060e+05	1.355000e+03	6.765490e+05	1.355000e+03	6.601370e+05	1.355000e+03	6.578440e+05	1.355000e+03	6.514690e+05	1.355000e+03	6.288140e+05	1.355000e+03	6.450670e+05	1.355000e+03	6.343210e+05	1.355000e+03	6.346090e+05	1.355000e+03	6.275270e+05	1.355000e+03	6.247690e+05	1.355000e+03	5.900810e+05	1.355000e+03	6.107870e+05	1.355000e+03	6.051390e+05	1.355000e+03	6.026940e+05	1.355000e+03	6.116550e+05	1.355000e+03	6.031730e+05	1.355000e+03	5.856890e+05	1.355000e+03	5.788740e+05	1.355000e+03	5.814000e+05	1.355000e+03	5.634840e+05	1.355000e+03	5.714110e+05	1.355000e+03	5.418560e+05	1.355000e+03	5.615270e+05	1.355000e+03	5.487970e+05	1.355000e+03	5.302660e+05	1.355000e+03	5.170280e+05	1.355000e+03	5.276750e+05	1.355000e+03	5.305270e+05	1.355000e+03	5.564590e+05	1.355000e+03	5.339010e+05	1.355000e+03	5.211330e+05	1.355000e+03	5.244090e+05	1.355000e+03	5.445160e+05	1.355000e+03	5.390160e+05	1.355000e+03	5.362330e+05
1.360000e+03	6.966060e+05	1.360000e+03	7.010000e+05	1.360000e+03	7.129600e+05	1.360000e+03	7.073980e+05	1.360000e+03	7.010530e+05	1.360000e+03	7.010880e+05	1.360000e+03	6.939260e+05	1.360000e+03	6.964840e+05	1.360000e+03	6.729410e+05	1.360000e+03	6.802870e+05	1.360000e+03	6.603460e+05	1.360000e+03	6.680090e+05	1.360000e+03	6.391310e+05	1.360000e+03	6.249790e+05	1.360000e+03	6.341430e+05	1.360000e+03	6.278750e+05	1.360000e+03	6.422410e+05	1.360000e+03	6.164410e+05	1.360000e+03	6.102110e+05	1.360000e+03	6.058480e+05	1.360000e+03	6.123530e+05	1.360000e+03	6.109990e+05	1.360000e+03	6.131960e+05	1.360000e+03	6.120080e+05	1.360000e+03	5.917120e+05	1.360000e+03	5.761700e+05	1.360000e+03	5.794820e+05	1.360000e+03	5.501640e+05	1.360000e+03	5.648780e+05	1.360000e+03	5.529210e+05	1.360000e+03	5.446140e+05	1.360000e+03	5.462610e+05	1.360000e+03	5.480430e+05	1.360000e+03	5.370750e+05	1.360000e+03	4.959430e+05	1.360000e+03	5.176330e+05	1.360000e+03	5.208580e+05	1.360000e+03	5.300780e+05	1.360000e+03	5.319710e+05	1.360000e+03	5.432780e+05	1.360000e+03	5.461970e+05	1.360000e+03	5.354690e+05	1.360000e+03	5.357020e+05	1.360000e+03	5.247430e+05
1.365000e+03	6.766650e+05	1.365000e+03	6.957170e+05	1.365000e+03	7.130620e+05	1.365000e+03	7.044980e+05	1.365000e+03	7.231780e+05	1.365000e+03	7.079940e+05	1.365000e+03	6.917600e+05	1.365000e+03	6.983920e+05	1.365000e+03	6.755590e+05	1.365000e+03	6.742290e+05	1.365000e+03	6.709630e+05	1.365000e+03	6.663000e+05	1.365000e+03	6.627560e+05	1.365000e+03	6.386060e+05	1.365000e+03	6.386380e+05	1.365000e+03	6.382020e+05	1.365000e+03	6.304540e+05	1.365000e+03	6.160850e+05	1.365000e+03	6.250490e+05	1.365000e+03	6.045890e+05	1.365000e+03	6.009550e+05	1.365000e+03	6.093350e+05	1.365000e+03	6.018790e+05	1.365000e+03	6.151290e+05	1.365000e+03	5.876520e+05	1.365000e+03	5.745950e+05	1.365000e+03	5.790980e+05	1.365000e+03	5.627360e+05	1.365000e+03	5.694720e+05	1.365000e+03	5.557000e+05	1.365000e+03	5.431260e+05	1.365000e+03	5.527790e+05	1.365000e+03	5.520840e+05	1.365000e+03	5.458910e+05	1.365000e+03	5.059420e+05	1.365000e+03	5.074030e+05	1.365000e+03	5.294160e+05	1.365000e+03	5.422520e+05	1.365000e+03	5.441490e+05	1.365000e+03	5.323130e+05	1.365000e+03	5.495860e+05	1.365000e+03	5.431130e+05	1.365000e+03	5.343710e+05	1.365000e+03	5.327050e+05
1.370000e+03	6.553440e+05	1.370000e+03	6.898790e+05	1.370000e+03	7.034090e+05	1.370000e+03	7.140780e+05	1.370000e+03	7.093550e+05	1.370000e+03	7.131700e+05	1.370000e+03	6.938080e+05	1.370000e+03	6.925640e+05	1.370000e+03	6.801010e+05	1.370000e+03	6.790000e+05	1.370000e+03	6.748320e+05	1.370000e+03	6.676180e+05	1.370000e+03	6.420910e+05	1.370000e+03	6.439150e+05	1.370000e+03	6.434290e+05	1.370000e+03	6.364080e+05	1.370000e+03	6.382400e+05	1.370000e+03	6.177980e+05	1.370000e+03	6.210990e+05	1.370000e+03	6.140900e+05	1.370000e+03	6.048470e+05	1.370000e+03	6.002020e+05	1.370000e+03	6.146870e+05	1.370000e+03	5.879660e+05	1.370000e+03	5.970740e+05	1.370000e+03	5.900000e+05	1.370000e+03	5.740580e+05	1.370000e+03	5.677890e+05	1.370000e+03	5.659510e+05	1.370000e+03	5.514310e+05	1.370000e+03	5.413790e+05	1.370000e+03	5.431880e+05	1.370000e+03	5.536460e+05	1.370000e+03	5.325970e+05	1.370000e+03	5.181130e+05	1.370000e+03	5.178830e+05	1.370000e+03	5.319590e+05	1.370000e+03	5.541420e+05	1.370000e+03	5.351510e+05	1.370000e+03	5.426390e+05	1.370000e+03	5.556170e+05	1.370000e+03	5.355790e+05	1.370000e+03	5.355620e+05	1.370000e+03	5.212300e+05
1.375000e+03	6.629330e+05	1.375000e+03	6.937240e+05	1.375000e+03	7.075080e+05	1.375000e+03	7.050850e+05	1.375000e+03	7.019820e+05	1.375000e+03	6.981910e+05	1.375000e+03	6.848800e+05	1.375000e+03	6.796700e+05	1.375000e+03	6.842740e+05	1.375000e+03	6.787870e+05	1.375000e+03	6.554860e+05	1.375000e+03	6.656570e+05	1.375000e+03	6.471470e+05	1.375000e+03	6.262630e+05	1.375000e+03	6.440250e+05	1.375000e+03	6.309730e+05	1.375000e+03	6.178110e+05	1.375000e+03	6.161430e+05	1.375000e+03	6.030610e+05	1.375000e+03	5.910360e+05	1.375000e+03	5.949540e+05	1.375000e+03	5.991600e+05	1.375000e+03	6.078070e+05	1.375000e+03	6.023030e+05	1.375000e+03	5.709320e+05	1.375000e+03	5.694840e+05	1.375000e+03	5.677650e+05	1.375000e+03	5.669910e+05	1.375000e+03	5.631050e+05	1.375000e+03	5.515240e+05	1.375000e+03	5.420820e+05	1.375000e+03	5.309280e+05	1.375000e+03	5.480030e+05	1.375000e+03	5.255790e+05	1.375000e+03	5.238170e+05	1.375000e+03	5.358350e+05	1.375000e+03	5.267730e+05	1.375000e+03	5.418210e+05	1.375000e+03	5.207140e+05	1.375000e+03	5.290890e+05	1.375000e+03	5.251560e+05	1.375000e+03	5.332730e+05	1.375000e+03	5.387480e+05	1.375000e+03	5.236470e+05
1.380000e+03	6.803230e+05	1.380000e+03	6.999830e+05	1.380000e+03	7.144600e+05	1.380000e+03	7.109570e+05	1.380000e+03	7.006840e+05	1.380000e+03	7.081790e+05	1.380000e+03	6.994880e+05	1.380000e+03	6.935160e+05	1.380000e+03	6.801610e+05	1.380000e+03	6.674380e+05	1.380000e+03	6.544530e+05	1.380000e+03	6.522030e+05	1.380000e+03	6.445340e+05	1.380000e+03	6.289260e+05	1.380000e+03	6.333580e+05	1.380000e+03	6.451510e+05	1.380000e+03	6.322450e+05	1.380000e+03	6.213400e+05	1.380000e+03	6.145010e+05	1.380000e+03	6.212190e+05	1.380000e+03	5.967180e+05	1.380000e+03	6.035910e+05	1.380000e+03	6.035810e+05	1.380000e+03	6.027580e+05	1.380000e+03	5.765070e+05	1.380000e+03	5.755840e+05	1.380000e+03	5.799880e+05	1.380000e+03	5.572270e+05	1.380000e+03	5.737290e+05	1.380000e+03	5.516070e+05	1.380000e+03	5.420300e+05	1.380000e+03	5.509000e+05	1.380000e+03	5.487190e+05	1.380000e+03	5.330050e+05	1.380000e+03	5.035740e+05	1.380000e+03	5.142540e+05	1.380000e+03	5.139130e+05	1.380000e+03	5.385270e+05	1.380000e+03	5.409930e+05	1.380000e+03	5.215320e+05	1.380000e+03	5.355670e+05	1.380000e+03	5.232030e+05	1.380000e+03	5.323900e+05	1.380000e+03	5.296120e+05
1.385000e+03	6.710010e+05	1.385000e+03	6.945470e+05	1.385000e+03	7.135680e+05	1.385000e+03	7.106390e+05	1.385000e+03	6.955930e+05	1.385000e+03	6.991510e+05	1.385000e+03	6.991460e+05	1.385000e+03	6.926750e+05	1.385000e+03	6.787510e+05	1.385000e+03	6.773210e+05	1.385000e+03	6.745860e+05	1.385000e+03	6.673080e+05	1.385000e+03	6.492350e+05	1.385000e+03	6.226190e+05	1.385000e+03	6.424010e+05	1.385000e+03	6.470340e+05	1.385000e+03	6.153320e+05	1.385000e+03	6.121070e+05	1.385000e+03	6.243710e+05	1.385000e+03	5.937440e+05	1.385000e+03	6.120320e+05	1.385000e+03	6.092210e+05	1.385000e+03	6.148990e+05	1.385000e+03	6.114860e+05	1.385000e+03	5.781380e+05	1.385000e+03	5.732250e+05	1.385000e+03	5.670470e+05	1.385000e+03	5.513150e+05	1.385000e+03	5.724230e+05	1.385000e+03	5.680570e+05	1.385000e+03	5.425340e+05	1.385000e+03	5.391560e+05	1.385000e+03	5.538660e+05	1.385000e+03	5.458170e+05	1.385000e+03	5.053820e+05	1.385000e+03	5.189600e+05	1.385000e+03	5.221430e+05	1.385000e+03	5.406800e+05	1.385000e+03	5.258590e+05	1.385000e+03	5.407770e+05	1.385000e+03	5.538280e+05	1.385000e+03	5.373800e+05	1.385000e+03	5.370090e+05	1.385000e+03	5.388090e+05
1.390000e+03	6.813230e+05	1.390000e+03	6.908840e+05	1.390000e+03	7.174050e+05	1.390000e+03	7.102470e+05	1.390000e+03	7.229800e+05	1.390000e+03	7.173050e+05	1.390000e+03	6.976710e+05	1.390000e+03	6.976200e+05	1.390000e+03	6.788110e+05	1.390000e+03	6.814900e+05	1.390000e+03	6.647430e+05	1.390000e+03	6.507240e+05	1.390000e+03	6.411110e+05	1.390000e+03	6.362170e+05	1.390000e+03	6.286700e+05	1.390000e+03	6.217480e+05	1.390000e+03	6.347100e+05	1.390000e+03	6.154260e+05	1.390000e+03	6.077690e+05	1.390000e+03	5.811930e+05	1.390000e+03	6.068240e+05	1.390000e+03	5.969810e+05	1.390000e+03	6.109430e+05	1.390000e+03	6.084060e+05	1.390000e+03	5.826540e+05	1.390000e+03	5.749840e+05	1.390000e+03	5.722860e+05	1.390000e+03	5.641250e+05	1.390000e+03	5.526770e+05	1.390000e+03	5.436390e+05	1.390000e+03	5.358290e+05	1.390000e+03	5.516650e+05	1.390000e+03	5.437360e+05	1.390000e+03	5.353010e+05	1.390000e+03	5.109160e+05	1.390000e+03	5.159620e+05	1.390000e+03	5.285880e+05	1.390000e+03	5.387240e+05	1.390000e+03	5.259770e+05	1.390000e+03	5.364980e+05	1.390000e+03	5.362380e+05	1.390000e+03	5.367510e+05	1.390000e+03	5.451610e+05	1.390000e+03	5.167510e+05
1.395000e+03	6.666680e+05	1.395000e+03	6.964490e+05	1.395000e+03	7.064140e+05	1.395000e+03	7.068640e+05	1.395000e+03	7.086410e+05	1.395000e+03	7.064610e+05	1.395000e+03	6.996480e+05	1.395000e+03	6.990580e+05	1.395000e+03	6.757940e+05	1.395000e+03	6.654840e+05	1.395000e+03	6.601770e+05	1.395000e+03	6.658410e+05	1.395000e+03	6.393790e+05	1.395000e+03	6.343350e+05	1.395000e+03	6.367870e+05	1.395000e+03	6.249690e+05	1.395000e+03	6.243960e+05	1.395000e+03	6.208200e+05	1.395000e+03	6.065670e+05	1.395000e+03	5.960630e+05	1.395000e+03	6.048570e+05	1.395000e+03	6.008910e+05	1.395000e+03	6.083920e+05	1.395000e+03	6.120760e+05	1.395000e+03	5.857190e+05	1.395000e+03	5.730580e+05	1.395000e+03	5.606620e+05	1.395000e+03	5.732140e+05	1.395000e+03	5.540760e+05	1.395000e+03	5.552910e+05	1.395000e+03	5.437950e+05	1.395000e+03	5.504520e+05	1.395000e+03	5.454840e+05	1.395000e+03	5.379440e+05	1.395000e+03	5.173400e+05	1.395000e+03	5.357380e+05	1.395000e+03	5.264670e+05	1.395000e+03	5.300790e+05	1.395000e+03	5.247770e+05	1.395000e+03	5.301050e+05	1.395000e+03	5.442550e+05	1.395000e+03	5.431430e+05	1.395000e+03	5.358990e+05	1.395000e+03	5.215870e+05
1.400000e+03	6.858110e+05	1.400000e+03	7.009610e+05	1.400000e+03	6.973090e+05	1.400000e+03	7.012520e+05	1.400000e+03	7.152450e+05	1.400000e+03	7.135520e+05	1.400000e+03	6.912090e+05	1.400000e+03	6.850560e+05	1.400000e+03	6.792120e+05	1.400000e+03	6.731410e+05	1.400000e+03	6.677590e+05	1.400000e+03	6.512570e+05	1.400000e+03	6.435630e+05	1.400000e+03	6.265810e+05	1.400000e+03	6.341050e+05	1.400000e+03	6.276180e+05	1.400000e+03	6.269040e+05	1.400000e+03	6.232750e+05	1.400000e+03	6.248370e+05	1.400000e+03	5.977530e+05	1.400000e+03	6.079410e+05	1.400000e+03	5.972980e+05	1.400000e+03	6.110170e+05	1.400000e+03	6.121640e+05	1.400000e+03	5.792390e+05	1.400000e+03	5.774780e+05	1.400000e+03	5.710250e+05	1.400000e+03	5.516730e+05	1.400000e+03	5.640660e+05	1.400000e+03	5.584070e+05	1.400000e+03	5.480080e+05	1.400000e+03	5.568280e+05	1.400000e+03	5.525850e+05	1.400000e+03	5.309650e+05	1.400000e+03	5.105780e+05	1.400000e+03	5.221500e+05	1.400000e+03	5.215710e+05	1.400000e+03	5.320420e+05	1.400000e+03	5.459120e+05	1.400000e+03	5.390020e+05	1.400000e+03	5.428340e+05	1.400000e+03	5.267120e+05	1.400000e+03	5.345950e+05	1.400000e+03	5.188920e+05
1.405000e+03	6.275060e+05	1.405000e+03	6.949880e+05	1.405000e+03	7.087520e+05	1.405000e+03	7.108140e+05	1.405000e+03	7.043390e+05	1.405000e+03	7.129940e+05	1.405000e+03	6.933330e+05	1.405000e+03	7.024720e+05	1.405000e+03	6.787870e+05	1.405000e+03	6.758610e+05	1.405000e+03	6.651950e+05	1.405000e+03	6.599830e+05	1.405000e+03	6.287030e+05	1.405000e+03	6.397400e+05	1.405000e+03	6.277070e+05	1.405000e+03	6.366290e+05	1.405000e+03	6.288400e+05	1.405000e+03	6.186490e+05	1.405000e+03	6.245190e+05	1.405000e+03	5.985990e+05	1.405000e+03	6.083410e+05	1.405000e+03	6.076860e+05	1.405000e+03	6.013020e+05	1.405000e+03	6.087700e+05	1.405000e+03	5.881650e+05	1.405000e+03	5.726810e+05	1.405000e+03	5.833750e+05	1.405000e+03	5.628680e+05	1.405000e+03	5.719970e+05	1.405000e+03	5.572570e+05	1.405000e+03	5.492630e+05	1.405000e+03	5.553950e+05	1.405000e+03	5.339070e+05	1.405000e+03	5.424260e+05	1.405000e+03	5.182540e+05	1.405000e+03	5.102130e+05	1.405000e+03	5.240470e+05	1.405000e+03	5.322840e+05	1.405000e+03	5.463510e+05	1.405000e+03	5.388760e+05	1.405000e+03	5.291750e+05	1.405000e+03	5.351230e+05	1.405000e+03	5.326750e+05	1.405000e+03	5.367000e+05
1.410000e+03	6.844590e+05	1.410000e+03	7.114310e+05	1.410000e+03	7.178900e+05	1.410000e+03	7.149790e+05	1.410000e+03	7.129860e+05	1.410000e+03	7.068020e+05	1.410000e+03	6.950950e+05	1.410000e+03	6.903700e+05	1.410000e+03	6.800030e+05	1.410000e+03	6.546610e+05	1.410000e+03	6.686400e+05	1.410000e+03	6.564960e+05	1.410000e+03	6.540440e+05	1.410000e+03	6.283590e+05	1.410000e+03	6.292360e+05	1.410000e+03	6.323360e+05	1.410000e+03	6.235600e+05	1.410000e+03	6.183230e+05	1.410000e+03	6.246380e+05	1.410000e+03	6.220040e+05	1.410000e+03	6.123010e+05	1.410000e+03	6.068980e+05	1.410000e+03	6.086830e+05	1.410000e+03	5.911700e+05	1.410000e+03	5.812810e+05	1.410000e+03	5.851520e+05	1.410000e+03	5.596810e+05	1.410000e+03	5.757680e+05	1.410000e+03	5.702280e+05	1.410000e+03	5.628100e+05	1.410000e+03	5.470180e+05	1.410000e+03	5.425380e+05	1.410000e+03	5.453950e+05	1.410000e+03	5.361570e+05	1.410000e+03	5.244650e+05	1.410000e+03	5.154170e+05	1.410000e+03	5.240550e+05	1.410000e+03	5.431300e+05	1.410000e+03	5.392200e+05	1.410000e+03	5.437370e+05	1.410000e+03	5.438140e+05	1.410000e+03	5.402290e+05	1.410000e+03	5.418660e+05	1.410000e+03	5.273300e+05
1.415000e+03	6.434390e+05	1.415000e+03	6.959010e+05	1.415000e+03	7.154400e+05	1.415000e+03	6.976750e+05	1.415000e+03	7.057040e+05	1.415000e+03	6.943310e+05	1.415000e+03	6.912850e+05	1.415000e+03	7.018840e+05	1.415000e+03	6.831720e+05	1.415000e+03	6.711350e+05	1.415000e+03	6.612190e+05	1.415000e+03	6.572460e+05	1.415000e+03	6.550220e+05	1.415000e+03	6.261250e+05	1.415000e+03	6.405430e+05	1.415000e+03	6.356300e+05	1.415000e+03	6.258370e+05	1.415000e+03	6.188200e+05	1.415000e+03	6.119360e+05	1.415000e+03	6.006310e+05	1.415000e+03	6.042690e+05	1.415000e+03	5.995790e+05	1.415000e+03	6.087780e+05	1.415000e+03	6.027080e+05	1.415000e+03	5.871640e+05	1.415000e+03	5.748280e+05	1.415000e+03	5.675810e+05	1.415000e+03	5.640420e+05	1.415000e+03	5.598810e+05	1.415000e+03	5.503320e+05	1.415000e+03	5.496740e+05	1.415000e+03	5.491460e+05	1.415000e+03	5.509390e+05	1.415000e+03	5.366630e+05	1.415000e+03	5.221720e+05	1.415000e+03	5.248730e+05	1.415000e+03	5.266030e+05	1.415000e+03	5.362620e+05	1.415000e+03	5.549590e+05	1.415000e+03	5.260750e+05	1.415000e+03	5.406220e+05	1.415000e+03	5.500460e+05	1.415000e+03	5.336990e+05	1.415000e+03	5.201910e+05
1.420000e+03	6.596150e+05	1.420000e+03	6.918150e+05	1.420000e+03	7.044660e+05	1.420000e+03	7.142920e+05	1.420000e+03	6.974370e+05	1.420000e+03	7.072980e+05	1.420000e+03	7.069840e+05	1.420000e+03	6.831290e+05	1.420000e+03	6.862560e+05	1.420000e+03	6.753900e+05	1.420000e+03	6.786960e+05	1.420000e+03	6.509980e+05	1.420000e+03	6.348300e+05	1.420000e+03	6.317990e+05	1.420000e+03	6.444710e+05	1.420000e+03	6.277940e+05	1.420000e+03	6.299680e+05	1.420000e+03	6.173430e+05	1.420000e+03	6.227410e+05	1.420000e+03	5.938780e+05	1.420000e+03	6.040970e+05	1.420000e+03	6.032260e+05	1.420000e+03	6.026060e+05	1.420000e+03	6.135780e+05	1.420000e+03	5.863860e+05	1.420000e+03	5.667730e+05	1.420000e+03	5.816540e+05	1.420000e+03	5.593380e+05	1.420000e+03	5.575900e+05	1.420000e+03	5.474060e+05	1.420000e+03	5.437290e+05	1.420000e+03	5.600610e+05	1.420000e+03	5.432240e+05	1.420000e+03	5.327920e+05	1.420000e+03	5.115350e+05	1.420000e+03	5.184870e+05	1.420000e+03	5.156650e+05	1.420000e+03	5.237750e+05	1.420000e+03	5.406880e+05	1.420000e+03	5.517490e+05	1.420000e+03	5.341330e+05	1.420000e+03	5.408470e+05	1.420000e+03	5.423940e+05	1.420000e+03	5.252750e+05
1.425000e+03	6.373190e+05	1.425000e+03	7.033350e+05	1.425000e+03	7.073470e+05	1.425000e+03	7.062260e+05	1.425000e+03	7.074330e+05	1.425000e+03	6.984180e+05	1.425000e+03	6.900310e+05	1.425000e+03	6.976340e+05	1.425000e+03	6.767880e+05	1.425000e+03	6.683880e+05	1.425000e+03	6.530700e+05	1.425000e+03	6.649050e+05	1.425000e+03	6.515600e+05	1.425000e+03	6.317990e+05	1.425000e+03	6.302560e+05	1.425000e+03	6.217510e+05	1.425000e+03	6.264190e+05	1.425000e+03	6.158350e+05	1.425000e+03	6.207070e+05	1.425000e+03	6.153280e+05	1.425000e+03	5.929980e+05	1.425000e+03	6.107940e+05	1.425000e+03	6.032130e+05	1.425000e+03	6.055430e+05	1.425000e+03	5.759640e+05	1.425000e+03	5.677000e+05	1.425000e+03	5.912850e+05	1.425000e+03	5.546700e+05	1.425000e+03	5.627270e+05	1.425000e+03	5.607640e+05	1.425000e+03	5.427570e+05	1.425000e+03	5.485870e+05	1.425000e+03	5.601280e+05	1.425000e+03	5.235470e+05	1.425000e+03	4.951550e+05	1.425000e+03	5.187730e+05	1.425000e+03	5.155070e+05	1.425000e+03	5.471360e+05	1.425000e+03	5.318640e+05	1.425000e+03	5.136890e+05	1.425000e+03	5.435320e+05	1.425000e+03	5.220680e+05	1.425000e+03	5.280070e+05	1.425000e+03	5.304420e+05
1.430000e+03	6.558870e+05	1.430000e+03	6.945020e+05	1.430000e+03	7.179420e+05	1.430000e+03	7.060210e+05	1.430000e+03	7.208730e+05	1.430000e+03	7.031700e+05	1.430000e+03	7.019490e+05	1.430000e+03	6.774960e+05	1.430000e+03	6.773600e+05	1.430000e+03	6.817260e+05	1.430000e+03	6.751460e+05	1.430000e+03	6.473510e+05	1.430000e+03	6.243160e+05	1.430000e+03	6.364380e+05	1.430000e+03	6.387210e+05	1.430000e+03	6.231590e+05	1.430000e+03	6.265400e+05	1.430000e+03	6.257160e+05	1.430000e+03	6.210060e+05	1.430000e+03	5.999570e+05	1.430000e+03	6.000270e+05	1.430000e+03	6.071340e+05	1.430000e+03	6.129770e+05	1.430000e+03	6.086850e+05	1.430000e+03	5.667000e+05	1.430000e+03	5.697300e+05	1.430000e+03	5.748000e+05	1.430000e+03	5.497060e+05	1.430000e+03	5.624130e+05	1.430000e+03	5.475700e+05	1.430000e+03	5.548800e+05	1.430000e+03	5.539150e+05	1.430000e+03	5.302970e+05	1.430000e+03	5.336530e+05	1.430000e+03	4.994750e+05	1.430000e+03	5.192270e+05	1.430000e+03	5.160560e+05	1.430000e+03	5.475330e+05	1.430000e+03	5.422270e+05	1.430000e+03	5.471710e+05	1.430000e+03	5.346320e+05	1.430000e+03	5.348020e+05	1.430000e+03	5.372860e+05	1.430000e+03	5.309080e+05
1.435000e+03	6.635190e+05	1.435000e+03	6.913330e+05	1.435000e+03	7.138390e+05	1.435000e+03	7.098640e+05	1.435000e+03	6.940990e+05	1.435000e+03	7.051390e+05	1.435000e+03	6.930950e+05	1.435000e+03	6.974840e+05	1.435000e+03	6.849690e+05	1.435000e+03	6.605050e+05	1.435000e+03	6.610230e+05	1.435000e+03	6.549830e+05	1.435000e+03	6.465750e+05	1.435000e+03	6.240440e+05	1.435000e+03	6.455590e+05	1.435000e+03	6.215600e+05	1.435000e+03	6.275310e+05	1.435000e+03	6.347550e+05	1.435000e+03	6.077140e+05	1.435000e+03	5.917320e+05	1.435000e+03	6.054060e+05	1.435000e+03	6.120140e+05	1.435000e+03	6.169510e+05	1.435000e+03	6.047170e+05	1.435000e+03	5.854730e+05	1.435000e+03	5.736590e+05	1.435000e+03	5.622140e+05	1.435000e+03	5.565870e+05	1.435000e+03	5.631850e+05	1.435000e+03	5.458840e+05	1.435000e+03	5.457410e+05	1.435000e+03	5.425950e+05	1.435000e+03	5.375420e+05	1.435000e+03	5.341150e+05	1.435000e+03	5.095210e+05	1.435000e+03	5.288130e+05	1.435000e+03	5.196770e+05	1.435000e+03	5.350460e+05	1.435000e+03	5.382160e+05	1.435000e+03	5.394050e+05	1.435000e+03	5.425730e+05	1.435000e+03	5.277280e+05	1.435000e+03	5.356090e+05	1.435000e+03	5.320930e+05
1.440000e+03	6.891590e+05	1.440000e+03	6.954530e+05	1.440000e+03	7.099260e+05	1.440000e+03	7.035400e+05	1.440000e+03	7.096590e+05	1.440000e+03	6.947450e+05	1.440000e+03	7.074610e+05	1.440000e+03	6.892600e+05	1.440000e+03	6.849900e+05	1.440000e+03	6.753910e+05	1.440000e+03	6.703150e+05	1.440000e+03	6.468210e+05	1.440000e+03	6.485380e+05	1.440000e+03	6.311670e+05	1.440000e+03	6.326890e+05	1.440000e+03	6.512190e+05	1.440000e+03	6.224070e+05	1.440000e+03	6.205260e+05	1.440000e+03	6.103870e+05	1.440000e+03	5.850480e+05	1.440000e+03	6.039360e+05	1.440000e+03	6.070700e+05	1.440000e+03	6.097140e+05	1.440000e+03	6.070560e+05	1.440000e+03	5.801800e+05	1.440000e+03	5.764030e+05	1.440000e+03	5.662760e+05	1.440000e+03	5.698840e+05	1.440000e+03	5.566070e+05	1.440000e+03	5.499210e+05	1.440000e+03	5.565280e+05	1.440000e+03	5.634280e+05	1.440000e+03	5.465030e+05	1.440000e+03	5.434640e+05	1.440000e+03	5.003310e+05	1.440000e+03	5.332370e+05	1.440000e+03	5.168800e+05	1.440000e+03	5.241220e+05	1.440000e+03	5.417480e+05	1.440000e+03	5.297450e+05	1.440000e+03	5.395130e+05	1.440000e+03	5.348700e+05	1.440000e+03	5.446960e+05	1.440000e+03	5.233340e+05
1.445000e+03	6.690110e+05	1.445000e+03	6.899940e+05	1.445000e+03	7.168590e+05	1.445000e+03	7.042360e+05	1.445000e+03	7.061550e+05	1.445000e+03	7.055360e+05	1.445000e+03	6.906290e+05	1.445000e+03	7.154840e+05	1.445000e+03	6.817030e+05	1.445000e+03	6.792570e+05	1.445000e+03	6.729220e+05	1.445000e+03	6.535560e+05	1.445000e+03	6.441440e+05	1.445000e+03	6.290740e+05	1.445000e+03	6.344080e+05	1.445000e+03	6.264800e+05	1.445000e+03	6.243770e+05	1.445000e+03	6.214110e+05	1.445000e+03	6.158180e+05	1.445000e+03	5.944040e+05	1.445000e+03	5.943650e+05	1.445000e+03	6.010620e+05	1.445000e+03	6.035050e+05	1.445000e+03	5.948480e+05	1.445000e+03	5.971690e+05	1.445000e+03	5.662440e+05	1.445000e+03	5.806920e+05	1.445000e+03	5.609280e+05	1.445000e+03	5.641790e+05	1.445000e+03	5.390850e+05	1.445000e+03	5.485730e+05	1.445000e+03	5.576150e+05	1.445000e+03	5.561790e+05	1.445000e+03	5.272510e+05	1.445000e+03	5.164830e+05	1.445000e+03	5.147350e+05	1.445000e+03	5.302750e+05	1.445000e+03	5.379140e+05	1.445000e+03	5.202390e+05	1.445000e+03	5.386460e+05	1.445000e+03	5.389920e+05	1.445000e+03	5.334350e+05	1.445000e+03	5.463830e+05	1.445000e+03	5.398040e+05
1.450000e+03	6.721100e+05	1.450000e+03	6.987740e+05	1.450000e+03	7.120220e+05	1.450000e+03	7.135330e+05	1.450000e+03	7.128450e+05	1.450000e+03	6.964440e+05	1.450000e+03	6.879100e+05	1.450000e+03	6.922300e+05	1.450000e+03	6.800490e+05	1.450000e+03	6.738460e+05	1.450000e+03	6.595950e+05	1.450000e+03	6.501160e+05	1.450000e+03	6.420780e+05	1.450000e+03	6.360680e+05	1.450000e+03	6.322100e+05	1.450000e+03	6.273680e+05	1.450000e+03	6.268180e+05	1.450000e+03	6.247120e+05	1.450000e+03	6.273580e+05	1.450000e+03	6.010100e+05	1.450000e+03	6.047050e+05	1.450000e+03	6.059410e+05	1.450000e+03	6.055010e+05	1.450000e+03	5.892630e+05	1.450000e+03	5.781710e+05	1.450000e+03	5.777870e+05	1.450000e+03	5.779160e+05	1.450000e+03	5.489720e+05	1.450000e+03	5.628240e+05	1.450000e+03	5.431380e+05	1.450000e+03	5.711590e+05	1.450000e+03	5.441360e+05	1.450000e+03	5.444180e+05	1.450000e+03	5.421200e+05	1.450000e+03	5.002600e+05	1.450000e+03	5.176730e+05	1.450000e+03	5.117480e+05	1.450000e+03	5.427240e+05	1.450000e+03	5.278210e+05	1.450000e+03	5.470850e+05	1.450000e+03	5.324700e+05	1.450000e+03	5.355910e+05	1.450000e+03	5.249840e+05	1.450000e+03	5.222820e+05
1.455000e+03	6.848420e+05	1.455000e+03	7.056610e+05	1.455000e+03	7.130620e+05	1.455000e+03	7.133930e+05	1.455000e+03	7.102750e+05	1.455000e+03	6.955030e+05	1.455000e+03	6.979450e+05	1.455000e+03	6.957270e+05	1.455000e+03	6.813100e+05	1.455000e+03	6.804030e+05	1.455000e+03	6.579270e+05	1.455000e+03	6.573770e+05	1.455000e+03	6.332410e+05	1.455000e+03	6.385640e+05	1.455000e+03	6.318130e+05	1.455000e+03	6.291120e+05	1.455000e+03	6.200330e+05	1.455000e+03	6.259770e+05	1.455000e+03	6.064190e+05	1.455000e+03	5.851350e+05	1.455000e+03	6.100020e+05	1.455000e+03	6.037520e+05	1.455000e+03	6.031390e+05	1.455000e+03	5.868750e+05	1.455000e+03	5.868150e+05	1.455000e+03	5.764520e+05	1.455000e+03	5.682090e+05	1.455000e+03	5.742090e+05	1.455000e+03	5.608260e+05	1.455000e+03	5.437790e+05	1.455000e+03	5.430380e+05	1.455000e+03	5.563370e+05	1.455000e+03	5.410430e+05	1.455000e+03	5.251020e+05	1.455000e+03	4.984330e+05	1.455000e+03	5.236290e+05	1.455000e+03	5.399110e+05	1.455000e+03	5.311440e+05	1.455000e+03	5.326510e+05	1.455000e+03	5.440690e+05	1.455000e+03	5.382760e+05	1.455000e+03	5.440030e+05	1.455000e+03	5.371080e+05	1.455000e+03	5.116850e+05
1.460000e+03	6.882490e+05	1.460000e+03	6.830960e+05	1.460000e+03	7.123240e+05	1.460000e+03	7.172420e+05	1.460000e+03	6.956130e+05	1.460000e+03	7.141910e+05	1.460000e+03	6.941680e+05	1.460000e+03	6.855570e+05	1.460000e+03	6.708870e+05	1.460000e+03	6.686400e+05	1.460000e+03	6.653570e+05	1.460000e+03	6.696000e+05	1.460000e+03	6.395020e+05	1.460000e+03	6.386100e+05	1.460000e+03	6.276960e+05	1.460000e+03	6.316840e+05	1.460000e+03	6.232700e+05	1.460000e+03	6.218020e+05	1.460000e+03	6.026670e+05	1.460000e+03	5.924270e+05	1.460000e+03	6.023600e+05	1.460000e+03	6.011790e+05	1.460000e+03	6.094080e+05	1.460000e+03	6.049490e+05	1.460000e+03	5.926050e+05	1.460000e+03	5.761130e+05	1.460000e+03	5.708280e+05	1.460000e+03	5.539870e+05	1.460000e+03	5.738720e+05	1.460000e+03	5.578310e+05	1.460000e+03	5.481320e+05	1.460000e+03	5.532510e+05	1.460000e+03	5.403280e+05	1.460000e+03	5.330400e+05	1.460000e+03	4.976800e+05	1.460000e+03	5.236150e+05	1.460000e+03	5.235170e+05	1.460000e+03	5.381150e+05	1.460000e+03	5.344730e+05	1.460000e+03	5.363120e+05	1.460000e+03	5.351240e+05	1.460000e+03	5.306790e+05	1.460000e+03	5.331150e+05	1.460000e+03	5.324760e+05
1.465000e+03	6.824850e+05	1.465000e+03	6.939790e+05	1.465000e+03	7.108570e+05	1.465000e+03	7.116430e+05	1.465000e+03	6.952650e+05	1.465000e+03	6.984300e+05	1.465000e+03	7.014690e+05	1.465000e+03	6.990880e+05	1.465000e+03	6.797110e+05	1.465000e+03	6.644910e+05	1.465000e+03	6.635000e+05	1.465000e+03	6.438290e+05	1.465000e+03	6.552470e+05	1.465000e+03	6.333680e+05	1.465000e+03	6.287050e+05	1.465000e+03	6.357780e+05	1.465000e+03	6.285160e+05	1.465000e+03	6.158720e+05	1.465000e+03	6.270890e+05	1.465000e+03	5.844040e+05	1.465000e+03	5.904180e+05	1.465000e+03	6.026050e+05	1.465000e+03	6.134150e+05	1.465000e+03	5.976760e+05	1.465000e+03	5.779600e+05	1.465000e+03	5.795780e+05	1.465000e+03	5.714690e+05	1.465000e+03	5.442440e+05	1.465000e+03	5.633350e+05	1.465000e+03	5.447990e+05	1.465000e+03	5.519230e+05	1.465000e+03	5.373270e+05	1.465000e+03	5.555890e+05	1.465000e+03	5.359960e+05	1.465000e+03	5.047730e+05	1.465000e+03	5.168240e+05	1.465000e+03	5.243720e+05	1.465000e+03	5.424980e+05	1.465000e+03	5.409210e+05	1.465000e+03	5.320130e+05	1.465000e+03	5.331890e+05	1.465000e+03	5.411500e+05	1.465000e+03	5.326500e+05	1.465000e+03	5.227070e+05
1.470000e+03	6.416990e+05	1.470000e+03	6.935800e+05	1.470000e+03	7.141930e+05	1.470000e+03	7.121580e+05	1.470000e+03	7.039190e+05	1.470000e+03	7.007430e+05	1.470000e+03	6.998140e+05	1.470000e+03	6.970900e+05	1.470000e+03	6.768530e+05	1.470000e+03	6.549340e+05	1.470000e+03	6.554200e+05	1.470000e+03	6.606650e+05	1.470000e+03	6.319950e+05	1.470000e+03	6.410770e+05	1.470000e+03	6.519330e+05	1.470000e+03	6.295680e+05	1.470000e+03	6.269380e+05	1.470000e+03	6.176790e+05	1.470000e+03	6.153630e+05	1.470000e+03	5.802380e+05	1.470000e+03	5.961330e+05	1.470000e+03	6.064120e+05	1.470000e+03	6.127360e+05	1.470000e+03	6.056350e+05	1.470000e+03	5.832280e+05	1.470000e+03	5.808200e+05	1.470000e+03	5.681950e+05	1.470000e+03	5.504440e+05	1.470000e+03	5.586070e+05	1.470000e+03	5.574730e+05	1.470000e+03	5.526900e+05	1.470000e+03	5.514120e+05	1.470000e+03	5.351660e+05	1.470000e+03	5.281710e+05	1.470000e+03	5.116080e+05	1.470000e+03	5.147650e+05	1.470000e+03	5.193010e+05	1.470000e+03	5.346280e+05	1.470000e+03	5.417260e+05	1.470000e+03	5.475600e+05	1.470000e+03	5.361350e+05	1.470000e+03	5.278090e+05	1.470000e+03	5.446440e+05	1.470000e+03	5.103090e+05
1.475000e+03	6.623560e+05	1.475000e+03	6.951050e+05	1.475000e+03	6.998270e+05	1.475000e+03	7.036470e+05	1.475000e+03	6.912710e+05	1.475000e+03	7.028620e+05	1.475000e+03	7.050280e+05	1.475000e+03	6.960270e+05	1.475000e+03	6.698230e+05	1.475000e+03	6.732870e+05	1.475000e+03	6.720130e+05	1.475000e+03	6.427670e+05	1.475000e+03	6.661900e+05	1.475000e+03	6.272110e+05	1.475000e+03	6.389380e+05	1.475000e+03	6.282260e+05	1.475000e+03	6.243820e+05	1.475000e+03	6.091030e+05	1.475000e+03	6.117630e+05	1.475000e+03	5.939870e+05	1.475000e+03	6.023800e+05	1.475000e+03	6.092940e+05	1.475000e+03	6.109020e+05	1.475000e+03	6.045460e+05	1.475000e+03	5.921400e+05	1.475000e+03	5.693100e+05	1.475000e+03	5.652790e+05	1.475000e+03	5.558110e+05	1.475000e+03	5.696490e+05	1.475000e+03	5.524120e+05	1.475000e+03	5.533440e+05	1.475000e+03	5.426270e+05	1.475000e+03	5.555210e+05	1.475000e+03	5.305010e+05	1.475000e+03	5.008940e+05	1.475000e+03	5.121770e+05	1.475000e+03	5.183770e+05	1.475000e+03	5.384460e+05	1.475000e+03	5.354230e+05	1.475000e+03	5.385930e+05	1.475000e+03	5.307100e+05	1.475000e+03	5.249820e+05	1.475000e+03	5.358220e+05	1.475000e+03	5.327730e+05
1.480000e+03	6.961090e+05	1.480000e+03	6.981930e+05	1.480000e+03	7.082450e+05	1.480000e+03	7.050720e+05	1.480000e+03	7.024400e+05	1.480000e+03	7.052930e+05	1.480000e+03	6.996800e+05	1.480000e+03	6.977280e+05	1.480000e+03	6.780450e+05	1.480000e+03	6.729920e+05	1.480000e+03	6.595680e+05	1.480000e+03	6.691620e+05	1.480000e+03	6.495710e+05	1.480000e+03	6.261900e+05	1.480000e+03	6.308710e+05	1.480000e+03	6.245590e+05	1.480000e+03	6.317040e+05	1.480000e+03	6.121270e+05	1.480000e+03	6.181640e+05	1.480000e+03	5.850280e+05	1.480000e+03	6.132190e+05	1.480000e+03	6.185540e+05	1.480000e+03	6.030550e+05	1.480000e+03	6.078420e+05	1.480000e+03	5.665210e+05	1.480000e+03	5.715880e+05	1.480000e+03	5.577650e+05	1.480000e+03	5.512780e+05	1.480000e+03	5.600690e+05	1.480000e+03	5.495340e+05	1.480000e+03	5.478830e+05	1.480000e+03	5.375800e+05	1.480000e+03	5.545740e+05	1.480000e+03	5.121270e+05	1.480000e+03	5.146970e+05	1.480000e+03	5.066360e+05	1.480000e+03	5.196350e+05	1.480000e+03	5.288810e+05	1.480000e+03	5.352070e+05	1.480000e+03	5.308480e+05	1.480000e+03	5.303690e+05	1.480000e+03	5.112080e+05	1.480000e+03	5.223320e+05	1.480000e+03	5.279100e+05
1.485000e+03	6.417550e+05	1.485000e+03	7.042020e+05	1.485000e+03	7.148490e+05	1.485000e+03	7.037060e+05	1.485000e+03	7.001820e+05	1.485000e+03	6.971570e+05	1.485000e+03	6.955140e+05	1.485000e+03	6.893030e+05	1.485000e+03	6.718390e+05	1.485000e+03	6.798500e+05	1.485000e+03	6.657350e+05	1.485000e+03	6.579590e+05	1.485000e+03	6.366510e+05	1.485000e+03	6.245070e+05	1.485000e+03	6.344680e+05	1.485000e+03	6.293190e+05	1.485000e+03	6.296700e+05	1.485000e+03	6.103660e+05	1.485000e+03	6.102960e+05	1.485000e+03	5.796500e+05	1.485000e+03	5.928730e+05	1.485000e+03	6.099030e+05	1.485000e+03	6.078230e+05	1.485000e+03	5.933290e+05	1.485000e+03	5.721140e+05	1.485000e+03	5.630130e+05	1.485000e+03	5.619150e+05	1.485000e+03	5.580260e+05	1.485000e+03	5.606550e+05	1.485000e+03	5.410880e+05	1.485000e+03	5.538910e+05	1.485000e+03	5.493890e+05	1.485000e+03	5.341530e+05	1.485000e+03	5.283050e+05	1.485000e+03	5.157680e+05	1.485000e+03	5.219850e+05	1.485000e+03	5.226240e+05	1.485000e+03	5.283350e+05	1.485000e+03	5.369940e+05	1.485000e+03	5.442940e+05	1.485000e+03	5.317650e+05	1.485000e+03	5.283020e+05	1.485000e+03	5.383590e+05	1.485000e+03	5.312010e+05
1.490000e+03	6.649060e+05	1.490000e+03	7.036560e+05	1.490000e+03	7.191110e+05	1.490000e+03	7.102850e+05	1.490000e+03	7.102470e+05	1.490000e+03	6.965650e+05	1.490000e+03	7.033240e+05	1.490000e+03	7.028220e+05	1.490000e+03	6.804790e+05	1.490000e+03	6.679260e+05	1.490000e+03	6.635980e+05	1.490000e+03	6.601210e+05	1.490000e+03	6.272170e+05	1.490000e+03	6.289000e+05	1.490000e+03	6.282510e+05	1.490000e+03	6.237980e+05	1.490000e+03	6.084210e+05	1.490000e+03	6.139080e+05	1.490000e+03	6.198850e+05	1.490000e+03	6.031420e+05	1.490000e+03	5.996740e+05	1.490000e+03	6.039340e+05	1.490000e+03	6.078010e+05	1.490000e+03	6.036830e+05	1.490000e+03	5.837630e+05	1.490000e+03	5.723610e+05	1.490000e+03	5.549600e+05	1.490000e+03	5.561890e+05	1.490000e+03	5.658980e+05	1.490000e+03	5.517210e+05	1.490000e+03	5.433420e+05	1.490000e+03	5.511550e+05	1.490000e+03	5.449890e+05	1.490000e+03	5.330180e+05	1.490000e+03	5.067940e+05	1.490000e+03	5.189710e+05	1.490000e+03	5.268840e+05	1.490000e+03	5.424790e+05	1.490000e+03	5.254650e+05	1.490000e+03	5.362230e+05	1.490000e+03	5.321410e+05	1.490000e+03	5.388230e+05	1.490000e+03	5.333590e+05	1.490000e+03	5.233880e+05
1.495000e+03	6.308340e+05	1.495000e+03	6.863090e+05	1.495000e+03	7.008440e+05	1.495000e+03	7.074430e+05	1.495000e+03	7.041830e+05	1.495000e+03	6.982920e+05	1.495000e+03	6.767270e+05	1.495000e+03	6.954050e+05	1.495000e+03	6.806920e+05	1.495000e+03	6.683600e+05	1.495000e+03	6.730260e+05	1.495000e+03	6.615700e+05	1.495000e+03	6.430930e+05	1.495000e+03	6.360840e+05	1.495000e+03	6.327120e+05	1.495000e+03	6.287410e+05	1.495000e+03	6.130960e+05	1.495000e+03	6.074680e+05	1.495000e+03	6.252840e+05	1.495000e+03	6.122700e+05	1.495000e+03	5.923760e+05	1.495000e+03	5.965650e+05	1.495000e+03	6.111610e+05	1.495000e+03	5.900440e+05	1.495000e+03	5.771520e+05	1.495000e+03	5.738690e+05	1.495000e+03	5.790030e+05	1.495000e+03	5.505130e+05	1.495000e+03	5.654640e+05	1.495000e+03	5.284780e+05	1.495000e+03	5.392660e+05	1.495000e+03	5.418900e+05	1.495000e+03	5.564010e+05	1.495000e+03	5.286160e+05	1.495000e+03	5.032050e+05	1.495000e+03	5.271900e+05	1.495000e+03	5.277950e+05	1.495000e+03	5.392730e+05	1.495000e+03	5.378530e+05	1.495000e+03	5.385260e+05	1.495000e+03	5.394860e+05	1.495000e+03	5.365910e+05	1.495000e+03	5.437960e+05	1.495000e+03	5.364210e+05
1.500000e+03	6.822380e+05	1.500000e+03	6.961210e+05	1.500000e+03	7.064670e+05	1.500000e+03	7.053140e+05	1.500000e+03	6.975990e+05	1.500000e+03	7.043620e+05	1.500000e+03	6.956500e+05	1.500000e+03	6.858650e+05	1.500000e+03	6.670150e+05	1.500000e+03	6.784510e+05	1.500000e+03	6.616830e+05	1.500000e+03	6.532170e+05	1.500000e+03	6.272070e+05	1.500000e+03	6.321200e+05	1.500000e+03	6.285630e+05	1.500000e+03	6.291090e+05	1.500000e+03	6.218360e+05	1.500000e+03	6.257630e+05	1.500000e+03	6.183010e+05	1.500000e+03	6.158970e+05	1.500000e+03	5.934560e+05	1.500000e+03	6.030880e+05	1.500000e+03	6.086920e+05	1.500000e+03	5.999040e+05	1.500000e+03	5.893180e+05	1.500000e+03	5.822440e+05	1.500000e+03	5.689750e+05	1.500000e+03	5.637760e+05	1.500000e+03	5.671730e+05	1.500000e+03	5.416500e+05	1.500000e+03	5.392150e+05	1.500000e+03	5.383940e+05	1.500000e+03	5.430010e+05	1.500000e+03	5.233530e+05	1.500000e+03	5.118180e+05	1.500000e+03	5.145140e+05	1.500000e+03	5.140980e+05	1.500000e+03	5.313270e+05	1.500000e+03	5.494160e+05	1.500000e+03	5.396810e+05	1.500000e+03	5.336000e+05	1.500000e+03	5.144590e+05	1.500000e+03	5.383220e+05	1.500000e+03	5.349420e+05
1.505000e+03	6.819430e+05	1.505000e+03	6.941870e+05	1.505000e+03	7.014980e+05	1.505000e+03	7.110570e+05	1.505000e+03	6.926960e+05	1.505000e+03	6.915110e+05	1.505000e+03	7.019600e+05	1.505000e+03	6.907940e+05	1.505000e+03	6.787410e+05	1.505000e+03	6.624400e+05	1.505000e+03	6.625040e+05	1.505000e+03	6.680960e+05	1.505000e+03	6.384930e+05	1.505000e+03	6.037850e+05	1.505000e+03	6.368390e+05	1.505000e+03	6.240040e+05	1.505000e+03	6.186770e+05	1.505000e+03	6.315070e+05	1.505000e+03	6.155720e+05	1.505000e+03	5.956210e+05	1.505000e+03	5.972030e+05	1.505000e+03	6.069290e+05	1.505000e+03	6.081260e+05	1.505000e+03	6.131190e+05	1.505000e+03	5.817160e+05	1.505000e+03	5.665360e+05	1.505000e+03	5.709870e+05	1.505000e+03	5.528560e+05	1.505000e+03	5.634280e+05	1.505000e+03	5.633510e+05	1.505000e+03	5.413290e+05	1.505000e+03	5.427170e+05	1.505000e+03	5.349470e+05	1.505000e+03	5.384020e+05	1.505000e+03	4.944980e+05	1.505000e+03	5.153610e+05	1.505000e+03	5.345180e+05	1.505000e+03	5.280750e+05	1.505000e+03	5.399530e+05	1.505000e+03	5.356060e+05	1.505000e+03	5.370820e+05	1.505000e+03	5.300140e+05	1.505000e+03	5.259410e+05	1.505000e+03	5.213740e+05
1.510000e+03	6.756690e+05	1.510000e+03	7.055820e+05	1.510000e+03	7.077560e+05	1.510000e+03	7.028070e+05	1.510000e+03	6.975660e+05	1.510000e+03	6.948150e+05	1.510000e+03	6.977630e+05	1.510000e+03	6.886170e+05	1.510000e+03	6.780080e+05	1.510000e+03	6.708200e+05	1.510000e+03	6.558620e+05	1.510000e+03	6.513650e+05	1.510000e+03	6.250250e+05	1.510000e+03	6.391730e+05	1.510000e+03	6.307460e+05	1.510000e+03	6.278420e+05	1.510000e+03	6.194370e+05	1.510000e+03	6.223210e+05	1.510000e+03	6.086950e+05	1.510000e+03	5.993600e+05	1.510000e+03	5.924040e+05	1.510000e+03	5.975260e+05	1.510000e+03	6.005310e+05	1.510000e+03	5.854180e+05	1.510000e+03	5.801590e+05	1.510000e+03	5.644850e+05	1.510000e+03	5.809800e+05	1.510000e+03	5.556520e+05	1.510000e+03	5.703090e+05	1.510000e+03	5.715480e+05	1.510000e+03	5.454990e+05	1.510000e+03	5.594850e+05	1.510000e+03	5.393040e+05	1.510000e+03	5.332780e+05	1.510000e+03	5.175940e+05	1.510000e+03	5.243990e+05	1.510000e+03	5.373820e+05	1.510000e+03	5.420690e+05	1.510000e+03	5.364170e+05	1.510000e+03	5.430260e+05	1.510000e+03	5.407910e+05	1.510000e+03	5.343710e+05	1.510000e+03	5.307710e+05	1.510000e+03	5.150350e+05
1.515000e+03	6.604370e+05	1.515000e+03	6.979620e+05	1.515000e+03	6.999240e+05	1.515000e+03	7.099120e+05	1.515000e+03	7.012030e+05	1.515000e+03	7.036320e+05	1.515000e+03	6.944280e+05	1.515000e+03	6.821020e+05	1.515000e+03	6.815700e+05	1.515000e+03	6.643810e+05	1.515000e+03	6.615450e+05	1.515000e+03	6.454910e+05	1.515000e+03	6.464950e+05	1.515000e+03	6.117020e+05	1.515000e+03	6.386480e+05	1.515000e+03	6.195140e+05	1.515000e+03	6.105640e+05	1.515000e+03	6.209200e+05	1.515000e+03	6.224230e+05	1.515000e+03	5.966020e+05	1.515000e+03	6.051040e+05	1.515000e+03	6.074830e+05	1.515000e+03	6.101520e+05	1.515000e+03	5.949200e+05	1.515000e+03	5.744240e+05	1.515000e+03	5.800380e+05	1.515000e+03	5.716830e+05	1.515000e+03	5.595030e+05	1.515000e+03	5.574780e+05	1.515000e+03	5.345600e+05	1.515000e+03	5.564710e+05	1.515000e+03	5.468910e+05	1.515000e+03	5.300000e+05	1.515000e+03	5.308540e+05	1.515000e+03	5.294160e+05	1.515000e+03	5.125400e+05	1.515000e+03	5.299640e+05	1.515000e+03	5.435710e+05	1.515000e+03	5.364410e+05	1.515000e+03	5.311520e+05	1.515000e+03	5.520020e+05	1.515000e+03	5.243810e+05	1.515000e+03	5.431660e+05	1.515000e+03	5.178230e+05
1.520000e+03	6.587450e+05	1.520000e+03	6.903950e+05	1.520000e+03	7.127310e+05	1.520000e+03	7.045840e+05	1.520000e+03	6.948480e+05	1.520000e+03	7.034830e+05	1.520000e+03	6.933920e+05	1.520000e+03	6.722210e+05	1.520000e+03	6.807120e+05	1.520000e+03	6.921950e+05	1.520000e+03	6.607760e+05	1.520000e+03	6.634490e+05	1.520000e+03	6.407720e+05	1.520000e+03	6.306520e+05	1.520000e+03	6.426910e+05	1.520000e+03	6.241870e+05	1.520000e+03	6.295930e+05	1.520000e+03	6.167660e+05	1.520000e+03	6.120420e+05	1.520000e+03	5.947610e+05	1.520000e+03	5.984040e+05	1.520000e+03	5.992550e+05	1.520000e+03	6.040830e+05	1.520000e+03	6.076120e+05	1.520000e+03	5.773230e+05	1.520000e+03	5.769280e+05	1.520000e+03	5.786920e+05	1.520000e+03	5.538180e+05	1.520000e+03	5.541910e+05	1.520000e+03	5.508310e+05	1.520000e+03	5.502880e+05	1.520000e+03	5.535250e+05	1.520000e+03	5.456910e+05	1.520000e+03	5.295700e+05	1.520000e+03	5.015640e+05	1.520000e+03	5.248390e+05	1.520000e+03	5.325140e+05	1.520000e+03	5.434070e+05	1.520000e+03	5.392790e+05	1.520000e+03	5.357320e+05	1.520000e+03	5.308700e+05	1.520000e+03	5.351860e+05	1.520000e+03	5.367300e+05	1.520000e+03	5.167020e+05
1.525000e+03	6.541630e+05	1.525000e+03	6.939670e+05	1.525000e+03	7.019670e+05	1.525000e+03	7.114670e+05	1.525000e+03	7.125890e+05	1.525000e+03	6.967160e+05	1.525000e+03	6.940030e+05	1.525000e+03	6.921420e+05	1.525000e+03	6.668540e+05	1.525000e+03	6.538300e+05	1.525000e+03	6.704680e+05	1.525000e+03	6.562820e+05	1.525000e+03	6.535030e+05	1.525000e+03	6.328940e+05	1.525000e+03	6.305570e+05	1.525000e+03	6.206350e+05	1.525000e+03	6.149890e+05	1.525000e+03	6.187560e+05	1.525000e+03	6.180340e+05	1.525000e+03	5.819120e+05	1.525000e+03	6.021770e+05	1.525000e+03	6.121460e+05	1.525000e+03	6.006670e+05	1.525000e+03	6.072230e+05	1.525000e+03	5.629370e+05	1.525000e+03	5.776420e+05	1.525000e+03	5.531500e+05	1.525000e+03	5.568240e+05	1.525000e+03	5.722520e+05	1.525000e+03	5.471340e+05	1.525000e+03	5.451710e+05	1.525000e+03	5.540160e+05	1.525000e+03	5.337430e+05	1.525000e+03	5.182600e+05	1.525000e+03	4.987440e+05	1.525000e+03	5.144700e+05	1.525000e+03	5.257700e+05	1.525000e+03	5.257120e+05	1.525000e+03	5.337920e+05	1.525000e+03	5.451290e+05	1.525000e+03	5.309710e+05	1.525000e+03	5.357260e+05	1.525000e+03	5.331760e+05	1.525000e+03	5.195640e+05
1.530000e+03	6.870450e+05	1.530000e+03	6.960410e+05	1.530000e+03	7.096820e+05	1.530000e+03	7.038800e+05	1.530000e+03	7.075940e+05	1.530000e+03	7.017270e+05	1.530000e+03	6.910760e+05	1.530000e+03	6.928090e+05	1.530000e+03	6.789670e+05	1.530000e+03	6.742890e+05	1.530000e+03	6.563020e+05	1.530000e+03	6.654750e+05	1.530000e+03	6.485330e+05	1.530000e+03	6.255190e+05	1.530000e+03	6.323170e+05	1.530000e+03	6.334130e+05	1.530000e+03	6.265780e+05	1.530000e+03	6.260620e+05	1.530000e+03	6.210900e+05	1.530000e+03	5.925420e+05	1.530000e+03	6.017340e+05	1.530000e+03	6.061780e+05	1.530000e+03	6.052480e+05	1.530000e+03	6.063460e+05	1.530000e+03	5.695620e+05	1.530000e+03	5.740590e+05	1.530000e+03	5.646980e+05	1.530000e+03	5.551620e+05	1.530000e+03	5.587290e+05	1.530000e+03	5.437670e+05	1.530000e+03	5.484310e+05	1.530000e+03	5.621220e+05	1.530000e+03	5.415310e+05	1.530000e+03	5.202750e+05	1.530000e+03	5.051310e+05	1.530000e+03	5.183900e+05	1.530000e+03	5.398220e+05	1.530000e+03	5.469010e+05	1.530000e+03	5.227640e+05	1.530000e+03	5.308300e+05	1.530000e+03	5.273010e+05	1.530000e+03	5.404690e+05	1.530000e+03	5.255970e+05	1.530000e+03	5.169760e+05
1.535000e+03	6.817540e+05	1.535000e+03	6.909710e+05	1.535000e+03	7.174740e+05	1.535000e+03	7.098500e+05	1.535000e+03	6.947980e+05	1.535000e+03	6.939820e+05	1.535000e+03	6.969730e+05	1.535000e+03	6.777380e+05	1.535000e+03	6.750900e+05	1.535000e+03	6.674250e+05	1.535000e+03	6.717260e+05	1.535000e+03	6.577690e+05	1.535000e+03	6.424960e+05	1.535000e+03	6.174260e+05	1.535000e+03	6.377070e+05	1.535000e+03	6.283880e+05	1.535000e+03	6.324560e+05	1.535000e+03	6.289450e+05	1.535000e+03	6.112490e+05	1.535000e+03	6.078520e+05	1.535000e+03	5.918250e+05	1.535000e+03	5.979510e+05	1.535000e+03	6.099840e+05	1.535000e+03	5.990780e+05	1.535000e+03	5.849400e+05	1.535000e+03	5.737940e+05	1.535000e+03	5.635450e+05	1.535000e+03	5.549930e+05	1.535000e+03	5.571410e+05	1.535000e+03	5.535050e+05	1.535000e+03	5.452630e+05	1.535000e+03	5.432310e+05	1.535000e+03	5.459930e+05	1.535000e+03	5.415430e+05	1.535000e+03	5.163430e+05	1.535000e+03	5.022160e+05	1.535000e+03	5.178520e+05	1.535000e+03	5.358490e+05	1.535000e+03	5.223300e+05	1.535000e+03	5.315470e+05	1.535000e+03	5.220630e+05	1.535000e+03	5.403200e+05	1.535000e+03	5.383500e+05	1.535000e+03	5.204990e+05
1.540000e+03	6.816400e+05	1.540000e+03	7.061990e+05	1.540000e+03	6.966730e+05	1.540000e+03	6.965610e+05	1.540000e+03	7.121700e+05	1.540000e+03	6.988870e+05	1.540000e+03	6.888860e+05	1.540000e+03	6.924950e+05	1.540000e+03	6.790220e+05	1.540000e+03	6.817360e+05	1.540000e+03	6.592420e+05	1.540000e+03	6.514760e+05	1.540000e+03	6.489720e+05	1.540000e+03	6.438450e+05	1.540000e+03	6.280850e+05	1.540000e+03	6.338430e+05	1.540000e+03	6.130500e+05	1.540000e+03	6.164110e+05	1.540000e+03	6.126160e+05	1.540000e+03	5.921790e+05	1.540000e+03	6.022230e+05	1.540000e+03	6.058380e+05	1.540000e+03	6.065630e+05	1.540000e+03	6.050790e+05	1.540000e+03	5.776280e+05	1.540000e+03	5.739290e+05	1.540000e+03	5.750350e+05	1.540000e+03	5.618600e+05	1.540000e+03	5.661160e+05	1.540000e+03	5.469430e+05	1.540000e+03	5.501930e+05	1.540000e+03	5.310980e+05	1.540000e+03	5.359270e+05	1.540000e+03	5.304060e+05	1.540000e+03	5.009880e+05	1.540000e+03	5.150920e+05	1.540000e+03	5.245080e+05	1.540000e+03	5.344320e+05	1.540000e+03	5.338790e+05	1.540000e+03	5.321370e+05	1.540000e+03	5.391240e+05	1.540000e+03	5.365380e+05	1.540000e+03	5.358960e+05	1.540000e+03	5.119280e+05
1.545000e+03	6.857390e+05	1.545000e+03	6.876300e+05	1.545000e+03	7.119190e+05	1.545000e+03	7.082390e+05	1.545000e+03	7.036250e+05	1.545000e+03	7.075150e+05	1.545000e+03	6.977620e+05	1.545000e+03	6.736320e+05	1.545000e+03	6.777940e+05	1.545000e+03	6.746520e+05	1.545000e+03	6.648120e+05	1.545000e+03	6.659070e+05	1.545000e+03	6.280840e+05	1.545000e+03	6.374700e+05	1.545000e+03	6.369320e+05	1.545000e+03	6.222940e+05	1.545000e+03	6.285550e+05	1.545000e+03	6.229060e+05	1.545000e+03	6.114890e+05	1.545000e+03	5.940010e+05	1.545000e+03	6.033590e+05	1.545000e+03	6.065010e+05	1.545000e+03	6.025370e+05	1.545000e+03	6.080060e+05	1.545000e+03	5.737880e+05	1.545000e+03	5.753020e+05	1.545000e+03	5.803470e+05	1.545000e+03	5.489730e+05	1.545000e+03	5.624710e+05	1.545000e+03	5.546610e+05	1.545000e+03	5.434420e+05	1.545000e+03	5.373760e+05	1.545000e+03	5.417560e+05	1.545000e+03	5.404090e+05	1.545000e+03	5.330280e+05	1.545000e+03	5.087270e+05	1.545000e+03	5.224850e+05	1.545000e+03	5.444170e+05	1.545000e+03	5.267200e+05	1.545000e+03	5.371390e+05	1.545000e+03	5.389030e+05	1.545000e+03	5.231030e+05	1.545000e+03	5.287250e+05	1.545000e+03	5.239870e+05
1.550000e+03	6.751690e+05	1.550000e+03	6.940920e+05	1.550000e+03	7.077040e+05	1.550000e+03	7.052900e+05	1.550000e+03	7.073770e+05	1.550000e+03	7.013180e+05	1.550000e+03	6.831340e+05	1.550000e+03	6.866740e+05	1.550000e+03	6.788070e+05	1.550000e+03	6.614050e+05	1.550000e+03	6.665740e+05	1.550000e+03	6.666230e+05	1.550000e+03	6.454390e+05	1.550000e+03	6.355280e+05	1.550000e+03	6.378610e+05	1.550000e+03	6.361910e+05	1.550000e+03	6.108270e+05	1.550000e+03	6.250460e+05	1.550000e+03	6.201300e+05	1.550000e+03	5.936370e+05	1.550000e+03	5.946440e+05	1.550000e+03	6.042690e+05	1.550000e+03	6.030680e+05	1.550000e+03	6.128360e+05	1.550000e+03	5.940820e+05	1.550000e+03	5.717770e+05	1.550000e+03	5.658950e+05	1.550000e+03	5.490030e+05	1.550000e+03	5.645950e+05	1.550000e+03	5.473180e+05	1.550000e+03	5.497740e+05	1.550000e+03	5.506270e+05	1.550000e+03	5.157460e+05	1.550000e+03	5.177820e+05	1.550000e+03	5.145010e+05	1.550000e+03	5.222530e+05	1.550000e+03	5.169960e+05	1.550000e+03	5.394810e+05	1.550000e+03	5.354110e+05	1.550000e+03	5.384000e+05	1.550000e+03	5.376820e+05	1.550000e+03	5.358650e+05	1.550000e+03	5.224630e+05	1.550000e+03	5.074600e+05
1.555000e+03	6.762920e+05	1.555000e+03	6.882620e+05	1.555000e+03	7.126690e+05	1.555000e+03	7.089750e+05	1.555000e+03	7.107610e+05	1.555000e+03	7.014990e+05	1.555000e+03	7.071520e+05	1.555000e+03	7.070370e+05	1.555000e+03	6.776340e+05	1.555000e+03	6.558200e+05	1.555000e+03	6.669840e+05	1.555000e+03	6.570110e+05	1.555000e+03	6.526030e+05	1.555000e+03	6.312390e+05	1.555000e+03	6.304480e+05	1.555000e+03	6.165960e+05	1.555000e+03	6.149150e+05	1.555000e+03	6.112890e+05	1.555000e+03	6.152700e+05	1.555000e+03	6.045440e+05	1.555000e+03	6.068050e+05	1.555000e+03	6.012140e+05	1.555000e+03	6.033630e+05	1.555000e+03	6.037510e+05	1.555000e+03	5.717510e+05	1.555000e+03	5.717470e+05	1.555000e+03	5.719800e+05	1.555000e+03	5.498660e+05	1.555000e+03	5.577840e+05	1.555000e+03	5.485100e+05	1.555000e+03	5.393490e+05	1.555000e+03	5.514050e+05	1.555000e+03	5.385300e+05	1.555000e+03	5.332350e+05	1.555000e+03	4.974610e+05	1.555000e+03	5.127970e+05	1.555000e+03	5.217380e+05	1.555000e+03	5.347270e+05	1.555000e+03	5.336730e+05	1.555000e+03	5.144590e+05	1.555000e+03	5.324360e+05	1.555000e+03	5.287950e+05	1.555000e+03	5.383210e+05	1.555000e+03	5.235510e+05
1.560000e+03	6.468580e+05	1.560000e+03	7.082620e+05	1.560000e+03	7.025210e+05	1.560000e+03	7.062800e+05	1.560000e+03	6.971440e+05	1.560000e+03	6.945460e+05	1.560000e+03	6.889570e+05	1.560000e+03	7.005900e+05	1.560000e+03	6.752860e+05	1.560000e+03	6.853490e+05	1.560000e+03	6.683040e+05	1.560000e+03	6.503330e+05	1.560000e+03	6.551030e+05	1.560000e+03	6.401000e+05	1.560000e+03	6.377560e+05	1.560000e+03	6.244840e+05	1.560000e+03	6.205940e+05	1.560000e+03	6.161490e+05	1.560000e+03	6.098100e+05	1.560000e+03	6.069410e+05	1.560000e+03	5.961370e+05	1.560000e+03	6.084880e+05	1.560000e+03	6.074760e+05	1.560000e+03	5.890810e+05	1.560000e+03	5.676600e+05	1.560000e+03	5.683160e+05	1.560000e+03	5.685490e+05	1.560000e+03	5.654500e+05	1.560000e+03	5.535240e+05	1.560000e+03	5.480110e+05	1.560000e+03	5.481530e+05	1.560000e+03	5.533020e+05	1.560000e+03	5.536760e+05	1.560000e+03	5.338070e+05	1.560000e+03	5.141370e+05	1.560000e+03	5.170340e+05	1.560000e+03	5.257360e+05	1.560000e+03	5.509440e+05	1.560000e+03	5.278610e+05	1.560000e+03	5.323140e+05	1.560000e+03	5.416820e+05	1.560000e+03	5.323770e+05	1.560000e+03	5.363710e+05	1.560000e+03	5.066240e+05
1.565000e+03	6.846720e+05	1.565000e+03	7.004570e+05	1.565000e+03	7.174620e+05	1.565000e+03	7.142230e+05	1.565000e+03	7.106440e+05	1.565000e+03	7.136930e+05	1.565000e+03	6.977970e+05	1.565000e+03	6.838350e+05	1.565000e+03	6.816670e+05	1.565000e+03	6.750320e+05	1.565000e+03	6.683700e+05	1.565000e+03	6.549560e+05	1.565000e+03	6.691320e+05	1.565000e+03	6.320030e+05	1.565000e+03	6.250400e+05	1.565000e+03	6.240860e+05	1.565000e+03	6.209820e+05	1.565000e+03	6.215480e+05	1.565000e+03	6.249320e+05	1.565000e+03	6.050560e+05	1.565000e+03	6.046110e+05	1.565000e+03	6.020710e+05	1.565000e+03	6.059270e+05	1.565000e+03	6.032660e+05	1.565000e+03	5.924400e+05	1.565000e+03	5.759320e+05	1.565000e+03	5.596880e+05	1.565000e+03	5.403800e+05	1.565000e+03	5.646930e+05	1.565000e+03	5.532700e+05	1.565000e+03	5.647890e+05	1.565000e+03	5.473320e+05	1.565000e+03	5.509410e+05	1.565000e+03	5.396970e+05	1.565000e+03	5.078590e+05	1.565000e+03	5.234010e+05	1.565000e+03	5.328710e+05	1.565000e+03	5.308250e+05	1.565000e+03	5.430740e+05	1.565000e+03	5.423260e+05	1.565000e+03	5.365650e+05	1.565000e+03	5.284070e+05	1.565000e+03	5.375760e+05	1.565000e+03	5.314780e+05
1.570000e+03	6.872700e+05	1.570000e+03	6.961490e+05	1.570000e+03	7.077770e+05	1.570000e+03	7.176180e+05	1.570000e+03	6.984800e+05	1.570000e+03	7.023010e+05	1.570000e+03	7.037670e+05	1.570000e+03	6.943160e+05	1.570000e+03	6.841770e+05	1.570000e+03	6.806750e+05	1.570000e+03	6.742290e+05	1.570000e+03	6.461650e+05	1.570000e+03	6.544770e+05	1.570000e+03	6.154000e+05	1.570000e+03	6.276010e+05	1.570000e+03	6.284670e+05	1.570000e+03	6.108420e+05	1.570000e+03	6.223010e+05	1.570000e+03	6.138210e+05	1.570000e+03	6.057330e+05	1.570000e+03	5.875550e+05	1.570000e+03	5.990800e+05	1.570000e+03	6.024190e+05	1.570000e+03	6.037480e+05	1.570000e+03	5.692190e+05	1.570000e+03	5.684030e+05	1.570000e+03	5.503690e+05	1.570000e+03	5.709640e+05	1.570000e+03	5.549310e+05	1.570000e+03	5.479030e+05	1.570000e+03	5.464370e+05	1.570000e+03	5.484910e+05	1.570000e+03	5.369120e+05	1.570000e+03	5.300830e+05	1.570000e+03	5.141520e+05	1.570000e+03	5.192870e+05	1.570000e+03	5.254080e+05	1.570000e+03	5.429580e+05	1.570000e+03	5.225140e+05	1.570000e+03	5.154350e+05	1.570000e+03	5.434910e+05	1.570000e+03	5.352350e+05	1.570000e+03	5.375700e+05	1.570000e+03	5.226340e+05
1.575000e+03	6.640050e+05	1.575000e+03	6.932040e+05	1.575000e+03	7.118030e+05	1.575000e+03	6.915290e+05	1.575000e+03	7.135020e+05	1.575000e+03	6.974430e+05	1.575000e+03	7.106870e+05	1.575000e+03	6.912700e+05	1.575000e+03	6.704340e+05	1.575000e+03	6.782440e+05	1.575000e+03	6.563730e+05	1.575000e+03	6.651870e+05	1.575000e+03	6.548340e+05	1.575000e+03	6.399810e+05	1.575000e+03	6.366240e+05	1.575000e+03	6.332640e+05	1.575000e+03	6.249690e+05	1.575000e+03	6.082110e+05	1.575000e+03	6.040620e+05	1.575000e+03	5.926590e+05	1.575000e+03	6.048720e+05	1.575000e+03	5.971410e+05	1.575000e+03	6.024180e+05	1.575000e+03	6.000860e+05	1.575000e+03	5.929550e+05	1.575000e+03	5.658050e+05	1.575000e+03	5.797250e+05	1.575000e+03	5.469250e+05	1.575000e+03	5.672200e+05	1.575000e+03	5.596900e+05	1.575000e+03	5.438560e+05	1.575000e+03	5.378860e+05	1.575000e+03	5.497800e+05	1.575000e+03	5.303240e+05	1.575000e+03	5.049460e+05	1.575000e+03	5.189930e+05	1.575000e+03	5.280030e+05	1.575000e+03	5.383810e+05	1.575000e+03	5.564300e+05	1.575000e+03	5.284620e+05	1.575000e+03	5.320740e+05	1.575000e+03	5.379000e+05	1.575000e+03	5.237960e+05	1.575000e+03	5.228380e+05
1.580000e+03	6.711500e+05	1.580000e+03	6.884840e+05	1.580000e+03	7.151580e+05	1.580000e+03	7.068360e+05	1.580000e+03	7.034340e+05	1.580000e+03	7.063230e+05	1.580000e+03	6.958320e+05	1.580000e+03	7.013450e+05	1.580000e+03	6.698390e+05	1.580000e+03	6.575540e+05	1.580000e+03	6.672760e+05	1.580000e+03	6.517280e+05	1.580000e+03	6.400660e+05	1.580000e+03	6.304850e+05	1.580000e+03	6.257280e+05	1.580000e+03	6.302820e+05	1.580000e+03	6.230590e+05	1.580000e+03	6.203560e+05	1.580000e+03	6.103460e+05	1.580000e+03	5.901830e+05	1.580000e+03	6.098620e+05	1.580000e+03	5.994910e+05	1.580000e+03	6.119720e+05	1.580000e+03	6.061440e+05	1.580000e+03	5.852190e+05	1.580000e+03	5.816900e+05	1.580000e+03	5.693280e+05	1.580000e+03	5.602560e+05	1.580000e+03	5.603050e+05	1.580000e+03	5.591900e+05	1.580000e+03	5.484590e+05	1.580000e+03	5.468010e+05	1.580000e+03	5.319820e+05	1.580000e+03	5.332400e+05	1.580000e+03	5.211220e+05	1.580000e+03	5.343110e+05	1.580000e+03	5.156160e+05	1.580000e+03	5.359000e+05	1.580000e+03	5.203900e+05	1.580000e+03	5.395280e+05	1.580000e+03	5.412530e+05	1.580000e+03	5.332050e+05	1.580000e+03	5.274890e+05	1.580000e+03	5.197440e+05
1.585000e+03	6.339860e+05	1.585000e+03	6.949390e+05	1.585000e+03	7.135280e+05	1.585000e+03	7.059550e+05	1.585000e+03	7.080950e+05	1.585000e+03	7.020210e+05	1.585000e+03	6.922350e+05	1.585000e+03	6.997580e+05	1.585000e+03	6.714040e+05	1.585000e+03	6.657590e+05	1.585000e+03	6.628590e+05	1.585000e+03	6.493700e+05	1.585000e+03	6.302540e+05	1.585000e+03	6.283780e+05	1.585000e+03	6.193490e+05	1.585000e+03	6.312530e+05	1.585000e+03	6.101850e+05	1.585000e+03	6.218700e+05	1.585000e+03	6.367960e+05	1.585000e+03	6.132120e+05	1.585000e+03	5.973690e+05	1.585000e+03	6.056890e+05	1.585000e+03	6.042350e+05	1.585000e+03	6.166840e+05	1.585000e+03	5.652600e+05	1.585000e+03	5.756600e+05	1.585000e+03	5.631570e+05	1.585000e+03	5.654710e+05	1.585000e+03	5.597030e+05	1.585000e+03	5.576110e+05	1.585000e+03	5.498720e+05	1.585000e+03	5.493780e+05	1.585000e+03	5.332380e+05	1.585000e+03	5.379130e+05	1.585000e+03	5.354310e+05	1.585000e+03	5.142300e+05	1.585000e+03	5.199690e+05	1.585000e+03	5.435480e+05	1.585000e+03	5.381580e+05	1.585000e+03	5.306770e+05	1.585000e+03	5.444420e+05	1.585000e+03	5.253250e+05	1.585000e+03	5.240740e+05	1.585000e+03	5.376640e+05
1.590000e+03	6.720120e+05	1.590000e+03	6.897780e+05	1.590000e+03	7.118980e+05	1.590000e+03	7.015780e+05	1.590000e+03	7.082370e+05	1.590000e+03	7.068340e+05	1.590000e+03	7.006730e+05	1.590000e+03	7.029370e+05	1.590000e+03	6.762470e+05	1.590000e+03	6.746160e+05	1.590000e+03	6.509870e+05	1.590000e+03	6.564740e+05	1.590000e+03	6.539440e+05	1.590000e+03	6.426150e+05	1.590000e+03	6.286630e+05	1.590000e+03	6.218630e+05	1.590000e+03	6.231110e+05	1.590000e+03	6.217780e+05	1.590000e+03	6.109920e+05	1.590000e+03	5.880530e+05	1.590000e+03	6.080060e+05	1.590000e+03	5.971440e+05	1.590000e+03	6.083290e+05	1.590000e+03	6.024980e+05	1.590000e+03	5.871430e+05	1.590000e+03	5.745270e+05	1.590000e+03	5.611360e+05	1.590000e+03	5.532590e+05	1.590000e+03	5.567410e+05	1.590000e+03	5.516930e+05	1.590000e+03	5.388200e+05	1.590000e+03	5.455540e+05	1.590000e+03	5.253330e+05	1.590000e+03	5.087030e+05	1.590000e+03	5.442250e+05	1.590000e+03	5.182700e+05	1.590000e+03	5.223660e+05	1.590000e+03	5.428960e+05	1.590000e+03	5.277350e+05	1.590000e+03	5.358800e+05	1.590000e+03	5.291220e+05	1.590000e+03	5.245840e+05	1.590000e+03	5.282090e+05	1.590000e+03	5.372390e+05
1.595000e+03	6.596170e+05	1.595000e+03	6.960880e+05	1.595000e+03	7.097720e+05	1.595000e+03	7.034460e+05	1.595000e+03	7.126750e+05	1.595000e+03	7.019500e+05	1.595000e+03	6.966090e+05	1.595000e+03	6.933090e+05	1.595000e+03	6.788200e+05	1.595000e+03	6.698750e+05	1.595000e+03	6.663910e+05	1.595000e+03	6.628820e+05	1.595000e+03	6.310450e+05	1.595000e+03	6.393610e+05	1.595000e+03	6.383480e+05	1.595000e+03	6.286420e+05	1.595000e+03	6.188790e+05	1.595000e+03	6.173000e+05	1.595000e+03	6.229800e+05	1.595000e+03	6.016620e+05	1.595000e+03	6.085560e+05	1.595000e+03	6.031740e+05	1.595000e+03	6.028300e+05	1.595000e+03	6.091930e+05	1.595000e+03	5.855280e+05	1.595000e+03	5.625120e+05	1.595000e+03	5.844340e+05	1.595000e+03	5.608580e+05	1.595000e+03	5.669140e+05	1.595000e+03	5.429180e+05	1.595000e+03	5.357150e+05	1.595000e+03	5.418390e+05	1.595000e+03	5.569800e+05	1.595000e+03	5.295650e+05	1.595000e+03	5.024250e+05	1.595000e+03	5.151580e+05	1.595000e+03	5.158630e+05	1.595000e+03	5.442150e+05	1.595000e+03	5.328940e+05	1.595000e+03	5.422320e+05	1.595000e+03	5.430360e+05	1.595000e+03	5.205670e+05	1.595000e+03	5.385210e+05	1.595000e+03	5.257390e+05
1.600000e+03	6.809670e+05	1.600000e+03	6.948310e+05	1.600000e+03	7.066640e+05	1.600000e+03	6.984460e+05	1.600000e+03	7.074410e+05	1.600000e+03	7.103110e+05	1.600000e+03	6.920140e+05	1.600000e+03	6.859060e+05	1.600000e+03	6.744900e+05	1.600000e+03	6.653820e+05	1.600000e+03	6.669850e+05	1.600000e+03	6.631670e+05	1.600000e+03	6.503900e+05	1.600000e+03	6.246480e+05	1.600000e+03	6.481040e+05	1.600000e+03	6.247430e+05	1.600000e+03	6.125620e+05	1.600000e+03	6.150250e+05	1.600000e+03	6.053720e+05	1.600000e+03	6.085310e+05	1.600000e+03	5.949870e+05	1.600000e+03	6.085970e+05	1.600000e+03	5.989160e+05	1.600000e+03	6.087470e+05	1.600000e+03	5.954630e+05	1.600000e+03	5.840650e+05	1.600000e+03	5.627830e+05	1.600000e+03	5.548450e+05	1.600000e+03	5.596300e+05	1.600000e+03	5.472580e+05	1.600000e+03	5.377900e+05	1.600000e+03	5.627590e+05	1.600000e+03	5.450470e+05	1.600000e+03	5.068120e+05	1.600000e+03	5.243480e+05	1.600000e+03	5.243560e+05	1.600000e+03	5.347240e+05	1.600000e+03	5.457270e+05	1.600000e+03	5.362660e+05	1.600000e+03	5.300870e+05	1.600000e+03	5.324690e+05	1.600000e+03	5.206110e+05	1.600000e+03	5.361610e+05	1.600000e+03	5.112760e+05
