# comment: Странный ОДМР от маленького кусочка того большого чёрного кристалла. Тут кое как нашли яркое место, света мало, ОДМР снимался не долго. Видно, что он есть, но надо запускать на подольше
# name: ODMR Spectrum measurement
# metadata: {'created': '2026-07-01T11_26_45', 'description': 'ODMR Spectrum measurement'}
# parameters: {'start_nm': 1100.0, 'end_nm': 1600.0, 'step_nm': 5.0, 'accum_time_ms': 2000, 'number_repetitions': 999, 'data_points': 101}
# units: {'start_nm': 'nanometers', 'end_nm': 'nanometers', 'step_nm': 'nanometers', 'accum_time_ms': 'milliseconds'}
X1	Y1	X2	Y2	X3	Y3	X4	Y4	X5	Y5	X6	Y6	X7	Y7	X8	Y8	X9	Y9	X10	Y10	X11	Y11	X12	Y12	X13	Y13	X14	Y14	X15	Y15	X16	Y16	X17	Y17	X18	Y18	X19	Y19	X20	Y20	X21	Y21	X22	Y22	X23	Y23	X24	Y24	X25	Y25	X26	Y26	X27	Y27	X28	Y28	X29	Y29	X30	Y30	X31	Y31	X32	Y32	X33	Y33	X34	Y34	X35	Y35	X36	Y36	X37	Y37	X38	Y38	X39	Y39	X40	Y40	X41	Y41	X42	Y42	X43	Y43	X44	Y44	X45	Y45	X46	Y46	X47	Y47	X48	Y48	X49	Y49	X50	Y50	X51	Y51	X52	Y52	X53	Y53	X54	Y54	X55	Y55	X56	Y56	X57	Y57	X58	Y58	X59	Y59	X60	Y60	X61	Y61	X62	Y62
1.100000e+03	1.045235e+06	1.100000e+03	1.067403e+06	1.100000e+03	1.089698e+06	1.100000e+03	1.063161e+06	1.100000e+03	1.024473e+06	1.100000e+03	1.064452e+06	1.100000e+03	1.037323e+06	1.100000e+03	9.767220e+05	1.100000e+03	1.094434e+06	1.100000e+03	1.029621e+06	1.100000e+03	1.067424e+06	1.100000e+03	1.056168e+06	1.100000e+03	1.014430e+06	1.100000e+03	1.033739e+06	1.100000e+03	1.023683e+06	1.100000e+03	1.033962e+06	1.100000e+03	1.047820e+06	1.100000e+03	1.120966e+06	1.100000e+03	1.080477e+06	1.100000e+03	1.085683e+06	1.100000e+03	1.095827e+06	1.100000e+03	1.105888e+06	1.100000e+03	1.029979e+06	1.100000e+03	1.062955e+06	1.100000e+03	1.042181e+06	1.100000e+03	1.020847e+06	1.100000e+03	1.077672e+06	1.100000e+03	1.017644e+06	1.100000e+03	1.063239e+06	1.100000e+03	1.063423e+06	1.100000e+03	1.064031e+06	1.100000e+03	1.032897e+06	1.100000e+03	1.074228e+06	1.100000e+03	1.003799e+06	1.100000e+03	1.031290e+06	1.100000e+03	1.080729e+06	1.100000e+03	1.012169e+06	1.100000e+03	1.072569e+06	1.100000e+03	1.002399e+06	1.100000e+03	1.081958e+06	1.100000e+03	1.065952e+06	1.100000e+03	1.057040e+06	1.100000e+03	1.113588e+06	1.100000e+03	1.097143e+06	1.100000e+03	1.087052e+06	1.100000e+03	1.056705e+06	1.100000e+03	1.132242e+06	1.100000e+03	1.083631e+06	1.100000e+03	1.108456e+06	1.100000e+03	1.112131e+06	1.100000e+03	1.098231e+06	1.100000e+03	1.091805e+06	1.100000e+03	1.070758e+06	1.100000e+03	1.109606e+06	1.100000e+03	1.106617e+06	1.100000e+03	1.091713e+06	1.100000e+03	1.102822e+06	1.100000e+03	1.078271e+06	1.100000e+03	1.094709e+06	1.100000e+03	1.131658e+06	1.100000e+03	1.119879e+06	1.100000e+03	1.098997e+06
1.105000e+03	1.038955e+06	1.105000e+03	1.054774e+06	1.105000e+03	1.120630e+06	1.105000e+03	1.104994e+06	1.105000e+03	1.041072e+06	1.105000e+03	1.026733e+06	1.105000e+03	1.086567e+06	1.105000e+03	1.020022e+06	1.105000e+03	1.049196e+06	1.105000e+03	1.145327e+06	1.105000e+03	1.103206e+06	1.105000e+03	1.105276e+06	1.105000e+03	1.007879e+06	1.105000e+03	1.058702e+06	1.105000e+03	1.045870e+06	1.105000e+03	1.062586e+06	1.105000e+03	1.088590e+06	1.105000e+03	1.027764e+06	1.105000e+03	1.075353e+06	1.105000e+03	1.082417e+06	1.105000e+03	1.093356e+06	1.105000e+03	1.090464e+06	1.105000e+03	1.107888e+06	1.105000e+03	1.070864e+06	1.105000e+03	1.056813e+06	1.105000e+03	1.008449e+06	1.105000e+03	1.052658e+06	1.105000e+03	1.034351e+06	1.105000e+03	1.030549e+06	1.105000e+03	1.070700e+06	1.105000e+03	1.114174e+06	1.105000e+03	1.037251e+06	1.105000e+03	1.099455e+06	1.105000e+03	1.073925e+06	1.105000e+03	1.000296e+06	1.105000e+03	1.108964e+06	1.105000e+03	1.067683e+06	1.105000e+03	1.047351e+06	1.105000e+03	1.015815e+06	1.105000e+03	1.063372e+06	1.105000e+03	1.097308e+06	1.105000e+03	1.047947e+06	1.105000e+03	1.037596e+06	1.105000e+03	1.097525e+06	1.105000e+03	1.120345e+06	1.105000e+03	1.100431e+06	1.105000e+03	1.107126e+06	1.105000e+03	1.100376e+06	1.105000e+03	1.093243e+06	1.105000e+03	1.111756e+06	1.105000e+03	1.076646e+06	1.105000e+03	1.082665e+06	1.105000e+03	1.110307e+06	1.105000e+03	1.125942e+06	1.105000e+03	1.114683e+06	1.105000e+03	1.057128e+06	1.105000e+03	1.065111e+06	1.105000e+03	1.097774e+06	1.105000e+03	1.094961e+06	1.105000e+03	1.074434e+06	1.105000e+03	1.115902e+06	1.105000e+03	1.097595e+06
1.110000e+03	1.047487e+06	1.110000e+03	1.044837e+06	1.110000e+03	1.038569e+06	1.110000e+03	1.085493e+06	1.110000e+03	1.044277e+06	1.110000e+03	9.966140e+05	1.110000e+03	1.018396e+06	1.110000e+03	1.040703e+06	1.110000e+03	1.099781e+06	1.110000e+03	1.086547e+06	1.110000e+03	9.984570e+05	1.110000e+03	1.044086e+06	1.110000e+03	1.007986e+06	1.110000e+03	1.023461e+06	1.110000e+03	1.035821e+06	1.110000e+03	1.065555e+06	1.110000e+03	1.062638e+06	1.110000e+03	1.089385e+06	1.110000e+03	1.057502e+06	1.110000e+03	1.027157e+06	1.110000e+03	1.099133e+06	1.110000e+03	1.056386e+06	1.110000e+03	1.062825e+06	1.110000e+03	1.083211e+06	1.110000e+03	1.026005e+06	1.110000e+03	1.056403e+06	1.110000e+03	9.902350e+05	1.110000e+03	1.062821e+06	1.110000e+03	1.020072e+06	1.110000e+03	1.020018e+06	1.110000e+03	1.080274e+06	1.110000e+03	1.058292e+06	1.110000e+03	1.052156e+06	1.110000e+03	1.076301e+06	1.110000e+03	1.005866e+06	1.110000e+03	1.062144e+06	1.110000e+03	1.081322e+06	1.110000e+03	1.000158e+06	1.110000e+03	1.068285e+06	1.110000e+03	1.073609e+06	1.110000e+03	1.079222e+06	1.110000e+03	1.091349e+06	1.110000e+03	1.090005e+06	1.110000e+03	1.094807e+06	1.110000e+03	1.107650e+06	1.110000e+03	1.116725e+06	1.110000e+03	1.091185e+06	1.110000e+03	1.086807e+06	1.110000e+03	1.087691e+06	1.110000e+03	1.087310e+06	1.110000e+03	1.064363e+06	1.110000e+03	1.099588e+06	1.110000e+03	1.078981e+06	1.110000e+03	1.085411e+06	1.110000e+03	1.087235e+06	1.110000e+03	1.100936e+06	1.110000e+03	1.072003e+06	1.110000e+03	1.100331e+06	1.110000e+03	1.129295e+06	1.110000e+03	1.131747e+06	1.110000e+03	1.114752e+06	1.110000e+03	1.104742e+06
1.115000e+03	1.035781e+06	1.115000e+03	1.033157e+06	1.115000e+03	1.045100e+06	1.115000e+03	1.100531e+06	1.115000e+03	1.039741e+06	1.115000e+03	1.024053e+06	1.115000e+03	1.062884e+06	1.115000e+03	1.051882e+06	1.115000e+03	1.117080e+06	1.115000e+03	1.019096e+06	1.115000e+03	1.053042e+06	1.115000e+03	1.086312e+06	1.115000e+03	9.761870e+05	1.115000e+03	1.020466e+06	1.115000e+03	1.061088e+06	1.115000e+03	1.035176e+06	1.115000e+03	1.062372e+06	1.115000e+03	1.091021e+06	1.115000e+03	1.136737e+06	1.115000e+03	1.056696e+06	1.115000e+03	1.093653e+06	1.115000e+03	1.097297e+06	1.115000e+03	1.111224e+06	1.115000e+03	1.109397e+06	1.115000e+03	1.017165e+06	1.115000e+03	1.003871e+06	1.115000e+03	1.035097e+06	1.115000e+03	1.050901e+06	1.115000e+03	1.016172e+06	1.115000e+03	1.088305e+06	1.115000e+03	1.078561e+06	1.115000e+03	1.067343e+06	1.115000e+03	1.044956e+06	1.115000e+03	1.016059e+06	1.115000e+03	1.001127e+06	1.115000e+03	1.107773e+06	1.115000e+03	1.053574e+06	1.115000e+03	9.918230e+05	1.115000e+03	9.867830e+05	1.115000e+03	1.067955e+06	1.115000e+03	1.061155e+06	1.115000e+03	1.064941e+06	1.115000e+03	1.105531e+06	1.115000e+03	1.070995e+06	1.115000e+03	1.124112e+06	1.115000e+03	1.068965e+06	1.115000e+03	1.152456e+06	1.115000e+03	1.100612e+06	1.115000e+03	1.141720e+06	1.115000e+03	1.106332e+06	1.115000e+03	1.087329e+06	1.115000e+03	1.048554e+06	1.115000e+03	1.070695e+06	1.115000e+03	1.131649e+06	1.115000e+03	1.116760e+06	1.115000e+03	1.087400e+06	1.115000e+03	1.087857e+06	1.115000e+03	1.106058e+06	1.115000e+03	1.064638e+06	1.115000e+03	1.073658e+06	1.115000e+03	1.131829e+06	1.115000e+03	1.085002e+06
1.120000e+03	1.003009e+06	1.120000e+03	1.054320e+06	1.120000e+03	1.021559e+06	1.120000e+03	1.083374e+06	1.120000e+03	1.007153e+06	1.120000e+03	1.040601e+06	1.120000e+03	1.038024e+06	1.120000e+03	1.039395e+06	1.120000e+03	1.115364e+06	1.120000e+03	1.099118e+06	1.120000e+03	1.063943e+06	1.120000e+03	1.072999e+06	1.120000e+03	1.073399e+06	1.120000e+03	1.055353e+06	1.120000e+03	1.038980e+06	1.120000e+03	1.078702e+06	1.120000e+03	1.041726e+06	1.120000e+03	1.106378e+06	1.120000e+03	1.103446e+06	1.120000e+03	1.107594e+06	1.120000e+03	1.066910e+06	1.120000e+03	1.096752e+06	1.120000e+03	1.035948e+06	1.120000e+03	1.059546e+06	1.120000e+03	1.013302e+06	1.120000e+03	1.024579e+06	1.120000e+03	1.029144e+06	1.120000e+03	1.005584e+06	1.120000e+03	1.021193e+06	1.120000e+03	1.043842e+06	1.120000e+03	1.119110e+06	1.120000e+03	1.059565e+06	1.120000e+03	1.049304e+06	1.120000e+03	1.081573e+06	1.120000e+03	1.024207e+06	1.120000e+03	1.054285e+06	1.120000e+03	1.025830e+06	1.120000e+03	1.022741e+06	1.120000e+03	9.866890e+05	1.120000e+03	1.070153e+06	1.120000e+03	1.072468e+06	1.120000e+03	1.049431e+06	1.120000e+03	1.076895e+06	1.120000e+03	1.125972e+06	1.120000e+03	1.085490e+06	1.120000e+03	1.098436e+06	1.120000e+03	1.077824e+06	1.120000e+03	1.120193e+06	1.120000e+03	1.123036e+06	1.120000e+03	1.088703e+06	1.120000e+03	1.061099e+06	1.120000e+03	1.104236e+06	1.120000e+03	1.126504e+06	1.120000e+03	1.130725e+06	1.120000e+03	1.088421e+06	1.120000e+03	1.107782e+06	1.120000e+03	1.082344e+06	1.120000e+03	1.106690e+06	1.120000e+03	1.082506e+06	1.120000e+03	1.143953e+06	1.120000e+03	1.142422e+06	1.120000e+03	1.117402e+06
1.125000e+03	1.055764e+06	1.125000e+03	1.073697e+06	1.125000e+03	1.067557e+06	1.125000e+03	1.079715e+06	1.125000e+03	1.052010e+06	1.125000e+03	1.013747e+06	1.125000e+03	1.036274e+06	1.125000e+03	1.032420e+06	1.125000e+03	1.075960e+06	1.125000e+03	1.096375e+06	1.125000e+03	1.020960e+06	1.125000e+03	1.058541e+06	1.125000e+03	1.036898e+06	1.125000e+03	1.061555e+06	1.125000e+03	1.070744e+06	1.125000e+03	1.035284e+06	1.125000e+03	1.072004e+06	1.125000e+03	1.099317e+06	1.125000e+03	1.104447e+06	1.125000e+03	1.062875e+06	1.125000e+03	1.106279e+06	1.125000e+03	1.085658e+06	1.125000e+03	1.062675e+06	1.125000e+03	1.084235e+06	1.125000e+03	1.088148e+06	1.125000e+03	1.041853e+06	1.125000e+03	1.045851e+06	1.125000e+03	1.045013e+06	1.125000e+03	1.014345e+06	1.125000e+03	1.069997e+06	1.125000e+03	1.082389e+06	1.125000e+03	1.082822e+06	1.125000e+03	1.070352e+06	1.125000e+03	1.039670e+06	1.125000e+03	1.016370e+06	1.125000e+03	1.066634e+06	1.125000e+03	1.028545e+06	1.125000e+03	1.075150e+06	1.125000e+03	1.043994e+06	1.125000e+03	1.086366e+06	1.125000e+03	1.074533e+06	1.125000e+03	1.006603e+06	1.125000e+03	1.068030e+06	1.125000e+03	1.125366e+06	1.125000e+03	1.103798e+06	1.125000e+03	1.074461e+06	1.125000e+03	1.115958e+06	1.125000e+03	1.069410e+06	1.125000e+03	1.088797e+06	1.125000e+03	1.011742e+06	1.125000e+03	1.057498e+06	1.125000e+03	1.122875e+06	1.125000e+03	1.096799e+06	1.125000e+03	1.088944e+06	1.125000e+03	1.118569e+06	1.125000e+03	1.114853e+06	1.125000e+03	1.047809e+06	1.125000e+03	1.094230e+06	1.125000e+03	1.124610e+06	1.125000e+03	1.050317e+06	1.125000e+03	1.093292e+06	1.125000e+03	1.132281e+06
1.130000e+03	1.007917e+06	1.130000e+03	1.012571e+06	1.130000e+03	1.067467e+06	1.130000e+03	1.085548e+06	1.130000e+03	1.033959e+06	1.130000e+03	1.014799e+06	1.130000e+03	1.039070e+06	1.130000e+03	1.006957e+06	1.130000e+03	1.118109e+06	1.130000e+03	1.051060e+06	1.130000e+03	1.118747e+06	1.130000e+03	1.064189e+06	1.130000e+03	1.060391e+06	1.130000e+03	1.035428e+06	1.130000e+03	1.089722e+06	1.130000e+03	1.097014e+06	1.130000e+03	1.051592e+06	1.130000e+03	1.111409e+06	1.130000e+03	1.094779e+06	1.130000e+03	1.089221e+06	1.130000e+03	1.050636e+06	1.130000e+03	1.058205e+06	1.130000e+03	1.055153e+06	1.130000e+03	1.099562e+06	1.130000e+03	1.040782e+06	1.130000e+03	1.019726e+06	1.130000e+03	1.049695e+06	1.130000e+03	9.979620e+05	1.130000e+03	1.027982e+06	1.130000e+03	1.045194e+06	1.130000e+03	1.096577e+06	1.130000e+03	1.059762e+06	1.130000e+03	1.083910e+06	1.130000e+03	1.066460e+06	1.130000e+03	1.036571e+06	1.130000e+03	1.062665e+06	1.130000e+03	1.039075e+06	1.130000e+03	9.824440e+05	1.130000e+03	9.977560e+05	1.130000e+03	1.065794e+06	1.130000e+03	1.048331e+06	1.130000e+03	1.040923e+06	1.130000e+03	1.115144e+06	1.130000e+03	1.130981e+06	1.130000e+03	1.079991e+06	1.130000e+03	1.048949e+06	1.130000e+03	1.076568e+06	1.130000e+03	1.084308e+06	1.130000e+03	1.112890e+06	1.130000e+03	1.055416e+06	1.130000e+03	1.041567e+06	1.130000e+03	1.091811e+06	1.130000e+03	1.094074e+06	1.130000e+03	1.063093e+06	1.130000e+03	1.113887e+06	1.130000e+03	1.092836e+06	1.130000e+03	1.107877e+06	1.130000e+03	1.091465e+06	1.130000e+03	1.078615e+06	1.130000e+03	1.137842e+06	1.130000e+03	1.164267e+06	1.130000e+03	1.147514e+06
1.135000e+03	1.047531e+06	1.135000e+03	1.093335e+06	1.135000e+03	1.051045e+06	1.135000e+03	1.109433e+06	1.135000e+03	1.043382e+06	1.135000e+03	1.012507e+06	1.135000e+03	1.060430e+06	1.135000e+03	1.059188e+06	1.135000e+03	1.057404e+06	1.135000e+03	1.058848e+06	1.135000e+03	1.043522e+06	1.135000e+03	1.076554e+06	1.135000e+03	1.013499e+06	1.135000e+03	1.055488e+06	1.135000e+03	1.036859e+06	1.135000e+03	1.074506e+06	1.135000e+03	1.077285e+06	1.135000e+03	1.109852e+06	1.135000e+03	1.105777e+06	1.135000e+03	1.072698e+06	1.135000e+03	1.048784e+06	1.135000e+03	1.122580e+06	1.135000e+03	1.056440e+06	1.135000e+03	1.067086e+06	1.135000e+03	1.062217e+06	1.135000e+03	1.010967e+06	1.135000e+03	1.020283e+06	1.135000e+03	1.068121e+06	1.135000e+03	9.962640e+05	1.135000e+03	1.051055e+06	1.135000e+03	1.124050e+06	1.135000e+03	1.066888e+06	1.135000e+03	1.081035e+06	1.135000e+03	1.056155e+06	1.135000e+03	1.054204e+06	1.135000e+03	1.084369e+06	1.135000e+03	1.078915e+06	1.135000e+03	1.023638e+06	1.135000e+03	1.052689e+06	1.135000e+03	1.066660e+06	1.135000e+03	1.013010e+06	1.135000e+03	1.051578e+06	1.135000e+03	1.120396e+06	1.135000e+03	1.106739e+06	1.135000e+03	1.139870e+06	1.135000e+03	1.098136e+06	1.135000e+03	1.086108e+06	1.135000e+03	1.047608e+06	1.135000e+03	1.103357e+06	1.135000e+03	1.043930e+06	1.135000e+03	1.070789e+06	1.135000e+03	1.080500e+06	1.135000e+03	1.104909e+06	1.135000e+03	1.129131e+06	1.135000e+03	1.074117e+06	1.135000e+03	1.096147e+06	1.135000e+03	1.096493e+06	1.135000e+03	1.097087e+06	1.135000e+03	1.098308e+06	1.135000e+03	1.126743e+06	1.135000e+03	1.098862e+06	1.135000e+03	1.104556e+06
1.140000e+03	1.091148e+06	1.140000e+03	1.074236e+06	1.140000e+03	1.044395e+06	1.140000e+03	1.077560e+06	1.140000e+03	1.031667e+06	1.140000e+03	1.065307e+06	1.140000e+03	1.047069e+06	1.140000e+03	1.005409e+06	1.140000e+03	1.090040e+06	1.140000e+03	1.025088e+06	1.140000e+03	1.058168e+06	1.140000e+03	1.044406e+06	1.140000e+03	1.030463e+06	1.140000e+03	1.074869e+06	1.140000e+03	1.026176e+06	1.140000e+03	1.079011e+06	1.140000e+03	1.027111e+06	1.140000e+03	1.079878e+06	1.140000e+03	1.098979e+06	1.140000e+03	1.050733e+06	1.140000e+03	1.095053e+06	1.140000e+03	1.113182e+06	1.140000e+03	1.025720e+06	1.140000e+03	1.097635e+06	1.140000e+03	1.078345e+06	1.140000e+03	1.033808e+06	1.140000e+03	1.040176e+06	1.140000e+03	1.009981e+06	1.140000e+03	1.069166e+06	1.140000e+03	1.048894e+06	1.140000e+03	1.111460e+06	1.140000e+03	1.070419e+06	1.140000e+03	1.082898e+06	1.140000e+03	1.059917e+06	1.140000e+03	1.033657e+06	1.140000e+03	1.116169e+06	1.140000e+03	1.089146e+06	1.140000e+03	1.048304e+06	1.140000e+03	1.014500e+06	1.140000e+03	1.082580e+06	1.140000e+03	1.055126e+06	1.140000e+03	1.035297e+06	1.140000e+03	1.073130e+06	1.140000e+03	1.137344e+06	1.140000e+03	1.157839e+06	1.140000e+03	1.093834e+06	1.140000e+03	1.127475e+06	1.140000e+03	1.037613e+06	1.140000e+03	1.119579e+06	1.140000e+03	1.136847e+06	1.140000e+03	1.089514e+06	1.140000e+03	1.076044e+06	1.140000e+03	1.117191e+06	1.140000e+03	1.086728e+06	1.140000e+03	1.060714e+06	1.140000e+03	1.085817e+06	1.140000e+03	1.096792e+06	1.140000e+03	1.105498e+06	1.140000e+03	1.088035e+06	1.140000e+03	1.106788e+06	1.140000e+03	1.126104e+06	1.140000e+03	1.100675e+06
1.145000e+03	1.005531e+06	1.145000e+03	1.051341e+06	1.145000e+03	1.061135e+06	1.145000e+03	1.111682e+06	1.145000e+03	1.015814e+06	1.145000e+03	1.003428e+06	1.145000e+03	1.051507e+06	1.145000e+03	1.062950e+06	1.145000e+03	1.101893e+06	1.145000e+03	1.022689e+06	1.145000e+03	1.068507e+06	1.145000e+03	1.041796e+06	1.145000e+03	1.053113e+06	1.145000e+03	1.058512e+06	1.145000e+03	1.049448e+06	1.145000e+03	1.047829e+06	1.145000e+03	1.077841e+06	1.145000e+03	1.104457e+06	1.145000e+03	1.112258e+06	1.145000e+03	1.044251e+06	1.145000e+03	1.068902e+06	1.145000e+03	1.120947e+06	1.145000e+03	1.060644e+06	1.145000e+03	1.028905e+06	1.145000e+03	1.015609e+06	1.145000e+03	1.055358e+06	1.145000e+03	1.037706e+06	1.145000e+03	1.018455e+06	1.145000e+03	1.021613e+06	1.145000e+03	1.081086e+06	1.145000e+03	1.090706e+06	1.145000e+03	1.056007e+06	1.145000e+03	1.085987e+06	1.145000e+03	1.001559e+06	1.145000e+03	1.027508e+06	1.145000e+03	1.016797e+06	1.145000e+03	1.086409e+06	1.145000e+03	1.052622e+06	1.145000e+03	9.779530e+05	1.145000e+03	1.076351e+06	1.145000e+03	1.036122e+06	1.145000e+03	1.042799e+06	1.145000e+03	1.103415e+06	1.145000e+03	1.112837e+06	1.145000e+03	1.117993e+06	1.145000e+03	1.063348e+06	1.145000e+03	1.109122e+06	1.145000e+03	1.060386e+06	1.145000e+03	1.113597e+06	1.145000e+03	1.104426e+06	1.145000e+03	1.084939e+06	1.145000e+03	1.093574e+06	1.145000e+03	1.095920e+06	1.145000e+03	1.066650e+06	1.145000e+03	1.095060e+06	1.145000e+03	1.064751e+06	1.145000e+03	1.071786e+06	1.145000e+03	1.115107e+06	1.145000e+03	1.104604e+06	1.145000e+03	1.141313e+06	1.145000e+03	1.069902e+06	1.145000e+03	1.086687e+06
1.150000e+03	1.043869e+06	1.150000e+03	1.047274e+06	1.150000e+03	1.032091e+06	1.150000e+03	1.091087e+06	1.150000e+03	1.027099e+06	1.150000e+03	1.037414e+06	1.150000e+03	1.022330e+06	1.150000e+03	1.048928e+06	1.150000e+03	1.093736e+06	1.150000e+03	1.062510e+06	1.150000e+03	1.082996e+06	1.150000e+03	1.081510e+06	1.150000e+03	1.023898e+06	1.150000e+03	1.042769e+06	1.150000e+03	1.049654e+06	1.150000e+03	1.057495e+06	1.150000e+03	1.050942e+06	1.150000e+03	1.104763e+06	1.150000e+03	1.086455e+06	1.150000e+03	1.088524e+06	1.150000e+03	1.107443e+06	1.150000e+03	1.095822e+06	1.150000e+03	1.027752e+06	1.150000e+03	1.026244e+06	1.150000e+03	1.019356e+06	1.150000e+03	1.076481e+06	1.150000e+03	1.021707e+06	1.150000e+03	1.044729e+06	1.150000e+03	1.049352e+06	1.150000e+03	1.071177e+06	1.150000e+03	1.128183e+06	1.150000e+03	1.035043e+06	1.150000e+03	1.052238e+06	1.150000e+03	1.046022e+06	1.150000e+03	1.027714e+06	1.150000e+03	1.044331e+06	1.150000e+03	1.040406e+06	1.150000e+03	1.006508e+06	1.150000e+03	1.023703e+06	1.150000e+03	1.050431e+06	1.150000e+03	1.074235e+06	1.150000e+03	1.058776e+06	1.150000e+03	1.077831e+06	1.150000e+03	1.100612e+06	1.150000e+03	1.062914e+06	1.150000e+03	1.092892e+06	1.150000e+03	1.092013e+06	1.150000e+03	1.075957e+06	1.150000e+03	1.111762e+06	1.150000e+03	1.102485e+06	1.150000e+03	1.045434e+06	1.150000e+03	1.109759e+06	1.150000e+03	1.087608e+06	1.150000e+03	1.100847e+06	1.150000e+03	1.112824e+06	1.150000e+03	1.132158e+06	1.150000e+03	1.094906e+06	1.150000e+03	1.120976e+06	1.150000e+03	1.087598e+06	1.150000e+03	1.124643e+06	1.150000e+03	1.098331e+06	1.150000e+03	1.124243e+06
1.155000e+03	1.027342e+06	1.155000e+03	1.110745e+06	1.155000e+03	1.100818e+06	1.155000e+03	1.058497e+06	1.155000e+03	1.054958e+06	1.155000e+03	9.860130e+05	1.155000e+03	1.077453e+06	1.155000e+03	1.042662e+06	1.155000e+03	1.111394e+06	1.155000e+03	1.088809e+06	1.155000e+03	1.102133e+06	1.155000e+03	1.064371e+06	1.155000e+03	1.027982e+06	1.155000e+03	1.038400e+06	1.155000e+03	1.028881e+06	1.155000e+03	1.057035e+06	1.155000e+03	1.080911e+06	1.155000e+03	1.111895e+06	1.155000e+03	1.051760e+06	1.155000e+03	1.026565e+06	1.155000e+03	1.121192e+06	1.155000e+03	1.104797e+06	1.155000e+03	1.112960e+06	1.155000e+03	1.055724e+06	1.155000e+03	1.019196e+06	1.155000e+03	1.046845e+06	1.155000e+03	1.020834e+06	1.155000e+03	1.040006e+06	1.155000e+03	1.046850e+06	1.155000e+03	1.076120e+06	1.155000e+03	1.097932e+06	1.155000e+03	1.027280e+06	1.155000e+03	1.073850e+06	1.155000e+03	1.092790e+06	1.155000e+03	1.044768e+06	1.155000e+03	1.059481e+06	1.155000e+03	1.073168e+06	1.155000e+03	1.028824e+06	1.155000e+03	1.007225e+06	1.155000e+03	1.063712e+06	1.155000e+03	1.084904e+06	1.155000e+03	1.003757e+06	1.155000e+03	1.079839e+06	1.155000e+03	1.090154e+06	1.155000e+03	1.075150e+06	1.155000e+03	1.137249e+06	1.155000e+03	1.100215e+06	1.155000e+03	1.083264e+06	1.155000e+03	1.111601e+06	1.155000e+03	1.066340e+06	1.155000e+03	1.122290e+06	1.155000e+03	1.124297e+06	1.155000e+03	1.094388e+06	1.155000e+03	1.087398e+06	1.155000e+03	1.095538e+06	1.155000e+03	1.120988e+06	1.155000e+03	1.071480e+06	1.155000e+03	1.116445e+06	1.155000e+03	1.090634e+06	1.155000e+03	1.156434e+06	1.155000e+03	1.096680e+06	1.155000e+03	1.100552e+06
1.160000e+03	1.073383e+06	1.160000e+03	1.022091e+06	1.160000e+03	1.062199e+06	1.160000e+03	1.070087e+06	1.160000e+03	1.062337e+06	1.160000e+03	1.052901e+06	1.160000e+03	1.037465e+06	1.160000e+03	1.044628e+06	1.160000e+03	1.082568e+06	1.160000e+03	1.059453e+06	1.160000e+03	1.053078e+06	1.160000e+03	1.010049e+06	1.160000e+03	1.045814e+06	1.160000e+03	1.047535e+06	1.160000e+03	1.059218e+06	1.160000e+03	1.058786e+06	1.160000e+03	1.040904e+06	1.160000e+03	1.091681e+06	1.160000e+03	1.081607e+06	1.160000e+03	1.031967e+06	1.160000e+03	1.063733e+06	1.160000e+03	1.089645e+06	1.160000e+03	1.066226e+06	1.160000e+03	1.099960e+06	1.160000e+03	1.024265e+06	1.160000e+03	9.984750e+05	1.160000e+03	1.047391e+06	1.160000e+03	1.039939e+06	1.160000e+03	1.095996e+06	1.160000e+03	1.057240e+06	1.160000e+03	1.113716e+06	1.160000e+03	1.074801e+06	1.160000e+03	1.087558e+06	1.160000e+03	1.045120e+06	1.160000e+03	1.032514e+06	1.160000e+03	1.023391e+06	1.160000e+03	1.026259e+06	1.160000e+03	1.074060e+06	1.160000e+03	9.925810e+05	1.160000e+03	1.107219e+06	1.160000e+03	1.062322e+06	1.160000e+03	1.028899e+06	1.160000e+03	1.101016e+06	1.160000e+03	1.070662e+06	1.160000e+03	1.055038e+06	1.160000e+03	1.061244e+06	1.160000e+03	1.129407e+06	1.160000e+03	1.046750e+06	1.160000e+03	1.101349e+06	1.160000e+03	1.053016e+06	1.160000e+03	1.103365e+06	1.160000e+03	1.106932e+06	1.160000e+03	1.072610e+06	1.160000e+03	1.112485e+06	1.160000e+03	1.117385e+06	1.160000e+03	1.080480e+06	1.160000e+03	1.037287e+06	1.160000e+03	1.111528e+06	1.160000e+03	1.080964e+06	1.160000e+03	1.133735e+06	1.160000e+03	1.110885e+06	1.160000e+03	1.110255e+06
1.165000e+03	1.051800e+06	1.165000e+03	1.116350e+06	1.165000e+03	1.042049e+06	1.165000e+03	1.085569e+06	1.165000e+03	1.035035e+06	1.165000e+03	1.031967e+06	1.165000e+03	1.083950e+06	1.165000e+03	1.026655e+06	1.165000e+03	1.072864e+06	1.165000e+03	1.115376e+06	1.165000e+03	1.064489e+06	1.165000e+03	1.052440e+06	1.165000e+03	1.031621e+06	1.165000e+03	1.064488e+06	1.165000e+03	1.034028e+06	1.165000e+03	1.057846e+06	1.165000e+03	1.039214e+06	1.165000e+03	1.128923e+06	1.165000e+03	1.111116e+06	1.165000e+03	1.015795e+06	1.165000e+03	1.095774e+06	1.165000e+03	1.097452e+06	1.165000e+03	1.072115e+06	1.165000e+03	1.050562e+06	1.165000e+03	1.035178e+06	1.165000e+03	1.048039e+06	1.165000e+03	9.957980e+05	1.165000e+03	1.019686e+06	1.165000e+03	1.023238e+06	1.165000e+03	1.038393e+06	1.165000e+03	1.070884e+06	1.165000e+03	1.066160e+06	1.165000e+03	1.097865e+06	1.165000e+03	1.012066e+06	1.165000e+03	1.050701e+06	1.165000e+03	1.033691e+06	1.165000e+03	1.063323e+06	1.165000e+03	1.039680e+06	1.165000e+03	1.027489e+06	1.165000e+03	1.069520e+06	1.165000e+03	1.102199e+06	1.165000e+03	1.052700e+06	1.165000e+03	1.123786e+06	1.165000e+03	1.105607e+06	1.165000e+03	1.084206e+06	1.165000e+03	1.087710e+06	1.165000e+03	1.095484e+06	1.165000e+03	1.089014e+06	1.165000e+03	1.101493e+06	1.165000e+03	1.092878e+06	1.165000e+03	1.065898e+06	1.165000e+03	1.102577e+06	1.165000e+03	1.113445e+06	1.165000e+03	1.089338e+06	1.165000e+03	1.076644e+06	1.165000e+03	1.078028e+06	1.165000e+03	1.111498e+06	1.165000e+03	1.099927e+06	1.165000e+03	1.121081e+06	1.165000e+03	1.135117e+06	1.165000e+03	1.170007e+06	1.165000e+03	1.097159e+06
1.170000e+03	1.008284e+06	1.170000e+03	1.074759e+06	1.170000e+03	1.010108e+06	1.170000e+03	1.078382e+06	1.170000e+03	1.029442e+06	1.170000e+03	1.015334e+06	1.170000e+03	1.079264e+06	1.170000e+03	1.001473e+06	1.170000e+03	1.095102e+06	1.170000e+03	1.046936e+06	1.170000e+03	1.024738e+06	1.170000e+03	1.024886e+06	1.170000e+03	1.046745e+06	1.170000e+03	1.068254e+06	1.170000e+03	1.043474e+06	1.170000e+03	1.053279e+06	1.170000e+03	9.993410e+05	1.170000e+03	1.125678e+06	1.170000e+03	1.096962e+06	1.170000e+03	1.005872e+06	1.170000e+03	1.122771e+06	1.170000e+03	1.098819e+06	1.170000e+03	1.112356e+06	1.170000e+03	1.131266e+06	1.170000e+03	1.039507e+06	1.170000e+03	1.034262e+06	1.170000e+03	1.078710e+06	1.170000e+03	1.048569e+06	1.170000e+03	1.059855e+06	1.170000e+03	1.108622e+06	1.170000e+03	1.110722e+06	1.170000e+03	1.104963e+06	1.170000e+03	1.026780e+06	1.170000e+03	1.042616e+06	1.170000e+03	1.018292e+06	1.170000e+03	1.085727e+06	1.170000e+03	1.054670e+06	1.170000e+03	1.043366e+06	1.170000e+03	1.046122e+06	1.170000e+03	1.030254e+06	1.170000e+03	1.034899e+06	1.170000e+03	1.016892e+06	1.170000e+03	1.056022e+06	1.170000e+03	1.101104e+06	1.170000e+03	1.105350e+06	1.170000e+03	1.076267e+06	1.170000e+03	1.079627e+06	1.170000e+03	1.118140e+06	1.170000e+03	1.083774e+06	1.170000e+03	1.051559e+06	1.170000e+03	1.094684e+06	1.170000e+03	1.079791e+06	1.170000e+03	1.124996e+06	1.170000e+03	1.070136e+06	1.170000e+03	1.105751e+06	1.170000e+03	1.091778e+06	1.170000e+03	1.102405e+06	1.170000e+03	1.102795e+06	1.170000e+03	1.106998e+06	1.170000e+03	1.113977e+06	1.170000e+03	1.145907e+06	1.170000e+03	1.075893e+06
1.175000e+03	1.030648e+06	1.175000e+03	1.022973e+06	1.175000e+03	1.112294e+06	1.175000e+03	1.104065e+06	1.175000e+03	1.036342e+06	1.175000e+03	1.015555e+06	1.175000e+03	1.045793e+06	1.175000e+03	1.066048e+06	1.175000e+03	1.059205e+06	1.175000e+03	1.088542e+06	1.175000e+03	9.864470e+05	1.175000e+03	1.045692e+06	1.175000e+03	1.060355e+06	1.175000e+03	1.079018e+06	1.175000e+03	1.081199e+06	1.175000e+03	1.087962e+06	1.175000e+03	1.045529e+06	1.175000e+03	1.097117e+06	1.175000e+03	1.088975e+06	1.175000e+03	1.031880e+06	1.175000e+03	1.094293e+06	1.175000e+03	1.084429e+06	1.175000e+03	1.096297e+06	1.175000e+03	1.144533e+06	1.175000e+03	1.053593e+06	1.175000e+03	1.029137e+06	1.175000e+03	1.033004e+06	1.175000e+03	1.008681e+06	1.175000e+03	1.064973e+06	1.175000e+03	1.041733e+06	1.175000e+03	1.127519e+06	1.175000e+03	1.059307e+06	1.175000e+03	1.018460e+06	1.175000e+03	1.047372e+06	1.175000e+03	1.019868e+06	1.175000e+03	1.058689e+06	1.175000e+03	1.093246e+06	1.175000e+03	1.024118e+06	1.175000e+03	1.027556e+06	1.175000e+03	1.069282e+06	1.175000e+03	1.031258e+06	1.175000e+03	1.060427e+06	1.175000e+03	1.074129e+06	1.175000e+03	1.026342e+06	1.175000e+03	1.105926e+06	1.175000e+03	1.065075e+06	1.175000e+03	1.107922e+06	1.175000e+03	1.095858e+06	1.175000e+03	1.086351e+06	1.175000e+03	1.083188e+06	1.175000e+03	1.064391e+06	1.175000e+03	1.075333e+06	1.175000e+03	1.098508e+06	1.175000e+03	1.088029e+06	1.175000e+03	1.111430e+06	1.175000e+03	1.110215e+06	1.175000e+03	1.063468e+06	1.175000e+03	1.071628e+06	1.175000e+03	1.099922e+06	1.175000e+03	1.163730e+06	1.175000e+03	1.165235e+06	1.175000e+03	1.112091e+06
1.180000e+03	1.039269e+06	1.180000e+03	1.085811e+06	1.180000e+03	1.068866e+06	1.180000e+03	1.116033e+06	1.180000e+03	1.028394e+06	1.180000e+03	1.042482e+06	1.180000e+03	1.071887e+06	1.180000e+03	1.015673e+06	1.180000e+03	1.107849e+06	1.180000e+03	1.081347e+06	1.180000e+03	1.110301e+06	1.180000e+03	1.088637e+06	1.180000e+03	1.062845e+06	1.180000e+03	1.071895e+06	1.180000e+03	1.047669e+06	1.180000e+03	1.028869e+06	1.180000e+03	1.085561e+06	1.180000e+03	1.122197e+06	1.180000e+03	1.046548e+06	1.180000e+03	1.056420e+06	1.180000e+03	1.070256e+06	1.180000e+03	1.086340e+06	1.180000e+03	1.066250e+06	1.180000e+03	1.096377e+06	1.180000e+03	9.990480e+05	1.180000e+03	1.021753e+06	1.180000e+03	1.062614e+06	1.180000e+03	1.040665e+06	1.180000e+03	1.065898e+06	1.180000e+03	1.044611e+06	1.180000e+03	1.123273e+06	1.180000e+03	1.051214e+06	1.180000e+03	1.056070e+06	1.180000e+03	1.032767e+06	1.180000e+03	1.019259e+06	1.180000e+03	1.097004e+06	1.180000e+03	1.002811e+06	1.180000e+03	9.890630e+05	1.180000e+03	1.062051e+06	1.180000e+03	1.067776e+06	1.180000e+03	1.023526e+06	1.180000e+03	1.052364e+06	1.180000e+03	1.040094e+06	1.180000e+03	1.101998e+06	1.180000e+03	1.100985e+06	1.180000e+03	1.094286e+06	1.180000e+03	1.133236e+06	1.180000e+03	1.035540e+06	1.180000e+03	1.112714e+06	1.180000e+03	1.068845e+06	1.180000e+03	1.090081e+06	1.180000e+03	1.089324e+06	1.180000e+03	1.080270e+06	1.180000e+03	1.104251e+06	1.180000e+03	1.096698e+06	1.180000e+03	1.091940e+06	1.180000e+03	1.067038e+06	1.180000e+03	1.103604e+06	1.180000e+03	1.090221e+06	1.180000e+03	1.139789e+06	1.180000e+03	1.116786e+06	1.180000e+03	1.089477e+06
1.185000e+03	1.038029e+06	1.185000e+03	1.042095e+06	1.185000e+03	1.028362e+06	1.185000e+03	1.099629e+06	1.185000e+03	1.049072e+06	1.185000e+03	1.047744e+06	1.185000e+03	1.007767e+06	1.185000e+03	1.045609e+06	1.185000e+03	1.142958e+06	1.185000e+03	1.109979e+06	1.185000e+03	1.061391e+06	1.185000e+03	1.071682e+06	1.185000e+03	9.930890e+05	1.185000e+03	1.044818e+06	1.185000e+03	1.049219e+06	1.185000e+03	1.083848e+06	1.185000e+03	1.040322e+06	1.185000e+03	1.031288e+06	1.185000e+03	1.086989e+06	1.185000e+03	1.038076e+06	1.185000e+03	1.095044e+06	1.185000e+03	1.049687e+06	1.185000e+03	1.043944e+06	1.185000e+03	1.099943e+06	1.185000e+03	1.019682e+06	1.185000e+03	1.053741e+06	1.185000e+03	1.051781e+06	1.185000e+03	1.032326e+06	1.185000e+03	1.002568e+06	1.185000e+03	1.058184e+06	1.185000e+03	1.075560e+06	1.185000e+03	1.044810e+06	1.185000e+03	1.068011e+06	1.185000e+03	1.022900e+06	1.185000e+03	1.037314e+06	1.185000e+03	1.104194e+06	1.185000e+03	1.071172e+06	1.185000e+03	1.000741e+06	1.185000e+03	1.070198e+06	1.185000e+03	1.054723e+06	1.185000e+03	1.087411e+06	1.185000e+03	1.048656e+06	1.185000e+03	1.107538e+06	1.185000e+03	1.101009e+06	1.185000e+03	1.148724e+06	1.185000e+03	1.060160e+06	1.185000e+03	1.120863e+06	1.185000e+03	1.145640e+06	1.185000e+03	1.102510e+06	1.185000e+03	1.050335e+06	1.185000e+03	1.044931e+06	1.185000e+03	1.127333e+06	1.185000e+03	1.126728e+06	1.185000e+03	1.114209e+06	1.185000e+03	1.109706e+06	1.185000e+03	1.074069e+06	1.185000e+03	1.061921e+06	1.185000e+03	1.042971e+06	1.185000e+03	1.076661e+06	1.185000e+03	1.105136e+06	1.185000e+03	1.148286e+06	1.185000e+03	1.116999e+06
1.190000e+03	1.054216e+06	1.190000e+03	9.996980e+05	1.190000e+03	1.074203e+06	1.190000e+03	1.078160e+06	1.190000e+03	1.045191e+06	1.190000e+03	1.047712e+06	1.190000e+03	1.030714e+06	1.190000e+03	1.064020e+06	1.190000e+03	1.043019e+06	1.190000e+03	1.085586e+06	1.190000e+03	1.041732e+06	1.190000e+03	1.074772e+06	1.190000e+03	1.069077e+06	1.190000e+03	1.051950e+06	1.190000e+03	1.059891e+06	1.190000e+03	1.073811e+06	1.190000e+03	1.070182e+06	1.190000e+03	1.079134e+06	1.190000e+03	1.091077e+06	1.190000e+03	1.063117e+06	1.190000e+03	1.059366e+06	1.190000e+03	1.038682e+06	1.190000e+03	1.054034e+06	1.190000e+03	1.091360e+06	1.190000e+03	1.023504e+06	1.190000e+03	1.041304e+06	1.190000e+03	1.012724e+06	1.190000e+03	1.067316e+06	1.190000e+03	9.938680e+05	1.190000e+03	1.070010e+06	1.190000e+03	1.080115e+06	1.190000e+03	1.031974e+06	1.190000e+03	1.075485e+06	1.190000e+03	1.071689e+06	1.190000e+03	1.028439e+06	1.190000e+03	1.058439e+06	1.190000e+03	1.067339e+06	1.190000e+03	1.011285e+06	1.190000e+03	1.032918e+06	1.190000e+03	1.085134e+06	1.190000e+03	1.063195e+06	1.190000e+03	1.080355e+06	1.190000e+03	1.066766e+06	1.190000e+03	1.093722e+06	1.190000e+03	1.065159e+06	1.190000e+03	1.110456e+06	1.190000e+03	1.138140e+06	1.190000e+03	1.070898e+06	1.190000e+03	1.078327e+06	1.190000e+03	1.086045e+06	1.190000e+03	1.059031e+06	1.190000e+03	1.110035e+06	1.190000e+03	1.073870e+06	1.190000e+03	1.102669e+06	1.190000e+03	1.129799e+06	1.190000e+03	1.057687e+06	1.190000e+03	1.087709e+06	1.190000e+03	1.098842e+06	1.190000e+03	1.130074e+06	1.190000e+03	1.095534e+06	1.190000e+03	1.105793e+06	1.190000e+03	1.082004e+06
1.195000e+03	1.025750e+06	1.195000e+03	1.080755e+06	1.195000e+03	1.043780e+06	1.195000e+03	1.089337e+06	1.195000e+03	1.045876e+06	1.195000e+03	1.028810e+06	1.195000e+03	1.075296e+06	1.195000e+03	1.016049e+06	1.195000e+03	1.062245e+06	1.195000e+03	1.089201e+06	1.195000e+03	1.004978e+06	1.195000e+03	1.062911e+06	1.195000e+03	1.061197e+06	1.195000e+03	1.082484e+06	1.195000e+03	1.042816e+06	1.195000e+03	1.053010e+06	1.195000e+03	1.046107e+06	1.195000e+03	1.095227e+06	1.195000e+03	1.095578e+06	1.195000e+03	1.038873e+06	1.195000e+03	1.106475e+06	1.195000e+03	1.057895e+06	1.195000e+03	1.075932e+06	1.195000e+03	1.093979e+06	1.195000e+03	1.038559e+06	1.195000e+03	1.018443e+06	1.195000e+03	1.008362e+06	1.195000e+03	1.041790e+06	1.195000e+03	1.036545e+06	1.195000e+03	1.048539e+06	1.195000e+03	1.083121e+06	1.195000e+03	1.052184e+06	1.195000e+03	1.060210e+06	1.195000e+03	1.027680e+06	1.195000e+03	1.037440e+06	1.195000e+03	1.066657e+06	1.195000e+03	1.007483e+06	1.195000e+03	1.017364e+06	1.195000e+03	1.037502e+06	1.195000e+03	1.067906e+06	1.195000e+03	1.051089e+06	1.195000e+03	1.051360e+06	1.195000e+03	1.074180e+06	1.195000e+03	1.093784e+06	1.195000e+03	1.125366e+06	1.195000e+03	1.089532e+06	1.195000e+03	1.112396e+06	1.195000e+03	1.116774e+06	1.195000e+03	1.106598e+06	1.195000e+03	1.104462e+06	1.195000e+03	1.052209e+06	1.195000e+03	1.073999e+06	1.195000e+03	1.112346e+06	1.195000e+03	1.093314e+06	1.195000e+03	1.123257e+06	1.195000e+03	1.106926e+06	1.195000e+03	1.085437e+06	1.195000e+03	1.086226e+06	1.195000e+03	1.111550e+06	1.195000e+03	1.093189e+06	1.195000e+03	1.131539e+06	1.195000e+03	1.147192e+06
1.200000e+03	1.066408e+06	1.200000e+03	1.053187e+06	1.200000e+03	1.071708e+06	1.200000e+03	1.103342e+06	1.200000e+03	1.038326e+06	1.200000e+03	1.044902e+06	1.200000e+03	1.013888e+06	1.200000e+03	1.016024e+06	1.200000e+03	1.090360e+06	1.200000e+03	1.034204e+06	1.200000e+03	1.039818e+06	1.200000e+03	1.070401e+06	1.200000e+03	1.063517e+06	1.200000e+03	1.038433e+06	1.200000e+03	1.052508e+06	1.200000e+03	1.027550e+06	1.200000e+03	1.039450e+06	1.200000e+03	1.062067e+06	1.200000e+03	1.106072e+06	1.200000e+03	1.058824e+06	1.200000e+03	1.054841e+06	1.200000e+03	1.091874e+06	1.200000e+03	1.058971e+06	1.200000e+03	1.098023e+06	1.200000e+03	1.086287e+06	1.200000e+03	1.085884e+06	1.200000e+03	1.036038e+06	1.200000e+03	1.014983e+06	1.200000e+03	1.037543e+06	1.200000e+03	1.089372e+06	1.200000e+03	1.113116e+06	1.200000e+03	1.013177e+06	1.200000e+03	1.053707e+06	1.200000e+03	1.050210e+06	1.200000e+03	1.013317e+06	1.200000e+03	1.076338e+06	1.200000e+03	1.077245e+06	1.200000e+03	9.977090e+05	1.200000e+03	1.025866e+06	1.200000e+03	1.054646e+06	1.200000e+03	1.056087e+06	1.200000e+03	1.043392e+06	1.200000e+03	1.111618e+06	1.200000e+03	1.116966e+06	1.200000e+03	1.093716e+06	1.200000e+03	1.106243e+06	1.200000e+03	1.077691e+06	1.200000e+03	1.090495e+06	1.200000e+03	1.073689e+06	1.200000e+03	1.082253e+06	1.200000e+03	1.062819e+06	1.200000e+03	1.086117e+06	1.200000e+03	1.086766e+06	1.200000e+03	1.117169e+06	1.200000e+03	1.080671e+06	1.200000e+03	1.095721e+06	1.200000e+03	1.051702e+06	1.200000e+03	1.102878e+06	1.200000e+03	1.121609e+06	1.200000e+03	1.128114e+06	1.200000e+03	1.101870e+06	1.200000e+03	1.119845e+06
1.205000e+03	1.030021e+06	1.205000e+03	1.038596e+06	1.205000e+03	1.077991e+06	1.205000e+03	1.063255e+06	1.205000e+03	1.039720e+06	1.205000e+03	1.059633e+06	1.205000e+03	1.012134e+06	1.205000e+03	1.018164e+06	1.205000e+03	1.094400e+06	1.205000e+03	1.100894e+06	1.205000e+03	1.081984e+06	1.205000e+03	1.056827e+06	1.205000e+03	1.054300e+06	1.205000e+03	1.061489e+06	1.205000e+03	1.050511e+06	1.205000e+03	1.054265e+06	1.205000e+03	1.031823e+06	1.205000e+03	1.102402e+06	1.205000e+03	1.123252e+06	1.205000e+03	1.075049e+06	1.205000e+03	1.091225e+06	1.205000e+03	1.095521e+06	1.205000e+03	1.069813e+06	1.205000e+03	1.100660e+06	1.205000e+03	1.093101e+06	1.205000e+03	1.051415e+06	1.205000e+03	1.014318e+06	1.205000e+03	1.030531e+06	1.205000e+03	1.013115e+06	1.205000e+03	1.094969e+06	1.205000e+03	1.093840e+06	1.205000e+03	1.040222e+06	1.205000e+03	1.062796e+06	1.205000e+03	1.071578e+06	1.205000e+03	1.017528e+06	1.205000e+03	1.087826e+06	1.205000e+03	1.009561e+06	1.205000e+03	1.010473e+06	1.205000e+03	1.025063e+06	1.205000e+03	1.062241e+06	1.205000e+03	1.088064e+06	1.205000e+03	1.040865e+06	1.205000e+03	1.095164e+06	1.205000e+03	1.079321e+06	1.205000e+03	1.088797e+06	1.205000e+03	1.088013e+06	1.205000e+03	1.106340e+06	1.205000e+03	1.056426e+06	1.205000e+03	1.071188e+06	1.205000e+03	1.098252e+06	1.205000e+03	1.104515e+06	1.205000e+03	1.047210e+06	1.205000e+03	1.070583e+06	1.205000e+03	1.106564e+06	1.205000e+03	1.120628e+06	1.205000e+03	1.074717e+06	1.205000e+03	1.066562e+06	1.205000e+03	1.096586e+06	1.205000e+03	1.122125e+06	1.205000e+03	1.058733e+06	1.205000e+03	1.100161e+06	1.205000e+03	1.105832e+06
1.210000e+03	1.048597e+06	1.210000e+03	9.990720e+05	1.210000e+03	1.113690e+06	1.210000e+03	1.078508e+06	1.210000e+03	1.021670e+06	1.210000e+03	1.045830e+06	1.210000e+03	1.011750e+06	1.210000e+03	1.055711e+06	1.210000e+03	1.098213e+06	1.210000e+03	1.082080e+06	1.210000e+03	1.073163e+06	1.210000e+03	1.032521e+06	1.210000e+03	1.028329e+06	1.210000e+03	1.053601e+06	1.210000e+03	1.013477e+06	1.210000e+03	1.078408e+06	1.210000e+03	1.058194e+06	1.210000e+03	1.088981e+06	1.210000e+03	1.101950e+06	1.210000e+03	1.004638e+06	1.210000e+03	1.096770e+06	1.210000e+03	1.084583e+06	1.210000e+03	1.081114e+06	1.210000e+03	1.067025e+06	1.210000e+03	1.076040e+06	1.210000e+03	1.071826e+06	1.210000e+03	1.014607e+06	1.210000e+03	1.002410e+06	1.210000e+03	1.091793e+06	1.210000e+03	1.064649e+06	1.210000e+03	1.110546e+06	1.210000e+03	1.019068e+06	1.210000e+03	1.016616e+06	1.210000e+03	1.070129e+06	1.210000e+03	1.037088e+06	1.210000e+03	1.051831e+06	1.210000e+03	1.014464e+06	1.210000e+03	1.029308e+06	1.210000e+03	1.007146e+06	1.210000e+03	1.043566e+06	1.210000e+03	1.014748e+06	1.210000e+03	1.021947e+06	1.210000e+03	1.126044e+06	1.210000e+03	1.088329e+06	1.210000e+03	1.156193e+06	1.210000e+03	1.055455e+06	1.210000e+03	1.150958e+06	1.210000e+03	1.108192e+06	1.210000e+03	1.107286e+06	1.210000e+03	1.076889e+06	1.210000e+03	1.096538e+06	1.210000e+03	1.041650e+06	1.210000e+03	1.102902e+06	1.210000e+03	1.070664e+06	1.210000e+03	1.130851e+06	1.210000e+03	1.112976e+06	1.210000e+03	1.070355e+06	1.210000e+03	1.085394e+06	1.210000e+03	1.115089e+06	1.210000e+03	1.152929e+06	1.210000e+03	1.118516e+06	1.210000e+03	1.069526e+06
1.215000e+03	1.030259e+06	1.215000e+03	1.046546e+06	1.215000e+03	1.086738e+06	1.215000e+03	1.101173e+06	1.215000e+03	1.044894e+06	1.215000e+03	1.037523e+06	1.215000e+03	1.016988e+06	1.215000e+03	1.057746e+06	1.215000e+03	1.067038e+06	1.215000e+03	1.037234e+06	1.215000e+03	1.052087e+06	1.215000e+03	1.053157e+06	1.215000e+03	1.021020e+06	1.215000e+03	1.019355e+06	1.215000e+03	1.038840e+06	1.215000e+03	1.049194e+06	1.215000e+03	1.016941e+06	1.215000e+03	1.098853e+06	1.215000e+03	1.109742e+06	1.215000e+03	1.028495e+06	1.215000e+03	1.068325e+06	1.215000e+03	1.078486e+06	1.215000e+03	1.041273e+06	1.215000e+03	1.086503e+06	1.215000e+03	1.044955e+06	1.215000e+03	1.045390e+06	1.215000e+03	1.045666e+06	1.215000e+03	1.025521e+06	1.215000e+03	1.004037e+06	1.215000e+03	9.951310e+05	1.215000e+03	1.100798e+06	1.215000e+03	1.037958e+06	1.215000e+03	1.097671e+06	1.215000e+03	1.068654e+06	1.215000e+03	1.021389e+06	1.215000e+03	9.919970e+05	1.215000e+03	1.077360e+06	1.215000e+03	1.025740e+06	1.215000e+03	1.048323e+06	1.215000e+03	1.085053e+06	1.215000e+03	1.082624e+06	1.215000e+03	1.069257e+06	1.215000e+03	1.109882e+06	1.215000e+03	1.044459e+06	1.215000e+03	1.098584e+06	1.215000e+03	1.080670e+06	1.215000e+03	1.114739e+06	1.215000e+03	1.104788e+06	1.215000e+03	1.105732e+06	1.215000e+03	1.061082e+06	1.215000e+03	1.074637e+06	1.215000e+03	1.094252e+06	1.215000e+03	1.059225e+06	1.215000e+03	1.118779e+06	1.215000e+03	1.111207e+06	1.215000e+03	1.091876e+06	1.215000e+03	1.101851e+06	1.215000e+03	1.102728e+06	1.215000e+03	1.080872e+06	1.215000e+03	1.068656e+06	1.215000e+03	1.098582e+06	1.215000e+03	1.090878e+06
1.220000e+03	9.772910e+05	1.220000e+03	1.065425e+06	1.220000e+03	1.028341e+06	1.220000e+03	1.079224e+06	1.220000e+03	1.065062e+06	1.220000e+03	1.007828e+06	1.220000e+03	1.002779e+06	1.220000e+03	1.055264e+06	1.220000e+03	1.099517e+06	1.220000e+03	1.127911e+06	1.220000e+03	1.047874e+06	1.220000e+03	1.067006e+06	1.220000e+03	1.066548e+06	1.220000e+03	1.071416e+06	1.220000e+03	1.056442e+06	1.220000e+03	1.046917e+06	1.220000e+03	1.079567e+06	1.220000e+03	1.119769e+06	1.220000e+03	1.093948e+06	1.220000e+03	1.016146e+06	1.220000e+03	1.064474e+06	1.220000e+03	1.070537e+06	1.220000e+03	1.070631e+06	1.220000e+03	1.103645e+06	1.220000e+03	1.044500e+06	1.220000e+03	1.040868e+06	1.220000e+03	1.021340e+06	1.220000e+03	1.001534e+06	1.220000e+03	1.034144e+06	1.220000e+03	1.052920e+06	1.220000e+03	1.112190e+06	1.220000e+03	1.051453e+06	1.220000e+03	1.068489e+06	1.220000e+03	1.072225e+06	1.220000e+03	1.007999e+06	1.220000e+03	1.101605e+06	1.220000e+03	1.041715e+06	1.220000e+03	9.990790e+05	1.220000e+03	9.803360e+05	1.220000e+03	1.039867e+06	1.220000e+03	1.111873e+06	1.220000e+03	1.046663e+06	1.220000e+03	1.099793e+06	1.220000e+03	1.134505e+06	1.220000e+03	1.090770e+06	1.220000e+03	1.066819e+06	1.220000e+03	1.062993e+06	1.220000e+03	1.098931e+06	1.220000e+03	1.095984e+06	1.220000e+03	1.094319e+06	1.220000e+03	1.090453e+06	1.220000e+03	1.095457e+06	1.220000e+03	1.122757e+06	1.220000e+03	1.086413e+06	1.220000e+03	1.116770e+06	1.220000e+03	1.110625e+06	1.220000e+03	1.077305e+06	1.220000e+03	1.067301e+06	1.220000e+03	1.069977e+06	1.220000e+03	1.119813e+06	1.220000e+03	1.148842e+06	1.220000e+03	1.105740e+06
1.225000e+03	1.010729e+06	1.225000e+03	1.104455e+06	1.225000e+03	1.074452e+06	1.225000e+03	1.075419e+06	1.225000e+03	1.051581e+06	1.225000e+03	1.042965e+06	1.225000e+03	1.015311e+06	1.225000e+03	1.070139e+06	1.225000e+03	1.113119e+06	1.225000e+03	1.119497e+06	1.225000e+03	1.042258e+06	1.225000e+03	1.055462e+06	1.225000e+03	1.068742e+06	1.225000e+03	1.026185e+06	1.225000e+03	1.014031e+06	1.225000e+03	1.090833e+06	1.225000e+03	1.069127e+06	1.225000e+03	1.091414e+06	1.225000e+03	1.056431e+06	1.225000e+03	1.100152e+06	1.225000e+03	1.104005e+06	1.225000e+03	1.067433e+06	1.225000e+03	1.050893e+06	1.225000e+03	1.052475e+06	1.225000e+03	1.038663e+06	1.225000e+03	1.026007e+06	1.225000e+03	1.007480e+06	1.225000e+03	9.998740e+05	1.225000e+03	1.037891e+06	1.225000e+03	1.053020e+06	1.225000e+03	1.110928e+06	1.225000e+03	1.041794e+06	1.225000e+03	1.058631e+06	1.225000e+03	1.069978e+06	1.225000e+03	1.011358e+06	1.225000e+03	1.073032e+06	1.225000e+03	1.018513e+06	1.225000e+03	9.921250e+05	1.225000e+03	1.066525e+06	1.225000e+03	1.080629e+06	1.225000e+03	1.046344e+06	1.225000e+03	1.024018e+06	1.225000e+03	1.095629e+06	1.225000e+03	1.114611e+06	1.225000e+03	1.078006e+06	1.225000e+03	1.083013e+06	1.225000e+03	1.093415e+06	1.225000e+03	1.079824e+06	1.225000e+03	1.090994e+06	1.225000e+03	1.072548e+06	1.225000e+03	1.071287e+06	1.225000e+03	1.070787e+06	1.225000e+03	1.077798e+06	1.225000e+03	1.102982e+06	1.225000e+03	1.109325e+06	1.225000e+03	1.082241e+06	1.225000e+03	1.125148e+06	1.225000e+03	1.097329e+06	1.225000e+03	1.079475e+06	1.225000e+03	1.058268e+06	1.225000e+03	1.135264e+06	1.225000e+03	1.131181e+06
1.230000e+03	1.014879e+06	1.230000e+03	1.008442e+06	1.230000e+03	1.046784e+06	1.230000e+03	1.042035e+06	1.230000e+03	1.030006e+06	1.230000e+03	1.056384e+06	1.230000e+03	1.019422e+06	1.230000e+03	1.022359e+06	1.230000e+03	1.145022e+06	1.230000e+03	1.077422e+06	1.230000e+03	1.050504e+06	1.230000e+03	1.066433e+06	1.230000e+03	1.063878e+06	1.230000e+03	1.033914e+06	1.230000e+03	1.066001e+06	1.230000e+03	1.061172e+06	1.230000e+03	1.055591e+06	1.230000e+03	1.133969e+06	1.230000e+03	1.084263e+06	1.230000e+03	1.049295e+06	1.230000e+03	1.074376e+06	1.230000e+03	1.077220e+06	1.230000e+03	1.070969e+06	1.230000e+03	1.099023e+06	1.230000e+03	1.019990e+06	1.230000e+03	1.031083e+06	1.230000e+03	1.050357e+06	1.230000e+03	1.018347e+06	1.230000e+03	1.004813e+06	1.230000e+03	1.037366e+06	1.230000e+03	1.095800e+06	1.230000e+03	1.066522e+06	1.230000e+03	1.058005e+06	1.230000e+03	1.028375e+06	1.230000e+03	1.066303e+06	1.230000e+03	1.038999e+06	1.230000e+03	1.064421e+06	1.230000e+03	1.016261e+06	1.230000e+03	1.033369e+06	1.230000e+03	1.059835e+06	1.230000e+03	1.040596e+06	1.230000e+03	1.058817e+06	1.230000e+03	1.062377e+06	1.230000e+03	1.123927e+06	1.230000e+03	1.122832e+06	1.230000e+03	1.068920e+06	1.230000e+03	1.088666e+06	1.230000e+03	1.092004e+06	1.230000e+03	1.121909e+06	1.230000e+03	1.095928e+06	1.230000e+03	1.055169e+06	1.230000e+03	1.089033e+06	1.230000e+03	1.087505e+06	1.230000e+03	1.100825e+06	1.230000e+03	1.108260e+06	1.230000e+03	1.117789e+06	1.230000e+03	1.031344e+06	1.230000e+03	1.078699e+06	1.230000e+03	1.106241e+06	1.230000e+03	1.121675e+06	1.230000e+03	1.102876e+06	1.230000e+03	1.106742e+06
1.235000e+03	1.048170e+06	1.235000e+03	1.016728e+06	1.235000e+03	1.062025e+06	1.235000e+03	1.075512e+06	1.235000e+03	1.059417e+06	1.235000e+03	1.045971e+06	1.235000e+03	1.037871e+06	1.235000e+03	1.061409e+06	1.235000e+03	1.085863e+06	1.235000e+03	1.069642e+06	1.235000e+03	1.094751e+06	1.235000e+03	1.077576e+06	1.235000e+03	1.098372e+06	1.235000e+03	1.028463e+06	1.235000e+03	1.036339e+06	1.235000e+03	1.095831e+06	1.235000e+03	1.039935e+06	1.235000e+03	1.026482e+06	1.235000e+03	1.104260e+06	1.235000e+03	1.036424e+06	1.235000e+03	1.072515e+06	1.235000e+03	1.087460e+06	1.235000e+03	1.022693e+06	1.235000e+03	1.006342e+06	1.235000e+03	1.051247e+06	1.235000e+03	1.071678e+06	1.235000e+03	1.072691e+06	1.235000e+03	9.959910e+05	1.235000e+03	1.026233e+06	1.235000e+03	1.045554e+06	1.235000e+03	1.088337e+06	1.235000e+03	1.058446e+06	1.235000e+03	1.065326e+06	1.235000e+03	1.057244e+06	1.235000e+03	1.014677e+06	1.235000e+03	1.075466e+06	1.235000e+03	1.017335e+06	1.235000e+03	1.045135e+06	1.235000e+03	1.059550e+06	1.235000e+03	1.055866e+06	1.235000e+03	1.089775e+06	1.235000e+03	1.069689e+06	1.235000e+03	1.060044e+06	1.235000e+03	1.139237e+06	1.235000e+03	1.112220e+06	1.235000e+03	1.087167e+06	1.235000e+03	1.142198e+06	1.235000e+03	1.096109e+06	1.235000e+03	1.071647e+06	1.235000e+03	1.087685e+06	1.235000e+03	1.074133e+06	1.235000e+03	1.064981e+06	1.235000e+03	1.116040e+06	1.235000e+03	1.111674e+06	1.235000e+03	1.130467e+06	1.235000e+03	1.103266e+06	1.235000e+03	1.071619e+06	1.235000e+03	1.101950e+06	1.235000e+03	1.072253e+06	1.235000e+03	1.110569e+06	1.235000e+03	1.131821e+06	1.235000e+03	1.118534e+06
1.240000e+03	1.048265e+06	1.240000e+03	1.037820e+06	1.240000e+03	1.041625e+06	1.240000e+03	1.128149e+06	1.240000e+03	1.037560e+06	1.240000e+03	1.044132e+06	1.240000e+03	1.043818e+06	1.240000e+03	1.005336e+06	1.240000e+03	1.074668e+06	1.240000e+03	1.031653e+06	1.240000e+03	1.026034e+06	1.240000e+03	1.039563e+06	1.240000e+03	9.914260e+05	1.240000e+03	1.062071e+06	1.240000e+03	1.061659e+06	1.240000e+03	1.059532e+06	1.240000e+03	1.040814e+06	1.240000e+03	1.098592e+06	1.240000e+03	1.115923e+06	1.240000e+03	1.023443e+06	1.240000e+03	1.053923e+06	1.240000e+03	1.082990e+06	1.240000e+03	1.069717e+06	1.240000e+03	1.056718e+06	1.240000e+03	1.032427e+06	1.240000e+03	1.050688e+06	1.240000e+03	1.015160e+06	1.240000e+03	1.055952e+06	1.240000e+03	1.012587e+06	1.240000e+03	1.032646e+06	1.240000e+03	1.103082e+06	1.240000e+03	1.083379e+06	1.240000e+03	1.052176e+06	1.240000e+03	1.012642e+06	1.240000e+03	1.016013e+06	1.240000e+03	1.048234e+06	1.240000e+03	1.076288e+06	1.240000e+03	1.042681e+06	1.240000e+03	1.014104e+06	1.240000e+03	1.038263e+06	1.240000e+03	1.068827e+06	1.240000e+03	1.048801e+06	1.240000e+03	1.122645e+06	1.240000e+03	1.113987e+06	1.240000e+03	1.114311e+06	1.240000e+03	1.067191e+06	1.240000e+03	1.069854e+06	1.240000e+03	1.104707e+06	1.240000e+03	1.099902e+06	1.240000e+03	1.029681e+06	1.240000e+03	1.109190e+06	1.240000e+03	1.073880e+06	1.240000e+03	1.119548e+06	1.240000e+03	1.122912e+06	1.240000e+03	1.125408e+06	1.240000e+03	1.101470e+06	1.240000e+03	1.062832e+06	1.240000e+03	1.086043e+06	1.240000e+03	1.122166e+06	1.240000e+03	1.083952e+06	1.240000e+03	1.162915e+06	1.240000e+03	1.063593e+06
1.245000e+03	1.006941e+06	1.245000e+03	1.022545e+06	1.245000e+03	1.052742e+06	1.245000e+03	1.088830e+06	1.245000e+03	1.090695e+06	1.245000e+03	1.006458e+06	1.245000e+03	1.027087e+06	1.245000e+03	1.038112e+06	1.245000e+03	1.061545e+06	1.245000e+03	1.090956e+06	1.245000e+03	1.029276e+06	1.245000e+03	1.098393e+06	1.245000e+03	1.051495e+06	1.245000e+03	1.027271e+06	1.245000e+03	1.026246e+06	1.245000e+03	1.034073e+06	1.245000e+03	1.038045e+06	1.245000e+03	1.112932e+06	1.245000e+03	1.094657e+06	1.245000e+03	1.096255e+06	1.245000e+03	1.101192e+06	1.245000e+03	1.077856e+06	1.245000e+03	1.108609e+06	1.245000e+03	1.065738e+06	1.245000e+03	1.073820e+06	1.245000e+03	1.043178e+06	1.245000e+03	1.056920e+06	1.245000e+03	1.035566e+06	1.245000e+03	1.043604e+06	1.245000e+03	1.012351e+06	1.245000e+03	1.050887e+06	1.245000e+03	1.057301e+06	1.245000e+03	1.070356e+06	1.245000e+03	1.039605e+06	1.245000e+03	1.016106e+06	1.245000e+03	1.046493e+06	1.245000e+03	1.077388e+06	1.245000e+03	1.020931e+06	1.245000e+03	9.885820e+05	1.245000e+03	1.056936e+06	1.245000e+03	1.100438e+06	1.245000e+03	1.057360e+06	1.245000e+03	1.075532e+06	1.245000e+03	1.090522e+06	1.245000e+03	1.131558e+06	1.245000e+03	1.085198e+06	1.245000e+03	1.072379e+06	1.245000e+03	1.069353e+06	1.245000e+03	1.139282e+06	1.245000e+03	1.085404e+06	1.245000e+03	1.060470e+06	1.245000e+03	1.085082e+06	1.245000e+03	1.072654e+06	1.245000e+03	1.092956e+06	1.245000e+03	1.107930e+06	1.245000e+03	1.117519e+06	1.245000e+03	1.110867e+06	1.245000e+03	1.075833e+06	1.245000e+03	1.068442e+06	1.245000e+03	1.141088e+06	1.245000e+03	1.134763e+06	1.245000e+03	1.082680e+06
1.250000e+03	1.032505e+06	1.250000e+03	1.069439e+06	1.250000e+03	1.052568e+06	1.250000e+03	1.096421e+06	1.250000e+03	1.055219e+06	1.250000e+03	1.059710e+06	1.250000e+03	1.046107e+06	1.250000e+03	1.047202e+06	1.250000e+03	1.086607e+06	1.250000e+03	1.082275e+06	1.250000e+03	1.021587e+06	1.250000e+03	1.060623e+06	1.250000e+03	1.014561e+06	1.250000e+03	1.015458e+06	1.250000e+03	1.050926e+06	1.250000e+03	1.060770e+06	1.250000e+03	1.038157e+06	1.250000e+03	1.114120e+06	1.250000e+03	1.096299e+06	1.250000e+03	1.060667e+06	1.250000e+03	1.087785e+06	1.250000e+03	1.090979e+06	1.250000e+03	1.057876e+06	1.250000e+03	1.072643e+06	1.250000e+03	1.046041e+06	1.250000e+03	1.043911e+06	1.250000e+03	1.043749e+06	1.250000e+03	1.033166e+06	1.250000e+03	1.048827e+06	1.250000e+03	1.007795e+06	1.250000e+03	1.093975e+06	1.250000e+03	1.082776e+06	1.250000e+03	1.044406e+06	1.250000e+03	1.037850e+06	1.250000e+03	1.004490e+06	1.250000e+03	1.090835e+06	1.250000e+03	1.004288e+06	1.250000e+03	1.022417e+06	1.250000e+03	1.016316e+06	1.250000e+03	1.070060e+06	1.250000e+03	1.049444e+06	1.250000e+03	1.024322e+06	1.250000e+03	1.123581e+06	1.250000e+03	1.064734e+06	1.250000e+03	1.143096e+06	1.250000e+03	1.109611e+06	1.250000e+03	1.138642e+06	1.250000e+03	1.122673e+06	1.250000e+03	1.103767e+06	1.250000e+03	1.128999e+06	1.250000e+03	1.082417e+06	1.250000e+03	1.079521e+06	1.250000e+03	1.127793e+06	1.250000e+03	1.083752e+06	1.250000e+03	1.129659e+06	1.250000e+03	1.111274e+06	1.250000e+03	1.043672e+06	1.250000e+03	1.113549e+06	1.250000e+03	1.102644e+06	1.250000e+03	1.128679e+06	1.250000e+03	1.132426e+06	1.250000e+03	1.146129e+06
1.255000e+03	1.031890e+06	1.255000e+03	9.982430e+05	1.255000e+03	1.044680e+06	1.255000e+03	1.091386e+06	1.255000e+03	1.040453e+06	1.255000e+03	1.013198e+06	1.255000e+03	1.045343e+06	1.255000e+03	1.045754e+06	1.255000e+03	1.118252e+06	1.255000e+03	1.079877e+06	1.255000e+03	1.075571e+06	1.255000e+03	1.074613e+06	1.255000e+03	1.091593e+06	1.255000e+03	1.030888e+06	1.255000e+03	1.018861e+06	1.255000e+03	1.072169e+06	1.255000e+03	1.057281e+06	1.255000e+03	1.098951e+06	1.255000e+03	1.065903e+06	1.255000e+03	1.047082e+06	1.255000e+03	1.063955e+06	1.255000e+03	1.083771e+06	1.255000e+03	1.023887e+06	1.255000e+03	1.087801e+06	1.255000e+03	1.019739e+06	1.255000e+03	1.053612e+06	1.255000e+03	1.005117e+06	1.255000e+03	1.055760e+06	1.255000e+03	9.999710e+05	1.255000e+03	1.060174e+06	1.255000e+03	1.050451e+06	1.255000e+03	1.049285e+06	1.255000e+03	1.062188e+06	1.255000e+03	1.061350e+06	1.255000e+03	1.026420e+06	1.255000e+03	1.055486e+06	1.255000e+03	1.086713e+06	1.255000e+03	1.004311e+06	1.255000e+03	1.030081e+06	1.255000e+03	1.086021e+06	1.255000e+03	1.083361e+06	1.255000e+03	1.025077e+06	1.255000e+03	1.127538e+06	1.255000e+03	1.122833e+06	1.255000e+03	1.058233e+06	1.255000e+03	1.086115e+06	1.255000e+03	1.082465e+06	1.255000e+03	1.070112e+06	1.255000e+03	1.128004e+06	1.255000e+03	1.094502e+06	1.255000e+03	1.036764e+06	1.255000e+03	1.099698e+06	1.255000e+03	1.107982e+06	1.255000e+03	1.112187e+06	1.255000e+03	1.098360e+06	1.255000e+03	1.106863e+06	1.255000e+03	1.090370e+06	1.255000e+03	1.045144e+06	1.255000e+03	1.109348e+06	1.255000e+03	1.089408e+06	1.255000e+03	1.085564e+06	1.255000e+03	1.101553e+06
1.260000e+03	1.021091e+06	1.260000e+03	1.075776e+06	1.260000e+03	1.088088e+06	1.260000e+03	1.070153e+06	1.260000e+03	1.051140e+06	1.260000e+03	1.013900e+06	1.260000e+03	1.076661e+06	1.260000e+03	1.000941e+06	1.260000e+03	1.048980e+06	1.260000e+03	1.016315e+06	1.260000e+03	1.058588e+06	1.260000e+03	1.048757e+06	1.260000e+03	1.002011e+06	1.260000e+03	1.067437e+06	1.260000e+03	1.028492e+06	1.260000e+03	1.072147e+06	1.260000e+03	1.022659e+06	1.260000e+03	1.106860e+06	1.260000e+03	1.087632e+06	1.260000e+03	1.047518e+06	1.260000e+03	1.073323e+06	1.260000e+03	1.111545e+06	1.260000e+03	1.090181e+06	1.260000e+03	1.095613e+06	1.260000e+03	1.018775e+06	1.260000e+03	1.050949e+06	1.260000e+03	1.054608e+06	1.260000e+03	1.051446e+06	1.260000e+03	1.044642e+06	1.260000e+03	1.078657e+06	1.260000e+03	1.076121e+06	1.260000e+03	1.071007e+06	1.260000e+03	1.024028e+06	1.260000e+03	1.060600e+06	1.260000e+03	1.005233e+06	1.260000e+03	1.066954e+06	1.260000e+03	1.060774e+06	1.260000e+03	1.013246e+06	1.260000e+03	1.012672e+06	1.260000e+03	1.101439e+06	1.260000e+03	1.077417e+06	1.260000e+03	1.063699e+06	1.260000e+03	1.105017e+06	1.260000e+03	1.077445e+06	1.260000e+03	1.079971e+06	1.260000e+03	1.044341e+06	1.260000e+03	1.128626e+06	1.260000e+03	1.104025e+06	1.260000e+03	1.123067e+06	1.260000e+03	1.067321e+06	1.260000e+03	1.082376e+06	1.260000e+03	1.081465e+06	1.260000e+03	1.102317e+06	1.260000e+03	1.084843e+06	1.260000e+03	1.115674e+06	1.260000e+03	1.081073e+06	1.260000e+03	1.068965e+06	1.260000e+03	1.093774e+06	1.260000e+03	1.113014e+06	1.260000e+03	1.119080e+06	1.260000e+03	1.116862e+06	1.260000e+03	1.114517e+06
1.265000e+03	1.024588e+06	1.265000e+03	1.063023e+06	1.265000e+03	1.055857e+06	1.265000e+03	1.037883e+06	1.265000e+03	1.005209e+06	1.265000e+03	1.047069e+06	1.265000e+03	1.022144e+06	1.265000e+03	1.032697e+06	1.265000e+03	1.101663e+06	1.265000e+03	1.099315e+06	1.265000e+03	1.028260e+06	1.265000e+03	1.061459e+06	1.265000e+03	9.847640e+05	1.265000e+03	1.037680e+06	1.265000e+03	1.054313e+06	1.265000e+03	1.097817e+06	1.265000e+03	1.037182e+06	1.265000e+03	1.079692e+06	1.265000e+03	1.113923e+06	1.265000e+03	1.061654e+06	1.265000e+03	1.090118e+06	1.265000e+03	1.118165e+06	1.265000e+03	1.090464e+06	1.265000e+03	1.065236e+06	1.265000e+03	1.019357e+06	1.265000e+03	1.063195e+06	1.265000e+03	1.013023e+06	1.265000e+03	1.002386e+06	1.265000e+03	1.014648e+06	1.265000e+03	1.002520e+06	1.265000e+03	1.092200e+06	1.265000e+03	1.061898e+06	1.265000e+03	1.084920e+06	1.265000e+03	1.047529e+06	1.265000e+03	1.010341e+06	1.265000e+03	1.090774e+06	1.265000e+03	1.050341e+06	1.265000e+03	1.032502e+06	1.265000e+03	1.001267e+06	1.265000e+03	1.073831e+06	1.265000e+03	1.065183e+06	1.265000e+03	1.038892e+06	1.265000e+03	1.036724e+06	1.265000e+03	1.140448e+06	1.265000e+03	1.042819e+06	1.265000e+03	1.103473e+06	1.265000e+03	1.085743e+06	1.265000e+03	1.039541e+06	1.265000e+03	1.121787e+06	1.265000e+03	1.109512e+06	1.265000e+03	1.045524e+06	1.265000e+03	1.072995e+06	1.265000e+03	1.061697e+06	1.265000e+03	1.077505e+06	1.265000e+03	1.067380e+06	1.265000e+03	1.110600e+06	1.265000e+03	1.068934e+06	1.265000e+03	1.090540e+06	1.265000e+03	1.092722e+06	1.265000e+03	1.114924e+06	1.265000e+03	1.135438e+06	1.265000e+03	1.125868e+06
1.270000e+03	1.046211e+06	1.270000e+03	1.030583e+06	1.270000e+03	1.063095e+06	1.270000e+03	1.068616e+06	1.270000e+03	1.037963e+06	1.270000e+03	1.033612e+06	1.270000e+03	1.018359e+06	1.270000e+03	1.068146e+06	1.270000e+03	1.044006e+06	1.270000e+03	1.039323e+06	1.270000e+03	1.037153e+06	1.270000e+03	1.038171e+06	1.270000e+03	1.044173e+06	1.270000e+03	1.057775e+06	1.270000e+03	1.056334e+06	1.270000e+03	1.078205e+06	1.270000e+03	1.055054e+06	1.270000e+03	1.110601e+06	1.270000e+03	1.079811e+06	1.270000e+03	1.044867e+06	1.270000e+03	1.082125e+06	1.270000e+03	1.069618e+06	1.270000e+03	1.106523e+06	1.270000e+03	1.065673e+06	1.270000e+03	1.046225e+06	1.270000e+03	1.070910e+06	1.270000e+03	9.941430e+05	1.270000e+03	1.047613e+06	1.270000e+03	1.004521e+06	1.270000e+03	1.035982e+06	1.270000e+03	1.083474e+06	1.270000e+03	1.079720e+06	1.270000e+03	1.077491e+06	1.270000e+03	1.022415e+06	1.270000e+03	1.024045e+06	1.270000e+03	1.094939e+06	1.270000e+03	1.051726e+06	1.270000e+03	1.042969e+06	1.270000e+03	9.974750e+05	1.270000e+03	1.084649e+06	1.270000e+03	1.058327e+06	1.270000e+03	1.070734e+06	1.270000e+03	1.135547e+06	1.270000e+03	1.126831e+06	1.270000e+03	1.120365e+06	1.270000e+03	1.071868e+06	1.270000e+03	1.127999e+06	1.270000e+03	1.107534e+06	1.270000e+03	1.089702e+06	1.270000e+03	1.044634e+06	1.270000e+03	1.060817e+06	1.270000e+03	1.078942e+06	1.270000e+03	1.106467e+06	1.270000e+03	1.109695e+06	1.270000e+03	1.133718e+06	1.270000e+03	1.090304e+06	1.270000e+03	1.048685e+06	1.270000e+03	1.115611e+06	1.270000e+03	1.085521e+06	1.270000e+03	1.039928e+06	1.270000e+03	1.144147e+06	1.270000e+03	1.084616e+06
1.275000e+03	9.935400e+05	1.275000e+03	1.035198e+06	1.275000e+03	1.076804e+06	1.275000e+03	1.085252e+06	1.275000e+03	1.050651e+06	1.275000e+03	1.046921e+06	1.275000e+03	1.026170e+06	1.275000e+03	1.084428e+06	1.275000e+03	1.054499e+06	1.275000e+03	1.113992e+06	1.275000e+03	9.989600e+05	1.275000e+03	1.042383e+06	1.275000e+03	1.085572e+06	1.275000e+03	1.032656e+06	1.275000e+03	1.043586e+06	1.275000e+03	1.076365e+06	1.275000e+03	1.042236e+06	1.275000e+03	1.113304e+06	1.275000e+03	1.099969e+06	1.275000e+03	1.023022e+06	1.275000e+03	1.087587e+06	1.275000e+03	1.116160e+06	1.275000e+03	1.035729e+06	1.275000e+03	1.102304e+06	1.275000e+03	1.043502e+06	1.275000e+03	1.062002e+06	1.275000e+03	1.018517e+06	1.275000e+03	9.922830e+05	1.275000e+03	1.071225e+06	1.275000e+03	1.060775e+06	1.275000e+03	1.094555e+06	1.275000e+03	1.071119e+06	1.275000e+03	1.032900e+06	1.275000e+03	1.027918e+06	1.275000e+03	1.028813e+06	1.275000e+03	1.093929e+06	1.275000e+03	1.038233e+06	1.275000e+03	1.036984e+06	1.275000e+03	1.062367e+06	1.275000e+03	1.052200e+06	1.275000e+03	1.050997e+06	1.275000e+03	1.022577e+06	1.275000e+03	1.094765e+06	1.275000e+03	1.114883e+06	1.275000e+03	1.068914e+06	1.275000e+03	1.099012e+06	1.275000e+03	1.095352e+06	1.275000e+03	1.106430e+06	1.275000e+03	1.072527e+06	1.275000e+03	1.068482e+06	1.275000e+03	1.112556e+06	1.275000e+03	1.085105e+06	1.275000e+03	1.098208e+06	1.275000e+03	1.100304e+06	1.275000e+03	1.078023e+06	1.275000e+03	1.140770e+06	1.275000e+03	1.047065e+06	1.275000e+03	1.106274e+06	1.275000e+03	1.097854e+06	1.275000e+03	1.069561e+06	1.275000e+03	1.109300e+06	1.275000e+03	1.094596e+06
1.280000e+03	9.980060e+05	1.280000e+03	1.068513e+06	1.280000e+03	1.057111e+06	1.280000e+03	1.078464e+06	1.280000e+03	1.064858e+06	1.280000e+03	1.020599e+06	1.280000e+03	1.007153e+06	1.280000e+03	1.033913e+06	1.280000e+03	1.091734e+06	1.280000e+03	1.143506e+06	1.280000e+03	1.043479e+06	1.280000e+03	1.046911e+06	1.280000e+03	1.063065e+06	1.280000e+03	1.078744e+06	1.280000e+03	1.036440e+06	1.280000e+03	1.081748e+06	1.280000e+03	1.043366e+06	1.280000e+03	1.123222e+06	1.280000e+03	1.053919e+06	1.280000e+03	1.067774e+06	1.280000e+03	1.107723e+06	1.280000e+03	1.095944e+06	1.280000e+03	1.030933e+06	1.280000e+03	1.085507e+06	1.280000e+03	1.040284e+06	1.280000e+03	1.019445e+06	1.280000e+03	1.021982e+06	1.280000e+03	1.027137e+06	1.280000e+03	1.038377e+06	1.280000e+03	1.048608e+06	1.280000e+03	1.089449e+06	1.280000e+03	1.057180e+06	1.280000e+03	1.050880e+06	1.280000e+03	1.035840e+06	1.280000e+03	1.067178e+06	1.280000e+03	1.059198e+06	1.280000e+03	1.037606e+06	1.280000e+03	1.031872e+06	1.280000e+03	1.000683e+06	1.280000e+03	1.039971e+06	1.280000e+03	1.046265e+06	1.280000e+03	1.089343e+06	1.280000e+03	1.096306e+06	1.280000e+03	1.115495e+06	1.280000e+03	1.093942e+06	1.280000e+03	1.105604e+06	1.280000e+03	1.145727e+06	1.280000e+03	1.109358e+06	1.280000e+03	1.103798e+06	1.280000e+03	1.076951e+06	1.280000e+03	1.078110e+06	1.280000e+03	1.093981e+06	1.280000e+03	1.085084e+06	1.280000e+03	1.128329e+06	1.280000e+03	1.119826e+06	1.280000e+03	1.095095e+06	1.280000e+03	1.071982e+06	1.280000e+03	1.046064e+06	1.280000e+03	1.097120e+06	1.280000e+03	1.130548e+06	1.280000e+03	1.128864e+06	1.280000e+03	1.125380e+06
1.285000e+03	1.014628e+06	1.285000e+03	1.033080e+06	1.285000e+03	1.080747e+06	1.285000e+03	1.124885e+06	1.285000e+03	9.845400e+05	1.285000e+03	1.069988e+06	1.285000e+03	1.022553e+06	1.285000e+03	1.027857e+06	1.285000e+03	1.101535e+06	1.285000e+03	1.083964e+06	1.285000e+03	1.028314e+06	1.285000e+03	1.107818e+06	1.285000e+03	1.078336e+06	1.285000e+03	1.064035e+06	1.285000e+03	1.088278e+06	1.285000e+03	1.055467e+06	1.285000e+03	1.044438e+06	1.285000e+03	1.071529e+06	1.285000e+03	1.045429e+06	1.285000e+03	1.046989e+06	1.285000e+03	1.045980e+06	1.285000e+03	1.076339e+06	1.285000e+03	1.107903e+06	1.285000e+03	1.086921e+06	1.285000e+03	1.056786e+06	1.285000e+03	1.010642e+06	1.285000e+03	1.017502e+06	1.285000e+03	1.016036e+06	1.285000e+03	1.055024e+06	1.285000e+03	1.034652e+06	1.285000e+03	1.099543e+06	1.285000e+03	1.015710e+06	1.285000e+03	1.034372e+06	1.285000e+03	1.050288e+06	1.285000e+03	1.035390e+06	1.285000e+03	1.093222e+06	1.285000e+03	1.015022e+06	1.285000e+03	1.046266e+06	1.285000e+03	9.755210e+05	1.285000e+03	1.070041e+06	1.285000e+03	1.051735e+06	1.285000e+03	1.105541e+06	1.285000e+03	1.083319e+06	1.285000e+03	1.106764e+06	1.285000e+03	1.149486e+06	1.285000e+03	1.081507e+06	1.285000e+03	1.091208e+06	1.285000e+03	1.134373e+06	1.285000e+03	1.086780e+06	1.285000e+03	1.109806e+06	1.285000e+03	1.111925e+06	1.285000e+03	1.027954e+06	1.285000e+03	1.113575e+06	1.285000e+03	1.121715e+06	1.285000e+03	1.078484e+06	1.285000e+03	1.087474e+06	1.285000e+03	1.081591e+06	1.285000e+03	1.098820e+06	1.285000e+03	1.074455e+06	1.285000e+03	1.127235e+06	1.285000e+03	1.146918e+06	1.285000e+03	1.094047e+06
1.290000e+03	1.025455e+06	1.290000e+03	1.071810e+06	1.290000e+03	1.087691e+06	1.290000e+03	1.086624e+06	1.290000e+03	1.067608e+06	1.290000e+03	9.877950e+05	1.290000e+03	1.026238e+06	1.290000e+03	1.023598e+06	1.290000e+03	1.025702e+06	1.290000e+03	1.040556e+06	1.290000e+03	1.095978e+06	1.290000e+03	1.063216e+06	1.290000e+03	1.069627e+06	1.290000e+03	1.054106e+06	1.290000e+03	1.073113e+06	1.290000e+03	1.081888e+06	1.290000e+03	1.065420e+06	1.290000e+03	1.097513e+06	1.290000e+03	1.127253e+06	1.290000e+03	1.060214e+06	1.290000e+03	1.063442e+06	1.290000e+03	1.092207e+06	1.290000e+03	1.030967e+06	1.290000e+03	1.093311e+06	1.290000e+03	1.027298e+06	1.290000e+03	1.040704e+06	1.290000e+03	1.049297e+06	1.290000e+03	1.071889e+06	1.290000e+03	1.040063e+06	1.290000e+03	1.053726e+06	1.290000e+03	1.121442e+06	1.290000e+03	1.017225e+06	1.290000e+03	1.055942e+06	1.290000e+03	1.020801e+06	1.290000e+03	9.925830e+05	1.290000e+03	1.069077e+06	1.290000e+03	1.013787e+06	1.290000e+03	1.052364e+06	1.290000e+03	1.026432e+06	1.290000e+03	1.067771e+06	1.290000e+03	1.027639e+06	1.290000e+03	1.107118e+06	1.290000e+03	1.122874e+06	1.290000e+03	1.109132e+06	1.290000e+03	1.054009e+06	1.290000e+03	1.073445e+06	1.290000e+03	1.146924e+06	1.290000e+03	1.066277e+06	1.290000e+03	1.070966e+06	1.290000e+03	1.079677e+06	1.290000e+03	1.076462e+06	1.290000e+03	1.101121e+06	1.290000e+03	1.092473e+06	1.290000e+03	1.075424e+06	1.290000e+03	1.077836e+06	1.290000e+03	1.118048e+06	1.290000e+03	1.089129e+06	1.290000e+03	1.098748e+06	1.290000e+03	1.116796e+06	1.290000e+03	1.138250e+06	1.290000e+03	1.129536e+06	1.290000e+03	1.109516e+06
1.295000e+03	1.031796e+06	1.295000e+03	1.107046e+06	1.295000e+03	1.112009e+06	1.295000e+03	1.079446e+06	1.295000e+03	1.047686e+06	1.295000e+03	1.017423e+06	1.295000e+03	1.067694e+06	1.295000e+03	1.060185e+06	1.295000e+03	1.075071e+06	1.295000e+03	1.063239e+06	1.295000e+03	1.058182e+06	1.295000e+03	1.098619e+06	1.295000e+03	1.059735e+06	1.295000e+03	1.035456e+06	1.295000e+03	1.050757e+06	1.295000e+03	1.060198e+06	1.295000e+03	1.015611e+06	1.295000e+03	1.107606e+06	1.295000e+03	1.094807e+06	1.295000e+03	1.019198e+06	1.295000e+03	1.122571e+06	1.295000e+03	1.079044e+06	1.295000e+03	1.065434e+06	1.295000e+03	1.099789e+06	1.295000e+03	1.085769e+06	1.295000e+03	1.025267e+06	1.295000e+03	1.011496e+06	1.295000e+03	1.062492e+06	1.295000e+03	9.995830e+05	1.295000e+03	1.012540e+06	1.295000e+03	1.062770e+06	1.295000e+03	1.049632e+06	1.295000e+03	1.057504e+06	1.295000e+03	1.061660e+06	1.295000e+03	1.023328e+06	1.295000e+03	1.060636e+06	1.295000e+03	1.041420e+06	1.295000e+03	1.056841e+06	1.295000e+03	1.014962e+06	1.295000e+03	1.086415e+06	1.295000e+03	1.061373e+06	1.295000e+03	1.040241e+06	1.295000e+03	1.037460e+06	1.295000e+03	1.117860e+06	1.295000e+03	1.105066e+06	1.295000e+03	1.116156e+06	1.295000e+03	1.062093e+06	1.295000e+03	1.053056e+06	1.295000e+03	1.096835e+06	1.295000e+03	1.074991e+06	1.295000e+03	1.098484e+06	1.295000e+03	1.085360e+06	1.295000e+03	1.076314e+06	1.295000e+03	1.068754e+06	1.295000e+03	1.036416e+06	1.295000e+03	1.110872e+06	1.295000e+03	1.082265e+06	1.295000e+03	1.085286e+06	1.295000e+03	1.092373e+06	1.295000e+03	1.140011e+06	1.295000e+03	1.108357e+06	1.295000e+03	1.112312e+06
1.300000e+03	1.006460e+06	1.300000e+03	1.083517e+06	1.300000e+03	1.080054e+06	1.300000e+03	1.099976e+06	1.300000e+03	1.054591e+06	1.300000e+03	1.025260e+06	1.300000e+03	1.057304e+06	1.300000e+03	1.065964e+06	1.300000e+03	1.084775e+06	1.300000e+03	1.091145e+06	1.300000e+03	9.891830e+05	1.300000e+03	1.047574e+06	1.300000e+03	1.069497e+06	1.300000e+03	1.008766e+06	1.300000e+03	1.047894e+06	1.300000e+03	1.027261e+06	1.300000e+03	1.055628e+06	1.300000e+03	1.075889e+06	1.300000e+03	1.114180e+06	1.300000e+03	1.090803e+06	1.300000e+03	1.100211e+06	1.300000e+03	1.084648e+06	1.300000e+03	1.120728e+06	1.300000e+03	1.018570e+06	1.300000e+03	1.051775e+06	1.300000e+03	1.011361e+06	1.300000e+03	1.058141e+06	1.300000e+03	1.072309e+06	1.300000e+03	1.081011e+06	1.300000e+03	1.046703e+06	1.300000e+03	1.064446e+06	1.300000e+03	1.028864e+06	1.300000e+03	1.046461e+06	1.300000e+03	1.045658e+06	1.300000e+03	1.022094e+06	1.300000e+03	1.026348e+06	1.300000e+03	1.059949e+06	1.300000e+03	9.959130e+05	1.300000e+03	1.013724e+06	1.300000e+03	1.066601e+06	1.300000e+03	1.047773e+06	1.300000e+03	1.031528e+06	1.300000e+03	1.106165e+06	1.300000e+03	1.090804e+06	1.300000e+03	1.085964e+06	1.300000e+03	1.048217e+06	1.300000e+03	1.104847e+06	1.300000e+03	1.064851e+06	1.300000e+03	1.114036e+06	1.300000e+03	1.102544e+06	1.300000e+03	1.119588e+06	1.300000e+03	1.086076e+06	1.300000e+03	1.082811e+06	1.300000e+03	1.099408e+06	1.300000e+03	1.095141e+06	1.300000e+03	1.117911e+06	1.300000e+03	1.092284e+06	1.300000e+03	1.102552e+06	1.300000e+03	1.063947e+06	1.300000e+03	1.145017e+06	1.300000e+03	1.087629e+06	1.300000e+03	1.061359e+06
1.305000e+03	1.005907e+06	1.305000e+03	1.011848e+06	1.305000e+03	1.060581e+06	1.305000e+03	1.106254e+06	1.305000e+03	1.055704e+06	1.305000e+03	1.073356e+06	1.305000e+03	1.025082e+06	1.305000e+03	1.008799e+06	1.305000e+03	1.097884e+06	1.305000e+03	1.085151e+06	1.305000e+03	1.029438e+06	1.305000e+03	1.057397e+06	1.305000e+03	1.046172e+06	1.305000e+03	1.062901e+06	1.305000e+03	1.023304e+06	1.305000e+03	1.066545e+06	1.305000e+03	1.036339e+06	1.305000e+03	1.072979e+06	1.305000e+03	1.052893e+06	1.305000e+03	1.075866e+06	1.305000e+03	1.105679e+06	1.305000e+03	1.103479e+06	1.305000e+03	1.077892e+06	1.305000e+03	1.096775e+06	1.305000e+03	1.017224e+06	1.305000e+03	1.018748e+06	1.305000e+03	1.011511e+06	1.305000e+03	1.013907e+06	1.305000e+03	1.080795e+06	1.305000e+03	1.056880e+06	1.305000e+03	1.078741e+06	1.305000e+03	1.056916e+06	1.305000e+03	1.058350e+06	1.305000e+03	1.053326e+06	1.305000e+03	1.020500e+06	1.305000e+03	9.917940e+05	1.305000e+03	1.001749e+06	1.305000e+03	1.007828e+06	1.305000e+03	1.051427e+06	1.305000e+03	1.090893e+06	1.305000e+03	1.110158e+06	1.305000e+03	1.042961e+06	1.305000e+03	1.115619e+06	1.305000e+03	1.121370e+06	1.305000e+03	1.083033e+06	1.305000e+03	1.134490e+06	1.305000e+03	1.116987e+06	1.305000e+03	1.087255e+06	1.305000e+03	1.130804e+06	1.305000e+03	1.095373e+06	1.305000e+03	1.098896e+06	1.305000e+03	1.081312e+06	1.305000e+03	1.111320e+06	1.305000e+03	1.115950e+06	1.305000e+03	1.105184e+06	1.305000e+03	1.079373e+06	1.305000e+03	1.071115e+06	1.305000e+03	1.107332e+06	1.305000e+03	1.098339e+06	1.305000e+03	1.090017e+06	1.305000e+03	1.143021e+06	1.305000e+03	1.102447e+06
1.310000e+03	1.049530e+06	1.310000e+03	1.072046e+06	1.310000e+03	1.106513e+06	1.310000e+03	1.117000e+06	1.310000e+03	1.037805e+06	1.310000e+03	1.024907e+06	1.310000e+03	1.007985e+06	1.310000e+03	1.034493e+06	1.310000e+03	1.054149e+06	1.310000e+03	1.013446e+06	1.310000e+03	1.068864e+06	1.310000e+03	1.028751e+06	1.310000e+03	9.922200e+05	1.310000e+03	1.017915e+06	1.310000e+03	1.026174e+06	1.310000e+03	1.046264e+06	1.310000e+03	1.045898e+06	1.310000e+03	1.039384e+06	1.310000e+03	1.108300e+06	1.310000e+03	1.029991e+06	1.310000e+03	1.097197e+06	1.310000e+03	1.053750e+06	1.310000e+03	1.088334e+06	1.310000e+03	1.100001e+06	1.310000e+03	1.034759e+06	1.310000e+03	1.009013e+06	1.310000e+03	1.015492e+06	1.310000e+03	1.021943e+06	1.310000e+03	1.022350e+06	1.310000e+03	9.987490e+05	1.310000e+03	1.070505e+06	1.310000e+03	1.040661e+06	1.310000e+03	1.045595e+06	1.310000e+03	1.054632e+06	1.310000e+03	1.037782e+06	1.310000e+03	1.080066e+06	1.310000e+03	1.027096e+06	1.310000e+03	1.060344e+06	1.310000e+03	1.005477e+06	1.310000e+03	1.038422e+06	1.310000e+03	1.082465e+06	1.310000e+03	1.064163e+06	1.310000e+03	1.097350e+06	1.310000e+03	1.104374e+06	1.310000e+03	1.096675e+06	1.310000e+03	1.105807e+06	1.310000e+03	1.139925e+06	1.310000e+03	1.101545e+06	1.310000e+03	1.084131e+06	1.310000e+03	1.088380e+06	1.310000e+03	1.112655e+06	1.310000e+03	1.071677e+06	1.310000e+03	1.054855e+06	1.310000e+03	1.073163e+06	1.310000e+03	1.111118e+06	1.310000e+03	1.078120e+06	1.310000e+03	1.056008e+06	1.310000e+03	1.070931e+06	1.310000e+03	1.084398e+06	1.310000e+03	1.077872e+06	1.310000e+03	1.142065e+06	1.310000e+03	1.086703e+06
1.315000e+03	9.788110e+05	1.315000e+03	1.089719e+06	1.315000e+03	1.091803e+06	1.315000e+03	1.078483e+06	1.315000e+03	1.045655e+06	1.315000e+03	1.050901e+06	1.315000e+03	1.059088e+06	1.315000e+03	1.015535e+06	1.315000e+03	1.070606e+06	1.315000e+03	1.016754e+06	1.315000e+03	1.034371e+06	1.315000e+03	1.065998e+06	1.315000e+03	1.056527e+06	1.315000e+03	1.013537e+06	1.315000e+03	1.071367e+06	1.315000e+03	1.068229e+06	1.315000e+03	1.072325e+06	1.315000e+03	1.088138e+06	1.315000e+03	1.110562e+06	1.315000e+03	1.051813e+06	1.315000e+03	1.085781e+06	1.315000e+03	1.069393e+06	1.315000e+03	1.092985e+06	1.315000e+03	1.104583e+06	1.315000e+03	1.006168e+06	1.315000e+03	1.053746e+06	1.315000e+03	1.042122e+06	1.315000e+03	1.062531e+06	1.315000e+03	1.096991e+06	1.315000e+03	9.944330e+05	1.315000e+03	1.101101e+06	1.315000e+03	1.051314e+06	1.315000e+03	1.063753e+06	1.315000e+03	1.017986e+06	1.315000e+03	1.063670e+06	1.315000e+03	1.073040e+06	1.315000e+03	1.070889e+06	1.315000e+03	1.063186e+06	1.315000e+03	9.879890e+05	1.315000e+03	1.037504e+06	1.315000e+03	1.083734e+06	1.315000e+03	1.011929e+06	1.315000e+03	1.042756e+06	1.315000e+03	1.117949e+06	1.315000e+03	1.105838e+06	1.315000e+03	1.085794e+06	1.315000e+03	1.085794e+06	1.315000e+03	1.041874e+06	1.315000e+03	1.084357e+06	1.315000e+03	1.052613e+06	1.315000e+03	1.067889e+06	1.315000e+03	1.105205e+06	1.315000e+03	1.086121e+06	1.315000e+03	1.106399e+06	1.315000e+03	1.088750e+06	1.315000e+03	1.093712e+06	1.315000e+03	1.041071e+06	1.315000e+03	1.107965e+06	1.315000e+03	1.103761e+06	1.315000e+03	1.105615e+06	1.315000e+03	1.116775e+06	1.315000e+03	1.083873e+06
1.320000e+03	1.017052e+06	1.320000e+03	1.039964e+06	1.320000e+03	1.112588e+06	1.320000e+03	1.123201e+06	1.320000e+03	1.049363e+06	1.320000e+03	1.065729e+06	1.320000e+03	1.089761e+06	1.320000e+03	1.026727e+06	1.320000e+03	1.081493e+06	1.320000e+03	1.038784e+06	1.320000e+03	1.086903e+06	1.320000e+03	1.045130e+06	1.320000e+03	1.068836e+06	1.320000e+03	1.046052e+06	1.320000e+03	1.019542e+06	1.320000e+03	1.083312e+06	1.320000e+03	1.049964e+06	1.320000e+03	1.094206e+06	1.320000e+03	1.092630e+06	1.320000e+03	1.046600e+06	1.320000e+03	1.078848e+06	1.320000e+03	1.123625e+06	1.320000e+03	1.098590e+06	1.320000e+03	1.094809e+06	1.320000e+03	1.013621e+06	1.320000e+03	1.051659e+06	1.320000e+03	1.044661e+06	1.320000e+03	1.013358e+06	1.320000e+03	1.034972e+06	1.320000e+03	1.056466e+06	1.320000e+03	1.088962e+06	1.320000e+03	1.096398e+06	1.320000e+03	1.058517e+06	1.320000e+03	1.061631e+06	1.320000e+03	1.001391e+06	1.320000e+03	1.099437e+06	1.320000e+03	1.028089e+06	1.320000e+03	1.040016e+06	1.320000e+03	9.891870e+05	1.320000e+03	1.038804e+06	1.320000e+03	1.081066e+06	1.320000e+03	1.024434e+06	1.320000e+03	1.114905e+06	1.320000e+03	1.129301e+06	1.320000e+03	1.152755e+06	1.320000e+03	1.082747e+06	1.320000e+03	1.125396e+06	1.320000e+03	1.037771e+06	1.320000e+03	1.097142e+06	1.320000e+03	1.075403e+06	1.320000e+03	1.061154e+06	1.320000e+03	1.078935e+06	1.320000e+03	1.107601e+06	1.320000e+03	1.095736e+06	1.320000e+03	1.089090e+06	1.320000e+03	1.102521e+06	1.320000e+03	1.105013e+06	1.320000e+03	1.096548e+06	1.320000e+03	1.084931e+06	1.320000e+03	1.096335e+06	1.320000e+03	1.121652e+06	1.320000e+03	1.105564e+06
1.325000e+03	1.009875e+06	1.325000e+03	1.050348e+06	1.325000e+03	1.084276e+06	1.325000e+03	1.106795e+06	1.325000e+03	1.022533e+06	1.325000e+03	1.042975e+06	1.325000e+03	1.057274e+06	1.325000e+03	1.032365e+06	1.325000e+03	1.073829e+06	1.325000e+03	1.018356e+06	1.325000e+03	1.053947e+06	1.325000e+03	1.046266e+06	1.325000e+03	1.019720e+06	1.325000e+03	1.069822e+06	1.325000e+03	1.038776e+06	1.325000e+03	1.028203e+06	1.325000e+03	1.064515e+06	1.325000e+03	1.114304e+06	1.325000e+03	1.094190e+06	1.325000e+03	1.012227e+06	1.325000e+03	1.083465e+06	1.325000e+03	1.078246e+06	1.325000e+03	1.040430e+06	1.325000e+03	1.066699e+06	1.325000e+03	1.066413e+06	1.325000e+03	9.909200e+05	1.325000e+03	1.015998e+06	1.325000e+03	1.013374e+06	1.325000e+03	1.036239e+06	1.325000e+03	1.046424e+06	1.325000e+03	1.107907e+06	1.325000e+03	1.100627e+06	1.325000e+03	1.030174e+06	1.325000e+03	1.027160e+06	1.325000e+03	1.039370e+06	1.325000e+03	1.093409e+06	1.325000e+03	1.063454e+06	1.325000e+03	1.030293e+06	1.325000e+03	9.930920e+05	1.325000e+03	1.076454e+06	1.325000e+03	1.032211e+06	1.325000e+03	1.045287e+06	1.325000e+03	1.059327e+06	1.325000e+03	1.083244e+06	1.325000e+03	1.100067e+06	1.325000e+03	1.074138e+06	1.325000e+03	1.122286e+06	1.325000e+03	1.126713e+06	1.325000e+03	1.088871e+06	1.325000e+03	1.116228e+06	1.325000e+03	1.048613e+06	1.325000e+03	1.086767e+06	1.325000e+03	1.073643e+06	1.325000e+03	1.101205e+06	1.325000e+03	1.038618e+06	1.325000e+03	1.089238e+06	1.325000e+03	1.064362e+06	1.325000e+03	1.109021e+06	1.325000e+03	1.059543e+06	1.325000e+03	1.137043e+06	1.325000e+03	1.094682e+06	1.325000e+03	1.075015e+06
1.330000e+03	1.020332e+06	1.330000e+03	1.039932e+06	1.330000e+03	1.082276e+06	1.330000e+03	1.019310e+06	1.330000e+03	1.030726e+06	1.330000e+03	1.019301e+06	1.330000e+03	1.007442e+06	1.330000e+03	1.036030e+06	1.330000e+03	1.112007e+06	1.330000e+03	1.128548e+06	1.330000e+03	1.090379e+06	1.330000e+03	1.065975e+06	1.330000e+03	1.003812e+06	1.330000e+03	1.049612e+06	1.330000e+03	1.032871e+06	1.330000e+03	1.040809e+06	1.330000e+03	1.030712e+06	1.330000e+03	1.116475e+06	1.330000e+03	1.101855e+06	1.330000e+03	1.059349e+06	1.330000e+03	1.065908e+06	1.330000e+03	1.058636e+06	1.330000e+03	1.050356e+06	1.330000e+03	1.084634e+06	1.330000e+03	1.012209e+06	1.330000e+03	1.047316e+06	1.330000e+03	1.017824e+06	1.330000e+03	9.904170e+05	1.330000e+03	1.032845e+06	1.330000e+03	1.064394e+06	1.330000e+03	1.103799e+06	1.330000e+03	1.046446e+06	1.330000e+03	1.067142e+06	1.330000e+03	9.903730e+05	1.330000e+03	1.003578e+06	1.330000e+03	1.070971e+06	1.330000e+03	1.027396e+06	1.330000e+03	1.014188e+06	1.330000e+03	1.014815e+06	1.330000e+03	1.094573e+06	1.330000e+03	1.057782e+06	1.330000e+03	1.091891e+06	1.330000e+03	1.106418e+06	1.330000e+03	1.105001e+06	1.330000e+03	1.071668e+06	1.330000e+03	1.102647e+06	1.330000e+03	1.072515e+06	1.330000e+03	1.093775e+06	1.330000e+03	1.117325e+06	1.330000e+03	1.053913e+06	1.330000e+03	1.021251e+06	1.330000e+03	1.087450e+06	1.330000e+03	1.064775e+06	1.330000e+03	1.118751e+06	1.330000e+03	1.060173e+06	1.330000e+03	1.131110e+06	1.330000e+03	1.095883e+06	1.330000e+03	1.095463e+06	1.330000e+03	1.104081e+06	1.330000e+03	1.069424e+06	1.330000e+03	1.144914e+06	1.330000e+03	1.131721e+06
1.335000e+03	1.047553e+06	1.335000e+03	1.053428e+06	1.335000e+03	1.060819e+06	1.335000e+03	1.028396e+06	1.335000e+03	9.923050e+05	1.335000e+03	1.045602e+06	1.335000e+03	1.024781e+06	1.335000e+03	1.019991e+06	1.335000e+03	1.068587e+06	1.335000e+03	1.040075e+06	1.335000e+03	9.951280e+05	1.335000e+03	1.043024e+06	1.335000e+03	9.711080e+05	1.335000e+03	9.954800e+05	1.335000e+03	1.065846e+06	1.335000e+03	1.046713e+06	1.335000e+03	1.043961e+06	1.335000e+03	1.090825e+06	1.335000e+03	1.105329e+06	1.335000e+03	1.048551e+06	1.335000e+03	1.088290e+06	1.335000e+03	1.100576e+06	1.335000e+03	1.017624e+06	1.335000e+03	1.107948e+06	1.335000e+03	9.896090e+05	1.335000e+03	1.069339e+06	1.335000e+03	1.093139e+06	1.335000e+03	1.033700e+06	1.335000e+03	1.020437e+06	1.335000e+03	1.040423e+06	1.335000e+03	1.046503e+06	1.335000e+03	1.056790e+06	1.335000e+03	1.062503e+06	1.335000e+03	1.020953e+06	1.335000e+03	9.867920e+05	1.335000e+03	1.091415e+06	1.335000e+03	9.962160e+05	1.335000e+03	1.012093e+06	1.335000e+03	1.006850e+06	1.335000e+03	1.073705e+06	1.335000e+03	1.032540e+06	1.335000e+03	1.010511e+06	1.335000e+03	1.112771e+06	1.335000e+03	1.084250e+06	1.335000e+03	1.080621e+06	1.335000e+03	1.082435e+06	1.335000e+03	1.120824e+06	1.335000e+03	1.110397e+06	1.335000e+03	1.066156e+06	1.335000e+03	1.076166e+06	1.335000e+03	1.053195e+06	1.335000e+03	1.100598e+06	1.335000e+03	1.108403e+06	1.335000e+03	1.095110e+06	1.335000e+03	1.125053e+06	1.335000e+03	1.085845e+06	1.335000e+03	1.097730e+06	1.335000e+03	1.088425e+06	1.335000e+03	1.068625e+06	1.335000e+03	1.109028e+06	1.335000e+03	1.071318e+06	1.335000e+03	1.101282e+06
1.340000e+03	1.037865e+06	1.340000e+03	1.059109e+06	1.340000e+03	1.020408e+06	1.340000e+03	1.083035e+06	1.340000e+03	1.045103e+06	1.340000e+03	1.035520e+06	1.340000e+03	1.019079e+06	1.340000e+03	1.017685e+06	1.340000e+03	1.099292e+06	1.340000e+03	1.025657e+06	1.340000e+03	1.036743e+06	1.340000e+03	1.092054e+06	1.340000e+03	1.043834e+06	1.340000e+03	1.063023e+06	1.340000e+03	1.017573e+06	1.340000e+03	1.092335e+06	1.340000e+03	1.062274e+06	1.340000e+03	1.127661e+06	1.340000e+03	1.144385e+06	1.340000e+03	1.065879e+06	1.340000e+03	1.077630e+06	1.340000e+03	1.046953e+06	1.340000e+03	1.060118e+06	1.340000e+03	1.063295e+06	1.340000e+03	1.018463e+06	1.340000e+03	1.049880e+06	1.340000e+03	1.103817e+06	1.340000e+03	1.061759e+06	1.340000e+03	1.036547e+06	1.340000e+03	1.064654e+06	1.340000e+03	1.076597e+06	1.340000e+03	1.021660e+06	1.340000e+03	1.033719e+06	1.340000e+03	1.038149e+06	1.340000e+03	1.024274e+06	1.340000e+03	1.075609e+06	1.340000e+03	1.028286e+06	1.340000e+03	1.036423e+06	1.340000e+03	9.854560e+05	1.340000e+03	1.107133e+06	1.340000e+03	1.048152e+06	1.340000e+03	1.097182e+06	1.340000e+03	1.033248e+06	1.340000e+03	1.149639e+06	1.340000e+03	1.103424e+06	1.340000e+03	1.113091e+06	1.340000e+03	1.149588e+06	1.340000e+03	1.123909e+06	1.340000e+03	1.098807e+06	1.340000e+03	1.061920e+06	1.340000e+03	1.074330e+06	1.340000e+03	1.094661e+06	1.340000e+03	1.113219e+06	1.340000e+03	1.086580e+06	1.340000e+03	1.109919e+06	1.340000e+03	1.122958e+06	1.340000e+03	1.064106e+06	1.340000e+03	1.119285e+06	1.340000e+03	1.101575e+06	1.340000e+03	1.094724e+06	1.340000e+03	1.075965e+06	1.340000e+03	1.072918e+06
1.345000e+03	1.014710e+06	1.345000e+03	1.088521e+06	1.345000e+03	1.046640e+06	1.345000e+03	1.100725e+06	1.345000e+03	1.057127e+06	1.345000e+03	1.013556e+06	1.345000e+03	1.068753e+06	1.345000e+03	1.046144e+06	1.345000e+03	1.135802e+06	1.345000e+03	1.014772e+06	1.345000e+03	1.064155e+06	1.345000e+03	1.021746e+06	1.345000e+03	1.020831e+06	1.345000e+03	1.057054e+06	1.345000e+03	1.021435e+06	1.345000e+03	1.079642e+06	1.345000e+03	1.047998e+06	1.345000e+03	1.106297e+06	1.345000e+03	1.133559e+06	1.345000e+03	1.073995e+06	1.345000e+03	1.048681e+06	1.345000e+03	1.099256e+06	1.345000e+03	1.061949e+06	1.345000e+03	1.110185e+06	1.345000e+03	1.042986e+06	1.345000e+03	1.049053e+06	1.345000e+03	1.030549e+06	1.345000e+03	9.969750e+05	1.345000e+03	1.027889e+06	1.345000e+03	1.072148e+06	1.345000e+03	1.084909e+06	1.345000e+03	1.077608e+06	1.345000e+03	1.095728e+06	1.345000e+03	1.053114e+06	1.345000e+03	1.036602e+06	1.345000e+03	1.031200e+06	1.345000e+03	1.069015e+06	1.345000e+03	1.052229e+06	1.345000e+03	1.003024e+06	1.345000e+03	1.079460e+06	1.345000e+03	1.089370e+06	1.345000e+03	1.042198e+06	1.345000e+03	1.084092e+06	1.345000e+03	1.117325e+06	1.345000e+03	1.049036e+06	1.345000e+03	1.093086e+06	1.345000e+03	1.099915e+06	1.345000e+03	1.070902e+06	1.345000e+03	1.123030e+06	1.345000e+03	1.067021e+06	1.345000e+03	1.034525e+06	1.345000e+03	1.110708e+06	1.345000e+03	1.097283e+06	1.345000e+03	1.073960e+06	1.345000e+03	1.115402e+06	1.345000e+03	1.119129e+06	1.345000e+03	1.055927e+06	1.345000e+03	1.087069e+06	1.345000e+03	1.086963e+06	1.345000e+03	1.114518e+06	1.345000e+03	1.120375e+06	1.345000e+03	1.111065e+06
1.350000e+03	1.045809e+06	1.350000e+03	1.040274e+06	1.350000e+03	1.078755e+06	1.350000e+03	1.096212e+06	1.350000e+03	1.067215e+06	1.350000e+03	1.049348e+06	1.350000e+03	1.077005e+06	1.350000e+03	1.006356e+06	1.350000e+03	1.116586e+06	1.350000e+03	1.050140e+06	1.350000e+03	1.010673e+06	1.350000e+03	1.055666e+06	1.350000e+03	1.032845e+06	1.350000e+03	1.079512e+06	1.350000e+03	1.025054e+06	1.350000e+03	1.034406e+06	1.350000e+03	1.045101e+06	1.350000e+03	1.096127e+06	1.350000e+03	1.101323e+06	1.350000e+03	1.054213e+06	1.350000e+03	1.070688e+06	1.350000e+03	1.117813e+06	1.350000e+03	1.088011e+06	1.350000e+03	1.103585e+06	1.350000e+03	1.036720e+06	1.350000e+03	1.038286e+06	1.350000e+03	1.092585e+06	1.350000e+03	1.010549e+06	1.350000e+03	1.013232e+06	1.350000e+03	1.073453e+06	1.350000e+03	1.082145e+06	1.350000e+03	1.036631e+06	1.350000e+03	1.023774e+06	1.350000e+03	1.036954e+06	1.350000e+03	1.026115e+06	1.350000e+03	1.028010e+06	1.350000e+03	1.068730e+06	1.350000e+03	9.939430e+05	1.350000e+03	1.007436e+06	1.350000e+03	1.055784e+06	1.350000e+03	1.057213e+06	1.350000e+03	1.079146e+06	1.350000e+03	1.098701e+06	1.350000e+03	1.078929e+06	1.350000e+03	1.047115e+06	1.350000e+03	1.086542e+06	1.350000e+03	1.121497e+06	1.350000e+03	1.055913e+06	1.350000e+03	1.112560e+06	1.350000e+03	1.083086e+06	1.350000e+03	1.052831e+06	1.350000e+03	1.077848e+06	1.350000e+03	1.114472e+06	1.350000e+03	1.113470e+06	1.350000e+03	1.109121e+06	1.350000e+03	1.093906e+06	1.350000e+03	1.047834e+06	1.350000e+03	1.097960e+06	1.350000e+03	1.090938e+06	1.350000e+03	1.101249e+06	1.350000e+03	1.113525e+06	1.350000e+03	1.089828e+06
1.355000e+03	1.034141e+06	1.355000e+03	1.040419e+06	1.355000e+03	1.067227e+06	1.355000e+03	1.103974e+06	1.355000e+03	1.060735e+06	1.355000e+03	1.046204e+06	1.355000e+03	1.012803e+06	1.355000e+03	1.048496e+06	1.355000e+03	1.088165e+06	1.355000e+03	1.075386e+06	1.355000e+03	1.023197e+06	1.355000e+03	1.053978e+06	1.355000e+03	1.035695e+06	1.355000e+03	1.063585e+06	1.355000e+03	1.070359e+06	1.355000e+03	1.071796e+06	1.355000e+03	1.034976e+06	1.355000e+03	1.072650e+06	1.355000e+03	1.098966e+06	1.355000e+03	1.044222e+06	1.355000e+03	1.079255e+06	1.355000e+03	1.058625e+06	1.355000e+03	1.059442e+06	1.355000e+03	1.051963e+06	1.355000e+03	1.050849e+06	1.355000e+03	1.002424e+06	1.355000e+03	1.019531e+06	1.355000e+03	1.045211e+06	1.355000e+03	1.031418e+06	1.355000e+03	1.003340e+06	1.355000e+03	1.095824e+06	1.355000e+03	1.054845e+06	1.355000e+03	1.058131e+06	1.355000e+03	1.035835e+06	1.355000e+03	1.041583e+06	1.355000e+03	1.045774e+06	1.355000e+03	1.018183e+06	1.355000e+03	1.017266e+06	1.355000e+03	1.069332e+06	1.355000e+03	1.062392e+06	1.355000e+03	1.085413e+06	1.355000e+03	1.024539e+06	1.355000e+03	1.102131e+06	1.355000e+03	1.107373e+06	1.355000e+03	1.060184e+06	1.355000e+03	1.079635e+06	1.355000e+03	1.077426e+06	1.355000e+03	1.107745e+06	1.355000e+03	1.095041e+06	1.355000e+03	1.047769e+06	1.355000e+03	1.097750e+06	1.355000e+03	1.074308e+06	1.355000e+03	1.106739e+06	1.355000e+03	1.110325e+06	1.355000e+03	1.109827e+06	1.355000e+03	1.080170e+06	1.355000e+03	1.115375e+06	1.355000e+03	1.090025e+06	1.355000e+03	1.088476e+06	1.355000e+03	1.143400e+06	1.355000e+03	1.059543e+06	1.355000e+03	1.145879e+06
1.360000e+03	1.018975e+06	1.360000e+03	1.071077e+06	1.360000e+03	1.071878e+06	1.360000e+03	1.109106e+06	1.360000e+03	1.032019e+06	1.360000e+03	1.013602e+06	1.360000e+03	1.032248e+06	1.360000e+03	1.044400e+06	1.360000e+03	1.082031e+06	1.360000e+03	1.021865e+06	1.360000e+03	9.890490e+05	1.360000e+03	1.077108e+06	1.360000e+03	1.044447e+06	1.360000e+03	1.051148e+06	1.360000e+03	1.044907e+06	1.360000e+03	1.040260e+06	1.360000e+03	1.038120e+06	1.360000e+03	1.062377e+06	1.360000e+03	1.088256e+06	1.360000e+03	1.070550e+06	1.360000e+03	1.096655e+06	1.360000e+03	1.083341e+06	1.360000e+03	1.076660e+06	1.360000e+03	1.103486e+06	1.360000e+03	1.054104e+06	1.360000e+03	1.016785e+06	1.360000e+03	1.052225e+06	1.360000e+03	1.062161e+06	1.360000e+03	9.975420e+05	1.360000e+03	1.061471e+06	1.360000e+03	1.084920e+06	1.360000e+03	1.010664e+06	1.360000e+03	1.022686e+06	1.360000e+03	1.070050e+06	1.360000e+03	1.024109e+06	1.360000e+03	1.098930e+06	1.360000e+03	1.059413e+06	1.360000e+03	9.961900e+05	1.360000e+03	1.025040e+06	1.360000e+03	1.055263e+06	1.360000e+03	1.059181e+06	1.360000e+03	1.020084e+06	1.360000e+03	1.098523e+06	1.360000e+03	1.119619e+06	1.360000e+03	1.076750e+06	1.360000e+03	1.038968e+06	1.360000e+03	1.067413e+06	1.360000e+03	1.097087e+06	1.360000e+03	1.107036e+06	1.360000e+03	1.120596e+06	1.360000e+03	1.105956e+06	1.360000e+03	1.100098e+06	1.360000e+03	1.056850e+06	1.360000e+03	1.129016e+06	1.360000e+03	1.088231e+06	1.360000e+03	1.111584e+06	1.360000e+03	1.109532e+06	1.360000e+03	1.124874e+06	1.360000e+03	1.069446e+06	1.360000e+03	1.088419e+06	1.360000e+03	1.113702e+06	1.360000e+03	1.106609e+06
1.365000e+03	1.053060e+06	1.365000e+03	1.037469e+06	1.365000e+03	1.045008e+06	1.365000e+03	1.082036e+06	1.365000e+03	1.075344e+06	1.365000e+03	1.024213e+06	1.365000e+03	1.039759e+06	1.365000e+03	1.047557e+06	1.365000e+03	1.095725e+06	1.365000e+03	1.082122e+06	1.365000e+03	1.023782e+06	1.365000e+03	1.063819e+06	1.365000e+03	1.032109e+06	1.365000e+03	1.028762e+06	1.365000e+03	1.035698e+06	1.365000e+03	1.035047e+06	1.365000e+03	1.044815e+06	1.365000e+03	1.110777e+06	1.365000e+03	1.061564e+06	1.365000e+03	1.025859e+06	1.365000e+03	1.108788e+06	1.365000e+03	1.068555e+06	1.365000e+03	1.050740e+06	1.365000e+03	1.089441e+06	1.365000e+03	1.034337e+06	1.365000e+03	1.016911e+06	1.365000e+03	1.029517e+06	1.365000e+03	1.037589e+06	1.365000e+03	1.017424e+06	1.365000e+03	1.059269e+06	1.365000e+03	1.103293e+06	1.365000e+03	1.078122e+06	1.365000e+03	1.050817e+06	1.365000e+03	1.044709e+06	1.365000e+03	9.977950e+05	1.365000e+03	1.037051e+06	1.365000e+03	1.053674e+06	1.365000e+03	1.013674e+06	1.365000e+03	1.043134e+06	1.365000e+03	1.065367e+06	1.365000e+03	1.050542e+06	1.365000e+03	1.086844e+06	1.365000e+03	1.077856e+06	1.365000e+03	1.102418e+06	1.365000e+03	1.070183e+06	1.365000e+03	1.062381e+06	1.365000e+03	1.132236e+06	1.365000e+03	1.116805e+06	1.365000e+03	1.100498e+06	1.365000e+03	1.077852e+06	1.365000e+03	1.059744e+06	1.365000e+03	1.075467e+06	1.365000e+03	1.109110e+06	1.365000e+03	1.090275e+06	1.365000e+03	1.044638e+06	1.365000e+03	1.106028e+06	1.365000e+03	1.081310e+06	1.365000e+03	1.112392e+06	1.365000e+03	1.090903e+06	1.365000e+03	1.081085e+06	1.365000e+03	1.157198e+06	1.365000e+03	1.095588e+06
1.370000e+03	1.028776e+06	1.370000e+03	1.020182e+06	1.370000e+03	1.053005e+06	1.370000e+03	1.110116e+06	1.370000e+03	1.068679e+06	1.370000e+03	1.050945e+06	1.370000e+03	1.026226e+06	1.370000e+03	1.067592e+06	1.370000e+03	1.101211e+06	1.370000e+03	1.129180e+06	1.370000e+03	1.109270e+06	1.370000e+03	1.057855e+06	1.370000e+03	1.049594e+06	1.370000e+03	1.046496e+06	1.370000e+03	1.041913e+06	1.370000e+03	1.095838e+06	1.370000e+03	1.077851e+06	1.370000e+03	1.092781e+06	1.370000e+03	1.040147e+06	1.370000e+03	1.092031e+06	1.370000e+03	1.100343e+06	1.370000e+03	1.129918e+06	1.370000e+03	1.089918e+06	1.370000e+03	1.086399e+06	1.370000e+03	1.040490e+06	1.370000e+03	1.026234e+06	1.370000e+03	1.016731e+06	1.370000e+03	1.055723e+06	1.370000e+03	1.010857e+06	1.370000e+03	1.042537e+06	1.370000e+03	1.097600e+06	1.370000e+03	1.059769e+06	1.370000e+03	1.057126e+06	1.370000e+03	1.044883e+06	1.370000e+03	1.059717e+06	1.370000e+03	1.094573e+06	1.370000e+03	1.072425e+06	1.370000e+03	1.029374e+06	1.370000e+03	1.071465e+06	1.370000e+03	1.058996e+06	1.370000e+03	1.061280e+06	1.370000e+03	1.074740e+06	1.370000e+03	1.116792e+06	1.370000e+03	1.098898e+06	1.370000e+03	1.069271e+06	1.370000e+03	1.088476e+06	1.370000e+03	1.131834e+06	1.370000e+03	1.080761e+06	1.370000e+03	1.084996e+06	1.370000e+03	1.092829e+06	1.370000e+03	1.076576e+06	1.370000e+03	1.084969e+06	1.370000e+03	1.106706e+06	1.370000e+03	1.077910e+06	1.370000e+03	1.133313e+06	1.370000e+03	1.132839e+06	1.370000e+03	1.056456e+06	1.370000e+03	1.111892e+06	1.370000e+03	1.078011e+06	1.370000e+03	1.105286e+06	1.370000e+03	1.109088e+06	1.370000e+03	1.102134e+06
1.375000e+03	1.035820e+06	1.375000e+03	1.062393e+06	1.375000e+03	1.082209e+06	1.375000e+03	1.116891e+06	1.375000e+03	1.043864e+06	1.375000e+03	1.018672e+06	1.375000e+03	1.015057e+06	1.375000e+03	9.860470e+05	1.375000e+03	1.085472e+06	1.375000e+03	1.035711e+06	1.375000e+03	1.074279e+06	1.375000e+03	1.067208e+06	1.375000e+03	1.080030e+06	1.375000e+03	1.025311e+06	1.375000e+03	1.057981e+06	1.375000e+03	1.073209e+06	1.375000e+03	1.049803e+06	1.375000e+03	1.107575e+06	1.375000e+03	1.074742e+06	1.375000e+03	1.082941e+06	1.375000e+03	1.081861e+06	1.375000e+03	1.091875e+06	1.375000e+03	1.095414e+06	1.375000e+03	1.076673e+06	1.375000e+03	1.052015e+06	1.375000e+03	1.008651e+06	1.375000e+03	1.066619e+06	1.375000e+03	1.007456e+06	1.375000e+03	1.014087e+06	1.375000e+03	1.066440e+06	1.375000e+03	1.115136e+06	1.375000e+03	1.011169e+06	1.375000e+03	1.044382e+06	1.375000e+03	1.022967e+06	1.375000e+03	1.003929e+06	1.375000e+03	1.048729e+06	1.375000e+03	1.011705e+06	1.375000e+03	1.023803e+06	1.375000e+03	1.019973e+06	1.375000e+03	1.082142e+06	1.375000e+03	1.076190e+06	1.375000e+03	1.079262e+06	1.375000e+03	1.112817e+06	1.375000e+03	1.107951e+06	1.375000e+03	1.070227e+06	1.375000e+03	1.063951e+06	1.375000e+03	1.125091e+06	1.375000e+03	1.048258e+06	1.375000e+03	1.132878e+06	1.375000e+03	1.114053e+06	1.375000e+03	1.090556e+06	1.375000e+03	1.113554e+06	1.375000e+03	1.077662e+06	1.375000e+03	1.089730e+06	1.375000e+03	1.085140e+06	1.375000e+03	1.108560e+06	1.375000e+03	1.084695e+06	1.375000e+03	1.102568e+06	1.375000e+03	1.110797e+06	1.375000e+03	1.108472e+06	1.375000e+03	1.131285e+06	1.375000e+03	1.093503e+06
1.380000e+03	1.024969e+06	1.380000e+03	1.093791e+06	1.380000e+03	1.050148e+06	1.380000e+03	1.133621e+06	1.380000e+03	1.021400e+06	1.380000e+03	1.056987e+06	1.380000e+03	1.036856e+06	1.380000e+03	1.003036e+06	1.380000e+03	1.018726e+06	1.380000e+03	1.096453e+06	1.380000e+03	1.054926e+06	1.380000e+03	1.068876e+06	1.380000e+03	1.042347e+06	1.380000e+03	1.064963e+06	1.380000e+03	1.049273e+06	1.380000e+03	1.084439e+06	1.380000e+03	1.060459e+06	1.380000e+03	1.101082e+06	1.380000e+03	1.072122e+06	1.380000e+03	1.032945e+06	1.380000e+03	1.111862e+06	1.380000e+03	1.115723e+06	1.380000e+03	1.018445e+06	1.380000e+03	1.073639e+06	1.380000e+03	1.057470e+06	1.380000e+03	1.078584e+06	1.380000e+03	1.048217e+06	1.380000e+03	1.066340e+06	1.380000e+03	1.075863e+06	1.380000e+03	1.039225e+06	1.380000e+03	1.090659e+06	1.380000e+03	1.075607e+06	1.380000e+03	1.031158e+06	1.380000e+03	9.929510e+05	1.380000e+03	1.058745e+06	1.380000e+03	1.054437e+06	1.380000e+03	1.024636e+06	1.380000e+03	1.040805e+06	1.380000e+03	1.016724e+06	1.380000e+03	1.093693e+06	1.380000e+03	1.015140e+06	1.380000e+03	1.049952e+06	1.380000e+03	1.080212e+06	1.380000e+03	1.122986e+06	1.380000e+03	1.161639e+06	1.380000e+03	1.051294e+06	1.380000e+03	1.095926e+06	1.380000e+03	1.079732e+06	1.380000e+03	1.093754e+06	1.380000e+03	1.074903e+06	1.380000e+03	1.080149e+06	1.380000e+03	1.077485e+06	1.380000e+03	1.104220e+06	1.380000e+03	1.103512e+06	1.380000e+03	1.097675e+06	1.380000e+03	1.138770e+06	1.380000e+03	1.093914e+06	1.380000e+03	1.110175e+06	1.380000e+03	1.118837e+06	1.380000e+03	1.132848e+06	1.380000e+03	1.144919e+06	1.380000e+03	1.104507e+06
1.385000e+03	1.048674e+06	1.385000e+03	1.090885e+06	1.385000e+03	1.034484e+06	1.385000e+03	1.070935e+06	1.385000e+03	1.018690e+06	1.385000e+03	1.020800e+06	1.385000e+03	1.003370e+06	1.385000e+03	1.032127e+06	1.385000e+03	1.119145e+06	1.385000e+03	1.153204e+06	1.385000e+03	1.047564e+06	1.385000e+03	1.037756e+06	1.385000e+03	1.055204e+06	1.385000e+03	1.017265e+06	1.385000e+03	1.016020e+06	1.385000e+03	1.080542e+06	1.385000e+03	1.026720e+06	1.385000e+03	1.104085e+06	1.385000e+03	1.095704e+06	1.385000e+03	1.018351e+06	1.385000e+03	1.066801e+06	1.385000e+03	1.107765e+06	1.385000e+03	1.109849e+06	1.385000e+03	1.102281e+06	1.385000e+03	1.015320e+06	1.385000e+03	1.021396e+06	1.385000e+03	1.057957e+06	1.385000e+03	1.047686e+06	1.385000e+03	1.013400e+06	1.385000e+03	1.077590e+06	1.385000e+03	1.090203e+06	1.385000e+03	1.055512e+06	1.385000e+03	1.073894e+06	1.385000e+03	1.038111e+06	1.385000e+03	1.017488e+06	1.385000e+03	1.093615e+06	1.385000e+03	1.026360e+06	1.385000e+03	1.039837e+06	1.385000e+03	1.059474e+06	1.385000e+03	1.047946e+06	1.385000e+03	1.106184e+06	1.385000e+03	1.021192e+06	1.385000e+03	1.078178e+06	1.385000e+03	1.084133e+06	1.385000e+03	1.113525e+06	1.385000e+03	1.083635e+06	1.385000e+03	1.126523e+06	1.385000e+03	1.170398e+06	1.385000e+03	1.115304e+06	1.385000e+03	1.129083e+06	1.385000e+03	1.081340e+06	1.385000e+03	1.074353e+06	1.385000e+03	1.051765e+06	1.385000e+03	1.121459e+06	1.385000e+03	1.100796e+06	1.385000e+03	1.132723e+06	1.385000e+03	1.102517e+06	1.385000e+03	1.070349e+06	1.385000e+03	1.101113e+06	1.385000e+03	1.096555e+06	1.385000e+03	1.052097e+06	1.385000e+03	1.106017e+06
1.390000e+03	1.009472e+06	1.390000e+03	1.032453e+06	1.390000e+03	1.058950e+06	1.390000e+03	1.117331e+06	1.390000e+03	1.027213e+06	1.390000e+03	1.060477e+06	1.390000e+03	1.064399e+06	1.390000e+03	1.079517e+06	1.390000e+03	1.120038e+06	1.390000e+03	1.065497e+06	1.390000e+03	1.118774e+06	1.390000e+03	1.052779e+06	1.390000e+03	1.067220e+06	1.390000e+03	1.043048e+06	1.390000e+03	1.035026e+06	1.390000e+03	1.086764e+06	1.390000e+03	1.062223e+06	1.390000e+03	1.102620e+06	1.390000e+03	1.121485e+06	1.390000e+03	1.069298e+06	1.390000e+03	1.093126e+06	1.390000e+03	1.120908e+06	1.390000e+03	1.071218e+06	1.390000e+03	1.069520e+06	1.390000e+03	1.043756e+06	1.390000e+03	1.042348e+06	1.390000e+03	1.017634e+06	1.390000e+03	1.018772e+06	1.390000e+03	1.012118e+06	1.390000e+03	1.048362e+06	1.390000e+03	1.124796e+06	1.390000e+03	1.061834e+06	1.390000e+03	1.030756e+06	1.390000e+03	1.013452e+06	1.390000e+03	1.028695e+06	1.390000e+03	1.003326e+06	1.390000e+03	1.074716e+06	1.390000e+03	1.013046e+06	1.390000e+03	1.042211e+06	1.390000e+03	1.078530e+06	1.390000e+03	1.108175e+06	1.390000e+03	1.066815e+06	1.390000e+03	1.069818e+06	1.390000e+03	1.109939e+06	1.390000e+03	1.105752e+06	1.390000e+03	1.085528e+06	1.390000e+03	1.082957e+06	1.390000e+03	1.066769e+06	1.390000e+03	1.117871e+06	1.390000e+03	1.104240e+06	1.390000e+03	1.066079e+06	1.390000e+03	1.098687e+06	1.390000e+03	1.120155e+06	1.390000e+03	1.121296e+06	1.390000e+03	1.087534e+06	1.390000e+03	1.114584e+06	1.390000e+03	1.090541e+06	1.390000e+03	1.102951e+06	1.390000e+03	1.132641e+06	1.390000e+03	1.136979e+06	1.390000e+03	1.105516e+06	1.390000e+03	1.100575e+06
1.395000e+03	1.013695e+06	1.395000e+03	1.070870e+06	1.395000e+03	1.071768e+06	1.395000e+03	1.102874e+06	1.395000e+03	1.008397e+06	1.395000e+03	1.034299e+06	1.395000e+03	1.046105e+06	1.395000e+03	1.046958e+06	1.395000e+03	1.083376e+06	1.395000e+03	1.044431e+06	1.395000e+03	9.799280e+05	1.395000e+03	1.035842e+06	1.395000e+03	1.063620e+06	1.395000e+03	1.074338e+06	1.395000e+03	1.059808e+06	1.395000e+03	1.062020e+06	1.395000e+03	1.057232e+06	1.395000e+03	1.106769e+06	1.395000e+03	1.086843e+06	1.395000e+03	1.059514e+06	1.395000e+03	1.084010e+06	1.395000e+03	1.072104e+06	1.395000e+03	1.113204e+06	1.395000e+03	1.083661e+06	1.395000e+03	1.041969e+06	1.395000e+03	1.054658e+06	1.395000e+03	1.054445e+06	1.395000e+03	1.026484e+06	1.395000e+03	1.065151e+06	1.395000e+03	9.952430e+05	1.395000e+03	1.108957e+06	1.395000e+03	1.089540e+06	1.395000e+03	1.068094e+06	1.395000e+03	1.032374e+06	1.395000e+03	1.056281e+06	1.395000e+03	1.019196e+06	1.395000e+03	1.018570e+06	1.395000e+03	1.052130e+06	1.395000e+03	1.067379e+06	1.395000e+03	1.080651e+06	1.395000e+03	1.069797e+06	1.395000e+03	1.018034e+06	1.395000e+03	1.142442e+06	1.395000e+03	1.032910e+06	1.395000e+03	1.111912e+06	1.395000e+03	1.072148e+06	1.395000e+03	1.091521e+06	1.395000e+03	1.100827e+06	1.395000e+03	1.109272e+06	1.395000e+03	1.049539e+06	1.395000e+03	1.115341e+06	1.395000e+03	1.100341e+06	1.395000e+03	1.115354e+06	1.395000e+03	1.102633e+06	1.395000e+03	1.085947e+06	1.395000e+03	1.097321e+06	1.395000e+03	1.037000e+06	1.395000e+03	1.090154e+06	1.395000e+03	1.124484e+06	1.395000e+03	1.143618e+06	1.395000e+03	1.124506e+06	1.395000e+03	1.117151e+06
1.400000e+03	1.023162e+06	1.400000e+03	1.028759e+06	1.400000e+03	1.050505e+06	1.400000e+03	1.069460e+06	1.400000e+03	1.059181e+06	1.400000e+03	1.011490e+06	1.400000e+03	1.075382e+06	1.400000e+03	1.010252e+06	1.400000e+03	1.059182e+06	1.400000e+03	1.040004e+06	1.400000e+03	1.046600e+06	1.400000e+03	1.066535e+06	1.400000e+03	1.068572e+06	1.400000e+03	1.050765e+06	1.400000e+03	1.034976e+06	1.400000e+03	1.081247e+06	1.400000e+03	1.016617e+06	1.400000e+03	1.107283e+06	1.400000e+03	1.130319e+06	1.400000e+03	1.086882e+06	1.400000e+03	1.064122e+06	1.400000e+03	1.080514e+06	1.400000e+03	1.088826e+06	1.400000e+03	1.109490e+06	1.400000e+03	1.036551e+06	1.400000e+03	1.044295e+06	1.400000e+03	1.034569e+06	1.400000e+03	1.039139e+06	1.400000e+03	1.069710e+06	1.400000e+03	1.077262e+06	1.400000e+03	1.100079e+06	1.400000e+03	1.038325e+06	1.400000e+03	1.050486e+06	1.400000e+03	1.064796e+06	1.400000e+03	1.050332e+06	1.400000e+03	1.083331e+06	1.400000e+03	1.076543e+06	1.400000e+03	1.009950e+06	1.400000e+03	1.066069e+06	1.400000e+03	1.046526e+06	1.400000e+03	1.067157e+06	1.400000e+03	1.044666e+06	1.400000e+03	1.078650e+06	1.400000e+03	1.116477e+06	1.400000e+03	1.120352e+06	1.400000e+03	1.134873e+06	1.400000e+03	1.064381e+06	1.400000e+03	1.104603e+06	1.400000e+03	1.108934e+06	1.400000e+03	1.083416e+06	1.400000e+03	1.080145e+06	1.400000e+03	1.064458e+06	1.400000e+03	1.104608e+06	1.400000e+03	1.102235e+06	1.400000e+03	1.142672e+06	1.400000e+03	1.105367e+06	1.400000e+03	1.086331e+06	1.400000e+03	1.109675e+06	1.400000e+03	1.098722e+06	1.400000e+03	1.116536e+06	1.400000e+03	1.140853e+06	1.400000e+03	1.107305e+06
1.405000e+03	1.018454e+06	1.405000e+03	1.040149e+06	1.405000e+03	1.012538e+06	1.405000e+03	1.110593e+06	1.405000e+03	1.064551e+06	1.405000e+03	1.023171e+06	1.405000e+03	1.030786e+06	1.405000e+03	1.077329e+06	1.405000e+03	1.069187e+06	1.405000e+03	1.018915e+06	1.405000e+03	1.072864e+06	1.405000e+03	1.094712e+06	1.405000e+03	1.057196e+06	1.405000e+03	1.069214e+06	1.405000e+03	1.031261e+06	1.405000e+03	1.042413e+06	1.405000e+03	1.029457e+06	1.405000e+03	1.103121e+06	1.405000e+03	1.086928e+06	1.405000e+03	1.030962e+06	1.405000e+03	1.055629e+06	1.405000e+03	1.121687e+06	1.405000e+03	1.063996e+06	1.405000e+03	1.045903e+06	1.405000e+03	1.031272e+06	1.405000e+03	1.070668e+06	1.405000e+03	1.027229e+06	1.405000e+03	1.011663e+06	1.405000e+03	1.053120e+06	1.405000e+03	1.088542e+06	1.405000e+03	1.105247e+06	1.405000e+03	1.061536e+06	1.405000e+03	1.024676e+06	1.405000e+03	1.045739e+06	1.405000e+03	1.026008e+06	1.405000e+03	1.094770e+06	1.405000e+03	1.071642e+06	1.405000e+03	1.065439e+06	1.405000e+03	1.030017e+06	1.405000e+03	1.033432e+06	1.405000e+03	1.046107e+06	1.405000e+03	1.076661e+06	1.405000e+03	1.046723e+06	1.405000e+03	1.127686e+06	1.405000e+03	1.085462e+06	1.405000e+03	1.084708e+06	1.405000e+03	1.079901e+06	1.405000e+03	1.085562e+06	1.405000e+03	1.080398e+06	1.405000e+03	1.125834e+06	1.405000e+03	1.066265e+06	1.405000e+03	1.091978e+06	1.405000e+03	1.094533e+06	1.405000e+03	1.140336e+06	1.405000e+03	1.122505e+06	1.405000e+03	1.111428e+06	1.405000e+03	1.100175e+06	1.405000e+03	1.100125e+06	1.405000e+03	1.089993e+06	1.405000e+03	1.132569e+06	1.405000e+03	1.124710e+06	1.405000e+03	1.141119e+06
1.410000e+03	9.933800e+05	1.410000e+03	1.083702e+06	1.410000e+03	1.045562e+06	1.410000e+03	1.057341e+06	1.410000e+03	9.975690e+05	1.410000e+03	1.030009e+06	1.410000e+03	1.087626e+06	1.410000e+03	1.062696e+06	1.410000e+03	1.048946e+06	1.410000e+03	1.081098e+06	1.410000e+03	1.059390e+06	1.410000e+03	1.078047e+06	1.410000e+03	1.040275e+06	1.410000e+03	1.039221e+06	1.410000e+03	1.040868e+06	1.410000e+03	1.091518e+06	1.410000e+03	1.032473e+06	1.410000e+03	1.123318e+06	1.410000e+03	1.131062e+06	1.410000e+03	1.065354e+06	1.410000e+03	1.112501e+06	1.410000e+03	1.071521e+06	1.410000e+03	1.061083e+06	1.410000e+03	1.073408e+06	1.410000e+03	1.049210e+06	1.410000e+03	1.055940e+06	1.410000e+03	1.040456e+06	1.410000e+03	1.079769e+06	1.410000e+03	1.003900e+06	1.410000e+03	1.092031e+06	1.410000e+03	1.116041e+06	1.410000e+03	1.036745e+06	1.410000e+03	1.048868e+06	1.410000e+03	1.074541e+06	1.410000e+03	1.025939e+06	1.410000e+03	1.079449e+06	1.410000e+03	1.063555e+06	1.410000e+03	9.986410e+05	1.410000e+03	1.016998e+06	1.410000e+03	1.060833e+06	1.410000e+03	1.085990e+06	1.410000e+03	1.030964e+06	1.410000e+03	1.070022e+06	1.410000e+03	1.122463e+06	1.410000e+03	1.105751e+06	1.410000e+03	1.081431e+06	1.410000e+03	1.094616e+06	1.410000e+03	1.125334e+06	1.410000e+03	1.086678e+06	1.410000e+03	1.122558e+06	1.410000e+03	1.105173e+06	1.410000e+03	1.095563e+06	1.410000e+03	1.076028e+06	1.410000e+03	1.128379e+06	1.410000e+03	1.108890e+06	1.410000e+03	1.101916e+06	1.410000e+03	1.084691e+06	1.410000e+03	1.092285e+06	1.410000e+03	1.086467e+06	1.410000e+03	1.117840e+06	1.410000e+03	1.141134e+06	1.410000e+03	1.113608e+06
1.415000e+03	9.540720e+05	1.415000e+03	1.097771e+06	1.415000e+03	1.048967e+06	1.415000e+03	1.037869e+06	1.415000e+03	1.037005e+06	1.415000e+03	1.039796e+06	1.415000e+03	1.088274e+06	1.415000e+03	1.048167e+06	1.415000e+03	1.114703e+06	1.415000e+03	1.020682e+06	1.415000e+03	1.076448e+06	1.415000e+03	1.066315e+06	1.415000e+03	1.026492e+06	1.415000e+03	9.959050e+05	1.415000e+03	1.046678e+06	1.415000e+03	1.073534e+06	1.415000e+03	1.072870e+06	1.415000e+03	1.112378e+06	1.415000e+03	1.085463e+06	1.415000e+03	1.014657e+06	1.415000e+03	1.071854e+06	1.415000e+03	1.075771e+06	1.415000e+03	1.046618e+06	1.415000e+03	1.068486e+06	1.415000e+03	1.050234e+06	1.415000e+03	1.067814e+06	1.415000e+03	1.034279e+06	1.415000e+03	1.012234e+06	1.415000e+03	1.079722e+06	1.415000e+03	1.096622e+06	1.415000e+03	1.118019e+06	1.415000e+03	1.025848e+06	1.415000e+03	1.056452e+06	1.415000e+03	1.080112e+06	1.415000e+03	1.009463e+06	1.415000e+03	1.036840e+06	1.415000e+03	1.048410e+06	1.415000e+03	1.053878e+06	1.415000e+03	1.053893e+06	1.415000e+03	1.077299e+06	1.415000e+03	1.064052e+06	1.415000e+03	1.046131e+06	1.415000e+03	1.062561e+06	1.415000e+03	1.127915e+06	1.415000e+03	1.139329e+06	1.415000e+03	1.089487e+06	1.415000e+03	1.073940e+06	1.415000e+03	1.120084e+06	1.415000e+03	1.088893e+06	1.415000e+03	1.084562e+06	1.415000e+03	1.085528e+06	1.415000e+03	1.109037e+06	1.415000e+03	1.129403e+06	1.415000e+03	1.059823e+06	1.415000e+03	1.129103e+06	1.415000e+03	1.087462e+06	1.415000e+03	1.093028e+06	1.415000e+03	1.073753e+06	1.415000e+03	1.091425e+06	1.415000e+03	1.084122e+06	1.415000e+03	1.149756e+06	1.415000e+03	1.100658e+06
1.420000e+03	1.046917e+06	1.420000e+03	1.054405e+06	1.420000e+03	1.026458e+06	1.420000e+03	1.056960e+06	1.420000e+03	1.012835e+06	1.420000e+03	1.051808e+06	1.420000e+03	1.029585e+06	1.420000e+03	1.059405e+06	1.420000e+03	1.144149e+06	1.420000e+03	1.084488e+06	1.420000e+03	1.031891e+06	1.420000e+03	1.063812e+06	1.420000e+03	1.003392e+06	1.420000e+03	1.061078e+06	1.420000e+03	1.031458e+06	1.420000e+03	1.057884e+06	1.420000e+03	1.081962e+06	1.420000e+03	1.126177e+06	1.420000e+03	1.121129e+06	1.420000e+03	1.058532e+06	1.420000e+03	1.086692e+06	1.420000e+03	1.089539e+06	1.420000e+03	1.054170e+06	1.420000e+03	1.090636e+06	1.420000e+03	1.039815e+06	1.420000e+03	1.069538e+06	1.420000e+03	1.048999e+06	1.420000e+03	1.009360e+06	1.420000e+03	1.017728e+06	1.420000e+03	1.122032e+06	1.420000e+03	1.085681e+06	1.420000e+03	1.048121e+06	1.420000e+03	1.067662e+06	1.420000e+03	1.037791e+06	1.420000e+03	1.040893e+06	1.420000e+03	1.094372e+06	1.420000e+03	1.048976e+06	1.420000e+03	1.008106e+06	1.420000e+03	9.898080e+05	1.420000e+03	1.082740e+06	1.420000e+03	1.094939e+06	1.420000e+03	1.028323e+06	1.420000e+03	1.125428e+06	1.420000e+03	1.129289e+06	1.420000e+03	1.123044e+06	1.420000e+03	1.145879e+06	1.420000e+03	1.083275e+06	1.420000e+03	1.047340e+06	1.420000e+03	1.068163e+06	1.420000e+03	1.088440e+06	1.420000e+03	1.077957e+06	1.420000e+03	1.126615e+06	1.420000e+03	1.116192e+06	1.420000e+03	1.087624e+06	1.420000e+03	1.096726e+06	1.420000e+03	1.097597e+06	1.420000e+03	1.092909e+06	1.420000e+03	1.110861e+06	1.420000e+03	1.092755e+06	1.420000e+03	1.124510e+06	1.420000e+03	1.162890e+06	1.420000e+03	1.078435e+06
1.425000e+03	1.027864e+06	1.425000e+03	1.034881e+06	1.425000e+03	1.062447e+06	1.425000e+03	1.087432e+06	1.425000e+03	1.019226e+06	1.425000e+03	1.050300e+06	1.425000e+03	1.048749e+06	1.425000e+03	1.055396e+06	1.425000e+03	1.108191e+06	1.425000e+03	1.027212e+06	1.425000e+03	1.066742e+06	1.425000e+03	1.077956e+06	1.425000e+03	1.028006e+06	1.425000e+03	1.014579e+06	1.425000e+03	1.045972e+06	1.425000e+03	1.092230e+06	1.425000e+03	1.058762e+06	1.425000e+03	1.102396e+06	1.425000e+03	1.092488e+06	1.425000e+03	1.027848e+06	1.425000e+03	1.095996e+06	1.425000e+03	1.061060e+06	1.425000e+03	1.047890e+06	1.425000e+03	1.103506e+06	1.425000e+03	1.057167e+06	1.425000e+03	1.038749e+06	1.425000e+03	1.093937e+06	1.425000e+03	1.013771e+06	1.425000e+03	1.010441e+06	1.425000e+03	1.064027e+06	1.425000e+03	1.094300e+06	1.425000e+03	1.034471e+06	1.425000e+03	1.080499e+06	1.425000e+03	1.037651e+06	1.425000e+03	1.047484e+06	1.425000e+03	1.045595e+06	1.425000e+03	1.044182e+06	1.425000e+03	1.047531e+06	1.425000e+03	1.029522e+06	1.425000e+03	1.081788e+06	1.425000e+03	1.087221e+06	1.425000e+03	1.068409e+06	1.425000e+03	1.114986e+06	1.425000e+03	1.086001e+06	1.425000e+03	1.059431e+06	1.425000e+03	1.091381e+06	1.425000e+03	1.133676e+06	1.425000e+03	1.076351e+06	1.425000e+03	1.076516e+06	1.425000e+03	1.088126e+06	1.425000e+03	1.074266e+06	1.425000e+03	1.078296e+06	1.425000e+03	1.099658e+06	1.425000e+03	1.103826e+06	1.425000e+03	1.079015e+06	1.425000e+03	1.083074e+06	1.425000e+03	1.088367e+06	1.425000e+03	1.073645e+06	1.425000e+03	1.103341e+06	1.425000e+03	1.073651e+06	1.425000e+03	1.125816e+06	1.425000e+03	1.107663e+06
1.430000e+03	1.079648e+06	1.430000e+03	1.079170e+06	1.430000e+03	1.109969e+06	1.430000e+03	1.105035e+06	1.430000e+03	1.030078e+06	1.430000e+03	1.047465e+06	1.430000e+03	1.081926e+06	1.430000e+03	1.002860e+06	1.430000e+03	1.100337e+06	1.430000e+03	1.143444e+06	1.430000e+03	1.110981e+06	1.430000e+03	1.041252e+06	1.430000e+03	1.023456e+06	1.430000e+03	1.082262e+06	1.430000e+03	1.055376e+06	1.430000e+03	1.074324e+06	1.430000e+03	1.018332e+06	1.430000e+03	1.053691e+06	1.430000e+03	1.074828e+06	1.430000e+03	1.030536e+06	1.430000e+03	1.116504e+06	1.430000e+03	1.108754e+06	1.430000e+03	1.027184e+06	1.430000e+03	1.094968e+06	1.430000e+03	1.059844e+06	1.430000e+03	1.030067e+06	1.430000e+03	1.046188e+06	1.430000e+03	1.027113e+06	1.430000e+03	1.022146e+06	1.430000e+03	1.087693e+06	1.430000e+03	1.082371e+06	1.430000e+03	1.076510e+06	1.430000e+03	1.052030e+06	1.430000e+03	1.049305e+06	1.430000e+03	1.027302e+06	1.430000e+03	1.045774e+06	1.430000e+03	1.077901e+06	1.430000e+03	9.980140e+05	1.430000e+03	1.065355e+06	1.430000e+03	1.078322e+06	1.430000e+03	1.043451e+06	1.430000e+03	1.042661e+06	1.430000e+03	1.054151e+06	1.430000e+03	1.121086e+06	1.430000e+03	1.103862e+06	1.430000e+03	1.098333e+06	1.430000e+03	1.139240e+06	1.430000e+03	1.122060e+06	1.430000e+03	1.111240e+06	1.430000e+03	1.118673e+06	1.430000e+03	1.077577e+06	1.430000e+03	1.097447e+06	1.430000e+03	1.112069e+06	1.430000e+03	1.090123e+06	1.430000e+03	1.079461e+06	1.430000e+03	1.095065e+06	1.430000e+03	1.069173e+06	1.430000e+03	1.100295e+06	1.430000e+03	1.116421e+06	1.430000e+03	1.104878e+06	1.430000e+03	1.146534e+06	1.430000e+03	1.099044e+06
1.435000e+03	9.544080e+05	1.435000e+03	1.059532e+06	1.435000e+03	1.043129e+06	1.435000e+03	1.080963e+06	1.435000e+03	1.042779e+06	1.435000e+03	1.015264e+06	1.435000e+03	1.077398e+06	1.435000e+03	1.002727e+06	1.435000e+03	1.067114e+06	1.435000e+03	1.018968e+06	1.435000e+03	1.043146e+06	1.435000e+03	1.041447e+06	1.435000e+03	1.073451e+06	1.435000e+03	1.019440e+06	1.435000e+03	1.036604e+06	1.435000e+03	1.055462e+06	1.435000e+03	1.026531e+06	1.435000e+03	1.104361e+06	1.435000e+03	1.118924e+06	1.435000e+03	1.019648e+06	1.435000e+03	1.117832e+06	1.435000e+03	1.052001e+06	1.435000e+03	1.082466e+06	1.435000e+03	1.068237e+06	1.435000e+03	1.028536e+06	1.435000e+03	1.005213e+06	1.435000e+03	1.020528e+06	1.435000e+03	1.080679e+06	1.435000e+03	1.095200e+06	1.435000e+03	1.058383e+06	1.435000e+03	1.115391e+06	1.435000e+03	1.062427e+06	1.435000e+03	1.067548e+06	1.435000e+03	1.027156e+06	1.435000e+03	1.023803e+06	1.435000e+03	1.086059e+06	1.435000e+03	1.039586e+06	1.435000e+03	9.898910e+05	1.435000e+03	1.050891e+06	1.435000e+03	1.057908e+06	1.435000e+03	1.078179e+06	1.435000e+03	1.044283e+06	1.435000e+03	1.078031e+06	1.435000e+03	1.096705e+06	1.435000e+03	1.108475e+06	1.435000e+03	1.092296e+06	1.435000e+03	1.088770e+06	1.435000e+03	1.082347e+06	1.435000e+03	1.113797e+06	1.435000e+03	1.060922e+06	1.435000e+03	1.086156e+06	1.435000e+03	1.096039e+06	1.435000e+03	1.114027e+06	1.435000e+03	1.112960e+06	1.435000e+03	1.069566e+06	1.435000e+03	1.110004e+06	1.435000e+03	1.100570e+06	1.435000e+03	1.097372e+06	1.435000e+03	1.080608e+06	1.435000e+03	1.083781e+06	1.435000e+03	1.057869e+06	1.435000e+03	1.118885e+06
1.440000e+03	1.034262e+06	1.440000e+03	1.080275e+06	1.440000e+03	1.069859e+06	1.440000e+03	1.065923e+06	1.440000e+03	1.008292e+06	1.440000e+03	1.055374e+06	1.440000e+03	1.047229e+06	1.440000e+03	1.014440e+06	1.440000e+03	1.123987e+06	1.440000e+03	1.048605e+06	1.440000e+03	1.091369e+06	1.440000e+03	1.028382e+06	1.440000e+03	1.047104e+06	1.440000e+03	1.039212e+06	1.440000e+03	1.045895e+06	1.440000e+03	1.044383e+06	1.440000e+03	1.005127e+06	1.440000e+03	1.103620e+06	1.440000e+03	1.105223e+06	1.440000e+03	1.034075e+06	1.440000e+03	1.112182e+06	1.440000e+03	1.132962e+06	1.440000e+03	1.053813e+06	1.440000e+03	1.104177e+06	1.440000e+03	1.038686e+06	1.440000e+03	1.056029e+06	1.440000e+03	1.052379e+06	1.440000e+03	1.005894e+06	1.440000e+03	1.015192e+06	1.440000e+03	1.065730e+06	1.440000e+03	1.111419e+06	1.440000e+03	1.060641e+06	1.440000e+03	1.089561e+06	1.440000e+03	1.036319e+06	1.440000e+03	1.073156e+06	1.440000e+03	1.092795e+06	1.440000e+03	1.049479e+06	1.440000e+03	1.013140e+06	1.440000e+03	1.004088e+06	1.440000e+03	1.073473e+06	1.440000e+03	1.058838e+06	1.440000e+03	1.063975e+06	1.440000e+03	1.117070e+06	1.440000e+03	1.083149e+06	1.440000e+03	1.091385e+06	1.440000e+03	1.093800e+06	1.440000e+03	1.094722e+06	1.440000e+03	1.057883e+06	1.440000e+03	1.130272e+06	1.440000e+03	1.076769e+06	1.440000e+03	1.053013e+06	1.440000e+03	1.081970e+06	1.440000e+03	1.087729e+06	1.440000e+03	1.125096e+06	1.440000e+03	1.136113e+06	1.440000e+03	1.067290e+06	1.440000e+03	1.096943e+06	1.440000e+03	1.087138e+06	1.440000e+03	1.106191e+06	1.440000e+03	1.098029e+06	1.440000e+03	1.144227e+06	1.440000e+03	1.120726e+06
1.445000e+03	1.041391e+06	1.445000e+03	1.065737e+06	1.445000e+03	1.098676e+06	1.445000e+03	1.079791e+06	1.445000e+03	1.072070e+06	1.445000e+03	1.051459e+06	1.445000e+03	1.032943e+06	1.445000e+03	1.029729e+06	1.445000e+03	1.109743e+06	1.445000e+03	1.026807e+06	1.445000e+03	1.059918e+06	1.445000e+03	1.077316e+06	1.445000e+03	1.019006e+06	1.445000e+03	1.073651e+06	1.445000e+03	1.024119e+06	1.445000e+03	1.079696e+06	1.445000e+03	1.017680e+06	1.445000e+03	1.059178e+06	1.445000e+03	1.096558e+06	1.445000e+03	1.038071e+06	1.445000e+03	1.102770e+06	1.445000e+03	1.059973e+06	1.445000e+03	1.058883e+06	1.445000e+03	1.087103e+06	1.445000e+03	1.035633e+06	1.445000e+03	1.032565e+06	1.445000e+03	1.016361e+06	1.445000e+03	1.031887e+06	1.445000e+03	1.053761e+06	1.445000e+03	1.060934e+06	1.445000e+03	1.082590e+06	1.445000e+03	1.036352e+06	1.445000e+03	1.027883e+06	1.445000e+03	1.075913e+06	1.445000e+03	1.048794e+06	1.445000e+03	1.043081e+06	1.445000e+03	1.047090e+06	1.445000e+03	1.011716e+06	1.445000e+03	1.042798e+06	1.445000e+03	1.070046e+06	1.445000e+03	1.089667e+06	1.445000e+03	1.070316e+06	1.445000e+03	1.110977e+06	1.445000e+03	1.091699e+06	1.445000e+03	1.081144e+06	1.445000e+03	1.054585e+06	1.445000e+03	1.118729e+06	1.445000e+03	1.159361e+06	1.445000e+03	1.107579e+06	1.445000e+03	1.107287e+06	1.445000e+03	1.091697e+06	1.445000e+03	1.093222e+06	1.445000e+03	1.071011e+06	1.445000e+03	1.065268e+06	1.445000e+03	1.101886e+06	1.445000e+03	1.072929e+06	1.445000e+03	1.097127e+06	1.445000e+03	1.097037e+06	1.445000e+03	1.104679e+06	1.445000e+03	1.113108e+06	1.445000e+03	1.119919e+06	1.445000e+03	1.098819e+06
1.450000e+03	1.014744e+06	1.450000e+03	1.062384e+06	1.450000e+03	1.056717e+06	1.450000e+03	1.088347e+06	1.450000e+03	1.064713e+06	1.450000e+03	9.874980e+05	1.450000e+03	1.084465e+06	1.450000e+03	9.973770e+05	1.450000e+03	1.109388e+06	1.450000e+03	1.116574e+06	1.450000e+03	1.032260e+06	1.450000e+03	1.072565e+06	1.450000e+03	1.036608e+06	1.450000e+03	1.032734e+06	1.450000e+03	1.044064e+06	1.450000e+03	1.067913e+06	1.450000e+03	1.024059e+06	1.450000e+03	1.036793e+06	1.450000e+03	1.079589e+06	1.450000e+03	1.066519e+06	1.450000e+03	1.043489e+06	1.450000e+03	1.098307e+06	1.450000e+03	1.065815e+06	1.450000e+03	1.043175e+06	1.450000e+03	1.047005e+06	1.450000e+03	1.038128e+06	1.450000e+03	9.882800e+05	1.450000e+03	1.018653e+06	1.450000e+03	1.015210e+06	1.450000e+03	1.067313e+06	1.450000e+03	1.073015e+06	1.450000e+03	1.022651e+06	1.450000e+03	1.067757e+06	1.450000e+03	1.051125e+06	1.450000e+03	1.048064e+06	1.450000e+03	1.063709e+06	1.450000e+03	1.080010e+06	1.450000e+03	1.045747e+06	1.450000e+03	1.014937e+06	1.450000e+03	1.079611e+06	1.450000e+03	1.076246e+06	1.450000e+03	1.036358e+06	1.450000e+03	1.129615e+06	1.450000e+03	1.028147e+06	1.450000e+03	1.083533e+06	1.450000e+03	1.076783e+06	1.450000e+03	1.114314e+06	1.450000e+03	1.086577e+06	1.450000e+03	1.126731e+06	1.450000e+03	1.121317e+06	1.450000e+03	1.058383e+06	1.450000e+03	1.075214e+06	1.450000e+03	1.131247e+06	1.450000e+03	1.114429e+06	1.450000e+03	1.072235e+06	1.450000e+03	1.121700e+06	1.450000e+03	1.097208e+06	1.450000e+03	1.089250e+06	1.450000e+03	1.123421e+06	1.450000e+03	1.071184e+06	1.450000e+03	1.079509e+06	1.450000e+03	1.125158e+06
1.455000e+03	9.994100e+05	1.455000e+03	1.044886e+06	1.455000e+03	1.100652e+06	1.455000e+03	1.058470e+06	1.455000e+03	1.028375e+06	1.455000e+03	1.008989e+06	1.455000e+03	1.056731e+06	1.455000e+03	1.008132e+06	1.455000e+03	1.076594e+06	1.455000e+03	1.137332e+06	1.455000e+03	1.101275e+06	1.455000e+03	1.068463e+06	1.455000e+03	1.063437e+06	1.455000e+03	1.058552e+06	1.455000e+03	1.049256e+06	1.455000e+03	1.069089e+06	1.455000e+03	1.035939e+06	1.455000e+03	1.113890e+06	1.455000e+03	1.059471e+06	1.455000e+03	1.029935e+06	1.455000e+03	1.090292e+06	1.455000e+03	1.068168e+06	1.455000e+03	1.077614e+06	1.455000e+03	1.094978e+06	1.455000e+03	1.043068e+06	1.455000e+03	1.057576e+06	1.455000e+03	1.069414e+06	1.455000e+03	1.051139e+06	1.455000e+03	1.049269e+06	1.455000e+03	1.050464e+06	1.455000e+03	1.059506e+06	1.455000e+03	1.062871e+06	1.455000e+03	1.083258e+06	1.455000e+03	1.085573e+06	1.455000e+03	1.026015e+06	1.455000e+03	1.072234e+06	1.455000e+03	1.053272e+06	1.455000e+03	1.049315e+06	1.455000e+03	1.037447e+06	1.455000e+03	1.064019e+06	1.455000e+03	1.083409e+06	1.455000e+03	1.010449e+06	1.455000e+03	1.093356e+06	1.455000e+03	1.088434e+06	1.455000e+03	1.113392e+06	1.455000e+03	1.144639e+06	1.455000e+03	1.099639e+06	1.455000e+03	1.113467e+06	1.455000e+03	1.130806e+06	1.455000e+03	1.110584e+06	1.455000e+03	1.060483e+06	1.455000e+03	1.115005e+06	1.455000e+03	1.092385e+06	1.455000e+03	1.133031e+06	1.455000e+03	1.082509e+06	1.455000e+03	1.120403e+06	1.455000e+03	1.114992e+06	1.455000e+03	1.097154e+06	1.455000e+03	1.103907e+06	1.455000e+03	1.118887e+06	1.455000e+03	1.111018e+06	1.455000e+03	1.065433e+06
1.460000e+03	1.010359e+06	1.460000e+03	1.055311e+06	1.460000e+03	1.055641e+06	1.460000e+03	1.083472e+06	1.460000e+03	1.037516e+06	1.460000e+03	1.063037e+06	1.460000e+03	1.060848e+06	1.460000e+03	1.060419e+06	1.460000e+03	1.106285e+06	1.460000e+03	1.043960e+06	1.460000e+03	1.061959e+06	1.460000e+03	1.049660e+06	1.460000e+03	1.055442e+06	1.460000e+03	1.024608e+06	1.460000e+03	1.071654e+06	1.460000e+03	1.032070e+06	1.460000e+03	1.037468e+06	1.460000e+03	1.058404e+06	1.460000e+03	1.128107e+06	1.460000e+03	1.053636e+06	1.460000e+03	1.085239e+06	1.460000e+03	1.083877e+06	1.460000e+03	1.069318e+06	1.460000e+03	1.037365e+06	1.460000e+03	1.044970e+06	1.460000e+03	1.042821e+06	1.460000e+03	1.010677e+06	1.460000e+03	1.054593e+06	1.460000e+03	1.011053e+06	1.460000e+03	1.041454e+06	1.460000e+03	1.103583e+06	1.460000e+03	1.040526e+06	1.460000e+03	1.027608e+06	1.460000e+03	1.060604e+06	1.460000e+03	1.059803e+06	1.460000e+03	1.042730e+06	1.460000e+03	1.057708e+06	1.460000e+03	1.058092e+06	1.460000e+03	1.013846e+06	1.460000e+03	1.075382e+06	1.460000e+03	1.020298e+06	1.460000e+03	1.020791e+06	1.460000e+03	1.112048e+06	1.460000e+03	1.114517e+06	1.460000e+03	1.087207e+06	1.460000e+03	1.099247e+06	1.460000e+03	1.097552e+06	1.460000e+03	1.064594e+06	1.460000e+03	1.091433e+06	1.460000e+03	1.067173e+06	1.460000e+03	1.073213e+06	1.460000e+03	1.095440e+06	1.460000e+03	1.052827e+06	1.460000e+03	1.136852e+06	1.460000e+03	1.110140e+06	1.460000e+03	1.074890e+06	1.460000e+03	1.083878e+06	1.460000e+03	1.072742e+06	1.460000e+03	1.120404e+06	1.460000e+03	1.103509e+06	1.460000e+03	1.107847e+06	1.460000e+03	1.099530e+06
1.465000e+03	1.058237e+06	1.465000e+03	1.037059e+06	1.465000e+03	1.079272e+06	1.465000e+03	1.063184e+06	1.465000e+03	1.054222e+06	1.465000e+03	1.062673e+06	1.465000e+03	1.058838e+06	1.465000e+03	1.040702e+06	1.465000e+03	1.099073e+06	1.465000e+03	1.134552e+06	1.465000e+03	9.912020e+05	1.465000e+03	1.063580e+06	1.465000e+03	1.041415e+06	1.465000e+03	1.073027e+06	1.465000e+03	1.032563e+06	1.465000e+03	1.047324e+06	1.465000e+03	1.073879e+06	1.465000e+03	1.106552e+06	1.465000e+03	1.105165e+06	1.465000e+03	1.021778e+06	1.465000e+03	1.061343e+06	1.465000e+03	1.041964e+06	1.465000e+03	1.072649e+06	1.465000e+03	1.130204e+06	1.465000e+03	1.012260e+06	1.465000e+03	1.053758e+06	1.465000e+03	1.019506e+06	1.465000e+03	1.032679e+06	1.465000e+03	1.064601e+06	1.465000e+03	1.007646e+06	1.465000e+03	1.100313e+06	1.465000e+03	1.033095e+06	1.465000e+03	1.092203e+06	1.465000e+03	1.033631e+06	1.465000e+03	1.024181e+06	1.465000e+03	1.080127e+06	1.465000e+03	1.035939e+06	1.465000e+03	1.019839e+06	1.465000e+03	1.027649e+06	1.465000e+03	1.067120e+06	1.465000e+03	1.086044e+06	1.465000e+03	1.062595e+06	1.465000e+03	1.141714e+06	1.465000e+03	1.086018e+06	1.465000e+03	1.062318e+06	1.465000e+03	1.092902e+06	1.465000e+03	1.135214e+06	1.465000e+03	1.047779e+06	1.465000e+03	1.091821e+06	1.465000e+03	1.088525e+06	1.465000e+03	1.095541e+06	1.465000e+03	1.097450e+06	1.465000e+03	1.116630e+06	1.465000e+03	1.107801e+06	1.465000e+03	1.117156e+06	1.465000e+03	1.100991e+06	1.465000e+03	1.053775e+06	1.465000e+03	1.124251e+06	1.465000e+03	1.100963e+06	1.465000e+03	1.077444e+06	1.465000e+03	1.146217e+06	1.465000e+03	1.151008e+06
1.470000e+03	1.045939e+06	1.470000e+03	1.034409e+06	1.470000e+03	1.103101e+06	1.470000e+03	1.094429e+06	1.470000e+03	1.020334e+06	1.470000e+03	1.016804e+06	1.470000e+03	1.013453e+06	1.470000e+03	1.078176e+06	1.470000e+03	1.116584e+06	1.470000e+03	1.052008e+06	1.470000e+03	1.104464e+06	1.470000e+03	1.055622e+06	1.470000e+03	1.043707e+06	1.470000e+03	1.079435e+06	1.470000e+03	1.044342e+06	1.470000e+03	1.080262e+06	1.470000e+03	1.063959e+06	1.470000e+03	1.121145e+06	1.470000e+03	1.129430e+06	1.470000e+03	1.042500e+06	1.470000e+03	1.098557e+06	1.470000e+03	1.086839e+06	1.470000e+03	1.027202e+06	1.470000e+03	1.052631e+06	1.470000e+03	1.055401e+06	1.470000e+03	1.023543e+06	1.470000e+03	1.047254e+06	1.470000e+03	1.045074e+06	1.470000e+03	1.010807e+06	1.470000e+03	1.042526e+06	1.470000e+03	1.100142e+06	1.470000e+03	1.060339e+06	1.470000e+03	1.045892e+06	1.470000e+03	1.032770e+06	1.470000e+03	1.063941e+06	1.470000e+03	1.054504e+06	1.470000e+03	1.011706e+06	1.470000e+03	1.076783e+06	1.470000e+03	1.050891e+06	1.470000e+03	1.094729e+06	1.470000e+03	1.102914e+06	1.470000e+03	1.063584e+06	1.470000e+03	1.101023e+06	1.470000e+03	1.099955e+06	1.470000e+03	1.111567e+06	1.470000e+03	1.089768e+06	1.470000e+03	1.112303e+06	1.470000e+03	1.130632e+06	1.470000e+03	1.131560e+06	1.470000e+03	1.111346e+06	1.470000e+03	1.060998e+06	1.470000e+03	1.093204e+06	1.470000e+03	1.100726e+06	1.470000e+03	1.083262e+06	1.470000e+03	1.066060e+06	1.470000e+03	1.105130e+06	1.470000e+03	1.072842e+06	1.470000e+03	1.120380e+06	1.470000e+03	1.091118e+06	1.470000e+03	1.135621e+06	1.470000e+03	1.126483e+06	1.470000e+03	1.122191e+06
1.475000e+03	1.020861e+06	1.475000e+03	1.063694e+06	1.475000e+03	1.062513e+06	1.475000e+03	1.089407e+06	1.475000e+03	1.036896e+06	1.475000e+03	1.011610e+06	1.475000e+03	1.032648e+06	1.475000e+03	1.069479e+06	1.475000e+03	1.121741e+06	1.475000e+03	1.062545e+06	1.475000e+03	1.069802e+06	1.475000e+03	1.069266e+06	1.475000e+03	1.023401e+06	1.475000e+03	1.025542e+06	1.475000e+03	1.058578e+06	1.475000e+03	1.061652e+06	1.475000e+03	1.057139e+06	1.475000e+03	1.076301e+06	1.475000e+03	1.109470e+06	1.475000e+03	1.039788e+06	1.475000e+03	1.082036e+06	1.475000e+03	1.067718e+06	1.475000e+03	1.072861e+06	1.475000e+03	1.087823e+06	1.475000e+03	1.048980e+06	1.475000e+03	1.078035e+06	1.475000e+03	1.043168e+06	1.475000e+03	1.040317e+06	1.475000e+03	1.005166e+06	1.475000e+03	1.036250e+06	1.475000e+03	1.083108e+06	1.475000e+03	1.075817e+06	1.475000e+03	1.042788e+06	1.475000e+03	1.039452e+06	1.475000e+03	1.008676e+06	1.475000e+03	1.042898e+06	1.475000e+03	1.029745e+06	1.475000e+03	1.002516e+06	1.475000e+03	1.016609e+06	1.475000e+03	1.070323e+06	1.475000e+03	1.070308e+06	1.475000e+03	1.083608e+06	1.475000e+03	1.106041e+06	1.475000e+03	1.135382e+06	1.475000e+03	1.103281e+06	1.475000e+03	1.052709e+06	1.475000e+03	1.104899e+06	1.475000e+03	1.059388e+06	1.475000e+03	1.140883e+06	1.475000e+03	1.101731e+06	1.475000e+03	1.119242e+06	1.475000e+03	1.101437e+06	1.475000e+03	1.060907e+06	1.475000e+03	1.107488e+06	1.475000e+03	1.090971e+06	1.475000e+03	1.113846e+06	1.475000e+03	1.075357e+06	1.475000e+03	1.070659e+06	1.475000e+03	1.082695e+06	1.475000e+03	1.137235e+06	1.475000e+03	1.162862e+06	1.475000e+03	1.099863e+06
1.480000e+03	1.009002e+06	1.480000e+03	1.036025e+06	1.480000e+03	1.036921e+06	1.480000e+03	1.120326e+06	1.480000e+03	1.028881e+06	1.480000e+03	1.048212e+06	1.480000e+03	1.016330e+06	1.480000e+03	1.057065e+06	1.480000e+03	1.079512e+06	1.480000e+03	1.142063e+06	1.480000e+03	1.060163e+06	1.480000e+03	1.072398e+06	1.480000e+03	1.060785e+06	1.480000e+03	1.075457e+06	1.480000e+03	1.059628e+06	1.480000e+03	1.059643e+06	1.480000e+03	1.060438e+06	1.480000e+03	1.072432e+06	1.480000e+03	1.094096e+06	1.480000e+03	1.062803e+06	1.480000e+03	1.093739e+06	1.480000e+03	1.046761e+06	1.480000e+03	1.055981e+06	1.480000e+03	1.063881e+06	1.480000e+03	1.025492e+06	1.480000e+03	1.034189e+06	1.480000e+03	9.961850e+05	1.480000e+03	1.043928e+06	1.480000e+03	1.009090e+06	1.480000e+03	1.087632e+06	1.480000e+03	1.083191e+06	1.480000e+03	1.008707e+06	1.480000e+03	1.075448e+06	1.480000e+03	1.050760e+06	1.480000e+03	1.055032e+06	1.480000e+03	1.080569e+06	1.480000e+03	1.006596e+06	1.480000e+03	1.022219e+06	1.480000e+03	1.037434e+06	1.480000e+03	1.092218e+06	1.480000e+03	1.066562e+06	1.480000e+03	1.062295e+06	1.480000e+03	1.119846e+06	1.480000e+03	1.103456e+06	1.480000e+03	1.114143e+06	1.480000e+03	1.095666e+06	1.480000e+03	1.093292e+06	1.480000e+03	1.105425e+06	1.480000e+03	1.079037e+06	1.480000e+03	1.048791e+06	1.480000e+03	1.063034e+06	1.480000e+03	1.085009e+06	1.480000e+03	1.067892e+06	1.480000e+03	1.114051e+06	1.480000e+03	1.074852e+06	1.480000e+03	1.106089e+06	1.480000e+03	1.086217e+06	1.480000e+03	1.111859e+06	1.480000e+03	1.121541e+06	1.480000e+03	1.137789e+06	1.480000e+03	1.076368e+06	1.480000e+03	1.105343e+06
1.485000e+03	1.047032e+06	1.485000e+03	1.072591e+06	1.485000e+03	1.092905e+06	1.485000e+03	1.078017e+06	1.485000e+03	1.015489e+06	1.485000e+03	1.045448e+06	1.485000e+03	1.071278e+06	1.485000e+03	1.067919e+06	1.485000e+03	1.137116e+06	1.485000e+03	1.116251e+06	1.485000e+03	1.034275e+06	1.485000e+03	1.026997e+06	1.485000e+03	1.040168e+06	1.485000e+03	1.064657e+06	1.485000e+03	1.021971e+06	1.485000e+03	1.081240e+06	1.485000e+03	1.051033e+06	1.485000e+03	1.085896e+06	1.485000e+03	1.078474e+06	1.485000e+03	1.068790e+06	1.485000e+03	1.058562e+06	1.485000e+03	1.060316e+06	1.485000e+03	1.114136e+06	1.485000e+03	1.088566e+06	1.485000e+03	1.049402e+06	1.485000e+03	9.958170e+05	1.485000e+03	1.061981e+06	1.485000e+03	1.057622e+06	1.485000e+03	1.015176e+06	1.485000e+03	1.043127e+06	1.485000e+03	1.110035e+06	1.485000e+03	1.063345e+06	1.485000e+03	1.012693e+06	1.485000e+03	1.008943e+06	1.485000e+03	1.040774e+06	1.485000e+03	1.063850e+06	1.485000e+03	1.082504e+06	1.485000e+03	1.032291e+06	1.485000e+03	1.067228e+06	1.485000e+03	1.066554e+06	1.485000e+03	1.043117e+06	1.485000e+03	1.075725e+06	1.485000e+03	1.093312e+06	1.485000e+03	1.114426e+06	1.485000e+03	1.127069e+06	1.485000e+03	1.057068e+06	1.485000e+03	1.086991e+06	1.485000e+03	1.108913e+06	1.485000e+03	1.114093e+06	1.485000e+03	1.065054e+06	1.485000e+03	1.073692e+06	1.485000e+03	1.120371e+06	1.485000e+03	1.090177e+06	1.485000e+03	1.097690e+06	1.485000e+03	1.120880e+06	1.485000e+03	1.115532e+06	1.485000e+03	1.091026e+06	1.485000e+03	1.122265e+06	1.485000e+03	1.099574e+06	1.485000e+03	1.077160e+06	1.485000e+03	1.101818e+06	1.485000e+03	1.099463e+06
1.490000e+03	1.031495e+06	1.490000e+03	1.094675e+06	1.490000e+03	1.073511e+06	1.490000e+03	1.113545e+06	1.490000e+03	1.005230e+06	1.490000e+03	1.035764e+06	1.490000e+03	1.004510e+06	1.490000e+03	1.017488e+06	1.490000e+03	1.039687e+06	1.490000e+03	1.134006e+06	1.490000e+03	1.090739e+06	1.490000e+03	1.088980e+06	1.490000e+03	1.037398e+06	1.490000e+03	1.058566e+06	1.490000e+03	1.037390e+06	1.490000e+03	1.064446e+06	1.490000e+03	1.059603e+06	1.490000e+03	1.040847e+06	1.490000e+03	1.121719e+06	1.490000e+03	1.087010e+06	1.490000e+03	1.054015e+06	1.490000e+03	1.096045e+06	1.490000e+03	1.084830e+06	1.490000e+03	1.085138e+06	1.490000e+03	1.072256e+06	1.490000e+03	1.013172e+06	1.490000e+03	1.076108e+06	1.490000e+03	1.053378e+06	1.490000e+03	1.047042e+06	1.490000e+03	1.076934e+06	1.490000e+03	1.123682e+06	1.490000e+03	1.067138e+06	1.490000e+03	1.038330e+06	1.490000e+03	1.040414e+06	1.490000e+03	1.063105e+06	1.490000e+03	1.095144e+06	1.490000e+03	1.000561e+06	1.490000e+03	1.040455e+06	1.490000e+03	1.000673e+06	1.490000e+03	1.044638e+06	1.490000e+03	1.065920e+06	1.490000e+03	1.057475e+06	1.490000e+03	1.052956e+06	1.490000e+03	1.146665e+06	1.490000e+03	1.085275e+06	1.490000e+03	1.091446e+06	1.490000e+03	1.079551e+06	1.490000e+03	1.086747e+06	1.490000e+03	1.080915e+06	1.490000e+03	1.102294e+06	1.490000e+03	1.039227e+06	1.490000e+03	1.083120e+06	1.490000e+03	1.121240e+06	1.490000e+03	1.096064e+06	1.490000e+03	1.137273e+06	1.490000e+03	1.092635e+06	1.490000e+03	1.037981e+06	1.490000e+03	1.102752e+06	1.490000e+03	1.093045e+06	1.490000e+03	1.120182e+06	1.490000e+03	1.119326e+06	1.490000e+03	1.105821e+06
1.495000e+03	1.024507e+06	1.495000e+03	1.015424e+06	1.495000e+03	1.066377e+06	1.495000e+03	1.099219e+06	1.495000e+03	1.051576e+06	1.495000e+03	1.039883e+06	1.495000e+03	1.039759e+06	1.495000e+03	1.013553e+06	1.495000e+03	1.072504e+06	1.495000e+03	1.033743e+06	1.495000e+03	1.002600e+06	1.495000e+03	1.048089e+06	1.495000e+03	1.034444e+06	1.495000e+03	1.069061e+06	1.495000e+03	1.045124e+06	1.495000e+03	1.035551e+06	1.495000e+03	1.061234e+06	1.495000e+03	1.126295e+06	1.495000e+03	1.124273e+06	1.495000e+03	1.030198e+06	1.495000e+03	1.112981e+06	1.495000e+03	1.106554e+06	1.495000e+03	1.083262e+06	1.495000e+03	1.104440e+06	1.495000e+03	1.092097e+06	1.495000e+03	1.016657e+06	1.495000e+03	1.065931e+06	1.495000e+03	1.030849e+06	1.495000e+03	1.022913e+06	1.495000e+03	1.083129e+06	1.495000e+03	1.123760e+06	1.495000e+03	1.067025e+06	1.495000e+03	1.065907e+06	1.495000e+03	1.034311e+06	1.495000e+03	1.057399e+06	1.495000e+03	1.074063e+06	1.495000e+03	1.098604e+06	1.495000e+03	1.029213e+06	1.495000e+03	1.039970e+06	1.495000e+03	1.100943e+06	1.495000e+03	1.036077e+06	1.495000e+03	1.089744e+06	1.495000e+03	1.091683e+06	1.495000e+03	1.114010e+06	1.495000e+03	1.113754e+06	1.495000e+03	1.053375e+06	1.495000e+03	1.099684e+06	1.495000e+03	1.075631e+06	1.495000e+03	1.084122e+06	1.495000e+03	1.081541e+06	1.495000e+03	1.077319e+06	1.495000e+03	1.107365e+06	1.495000e+03	1.125540e+06	1.495000e+03	1.082959e+06	1.495000e+03	1.091417e+06	1.495000e+03	1.104221e+06	1.495000e+03	1.093830e+06	1.495000e+03	1.106042e+06	1.495000e+03	1.084261e+06	1.495000e+03	1.138322e+06	1.495000e+03	1.135036e+06	1.495000e+03	1.131200e+06
1.500000e+03	9.490300e+05	1.500000e+03	1.023647e+06	1.500000e+03	1.086860e+06	1.500000e+03	1.076333e+06	1.500000e+03	1.078020e+06	1.500000e+03	1.009491e+06	1.500000e+03	1.031932e+06	1.500000e+03	1.020859e+06	1.500000e+03	1.105915e+06	1.500000e+03	1.149202e+06	1.500000e+03	1.013784e+06	1.500000e+03	1.071722e+06	1.500000e+03	1.048644e+06	1.500000e+03	1.076317e+06	1.500000e+03	1.003840e+06	1.500000e+03	1.075813e+06	1.500000e+03	1.064056e+06	1.500000e+03	1.081436e+06	1.500000e+03	1.093851e+06	1.500000e+03	1.039157e+06	1.500000e+03	1.122488e+06	1.500000e+03	1.090680e+06	1.500000e+03	1.119370e+06	1.500000e+03	1.061980e+06	1.500000e+03	1.042696e+06	1.500000e+03	1.016973e+06	1.500000e+03	1.057891e+06	1.500000e+03	1.058044e+06	1.500000e+03	1.017090e+06	1.500000e+03	1.066662e+06	1.500000e+03	1.107201e+06	1.500000e+03	1.019571e+06	1.500000e+03	1.041868e+06	1.500000e+03	1.039514e+06	1.500000e+03	1.023802e+06	1.500000e+03	1.085160e+06	1.500000e+03	1.087279e+06	1.500000e+03	1.038735e+06	1.500000e+03	1.016625e+06	1.500000e+03	1.075839e+06	1.500000e+03	1.059747e+06	1.500000e+03	1.048529e+06	1.500000e+03	1.130657e+06	1.500000e+03	1.061310e+06	1.500000e+03	1.089308e+06	1.500000e+03	1.111396e+06	1.500000e+03	1.064558e+06	1.500000e+03	1.105699e+06	1.500000e+03	1.096576e+06	1.500000e+03	1.110493e+06	1.500000e+03	1.068715e+06	1.500000e+03	1.071520e+06	1.500000e+03	1.125858e+06	1.500000e+03	1.060887e+06	1.500000e+03	1.129523e+06	1.500000e+03	1.116706e+06	1.500000e+03	1.096158e+06	1.500000e+03	1.091738e+06	1.500000e+03	1.120211e+06	1.500000e+03	1.069468e+06	1.500000e+03	1.156920e+06	1.500000e+03	1.102118e+06
1.505000e+03	1.009407e+06	1.505000e+03	1.079030e+06	1.505000e+03	1.100719e+06	1.505000e+03	1.076546e+06	1.505000e+03	1.026341e+06	1.505000e+03	1.040124e+06	1.505000e+03	1.057092e+06	1.505000e+03	1.037979e+06	1.505000e+03	1.111650e+06	1.505000e+03	1.032877e+06	1.505000e+03	1.095320e+06	1.505000e+03	1.046072e+06	1.505000e+03	1.006742e+06	1.505000e+03	1.020327e+06	1.505000e+03	1.066997e+06	1.505000e+03	1.107952e+06	1.505000e+03	1.023197e+06	1.505000e+03	1.122537e+06	1.505000e+03	1.113890e+06	1.505000e+03	1.024381e+06	1.505000e+03	1.090574e+06	1.505000e+03	1.090448e+06	1.505000e+03	1.110166e+06	1.505000e+03	1.070413e+06	1.505000e+03	1.035922e+06	1.505000e+03	1.049670e+06	1.505000e+03	1.043596e+06	1.505000e+03	1.042490e+06	1.505000e+03	1.008116e+06	1.505000e+03	1.020770e+06	1.505000e+03	1.090607e+06	1.505000e+03	1.050101e+06	1.505000e+03	1.071534e+06	1.505000e+03	1.064245e+06	1.505000e+03	1.010324e+06	1.505000e+03	1.068296e+06	1.505000e+03	1.063110e+06	1.505000e+03	1.055712e+06	1.505000e+03	1.007059e+06	1.505000e+03	1.059137e+06	1.505000e+03	1.103170e+06	1.505000e+03	1.045674e+06	1.505000e+03	1.103352e+06	1.505000e+03	1.121581e+06	1.505000e+03	1.102430e+06	1.505000e+03	1.067019e+06	1.505000e+03	1.089939e+06	1.505000e+03	1.080623e+06	1.505000e+03	1.098799e+06	1.505000e+03	1.024435e+06	1.505000e+03	1.109393e+06	1.505000e+03	1.081267e+06	1.505000e+03	1.114474e+06	1.505000e+03	1.106636e+06	1.505000e+03	1.115460e+06	1.505000e+03	1.107145e+06	1.505000e+03	1.099693e+06	1.505000e+03	1.083075e+06	1.505000e+03	1.088979e+06	1.505000e+03	1.126889e+06	1.505000e+03	1.100536e+06	1.505000e+03	1.120096e+06
1.510000e+03	1.001626e+06	1.510000e+03	1.027246e+06	1.510000e+03	1.068408e+06	1.510000e+03	1.048686e+06	1.510000e+03	1.007121e+06	1.510000e+03	1.005326e+06	1.510000e+03	1.020234e+06	1.510000e+03	1.014896e+06	1.510000e+03	1.097010e+06	1.510000e+03	1.044693e+06	1.510000e+03	1.034083e+06	1.510000e+03	1.046563e+06	1.510000e+03	1.081183e+06	1.510000e+03	1.080321e+06	1.510000e+03	1.033738e+06	1.510000e+03	1.047518e+06	1.510000e+03	1.027533e+06	1.510000e+03	1.113674e+06	1.510000e+03	1.082732e+06	1.510000e+03	1.103081e+06	1.510000e+03	1.116288e+06	1.510000e+03	1.058219e+06	1.510000e+03	1.031746e+06	1.510000e+03	1.041051e+06	1.510000e+03	1.042181e+06	1.510000e+03	1.021723e+06	1.510000e+03	1.036948e+06	1.510000e+03	1.029269e+06	1.510000e+03	1.059972e+06	1.510000e+03	1.005975e+06	1.510000e+03	1.091376e+06	1.510000e+03	1.062295e+06	1.510000e+03	1.065049e+06	1.510000e+03	9.994230e+05	1.510000e+03	1.012751e+06	1.510000e+03	1.063731e+06	1.510000e+03	1.070190e+06	1.510000e+03	1.022034e+06	1.510000e+03	1.008387e+06	1.510000e+03	1.063119e+06	1.510000e+03	1.047700e+06	1.510000e+03	1.092918e+06	1.510000e+03	1.077912e+06	1.510000e+03	1.145599e+06	1.510000e+03	1.083224e+06	1.510000e+03	1.097151e+06	1.510000e+03	1.107371e+06	1.510000e+03	1.089363e+06	1.510000e+03	1.093581e+06	1.510000e+03	1.109785e+06	1.510000e+03	1.046194e+06	1.510000e+03	1.127775e+06	1.510000e+03	1.120370e+06	1.510000e+03	1.081787e+06	1.510000e+03	1.118368e+06	1.510000e+03	1.103181e+06	1.510000e+03	1.057531e+06	1.510000e+03	1.095247e+06	1.510000e+03	1.095945e+06	1.510000e+03	1.131684e+06	1.510000e+03	1.127209e+06	1.510000e+03	1.097609e+06
1.515000e+03	1.058820e+06	1.515000e+03	1.033115e+06	1.515000e+03	1.059974e+06	1.515000e+03	1.065639e+06	1.515000e+03	1.038660e+06	1.515000e+03	1.036320e+06	1.515000e+03	1.020052e+06	1.515000e+03	1.019672e+06	1.515000e+03	1.073803e+06	1.515000e+03	1.074330e+06	1.515000e+03	1.067692e+06	1.515000e+03	1.059727e+06	1.515000e+03	1.015756e+06	1.515000e+03	1.056247e+06	1.515000e+03	1.063510e+06	1.515000e+03	1.066975e+06	1.515000e+03	1.089897e+06	1.515000e+03	1.072485e+06	1.515000e+03	1.123058e+06	1.515000e+03	1.083599e+06	1.515000e+03	1.087470e+06	1.515000e+03	1.114726e+06	1.515000e+03	1.080344e+06	1.515000e+03	1.089199e+06	1.515000e+03	1.024881e+06	1.515000e+03	1.053285e+06	1.515000e+03	9.946830e+05	1.515000e+03	1.001869e+06	1.515000e+03	1.052904e+06	1.515000e+03	1.093580e+06	1.515000e+03	1.100509e+06	1.515000e+03	1.028287e+06	1.515000e+03	1.064587e+06	1.515000e+03	1.039355e+06	1.515000e+03	1.025638e+06	1.515000e+03	1.096696e+06	1.515000e+03	1.002701e+06	1.515000e+03	1.004393e+06	1.515000e+03	9.770300e+05	1.515000e+03	1.074257e+06	1.515000e+03	1.059792e+06	1.515000e+03	1.080591e+06	1.515000e+03	1.081355e+06	1.515000e+03	1.130601e+06	1.515000e+03	1.074685e+06	1.515000e+03	1.111671e+06	1.515000e+03	1.119749e+06	1.515000e+03	1.055476e+06	1.515000e+03	1.110783e+06	1.515000e+03	1.098203e+06	1.515000e+03	1.051671e+06	1.515000e+03	1.103028e+06	1.515000e+03	1.104203e+06	1.515000e+03	1.082875e+06	1.515000e+03	1.097286e+06	1.515000e+03	1.086951e+06	1.515000e+03	1.061564e+06	1.515000e+03	1.102868e+06	1.515000e+03	1.091681e+06	1.515000e+03	1.146464e+06	1.515000e+03	1.120852e+06	1.515000e+03	1.092066e+06
1.520000e+03	1.035790e+06	1.520000e+03	1.031838e+06	1.520000e+03	1.050918e+06	1.520000e+03	1.119915e+06	1.520000e+03	1.042998e+06	1.520000e+03	1.055325e+06	1.520000e+03	1.006128e+06	1.520000e+03	1.046448e+06	1.520000e+03	1.112962e+06	1.520000e+03	1.041708e+06	1.520000e+03	1.036713e+06	1.520000e+03	1.048838e+06	1.520000e+03	1.077700e+06	1.520000e+03	1.021141e+06	1.520000e+03	1.039877e+06	1.520000e+03	1.053881e+06	1.520000e+03	1.050130e+06	1.520000e+03	1.102221e+06	1.520000e+03	1.087224e+06	1.520000e+03	1.013567e+06	1.520000e+03	1.099055e+06	1.520000e+03	1.075549e+06	1.520000e+03	1.083770e+06	1.520000e+03	1.053109e+06	1.520000e+03	1.050810e+06	1.520000e+03	1.055541e+06	1.520000e+03	1.043319e+06	1.520000e+03	1.009471e+06	1.520000e+03	1.005820e+06	1.520000e+03	1.084123e+06	1.520000e+03	1.120551e+06	1.520000e+03	1.064430e+06	1.520000e+03	1.063303e+06	1.520000e+03	1.012744e+06	1.520000e+03	1.043166e+06	1.520000e+03	1.068658e+06	1.520000e+03	1.085860e+06	1.520000e+03	1.011862e+06	1.520000e+03	9.936590e+05	1.520000e+03	1.044337e+06	1.520000e+03	1.049170e+06	1.520000e+03	1.027145e+06	1.520000e+03	1.132037e+06	1.520000e+03	1.136535e+06	1.520000e+03	1.138966e+06	1.520000e+03	1.084027e+06	1.520000e+03	1.111872e+06	1.520000e+03	1.069877e+06	1.520000e+03	1.104857e+06	1.520000e+03	1.085270e+06	1.520000e+03	1.103486e+06	1.520000e+03	1.083199e+06	1.520000e+03	1.096349e+06	1.520000e+03	1.127240e+06	1.520000e+03	1.097333e+06	1.520000e+03	1.109176e+06	1.520000e+03	1.087786e+06	1.520000e+03	1.119129e+06	1.520000e+03	1.111795e+06	1.520000e+03	1.120259e+06	1.520000e+03	1.119364e+06	1.520000e+03	1.138456e+06
1.525000e+03	1.029014e+06	1.525000e+03	1.080594e+06	1.525000e+03	1.092375e+06	1.525000e+03	1.115374e+06	1.525000e+03	1.041940e+06	1.525000e+03	1.060637e+06	1.525000e+03	1.015586e+06	1.525000e+03	1.015571e+06	1.525000e+03	1.119741e+06	1.525000e+03	1.052755e+06	1.525000e+03	1.110217e+06	1.525000e+03	1.038220e+06	1.525000e+03	1.040555e+06	1.525000e+03	1.038097e+06	1.525000e+03	1.032482e+06	1.525000e+03	1.076153e+06	1.525000e+03	1.078227e+06	1.525000e+03	1.076432e+06	1.525000e+03	1.041304e+06	1.525000e+03	1.067345e+06	1.525000e+03	1.072915e+06	1.525000e+03	1.099691e+06	1.525000e+03	1.064787e+06	1.525000e+03	1.064480e+06	1.525000e+03	1.028334e+06	1.525000e+03	1.030945e+06	1.525000e+03	1.027317e+06	1.525000e+03	1.058975e+06	1.525000e+03	1.041517e+06	1.525000e+03	1.098480e+06	1.525000e+03	1.107070e+06	1.525000e+03	1.049999e+06	1.525000e+03	1.071837e+06	1.525000e+03	1.064054e+06	1.525000e+03	1.020358e+06	1.525000e+03	1.071516e+06	1.525000e+03	1.015150e+06	1.525000e+03	1.002746e+06	1.525000e+03	1.059781e+06	1.525000e+03	1.068011e+06	1.525000e+03	1.068547e+06	1.525000e+03	1.019127e+06	1.525000e+03	1.113409e+06	1.525000e+03	1.122811e+06	1.525000e+03	1.115595e+06	1.525000e+03	1.103807e+06	1.525000e+03	1.074508e+06	1.525000e+03	1.068975e+06	1.525000e+03	1.077778e+06	1.525000e+03	1.104281e+06	1.525000e+03	1.092744e+06	1.525000e+03	1.096564e+06	1.525000e+03	1.097258e+06	1.525000e+03	1.106993e+06	1.525000e+03	1.055870e+06	1.525000e+03	1.106930e+06	1.525000e+03	1.056809e+06	1.525000e+03	1.096717e+06	1.525000e+03	1.129546e+06	1.525000e+03	1.117541e+06	1.525000e+03	1.142405e+06	1.525000e+03	1.105190e+06
1.530000e+03	1.054956e+06	1.530000e+03	1.053391e+06	1.530000e+03	1.052482e+06	1.530000e+03	1.071709e+06	1.530000e+03	1.021720e+06	1.530000e+03	1.043398e+06	1.530000e+03	1.076555e+06	1.530000e+03	1.033178e+06	1.530000e+03	1.081827e+06	1.530000e+03	1.086580e+06	1.530000e+03	9.769570e+05	1.530000e+03	1.062278e+06	1.530000e+03	1.039003e+06	1.530000e+03	1.068956e+06	1.530000e+03	1.063613e+06	1.530000e+03	1.028245e+06	1.530000e+03	1.053586e+06	1.530000e+03	1.122941e+06	1.530000e+03	1.095350e+06	1.530000e+03	1.080550e+06	1.530000e+03	1.116529e+06	1.530000e+03	1.081543e+06	1.530000e+03	1.106135e+06	1.530000e+03	1.049972e+06	1.530000e+03	1.012239e+06	1.530000e+03	1.039790e+06	1.530000e+03	1.011575e+06	1.530000e+03	1.001905e+06	1.530000e+03	1.106060e+06	1.530000e+03	1.050773e+06	1.530000e+03	1.101304e+06	1.530000e+03	1.007343e+06	1.530000e+03	1.055795e+06	1.530000e+03	1.003910e+06	1.530000e+03	1.008773e+06	1.530000e+03	1.080463e+06	1.530000e+03	1.067109e+06	1.530000e+03	1.059102e+06	1.530000e+03	1.016864e+06	1.530000e+03	1.087771e+06	1.530000e+03	1.059031e+06	1.530000e+03	1.085125e+06	1.530000e+03	1.097525e+06	1.530000e+03	1.156841e+06	1.530000e+03	1.127115e+06	1.530000e+03	1.095755e+06	1.530000e+03	1.096274e+06	1.530000e+03	1.051836e+06	1.530000e+03	1.102701e+06	1.530000e+03	1.100422e+06	1.530000e+03	1.063860e+06	1.530000e+03	1.094126e+06	1.530000e+03	1.054533e+06	1.530000e+03	1.102011e+06	1.530000e+03	1.096618e+06	1.530000e+03	1.067051e+06	1.530000e+03	1.085404e+06	1.530000e+03	1.099713e+06	1.530000e+03	1.100783e+06	1.530000e+03	1.110225e+06	1.530000e+03	1.138697e+06	1.530000e+03	1.104371e+06
1.535000e+03	1.064375e+06	1.535000e+03	1.063809e+06	1.535000e+03	1.088002e+06	1.535000e+03	1.087908e+06	1.535000e+03	1.083574e+06	1.535000e+03	1.047922e+06	1.535000e+03	1.072397e+06	1.535000e+03	1.028009e+06	1.535000e+03	1.096476e+06	1.535000e+03	1.014163e+06	1.535000e+03	1.064718e+06	1.535000e+03	1.071598e+06	1.535000e+03	1.070252e+06	1.535000e+03	1.067114e+06	1.535000e+03	1.018446e+06	1.535000e+03	1.100693e+06	1.535000e+03	1.020775e+06	1.535000e+03	1.110517e+06	1.535000e+03	1.133713e+06	1.535000e+03	1.013097e+06	1.535000e+03	1.051492e+06	1.535000e+03	1.120827e+06	1.535000e+03	1.018459e+06	1.535000e+03	1.080598e+06	1.535000e+03	1.050567e+06	1.535000e+03	1.058350e+06	1.535000e+03	1.016703e+06	1.535000e+03	1.042198e+06	1.535000e+03	1.011736e+06	1.535000e+03	1.035180e+06	1.535000e+03	1.078074e+06	1.535000e+03	1.051989e+06	1.535000e+03	1.026387e+06	1.535000e+03	1.070326e+06	1.535000e+03	1.033742e+06	1.535000e+03	1.073598e+06	1.535000e+03	1.022574e+06	1.535000e+03	1.014774e+06	1.535000e+03	1.013930e+06	1.535000e+03	1.100904e+06	1.535000e+03	1.090657e+06	1.535000e+03	1.022567e+06	1.535000e+03	1.093448e+06	1.535000e+03	1.121315e+06	1.535000e+03	1.111279e+06	1.535000e+03	1.072008e+06	1.535000e+03	1.115568e+06	1.535000e+03	1.091870e+06	1.535000e+03	1.131272e+06	1.535000e+03	1.114319e+06	1.535000e+03	1.076350e+06	1.535000e+03	1.076064e+06	1.535000e+03	1.104283e+06	1.535000e+03	1.098355e+06	1.535000e+03	1.053341e+06	1.535000e+03	1.119076e+06	1.535000e+03	1.094691e+06	1.535000e+03	1.082181e+06	1.535000e+03	1.119127e+06	1.535000e+03	1.109953e+06	1.535000e+03	1.112463e+06	1.535000e+03	1.109390e+06
1.540000e+03	1.028328e+06	1.540000e+03	1.071306e+06	1.540000e+03	1.046562e+06	1.540000e+03	1.107613e+06	1.540000e+03	1.076048e+06	1.540000e+03	1.044521e+06	1.540000e+03	1.054450e+06	1.540000e+03	1.061509e+06	1.540000e+03	1.122236e+06	1.540000e+03	1.026200e+06	1.540000e+03	1.061113e+06	1.540000e+03	1.114038e+06	1.540000e+03	1.018190e+06	1.540000e+03	1.030868e+06	1.540000e+03	1.040184e+06	1.540000e+03	1.069705e+06	1.540000e+03	1.063196e+06	1.540000e+03	1.028852e+06	1.540000e+03	1.095596e+06	1.540000e+03	1.051415e+06	1.540000e+03	1.085223e+06	1.540000e+03	1.098896e+06	1.540000e+03	1.070724e+06	1.540000e+03	1.063648e+06	1.540000e+03	1.025500e+06	1.540000e+03	1.034710e+06	1.540000e+03	1.022977e+06	1.540000e+03	1.038211e+06	1.540000e+03	1.040115e+06	1.540000e+03	1.063954e+06	1.540000e+03	1.113298e+06	1.540000e+03	1.064624e+06	1.540000e+03	1.104442e+06	1.540000e+03	1.055766e+06	1.540000e+03	1.020794e+06	1.540000e+03	1.075403e+06	1.540000e+03	1.056669e+06	1.540000e+03	1.024598e+06	1.540000e+03	1.033595e+06	1.540000e+03	1.043760e+06	1.540000e+03	1.045282e+06	1.540000e+03	1.005652e+06	1.540000e+03	1.066746e+06	1.540000e+03	1.124146e+06	1.540000e+03	1.090301e+06	1.540000e+03	1.104750e+06	1.540000e+03	1.136190e+06	1.540000e+03	1.154425e+06	1.540000e+03	1.113428e+06	1.540000e+03	1.090830e+06	1.540000e+03	1.083692e+06	1.540000e+03	1.109288e+06	1.540000e+03	1.094832e+06	1.540000e+03	1.096329e+06	1.540000e+03	1.103719e+06	1.540000e+03	1.122438e+06	1.540000e+03	1.107602e+06	1.540000e+03	1.105614e+06	1.540000e+03	1.083108e+06	1.540000e+03	1.122238e+06	1.540000e+03	1.080199e+06	1.540000e+03	1.091695e+06
1.545000e+03	1.034449e+06	1.545000e+03	1.044146e+06	1.545000e+03	1.042166e+06	1.545000e+03	1.105295e+06	1.545000e+03	1.056239e+06	1.545000e+03	1.060085e+06	1.545000e+03	1.008094e+06	1.545000e+03	1.009444e+06	1.545000e+03	1.150095e+06	1.545000e+03	1.131943e+06	1.545000e+03	1.071370e+06	1.545000e+03	1.061170e+06	1.545000e+03	1.062363e+06	1.545000e+03	1.075176e+06	1.545000e+03	1.057805e+06	1.545000e+03	1.072405e+06	1.545000e+03	1.071073e+06	1.545000e+03	1.132053e+06	1.545000e+03	1.125643e+06	1.545000e+03	1.014150e+06	1.545000e+03	1.050575e+06	1.545000e+03	1.045790e+06	1.545000e+03	1.090369e+06	1.545000e+03	1.067834e+06	1.545000e+03	1.068108e+06	1.545000e+03	1.019264e+06	1.545000e+03	1.068809e+06	1.545000e+03	1.050979e+06	1.545000e+03	1.061238e+06	1.545000e+03	1.063452e+06	1.545000e+03	1.074002e+06	1.545000e+03	1.065465e+06	1.545000e+03	1.071676e+06	1.545000e+03	1.078197e+06	1.545000e+03	1.024960e+06	1.545000e+03	1.017125e+06	1.545000e+03	1.030098e+06	1.545000e+03	1.023583e+06	1.545000e+03	1.012343e+06	1.545000e+03	1.094024e+06	1.545000e+03	1.072462e+06	1.545000e+03	1.079927e+06	1.545000e+03	1.060759e+06	1.545000e+03	1.107411e+06	1.545000e+03	1.090172e+06	1.545000e+03	1.090013e+06	1.545000e+03	1.105226e+06	1.545000e+03	1.116332e+06	1.545000e+03	1.076371e+06	1.545000e+03	1.080986e+06	1.545000e+03	1.057442e+06	1.545000e+03	1.073194e+06	1.545000e+03	1.102170e+06	1.545000e+03	1.089412e+06	1.545000e+03	1.114530e+06	1.545000e+03	1.116507e+06	1.545000e+03	1.088201e+06	1.545000e+03	1.109449e+06	1.545000e+03	1.074842e+06	1.545000e+03	1.113835e+06	1.545000e+03	1.133253e+06	1.545000e+03	1.070315e+06
1.550000e+03	1.022377e+06	1.550000e+03	1.040047e+06	1.550000e+03	1.063955e+06	1.550000e+03	1.113960e+06	1.550000e+03	1.037696e+06	1.550000e+03	1.008633e+06	1.550000e+03	1.030425e+06	1.550000e+03	1.017173e+06	1.550000e+03	1.086336e+06	1.550000e+03	1.042107e+06	1.550000e+03	1.035409e+06	1.550000e+03	1.003045e+06	1.550000e+03	1.061537e+06	1.550000e+03	1.027625e+06	1.550000e+03	1.052900e+06	1.550000e+03	1.021291e+06	1.550000e+03	1.063813e+06	1.550000e+03	1.093939e+06	1.550000e+03	1.087502e+06	1.550000e+03	1.053685e+06	1.550000e+03	1.068980e+06	1.550000e+03	1.091764e+06	1.550000e+03	1.062886e+06	1.550000e+03	1.078888e+06	1.550000e+03	1.037343e+06	1.550000e+03	1.082933e+06	1.550000e+03	1.100862e+06	1.550000e+03	1.076281e+06	1.550000e+03	1.028249e+06	1.550000e+03	1.026657e+06	1.550000e+03	1.084516e+06	1.550000e+03	1.071038e+06	1.550000e+03	1.037878e+06	1.550000e+03	1.053156e+06	1.550000e+03	1.005972e+06	1.550000e+03	1.109550e+06	1.550000e+03	1.071036e+06	1.550000e+03	1.027836e+06	1.550000e+03	9.977500e+05	1.550000e+03	1.050682e+06	1.550000e+03	1.064474e+06	1.550000e+03	1.050358e+06	1.550000e+03	1.101982e+06	1.550000e+03	1.101857e+06	1.550000e+03	1.076647e+06	1.550000e+03	1.057695e+06	1.550000e+03	1.147784e+06	1.550000e+03	1.135819e+06	1.550000e+03	1.159979e+06	1.550000e+03	1.115071e+06	1.550000e+03	1.094920e+06	1.550000e+03	1.126888e+06	1.550000e+03	1.127825e+06	1.550000e+03	1.074334e+06	1.550000e+03	1.110279e+06	1.550000e+03	1.114100e+06	1.550000e+03	1.046810e+06	1.550000e+03	1.101385e+06	1.550000e+03	1.101085e+06	1.550000e+03	1.114611e+06	1.550000e+03	1.131853e+06	1.550000e+03	1.123561e+06
1.555000e+03	9.657280e+05	1.555000e+03	1.076630e+06	1.555000e+03	1.109840e+06	1.555000e+03	1.106165e+06	1.555000e+03	1.019806e+06	1.555000e+03	1.054350e+06	1.555000e+03	1.037588e+06	1.555000e+03	1.017043e+06	1.555000e+03	1.117236e+06	1.555000e+03	1.061680e+06	1.555000e+03	1.090229e+06	1.555000e+03	1.045632e+06	1.555000e+03	1.045661e+06	1.555000e+03	1.076295e+06	1.555000e+03	1.049331e+06	1.555000e+03	1.061623e+06	1.555000e+03	1.055643e+06	1.555000e+03	1.112420e+06	1.555000e+03	1.106634e+06	1.555000e+03	1.060725e+06	1.555000e+03	1.084865e+06	1.555000e+03	1.102830e+06	1.555000e+03	1.078127e+06	1.555000e+03	1.076997e+06	1.555000e+03	1.015809e+06	1.555000e+03	1.030433e+06	1.555000e+03	1.078519e+06	1.555000e+03	1.034658e+06	1.555000e+03	1.047742e+06	1.555000e+03	1.085599e+06	1.555000e+03	1.112808e+06	1.555000e+03	1.040293e+06	1.555000e+03	1.046927e+06	1.555000e+03	1.047667e+06	1.555000e+03	1.061620e+06	1.555000e+03	1.072433e+06	1.555000e+03	1.019004e+06	1.555000e+03	1.013919e+06	1.555000e+03	9.832020e+05	1.555000e+03	1.065086e+06	1.555000e+03	1.059302e+06	1.555000e+03	1.070414e+06	1.555000e+03	1.100107e+06	1.555000e+03	1.121602e+06	1.555000e+03	1.094271e+06	1.555000e+03	1.122388e+06	1.555000e+03	1.099245e+06	1.555000e+03	1.054867e+06	1.555000e+03	1.102854e+06	1.555000e+03	1.054148e+06	1.555000e+03	1.095535e+06	1.555000e+03	1.026753e+06	1.555000e+03	1.095005e+06	1.555000e+03	1.090351e+06	1.555000e+03	1.108321e+06	1.555000e+03	1.076858e+06	1.555000e+03	1.111394e+06	1.555000e+03	1.109381e+06	1.555000e+03	1.063886e+06	1.555000e+03	1.072045e+06	1.555000e+03	1.108075e+06	1.555000e+03	1.121282e+06
1.560000e+03	1.029349e+06	1.560000e+03	1.064993e+06	1.560000e+03	1.049333e+06	1.560000e+03	1.114756e+06	1.560000e+03	1.063879e+06	1.560000e+03	1.011442e+06	1.560000e+03	1.056236e+06	1.560000e+03	1.054233e+06	1.560000e+03	1.071186e+06	1.560000e+03	1.079563e+06	1.560000e+03	1.014607e+06	1.560000e+03	1.057406e+06	1.560000e+03	1.053824e+06	1.560000e+03	1.052325e+06	1.560000e+03	1.057728e+06	1.560000e+03	1.035927e+06	1.560000e+03	1.015388e+06	1.560000e+03	1.088870e+06	1.560000e+03	1.122315e+06	1.560000e+03	1.022356e+06	1.560000e+03	1.049752e+06	1.560000e+03	1.089123e+06	1.560000e+03	1.031906e+06	1.560000e+03	1.073377e+06	1.560000e+03	1.065062e+06	1.560000e+03	1.030002e+06	1.560000e+03	1.051026e+06	1.560000e+03	1.002090e+06	1.560000e+03	1.032012e+06	1.560000e+03	1.080966e+06	1.560000e+03	1.102900e+06	1.560000e+03	1.078869e+06	1.560000e+03	1.049097e+06	1.560000e+03	1.032941e+06	1.560000e+03	1.016621e+06	1.560000e+03	1.095191e+06	1.560000e+03	1.035803e+06	1.560000e+03	1.054035e+06	1.560000e+03	1.025944e+06	1.560000e+03	1.063358e+06	1.560000e+03	1.078677e+06	1.560000e+03	1.019375e+06	1.560000e+03	1.132208e+06	1.560000e+03	1.114955e+06	1.560000e+03	1.111005e+06	1.560000e+03	1.074112e+06	1.560000e+03	1.088528e+06	1.560000e+03	1.085492e+06	1.560000e+03	1.141646e+06	1.560000e+03	1.102372e+06	1.560000e+03	1.029235e+06	1.560000e+03	1.137710e+06	1.560000e+03	1.059757e+06	1.560000e+03	1.098692e+06	1.560000e+03	1.101288e+06	1.560000e+03	1.100916e+06	1.560000e+03	1.071785e+06	1.560000e+03	1.082068e+06	1.560000e+03	1.108204e+06	1.560000e+03	1.065376e+06	1.560000e+03	1.141836e+06	1.560000e+03	1.143552e+06
1.565000e+03	9.512760e+05	1.565000e+03	1.056590e+06	1.565000e+03	1.035633e+06	1.565000e+03	1.104455e+06	1.565000e+03	1.020779e+06	1.565000e+03	1.022345e+06	1.565000e+03	1.063552e+06	1.565000e+03	1.035300e+06	1.565000e+03	1.077827e+06	1.565000e+03	1.133080e+06	1.565000e+03	9.944360e+05	1.565000e+03	1.072962e+06	1.565000e+03	1.021557e+06	1.565000e+03	1.045640e+06	1.565000e+03	1.078695e+06	1.565000e+03	1.038717e+06	1.565000e+03	1.031468e+06	1.565000e+03	1.103513e+06	1.565000e+03	1.109971e+06	1.565000e+03	1.004003e+06	1.565000e+03	1.110531e+06	1.565000e+03	1.088598e+06	1.565000e+03	1.044366e+06	1.565000e+03	1.141517e+06	1.565000e+03	1.009686e+06	1.565000e+03	1.045363e+06	1.565000e+03	1.090842e+06	1.565000e+03	1.029646e+06	1.565000e+03	1.021383e+06	1.565000e+03	1.028037e+06	1.565000e+03	1.118531e+06	1.565000e+03	1.060351e+06	1.565000e+03	1.074037e+06	1.565000e+03	1.026821e+06	1.565000e+03	1.018643e+06	1.565000e+03	1.067408e+06	1.565000e+03	1.079491e+06	1.565000e+03	9.880440e+05	1.565000e+03	1.016755e+06	1.565000e+03	1.058219e+06	1.565000e+03	1.051233e+06	1.565000e+03	1.053428e+06	1.565000e+03	1.128627e+06	1.565000e+03	1.140049e+06	1.565000e+03	1.098415e+06	1.565000e+03	1.098342e+06	1.565000e+03	1.088270e+06	1.565000e+03	1.103782e+06	1.565000e+03	1.116216e+06	1.565000e+03	1.063860e+06	1.565000e+03	1.093651e+06	1.565000e+03	1.092733e+06	1.565000e+03	1.121807e+06	1.565000e+03	1.110463e+06	1.565000e+03	1.079757e+06	1.565000e+03	1.100809e+06	1.565000e+03	1.076747e+06	1.565000e+03	1.094370e+06	1.565000e+03	1.081030e+06	1.565000e+03	1.123449e+06	1.565000e+03	1.152162e+06	1.565000e+03	1.109502e+06
1.570000e+03	1.044169e+06	1.570000e+03	1.076629e+06	1.570000e+03	1.034726e+06	1.570000e+03	1.048715e+06	1.570000e+03	1.048386e+06	1.570000e+03	1.066640e+06	1.570000e+03	1.043234e+06	1.570000e+03	1.022037e+06	1.570000e+03	1.060975e+06	1.570000e+03	1.002113e+06	1.570000e+03	9.979420e+05	1.570000e+03	1.055234e+06	1.570000e+03	1.043524e+06	1.570000e+03	1.040632e+06	1.570000e+03	1.022796e+06	1.570000e+03	1.050322e+06	1.570000e+03	1.069443e+06	1.570000e+03	1.054771e+06	1.570000e+03	1.079850e+06	1.570000e+03	1.036194e+06	1.570000e+03	1.059378e+06	1.570000e+03	1.087090e+06	1.570000e+03	1.051377e+06	1.570000e+03	1.042102e+06	1.570000e+03	1.038521e+06	1.570000e+03	1.073774e+06	1.570000e+03	1.055580e+06	1.570000e+03	1.049599e+06	1.570000e+03	9.871370e+05	1.570000e+03	1.046974e+06	1.570000e+03	1.100150e+06	1.570000e+03	1.043785e+06	1.570000e+03	1.076198e+06	1.570000e+03	1.029805e+06	1.570000e+03	1.014024e+06	1.570000e+03	1.112458e+06	1.570000e+03	1.083175e+06	1.570000e+03	1.002260e+06	1.570000e+03	1.000206e+06	1.570000e+03	1.073833e+06	1.570000e+03	1.105201e+06	1.570000e+03	1.044256e+06	1.570000e+03	1.080491e+06	1.570000e+03	1.059991e+06	1.570000e+03	1.066215e+06	1.570000e+03	1.094148e+06	1.570000e+03	1.113223e+06	1.570000e+03	1.166402e+06	1.570000e+03	1.135803e+06	1.570000e+03	1.091343e+06	1.570000e+03	1.089968e+06	1.570000e+03	1.093122e+06	1.570000e+03	1.096676e+06	1.570000e+03	1.097735e+06	1.570000e+03	1.122082e+06	1.570000e+03	1.108461e+06	1.570000e+03	1.083477e+06	1.570000e+03	1.121873e+06	1.570000e+03	1.095216e+06	1.570000e+03	1.076781e+06	1.570000e+03	1.095484e+06	1.570000e+03	1.111012e+06
1.575000e+03	1.029958e+06	1.575000e+03	1.056805e+06	1.575000e+03	1.077153e+06	1.575000e+03	1.080677e+06	1.575000e+03	1.021313e+06	1.575000e+03	1.034009e+06	1.575000e+03	1.073295e+06	1.575000e+03	1.012821e+06	1.575000e+03	1.053316e+06	1.575000e+03	1.016343e+06	1.575000e+03	1.052422e+06	1.575000e+03	1.093182e+06	1.575000e+03	1.017160e+06	1.575000e+03	1.028346e+06	1.575000e+03	1.050498e+06	1.575000e+03	1.038363e+06	1.575000e+03	1.055773e+06	1.575000e+03	1.114667e+06	1.575000e+03	1.059662e+06	1.575000e+03	1.072881e+06	1.575000e+03	1.054613e+06	1.575000e+03	1.129726e+06	1.575000e+03	1.033920e+06	1.575000e+03	1.088046e+06	1.575000e+03	1.072482e+06	1.575000e+03	1.034650e+06	1.575000e+03	9.958070e+05	1.575000e+03	1.054680e+06	1.575000e+03	1.049507e+06	1.575000e+03	1.036462e+06	1.575000e+03	1.108440e+06	1.575000e+03	1.048599e+06	1.575000e+03	1.029054e+06	1.575000e+03	1.065157e+06	1.575000e+03	1.030770e+06	1.575000e+03	1.063729e+06	1.575000e+03	1.057761e+06	1.575000e+03	1.031667e+06	1.575000e+03	1.028723e+06	1.575000e+03	1.108481e+06	1.575000e+03	1.043926e+06	1.575000e+03	1.075437e+06	1.575000e+03	1.038275e+06	1.575000e+03	1.139364e+06	1.575000e+03	1.101819e+06	1.575000e+03	1.094726e+06	1.575000e+03	1.148778e+06	1.575000e+03	1.073659e+06	1.575000e+03	1.076598e+06	1.575000e+03	1.101773e+06	1.575000e+03	1.052401e+06	1.575000e+03	1.087447e+06	1.575000e+03	1.066774e+06	1.575000e+03	1.098100e+06	1.575000e+03	1.100356e+06	1.575000e+03	1.102293e+06	1.575000e+03	1.078886e+06	1.575000e+03	1.090009e+06	1.575000e+03	1.111546e+06	1.575000e+03	1.107805e+06	1.575000e+03	1.153191e+06	1.575000e+03	1.092675e+06
1.580000e+03	1.078984e+06	1.580000e+03	1.061612e+06	1.580000e+03	1.040096e+06	1.580000e+03	1.088130e+06	1.580000e+03	9.870820e+05	1.580000e+03	1.054702e+06	1.580000e+03	1.013142e+06	1.580000e+03	1.012637e+06	1.580000e+03	1.080494e+06	1.580000e+03	1.091838e+06	1.580000e+03	1.058184e+06	1.580000e+03	1.026552e+06	1.580000e+03	1.053916e+06	1.580000e+03	1.086246e+06	1.580000e+03	1.014310e+06	1.580000e+03	1.095930e+06	1.580000e+03	1.061528e+06	1.580000e+03	1.133801e+06	1.580000e+03	1.036581e+06	1.580000e+03	1.018873e+06	1.580000e+03	1.094693e+06	1.580000e+03	1.095396e+06	1.580000e+03	1.038967e+06	1.580000e+03	1.109543e+06	1.580000e+03	1.056847e+06	1.580000e+03	1.043944e+06	1.580000e+03	1.033116e+06	1.580000e+03	1.062334e+06	1.580000e+03	1.027829e+06	1.580000e+03	9.999940e+05	1.580000e+03	1.125553e+06	1.580000e+03	1.033254e+06	1.580000e+03	1.033126e+06	1.580000e+03	1.023077e+06	1.580000e+03	1.023159e+06	1.580000e+03	1.029723e+06	1.580000e+03	1.023357e+06	1.580000e+03	1.001012e+06	1.580000e+03	1.057226e+06	1.580000e+03	1.105271e+06	1.580000e+03	1.056944e+06	1.580000e+03	1.068907e+06	1.580000e+03	1.104336e+06	1.580000e+03	1.061231e+06	1.580000e+03	1.064648e+06	1.580000e+03	1.063931e+06	1.580000e+03	1.077955e+06	1.580000e+03	1.134874e+06	1.580000e+03	1.078209e+06	1.580000e+03	1.099212e+06	1.580000e+03	1.094441e+06	1.580000e+03	1.086776e+06	1.580000e+03	1.104624e+06	1.580000e+03	1.081884e+06	1.580000e+03	1.109137e+06	1.580000e+03	1.056701e+06	1.580000e+03	1.099650e+06	1.580000e+03	1.065265e+06	1.580000e+03	1.064022e+06	1.580000e+03	1.125421e+06	1.580000e+03	1.168565e+06	1.580000e+03	1.087240e+06
1.585000e+03	1.036890e+06	1.585000e+03	1.012694e+06	1.585000e+03	1.079269e+06	1.585000e+03	1.075355e+06	1.585000e+03	1.053325e+06	1.585000e+03	9.910780e+05	1.585000e+03	1.057474e+06	1.585000e+03	1.027883e+06	1.585000e+03	1.116565e+06	1.585000e+03	1.024210e+06	1.585000e+03	1.060127e+06	1.585000e+03	1.075916e+06	1.585000e+03	1.046662e+06	1.585000e+03	1.070716e+06	1.585000e+03	1.079225e+06	1.585000e+03	1.058830e+06	1.585000e+03	1.062914e+06	1.585000e+03	1.120486e+06	1.585000e+03	1.069400e+06	1.585000e+03	1.090302e+06	1.585000e+03	1.063603e+06	1.585000e+03	1.129814e+06	1.585000e+03	1.044535e+06	1.585000e+03	1.155813e+06	1.585000e+03	1.000633e+06	1.585000e+03	1.030346e+06	1.585000e+03	1.029043e+06	1.585000e+03	1.030403e+06	1.585000e+03	9.867260e+05	1.585000e+03	1.028983e+06	1.585000e+03	1.129731e+06	1.585000e+03	1.075423e+06	1.585000e+03	1.066318e+06	1.585000e+03	1.071823e+06	1.585000e+03	1.014834e+06	1.585000e+03	1.084590e+06	1.585000e+03	1.058215e+06	1.585000e+03	1.023752e+06	1.585000e+03	9.975840e+05	1.585000e+03	1.046217e+06	1.585000e+03	1.072301e+06	1.585000e+03	1.064277e+06	1.585000e+03	1.095124e+06	1.585000e+03	1.093492e+06	1.585000e+03	1.092557e+06	1.585000e+03	1.079744e+06	1.585000e+03	1.071541e+06	1.585000e+03	1.137350e+06	1.585000e+03	1.092328e+06	1.585000e+03	1.072307e+06	1.585000e+03	1.092776e+06	1.585000e+03	1.095809e+06	1.585000e+03	1.081923e+06	1.585000e+03	1.098040e+06	1.585000e+03	1.099314e+06	1.585000e+03	1.105961e+06	1.585000e+03	1.086507e+06	1.585000e+03	1.097467e+06	1.585000e+03	1.065616e+06	1.585000e+03	1.106934e+06	1.585000e+03	1.124478e+06	1.585000e+03	1.108433e+06
1.590000e+03	1.052542e+06	1.590000e+03	1.024476e+06	1.590000e+03	1.055297e+06	1.590000e+03	1.113412e+06	1.590000e+03	1.089172e+06	1.590000e+03	1.009638e+06	1.590000e+03	1.075726e+06	1.590000e+03	1.017721e+06	1.590000e+03	1.077199e+06	1.590000e+03	1.089552e+06	1.590000e+03	1.110198e+06	1.590000e+03	1.040614e+06	1.590000e+03	1.090726e+06	1.590000e+03	1.056120e+06	1.590000e+03	1.040821e+06	1.590000e+03	1.044934e+06	1.590000e+03	1.069173e+06	1.590000e+03	1.017479e+06	1.590000e+03	1.107298e+06	1.590000e+03	1.042845e+06	1.590000e+03	1.110152e+06	1.590000e+03	1.092199e+06	1.590000e+03	1.078175e+06	1.590000e+03	1.104877e+06	1.590000e+03	9.926450e+05	1.590000e+03	1.049102e+06	1.590000e+03	1.024969e+06	1.590000e+03	1.053709e+06	1.590000e+03	1.017173e+06	1.590000e+03	1.059882e+06	1.590000e+03	1.103156e+06	1.590000e+03	1.016012e+06	1.590000e+03	1.089242e+06	1.590000e+03	1.025413e+06	1.590000e+03	1.052866e+06	1.590000e+03	1.062785e+06	1.590000e+03	1.086730e+06	1.590000e+03	9.991260e+05	1.590000e+03	1.013284e+06	1.590000e+03	1.082628e+06	1.590000e+03	1.058621e+06	1.590000e+03	1.072139e+06	1.590000e+03	1.092335e+06	1.590000e+03	1.139731e+06	1.590000e+03	1.128296e+06	1.590000e+03	1.114539e+06	1.590000e+03	1.122403e+06	1.590000e+03	1.055549e+06	1.590000e+03	1.083618e+06	1.590000e+03	1.094941e+06	1.590000e+03	1.114822e+06	1.590000e+03	1.092412e+06	1.590000e+03	1.058271e+06	1.590000e+03	1.090277e+06	1.590000e+03	1.077622e+06	1.590000e+03	1.100141e+06	1.590000e+03	1.087225e+06	1.590000e+03	1.073592e+06	1.590000e+03	1.080707e+06	1.590000e+03	1.097684e+06	1.590000e+03	1.110314e+06	1.590000e+03	1.075787e+06
1.595000e+03	1.009234e+06	1.595000e+03	1.063223e+06	1.595000e+03	1.074504e+06	1.595000e+03	1.112054e+06	1.595000e+03	1.024668e+06	1.595000e+03	1.015137e+06	1.595000e+03	1.022854e+06	1.595000e+03	1.004536e+06	1.595000e+03	1.074234e+06	1.595000e+03	1.022852e+06	1.595000e+03	1.023895e+06	1.595000e+03	1.088651e+06	1.595000e+03	1.035242e+06	1.595000e+03	1.041085e+06	1.595000e+03	1.019587e+06	1.595000e+03	1.097801e+06	1.595000e+03	1.062180e+06	1.595000e+03	1.110569e+06	1.595000e+03	1.112657e+06	1.595000e+03	1.052528e+06	1.595000e+03	1.090816e+06	1.595000e+03	1.033832e+06	1.595000e+03	1.016738e+06	1.595000e+03	1.073031e+06	1.595000e+03	1.038560e+06	1.595000e+03	1.047327e+06	1.595000e+03	1.061563e+06	1.595000e+03	1.020797e+06	1.595000e+03	9.984760e+05	1.595000e+03	1.097847e+06	1.595000e+03	1.119884e+06	1.595000e+03	1.021541e+06	1.595000e+03	1.082426e+06	1.595000e+03	1.051618e+06	1.595000e+03	1.011066e+06	1.595000e+03	1.084677e+06	1.595000e+03	1.017568e+06	1.595000e+03	1.025827e+06	1.595000e+03	1.020682e+06	1.595000e+03	1.068686e+06	1.595000e+03	1.081460e+06	1.595000e+03	1.058050e+06	1.595000e+03	1.109443e+06	1.595000e+03	1.028177e+06	1.595000e+03	1.057166e+06	1.595000e+03	1.127727e+06	1.595000e+03	1.106138e+06	1.595000e+03	1.092102e+06	1.595000e+03	1.089575e+06	1.595000e+03	1.111017e+06	1.595000e+03	1.078261e+06	1.595000e+03	1.087525e+06	1.595000e+03	1.103272e+06	1.595000e+03	1.087263e+06	1.595000e+03	1.073282e+06	1.595000e+03	1.098661e+06	1.595000e+03	1.076382e+06	1.595000e+03	1.074524e+06	1.595000e+03	1.115629e+06	1.595000e+03	1.117903e+06	1.595000e+03	1.126999e+06	1.595000e+03	1.108416e+06
1.600000e+03	1.036851e+06	1.600000e+03	1.051278e+06	1.600000e+03	1.095152e+06	1.600000e+03	1.103952e+06	1.600000e+03	1.025425e+06	1.600000e+03	1.022538e+06	1.600000e+03	1.017220e+06	1.600000e+03	1.040407e+06	1.600000e+03	1.068813e+06	1.600000e+03	1.085252e+06	1.600000e+03	1.086376e+06	1.600000e+03	1.071199e+06	1.600000e+03	1.020022e+06	1.600000e+03	1.044880e+06	1.600000e+03	1.059337e+06	1.600000e+03	1.039844e+06	1.600000e+03	1.029864e+06	1.600000e+03	1.122215e+06	1.600000e+03	1.072373e+06	1.600000e+03	1.037277e+06	1.600000e+03	1.100531e+06	1.600000e+03	1.099784e+06	1.600000e+03	1.034558e+06	1.600000e+03	1.095898e+06	1.600000e+03	1.094935e+06	1.600000e+03	1.071659e+06	1.600000e+03	1.072147e+06	1.600000e+03	1.012859e+06	1.600000e+03	1.009292e+06	1.600000e+03	1.050991e+06	1.600000e+03	1.057369e+06	1.600000e+03	1.038149e+06	1.600000e+03	1.052749e+06	1.600000e+03	1.020732e+06	1.600000e+03	1.018507e+06	1.600000e+03	1.000196e+06	1.600000e+03	1.046036e+06	1.600000e+03	1.048871e+06	1.600000e+03	1.020193e+06	1.600000e+03	1.064569e+06	1.600000e+03	1.061818e+06	1.600000e+03	1.043442e+06	1.600000e+03	1.113249e+06	1.600000e+03	1.110201e+06	1.600000e+03	1.077644e+06	1.600000e+03	1.063851e+06	1.600000e+03	1.120397e+06	1.600000e+03	1.097353e+06	1.600000e+03	1.129517e+06	1.600000e+03	1.103882e+06	1.600000e+03	1.093013e+06	1.600000e+03	1.038099e+06	1.600000e+03	1.096920e+06	1.600000e+03	1.129836e+06	1.600000e+03	1.094485e+06	1.600000e+03	1.111025e+06	1.600000e+03	1.068642e+06	1.600000e+03	1.105444e+06	1.600000e+03	1.107065e+06	1.600000e+03	1.121652e+06	1.600000e+03	1.088866e+06	1.600000e+03	1.120310e+06
