# comment: Скан ОДМР SiC. Тут он явный, но диапазон не большой. Так же заметим, что линия тут гораздо уже, чем получалась потом, возможно тут это как раз изгиб поверхности, но не уверен
# name: ODMR Spectrum measurement
# metadata: {'created': '2026-04-07T13_00_50', 'description': 'ODMR Spectrum measurement'}
# parameters: {'left_edge': 1250.0, 'right_edge': 1400.0, 'step': 1.0, 'accum_time': 1000, 'number_repetitions': 99999, 'data_points': 151}
# units: {'left_edge': 'MHz', 'right_edge': 'MHz', 'step': 'MHz', 'accum_time_ms': 'milliseconds'}
X1	Y1	X2	Y2	X3	Y3	X4	Y4	X5	Y5	X6	Y6	X7	Y7	X8	Y8	X9	Y9	X10	Y10	X11	Y11	X12	Y12	X13	Y13	X14	Y14	X15	Y15	X16	Y16	X17	Y17	X18	Y18	X19	Y19	X20	Y20	X21	Y21	X22	Y22	X23	Y23	X24	Y24	X25	Y25	X26	Y26	X27	Y27	X28	Y28	X29	Y29	X30	Y30	X31	Y31	X32	Y32	X33	Y33	X34	Y34	X35	Y35	X36	Y36	X37	Y37	X38	Y38	X39	Y39	X40	Y40	X41	Y41	X42	Y42	X43	Y43	X44	Y44	X45	Y45	X46	Y46	X47	Y47	X48	Y48	X49	Y49	X50	Y50	X51	Y51	X52	Y52	X53	Y53	X54	Y54	X55	Y55	X56	Y56	X57	Y57	X58	Y58	X59	Y59	X60	Y60	X61	Y61	X62	Y62	X63	Y63	X64	Y64	X65	Y65	X66	Y66	X67	Y67	X68	Y68	X69	Y69	X70	Y70	X71	Y71	X72	Y72	X73	Y73	X74	Y74	X75	Y75	X76	Y76	X77	Y77	X78	Y78	X79	Y79	X80	Y80	X81	Y81	X82	Y82	X83	Y83	X84	Y84	X85	Y85	X86	Y86	X87	Y87	X88	Y88	X89	Y89	X90	Y90	X91	Y91	X92	Y92	X93	Y93	X94	Y94	X95	Y95	X96	Y96	X97	Y97	X98	Y98	X99	Y99	X100	Y100	X101	Y101	X102	Y102	X103	Y103	X104	Y104	X105	Y105	X106	Y106	X107	Y107	X108	Y108	X109	Y109	X110	Y110	X111	Y111	X112	Y112	X113	Y113	X114	Y114	X115	Y115	X116	Y116	X117	Y117	X118	Y118	X119	Y119	X120	Y120	X121	Y121	X122	Y122	X123	Y123	X124	Y124	X125	Y125	X126	Y126	X127	Y127	X128	Y128	X129	Y129	X130	Y130	X131	Y131	X132	Y132	X133	Y133	X134	Y134	X135	Y135	X136	Y136	X137	Y137	X138	Y138	X139	Y139	X140	Y140	X141	Y141	X142	Y142	X143	Y143	X144	Y144	X145	Y145	X146	Y146	X147	Y147	X148	Y148	X149	Y149	X150	Y150	X151	Y151	X152	Y152	X153	Y153	X154	Y154	X155	Y155	X156	Y156	X157	Y157	X158	Y158	X159	Y159	X160	Y160	X161	Y161	X162	Y162	X163	Y163	X164	Y164	X165	Y165	X166	Y166	X167	Y167	X168	Y168	X169	Y169	X170	Y170	X171	Y171	X172	Y172	X173	Y173	X174	Y174	X175	Y175	X176	Y176	X177	Y177	X178	Y178	X179	Y179	X180	Y180	X181	Y181	X182	Y182	X183	Y183	X184	Y184	X185	Y185	X186	Y186	X187	Y187	X188	Y188	X189	Y189	X190	Y190	X191	Y191	X192	Y192	X193	Y193	X194	Y194	X195	Y195	X196	Y196	X197	Y197	X198	Y198	X199	Y199	X200	Y200	X201	Y201	X202	Y202	X203	Y203	X204	Y204	X205	Y205	X206	Y206	X207	Y207	X208	Y208
1.250000e+03	3.110832e+06	1.250000e+03	3.124352e+06	1.250000e+03	3.129616e+06	1.250000e+03	3.120343e+06	1.250000e+03	3.120184e+06	1.250000e+03	3.137704e+06	1.250000e+03	3.136004e+06	1.250000e+03	3.133828e+06	1.250000e+03	3.152890e+06	1.250000e+03	3.149534e+06	1.250000e+03	3.164244e+06	1.250000e+03	3.170727e+06	1.250000e+03	3.168307e+06	1.250000e+03	3.176033e+06	1.250000e+03	3.181355e+06	1.250000e+03	3.147683e+06	1.250000e+03	3.157480e+06	1.250000e+03	3.172413e+06	1.250000e+03	3.151075e+06	1.250000e+03	3.161209e+06	1.250000e+03	3.168998e+06	1.250000e+03	3.151708e+06	1.250000e+03	3.163935e+06	1.250000e+03	3.171210e+06	1.250000e+03	3.164715e+06	1.250000e+03	3.164987e+06	1.250000e+03	3.172976e+06	1.250000e+03	3.152928e+06	1.250000e+03	3.157075e+06	1.250000e+03	3.151719e+06	1.250000e+03	3.160094e+06	1.250000e+03	3.178792e+06	1.250000e+03	3.162308e+06	1.250000e+03	3.171281e+06	1.250000e+03	3.165680e+06	1.250000e+03	3.160362e+06	1.250000e+03	3.173714e+06	1.250000e+03	3.167505e+06	1.250000e+03	3.164799e+06	1.250000e+03	3.164743e+06	1.250000e+03	3.163938e+06	1.250000e+03	3.160615e+06	1.250000e+03	3.157869e+06	1.250000e+03	3.161762e+06	1.250000e+03	3.152252e+06	1.250000e+03	3.152246e+06	1.250000e+03	3.153830e+06	1.250000e+03	3.152723e+06	1.250000e+03	3.163351e+06	1.250000e+03	3.165232e+06	1.250000e+03	3.160996e+06	1.250000e+03	3.164535e+06	1.250000e+03	3.168251e+06	1.250000e+03	3.168638e+06	1.250000e+03	3.165426e+06	1.250000e+03	3.173282e+06	1.250000e+03	3.170778e+06	1.250000e+03	3.176679e+06	1.250000e+03	3.177537e+06	1.250000e+03	3.169317e+06	1.250000e+03	3.159778e+06	1.250000e+03	3.175708e+06	1.250000e+03	3.161569e+06	1.250000e+03	3.174793e+06	1.250000e+03	3.168118e+06	1.250000e+03	3.176310e+06	1.250000e+03	3.171620e+06	1.250000e+03	3.171222e+06	1.250000e+03	3.165985e+06	1.250000e+03	3.163197e+06	1.250000e+03	3.171078e+06	1.250000e+03	3.173991e+06	1.250000e+03	3.173323e+06	1.250000e+03	3.176898e+06	1.250000e+03	3.176629e+06	1.250000e+03	3.174863e+06	1.250000e+03	3.176630e+06	1.250000e+03	3.189168e+06	1.250000e+03	3.191014e+06	1.250000e+03	3.187150e+06	1.250000e+03	3.179871e+06	1.250000e+03	3.184147e+06	1.250000e+03	3.167433e+06	1.250000e+03	3.180141e+06	1.250000e+03	3.187327e+06	1.250000e+03	3.176900e+06	1.250000e+03	3.182755e+06	1.250000e+03	3.187709e+06	1.250000e+03	3.183443e+06	1.250000e+03	3.195146e+06	1.250000e+03	3.183689e+06	1.250000e+03	3.184190e+06	1.250000e+03	3.190137e+06	1.250000e+03	3.180184e+06	1.250000e+03	3.183659e+06	1.250000e+03	3.183817e+06	1.250000e+03	3.183769e+06	1.250000e+03	3.177961e+06	1.250000e+03	3.183497e+06	1.250000e+03	3.190765e+06	1.250000e+03	3.194949e+06	1.250000e+03	3.193263e+06	1.250000e+03	3.191289e+06	1.250000e+03	3.191269e+06	1.250000e+03	3.194675e+06	1.250000e+03	3.185175e+06	1.250000e+03	3.188283e+06	1.250000e+03	3.189965e+06	1.250000e+03	3.185457e+06	1.250000e+03	3.186086e+06	1.250000e+03	3.189849e+06	1.250000e+03	3.188426e+06	1.250000e+03	3.186047e+06	1.250000e+03	3.185393e+06	1.250000e+03	3.184551e+06	1.250000e+03	3.194756e+06	1.250000e+03	3.195498e+06	1.250000e+03	3.186276e+06	1.250000e+03	3.190477e+06	1.250000e+03	3.188486e+06	1.250000e+03	3.196939e+06	1.250000e+03	3.188069e+06	1.250000e+03	3.197549e+06	1.250000e+03	3.189703e+06	1.250000e+03	3.199324e+06	1.250000e+03	3.191181e+06	1.250000e+03	3.181298e+06	1.250000e+03	3.187063e+06	1.250000e+03	3.195578e+06	1.250000e+03	3.192596e+06	1.250000e+03	3.188805e+06	1.250000e+03	3.192216e+06	1.250000e+03	3.193623e+06	1.250000e+03	3.188377e+06	1.250000e+03	3.198021e+06	1.250000e+03	3.186352e+06	1.250000e+03	3.187832e+06	1.250000e+03	3.188134e+06	1.250000e+03	3.191811e+06	1.250000e+03	3.182625e+06	1.250000e+03	3.191709e+06	1.250000e+03	3.196200e+06	1.250000e+03	3.189497e+06	1.250000e+03	3.190009e+06	1.250000e+03	3.192390e+06	1.250000e+03	3.190535e+06	1.250000e+03	3.183347e+06	1.250000e+03	3.182082e+06	1.250000e+03	3.182132e+06	1.250000e+03	3.189778e+06	1.250000e+03	3.187532e+06	1.250000e+03	3.190688e+06	1.250000e+03	3.202362e+06	1.250000e+03	3.189342e+06	1.250000e+03	3.194179e+06	1.250000e+03	3.189611e+06	1.250000e+03	3.176120e+06	1.250000e+03	3.189049e+06	1.250000e+03	3.192339e+06	1.250000e+03	3.181550e+06	1.250000e+03	3.182332e+06	1.250000e+03	3.182176e+06	1.250000e+03	3.189557e+06	1.250000e+03	3.195982e+06	1.250000e+03	3.189750e+06	1.250000e+03	3.186480e+06	1.250000e+03	3.189207e+06	1.250000e+03	3.194953e+06	1.250000e+03	3.198941e+06	1.250000e+03	3.199557e+06	1.250000e+03	3.191867e+06	1.250000e+03	3.197211e+06	1.250000e+03	3.196543e+06	1.250000e+03	3.189805e+06	1.250000e+03	3.199804e+06	1.250000e+03	3.204092e+06	1.250000e+03	3.205406e+06	1.250000e+03	3.193359e+06	1.250000e+03	3.200374e+06	1.250000e+03	3.195299e+06	1.250000e+03	3.202094e+06	1.250000e+03	3.189225e+06	1.250000e+03	3.206320e+06	1.250000e+03	3.197257e+06	1.250000e+03	3.202538e+06	1.250000e+03	3.206314e+06	1.250000e+03	3.207727e+06	1.250000e+03	3.198037e+06	1.250000e+03	3.212772e+06	1.250000e+03	3.208090e+06	1.250000e+03	3.197960e+06	1.250000e+03	3.208409e+06	1.250000e+03	3.217612e+06	1.250000e+03	3.202777e+06	1.250000e+03	3.197689e+06	1.250000e+03	3.212684e+06	1.250000e+03	3.203307e+06	1.250000e+03	3.202356e+06	1.250000e+03	3.207960e+06	1.250000e+03	3.213235e+06	1.250000e+03	3.205207e+06	1.250000e+03	3.209447e+06	1.250000e+03	3.209382e+06	1.250000e+03	3.209560e+06	1.250000e+03	3.209130e+06	1.250000e+03	3.211554e+06	1.250000e+03	3.205774e+06	1.250000e+03	3.211561e+06
1.251000e+03	3.109300e+06	1.251000e+03	3.125329e+06	1.251000e+03	3.131649e+06	1.251000e+03	3.120818e+06	1.251000e+03	3.124920e+06	1.251000e+03	3.140325e+06	1.251000e+03	3.130196e+06	1.251000e+03	3.130326e+06	1.251000e+03	3.151792e+06	1.251000e+03	3.144672e+06	1.251000e+03	3.161029e+06	1.251000e+03	3.171290e+06	1.251000e+03	3.167821e+06	1.251000e+03	3.177816e+06	1.251000e+03	3.175007e+06	1.251000e+03	3.147737e+06	1.251000e+03	3.158930e+06	1.251000e+03	3.172207e+06	1.251000e+03	3.154503e+06	1.251000e+03	3.165453e+06	1.251000e+03	3.166459e+06	1.251000e+03	3.153539e+06	1.251000e+03	3.159095e+06	1.251000e+03	3.169281e+06	1.251000e+03	3.167492e+06	1.251000e+03	3.166133e+06	1.251000e+03	3.174826e+06	1.251000e+03	3.150835e+06	1.251000e+03	3.153639e+06	1.251000e+03	3.154922e+06	1.251000e+03	3.155387e+06	1.251000e+03	3.183453e+06	1.251000e+03	3.156638e+06	1.251000e+03	3.169025e+06	1.251000e+03	3.164887e+06	1.251000e+03	3.159297e+06	1.251000e+03	3.174722e+06	1.251000e+03	3.162685e+06	1.251000e+03	3.164675e+06	1.251000e+03	3.169068e+06	1.251000e+03	3.165651e+06	1.251000e+03	3.164516e+06	1.251000e+03	3.154816e+06	1.251000e+03	3.161298e+06	1.251000e+03	3.149712e+06	1.251000e+03	3.150039e+06	1.251000e+03	3.158511e+06	1.251000e+03	3.153436e+06	1.251000e+03	3.165507e+06	1.251000e+03	3.164800e+06	1.251000e+03	3.161469e+06	1.251000e+03	3.162007e+06	1.251000e+03	3.173899e+06	1.251000e+03	3.166150e+06	1.251000e+03	3.169403e+06	1.251000e+03	3.167871e+06	1.251000e+03	3.173116e+06	1.251000e+03	3.173848e+06	1.251000e+03	3.181131e+06	1.251000e+03	3.166284e+06	1.251000e+03	3.163147e+06	1.251000e+03	3.172815e+06	1.251000e+03	3.165078e+06	1.251000e+03	3.175236e+06	1.251000e+03	3.169450e+06	1.251000e+03	3.171000e+06	1.251000e+03	3.169755e+06	1.251000e+03	3.173647e+06	1.251000e+03	3.169430e+06	1.251000e+03	3.164095e+06	1.251000e+03	3.168785e+06	1.251000e+03	3.170987e+06	1.251000e+03	3.176186e+06	1.251000e+03	3.177135e+06	1.251000e+03	3.175378e+06	1.251000e+03	3.174714e+06	1.251000e+03	3.176929e+06	1.251000e+03	3.191626e+06	1.251000e+03	3.187260e+06	1.251000e+03	3.187346e+06	1.251000e+03	3.176881e+06	1.251000e+03	3.186238e+06	1.251000e+03	3.174777e+06	1.251000e+03	3.174665e+06	1.251000e+03	3.181110e+06	1.251000e+03	3.176605e+06	1.251000e+03	3.182536e+06	1.251000e+03	3.184440e+06	1.251000e+03	3.183719e+06	1.251000e+03	3.188820e+06	1.251000e+03	3.182645e+06	1.251000e+03	3.184111e+06	1.251000e+03	3.181083e+06	1.251000e+03	3.180512e+06	1.251000e+03	3.192405e+06	1.251000e+03	3.187272e+06	1.251000e+03	3.182857e+06	1.251000e+03	3.181353e+06	1.251000e+03	3.179109e+06	1.251000e+03	3.193907e+06	1.251000e+03	3.192433e+06	1.251000e+03	3.190407e+06	1.251000e+03	3.190959e+06	1.251000e+03	3.190380e+06	1.251000e+03	3.190790e+06	1.251000e+03	3.183866e+06	1.251000e+03	3.189237e+06	1.251000e+03	3.191354e+06	1.251000e+03	3.188070e+06	1.251000e+03	3.185580e+06	1.251000e+03	3.186151e+06	1.251000e+03	3.194691e+06	1.251000e+03	3.185827e+06	1.251000e+03	3.181608e+06	1.251000e+03	3.184040e+06	1.251000e+03	3.194044e+06	1.251000e+03	3.195835e+06	1.251000e+03	3.181297e+06	1.251000e+03	3.182656e+06	1.251000e+03	3.189955e+06	1.251000e+03	3.198008e+06	1.251000e+03	3.186500e+06	1.251000e+03	3.198203e+06	1.251000e+03	3.187538e+06	1.251000e+03	3.198111e+06	1.251000e+03	3.193352e+06	1.251000e+03	3.181270e+06	1.251000e+03	3.184555e+06	1.251000e+03	3.190772e+06	1.251000e+03	3.191652e+06	1.251000e+03	3.190416e+06	1.251000e+03	3.190238e+06	1.251000e+03	3.192126e+06	1.251000e+03	3.186424e+06	1.251000e+03	3.199352e+06	1.251000e+03	3.188541e+06	1.251000e+03	3.187031e+06	1.251000e+03	3.184179e+06	1.251000e+03	3.186898e+06	1.251000e+03	3.183708e+06	1.251000e+03	3.187687e+06	1.251000e+03	3.194169e+06	1.251000e+03	3.191199e+06	1.251000e+03	3.188998e+06	1.251000e+03	3.192403e+06	1.251000e+03	3.189171e+06	1.251000e+03	3.181726e+06	1.251000e+03	3.181697e+06	1.251000e+03	3.184007e+06	1.251000e+03	3.193688e+06	1.251000e+03	3.189397e+06	1.251000e+03	3.192846e+06	1.251000e+03	3.202635e+06	1.251000e+03	3.188916e+06	1.251000e+03	3.193509e+06	1.251000e+03	3.188929e+06	1.251000e+03	3.173684e+06	1.251000e+03	3.190237e+06	1.251000e+03	3.190574e+06	1.251000e+03	3.184658e+06	1.251000e+03	3.182389e+06	1.251000e+03	3.183558e+06	1.251000e+03	3.192121e+06	1.251000e+03	3.194122e+06	1.251000e+03	3.188181e+06	1.251000e+03	3.188760e+06	1.251000e+03	3.189039e+06	1.251000e+03	3.193015e+06	1.251000e+03	3.197863e+06	1.251000e+03	3.199390e+06	1.251000e+03	3.191726e+06	1.251000e+03	3.199627e+06	1.251000e+03	3.198951e+06	1.251000e+03	3.190860e+06	1.251000e+03	3.202097e+06	1.251000e+03	3.202011e+06	1.251000e+03	3.204415e+06	1.251000e+03	3.192337e+06	1.251000e+03	3.203034e+06	1.251000e+03	3.197356e+06	1.251000e+03	3.202561e+06	1.251000e+03	3.191034e+06	1.251000e+03	3.210835e+06	1.251000e+03	3.195613e+06	1.251000e+03	3.205428e+06	1.251000e+03	3.211274e+06	1.251000e+03	3.203072e+06	1.251000e+03	3.205686e+06	1.251000e+03	3.216316e+06	1.251000e+03	3.206660e+06	1.251000e+03	3.201202e+06	1.251000e+03	3.208973e+06	1.251000e+03	3.209526e+06	1.251000e+03	3.201639e+06	1.251000e+03	3.199844e+06	1.251000e+03	3.212013e+06	1.251000e+03	3.202750e+06	1.251000e+03	3.202795e+06	1.251000e+03	3.208273e+06	1.251000e+03	3.214616e+06	1.251000e+03	3.204471e+06	1.251000e+03	3.207738e+06	1.251000e+03	3.204735e+06	1.251000e+03	3.209430e+06	1.251000e+03	3.209728e+06	1.251000e+03	3.211274e+06	1.251000e+03	3.205592e+06	1.251000e+03	3.210923e+06
1.252000e+03	3.113850e+06	1.252000e+03	3.123687e+06	1.252000e+03	3.133177e+06	1.252000e+03	3.124968e+06	1.252000e+03	3.121300e+06	1.252000e+03	3.137395e+06	1.252000e+03	3.135299e+06	1.252000e+03	3.132399e+06	1.252000e+03	3.149226e+06	1.252000e+03	3.147771e+06	1.252000e+03	3.164935e+06	1.252000e+03	3.173271e+06	1.252000e+03	3.171247e+06	1.252000e+03	3.177595e+06	1.252000e+03	3.171839e+06	1.252000e+03	3.148474e+06	1.252000e+03	3.159050e+06	1.252000e+03	3.176510e+06	1.252000e+03	3.149553e+06	1.252000e+03	3.164577e+06	1.252000e+03	3.164916e+06	1.252000e+03	3.149786e+06	1.252000e+03	3.161976e+06	1.252000e+03	3.171507e+06	1.252000e+03	3.158899e+06	1.252000e+03	3.167124e+06	1.252000e+03	3.178850e+06	1.252000e+03	3.148214e+06	1.252000e+03	3.157995e+06	1.252000e+03	3.153972e+06	1.252000e+03	3.154115e+06	1.252000e+03	3.167344e+06	1.252000e+03	3.163922e+06	1.252000e+03	3.170518e+06	1.252000e+03	3.166497e+06	1.252000e+03	3.157931e+06	1.252000e+03	3.174365e+06	1.252000e+03	3.166386e+06	1.252000e+03	3.165086e+06	1.252000e+03	3.166787e+06	1.252000e+03	3.165651e+06	1.252000e+03	3.168079e+06	1.252000e+03	3.155450e+06	1.252000e+03	3.159053e+06	1.252000e+03	3.153043e+06	1.252000e+03	3.154007e+06	1.252000e+03	3.159833e+06	1.252000e+03	3.153250e+06	1.252000e+03	3.159917e+06	1.252000e+03	3.162555e+06	1.252000e+03	3.161416e+06	1.252000e+03	3.164371e+06	1.252000e+03	3.170796e+06	1.252000e+03	3.170896e+06	1.252000e+03	3.169175e+06	1.252000e+03	3.163751e+06	1.252000e+03	3.171677e+06	1.252000e+03	3.172226e+06	1.252000e+03	3.180910e+06	1.252000e+03	3.161558e+06	1.252000e+03	3.163532e+06	1.252000e+03	3.173235e+06	1.252000e+03	3.166635e+06	1.252000e+03	3.178605e+06	1.252000e+03	3.168289e+06	1.252000e+03	3.169436e+06	1.252000e+03	3.169381e+06	1.252000e+03	3.171131e+06	1.252000e+03	3.166959e+06	1.252000e+03	3.165084e+06	1.252000e+03	3.170954e+06	1.252000e+03	3.172708e+06	1.252000e+03	3.174262e+06	1.252000e+03	3.175635e+06	1.252000e+03	3.174462e+06	1.252000e+03	3.176385e+06	1.252000e+03	3.178975e+06	1.252000e+03	3.187528e+06	1.252000e+03	3.182003e+06	1.252000e+03	3.184764e+06	1.252000e+03	3.177562e+06	1.252000e+03	3.187777e+06	1.252000e+03	3.173206e+06	1.252000e+03	3.167113e+06	1.252000e+03	3.181184e+06	1.252000e+03	3.173252e+06	1.252000e+03	3.182646e+06	1.252000e+03	3.180527e+06	1.252000e+03	3.186217e+06	1.252000e+03	3.185559e+06	1.252000e+03	3.187582e+06	1.252000e+03	3.180244e+06	1.252000e+03	3.180149e+06	1.252000e+03	3.181165e+06	1.252000e+03	3.189417e+06	1.252000e+03	3.187227e+06	1.252000e+03	3.184722e+06	1.252000e+03	3.184326e+06	1.252000e+03	3.180389e+06	1.252000e+03	3.197100e+06	1.252000e+03	3.190553e+06	1.252000e+03	3.195974e+06	1.252000e+03	3.189585e+06	1.252000e+03	3.195398e+06	1.252000e+03	3.189874e+06	1.252000e+03	3.184942e+06	1.252000e+03	3.187371e+06	1.252000e+03	3.186318e+06	1.252000e+03	3.186250e+06	1.252000e+03	3.183555e+06	1.252000e+03	3.186632e+06	1.252000e+03	3.191937e+06	1.252000e+03	3.185091e+06	1.252000e+03	3.189501e+06	1.252000e+03	3.181481e+06	1.252000e+03	3.190848e+06	1.252000e+03	3.192566e+06	1.252000e+03	3.182214e+06	1.252000e+03	3.183954e+06	1.252000e+03	3.194007e+06	1.252000e+03	3.190095e+06	1.252000e+03	3.187592e+06	1.252000e+03	3.194622e+06	1.252000e+03	3.190204e+06	1.252000e+03	3.195939e+06	1.252000e+03	3.190459e+06	1.252000e+03	3.186502e+06	1.252000e+03	3.186157e+06	1.252000e+03	3.192347e+06	1.252000e+03	3.191248e+06	1.252000e+03	3.190556e+06	1.252000e+03	3.186349e+06	1.252000e+03	3.189329e+06	1.252000e+03	3.189411e+06	1.252000e+03	3.197814e+06	1.252000e+03	3.192585e+06	1.252000e+03	3.186484e+06	1.252000e+03	3.185054e+06	1.252000e+03	3.184723e+06	1.252000e+03	3.179575e+06	1.252000e+03	3.185438e+06	1.252000e+03	3.192276e+06	1.252000e+03	3.188309e+06	1.252000e+03	3.188320e+06	1.252000e+03	3.194647e+06	1.252000e+03	3.187940e+06	1.252000e+03	3.186205e+06	1.252000e+03	3.182470e+06	1.252000e+03	3.181785e+06	1.252000e+03	3.195787e+06	1.252000e+03	3.189557e+06	1.252000e+03	3.190879e+06	1.252000e+03	3.202331e+06	1.252000e+03	3.188943e+06	1.252000e+03	3.196585e+06	1.252000e+03	3.191898e+06	1.252000e+03	3.177893e+06	1.252000e+03	3.185054e+06	1.252000e+03	3.188425e+06	1.252000e+03	3.180576e+06	1.252000e+03	3.177415e+06	1.252000e+03	3.180150e+06	1.252000e+03	3.187967e+06	1.252000e+03	3.194753e+06	1.252000e+03	3.186366e+06	1.252000e+03	3.189344e+06	1.252000e+03	3.184529e+06	1.252000e+03	3.194677e+06	1.252000e+03	3.199617e+06	1.252000e+03	3.195522e+06	1.252000e+03	3.195077e+06	1.252000e+03	3.200701e+06	1.252000e+03	3.201250e+06	1.252000e+03	3.192570e+06	1.252000e+03	3.199437e+06	1.252000e+03	3.200010e+06	1.252000e+03	3.205689e+06	1.252000e+03	3.191583e+06	1.252000e+03	3.201825e+06	1.252000e+03	3.194395e+06	1.252000e+03	3.203213e+06	1.252000e+03	3.189184e+06	1.252000e+03	3.213571e+06	1.252000e+03	3.195274e+06	1.252000e+03	3.197967e+06	1.252000e+03	3.211445e+06	1.252000e+03	3.204967e+06	1.252000e+03	3.201556e+06	1.252000e+03	3.212204e+06	1.252000e+03	3.203723e+06	1.252000e+03	3.200567e+06	1.252000e+03	3.207871e+06	1.252000e+03	3.207470e+06	1.252000e+03	3.202556e+06	1.252000e+03	3.201709e+06	1.252000e+03	3.211557e+06	1.252000e+03	3.204318e+06	1.252000e+03	3.202247e+06	1.252000e+03	3.207942e+06	1.252000e+03	3.211222e+06	1.252000e+03	3.207962e+06	1.252000e+03	3.207379e+06	1.252000e+03	3.209551e+06	1.252000e+03	3.208547e+06	1.252000e+03	3.211157e+06	1.252000e+03	3.212138e+06	1.252000e+03	3.203807e+06	1.252000e+03	3.209169e+06
1.253000e+03	3.110247e+06	1.253000e+03	3.128334e+06	1.253000e+03	3.136239e+06	1.253000e+03	3.123544e+06	1.253000e+03	3.121815e+06	1.253000e+03	3.135463e+06	1.253000e+03	3.136070e+06	1.253000e+03	3.134829e+06	1.253000e+03	3.146551e+06	1.253000e+03	3.142127e+06	1.253000e+03	3.165468e+06	1.253000e+03	3.172024e+06	1.253000e+03	3.168515e+06	1.253000e+03	3.180133e+06	1.253000e+03	3.177235e+06	1.253000e+03	3.147316e+06	1.253000e+03	3.163253e+06	1.253000e+03	3.175040e+06	1.253000e+03	3.150061e+06	1.253000e+03	3.166963e+06	1.253000e+03	3.166441e+06	1.253000e+03	3.153000e+06	1.253000e+03	3.160408e+06	1.253000e+03	3.168607e+06	1.253000e+03	3.158847e+06	1.253000e+03	3.167355e+06	1.253000e+03	3.174423e+06	1.253000e+03	3.148663e+06	1.253000e+03	3.158695e+06	1.253000e+03	3.152108e+06	1.253000e+03	3.156030e+06	1.253000e+03	3.154894e+06	1.253000e+03	3.163057e+06	1.253000e+03	3.170608e+06	1.253000e+03	3.167058e+06	1.253000e+03	3.156933e+06	1.253000e+03	3.174426e+06	1.253000e+03	3.166372e+06	1.253000e+03	3.166113e+06	1.253000e+03	3.164125e+06	1.253000e+03	3.162524e+06	1.253000e+03	3.167259e+06	1.253000e+03	3.160521e+06	1.253000e+03	3.159115e+06	1.253000e+03	3.151839e+06	1.253000e+03	3.154213e+06	1.253000e+03	3.159225e+06	1.253000e+03	3.156628e+06	1.253000e+03	3.160081e+06	1.253000e+03	3.161716e+06	1.253000e+03	3.163832e+06	1.253000e+03	3.167980e+06	1.253000e+03	3.170796e+06	1.253000e+03	3.172548e+06	1.253000e+03	3.167451e+06	1.253000e+03	3.169334e+06	1.253000e+03	3.172515e+06	1.253000e+03	3.172076e+06	1.253000e+03	3.176263e+06	1.253000e+03	3.161807e+06	1.253000e+03	3.162150e+06	1.253000e+03	3.170671e+06	1.253000e+03	3.169011e+06	1.253000e+03	3.179810e+06	1.253000e+03	3.169061e+06	1.253000e+03	3.168120e+06	1.253000e+03	3.168803e+06	1.253000e+03	3.174786e+06	1.253000e+03	3.169488e+06	1.253000e+03	3.165985e+06	1.253000e+03	3.169684e+06	1.253000e+03	3.170019e+06	1.253000e+03	3.173640e+06	1.253000e+03	3.177537e+06	1.253000e+03	3.177959e+06	1.253000e+03	3.176780e+06	1.253000e+03	3.179140e+06	1.253000e+03	3.189290e+06	1.253000e+03	3.178698e+06	1.253000e+03	3.185014e+06	1.253000e+03	3.178637e+06	1.253000e+03	3.187299e+06	1.253000e+03	3.176205e+06	1.253000e+03	3.164816e+06	1.253000e+03	3.182209e+06	1.253000e+03	3.175684e+06	1.253000e+03	3.182570e+06	1.253000e+03	3.185709e+06	1.253000e+03	3.184276e+06	1.253000e+03	3.182168e+06	1.253000e+03	3.184964e+06	1.253000e+03	3.185047e+06	1.253000e+03	3.182884e+06	1.253000e+03	3.181705e+06	1.253000e+03	3.186082e+06	1.253000e+03	3.184237e+06	1.253000e+03	3.184907e+06	1.253000e+03	3.182428e+06	1.253000e+03	3.181738e+06	1.253000e+03	3.195387e+06	1.253000e+03	3.192601e+06	1.253000e+03	3.192334e+06	1.253000e+03	3.188725e+06	1.253000e+03	3.192907e+06	1.253000e+03	3.188047e+06	1.253000e+03	3.185245e+06	1.253000e+03	3.183497e+06	1.253000e+03	3.188239e+06	1.253000e+03	3.187158e+06	1.253000e+03	3.185172e+06	1.253000e+03	3.189317e+06	1.253000e+03	3.190501e+06	1.253000e+03	3.184813e+06	1.253000e+03	3.189675e+06	1.253000e+03	3.180757e+06	1.253000e+03	3.191712e+06	1.253000e+03	3.194270e+06	1.253000e+03	3.185004e+06	1.253000e+03	3.186249e+06	1.253000e+03	3.186228e+06	1.253000e+03	3.194208e+06	1.253000e+03	3.187596e+06	1.253000e+03	3.194304e+06	1.253000e+03	3.190386e+06	1.253000e+03	3.191195e+06	1.253000e+03	3.186115e+06	1.253000e+03	3.183447e+06	1.253000e+03	3.185834e+06	1.253000e+03	3.188856e+06	1.253000e+03	3.192234e+06	1.253000e+03	3.194096e+06	1.253000e+03	3.190324e+06	1.253000e+03	3.186473e+06	1.253000e+03	3.192481e+06	1.253000e+03	3.198117e+06	1.253000e+03	3.198098e+06	1.253000e+03	3.189903e+06	1.253000e+03	3.188601e+06	1.253000e+03	3.185587e+06	1.253000e+03	3.181071e+06	1.253000e+03	3.189372e+06	1.253000e+03	3.190901e+06	1.253000e+03	3.188103e+06	1.253000e+03	3.185850e+06	1.253000e+03	3.199079e+06	1.253000e+03	3.188309e+06	1.253000e+03	3.189876e+06	1.253000e+03	3.181354e+06	1.253000e+03	3.179796e+06	1.253000e+03	3.199602e+06	1.253000e+03	3.190040e+06	1.253000e+03	3.189806e+06	1.253000e+03	3.201261e+06	1.253000e+03	3.189249e+06	1.253000e+03	3.193681e+06	1.253000e+03	3.188291e+06	1.253000e+03	3.181181e+06	1.253000e+03	3.188883e+06	1.253000e+03	3.188233e+06	1.253000e+03	3.179800e+06	1.253000e+03	3.175764e+06	1.253000e+03	3.183772e+06	1.253000e+03	3.190317e+06	1.253000e+03	3.187436e+06	1.253000e+03	3.187506e+06	1.253000e+03	3.189649e+06	1.253000e+03	3.187790e+06	1.253000e+03	3.194331e+06	1.253000e+03	3.197658e+06	1.253000e+03	3.197757e+06	1.253000e+03	3.195746e+06	1.253000e+03	3.197807e+06	1.253000e+03	3.193796e+06	1.253000e+03	3.196386e+06	1.253000e+03	3.196723e+06	1.253000e+03	3.198865e+06	1.253000e+03	3.202356e+06	1.253000e+03	3.193826e+06	1.253000e+03	3.202999e+06	1.253000e+03	3.190396e+06	1.253000e+03	3.203022e+06	1.253000e+03	3.193291e+06	1.253000e+03	3.211029e+06	1.253000e+03	3.199388e+06	1.253000e+03	3.198895e+06	1.253000e+03	3.212515e+06	1.253000e+03	3.203740e+06	1.253000e+03	3.202214e+06	1.253000e+03	3.212569e+06	1.253000e+03	3.203769e+06	1.253000e+03	3.197520e+06	1.253000e+03	3.207391e+06	1.253000e+03	3.206175e+06	1.253000e+03	3.202326e+06	1.253000e+03	3.200143e+06	1.253000e+03	3.214618e+06	1.253000e+03	3.201397e+06	1.253000e+03	3.203483e+06	1.253000e+03	3.206083e+06	1.253000e+03	3.210313e+06	1.253000e+03	3.207277e+06	1.253000e+03	3.205210e+06	1.253000e+03	3.206434e+06	1.253000e+03	3.212369e+06	1.253000e+03	3.211932e+06	1.253000e+03	3.212006e+06	1.253000e+03	3.208267e+06	1.253000e+03	3.211083e+06
1.254000e+03	3.111613e+06	1.254000e+03	3.123447e+06	1.254000e+03	3.137272e+06	1.254000e+03	3.122518e+06	1.254000e+03	3.124943e+06	1.254000e+03	3.133175e+06	1.254000e+03	3.135482e+06	1.254000e+03	3.135844e+06	1.254000e+03	3.151291e+06	1.254000e+03	3.145312e+06	1.254000e+03	3.167644e+06	1.254000e+03	3.170646e+06	1.254000e+03	3.171146e+06	1.254000e+03	3.173438e+06	1.254000e+03	3.175896e+06	1.254000e+03	3.151119e+06	1.254000e+03	3.151937e+06	1.254000e+03	3.174768e+06	1.254000e+03	3.149979e+06	1.254000e+03	3.172063e+06	1.254000e+03	3.162406e+06	1.254000e+03	3.154219e+06	1.254000e+03	3.160991e+06	1.254000e+03	3.170607e+06	1.254000e+03	3.167861e+06	1.254000e+03	3.161228e+06	1.254000e+03	3.171760e+06	1.254000e+03	3.154280e+06	1.254000e+03	3.158378e+06	1.254000e+03	3.153281e+06	1.254000e+03	3.152345e+06	1.254000e+03	3.152088e+06	1.254000e+03	3.162007e+06	1.254000e+03	3.168650e+06	1.254000e+03	3.161708e+06	1.254000e+03	3.154367e+06	1.254000e+03	3.169406e+06	1.254000e+03	3.170701e+06	1.254000e+03	3.164657e+06	1.254000e+03	3.160987e+06	1.254000e+03	3.159031e+06	1.254000e+03	3.164930e+06	1.254000e+03	3.160677e+06	1.254000e+03	3.166227e+06	1.254000e+03	3.151301e+06	1.254000e+03	3.151313e+06	1.254000e+03	3.153684e+06	1.254000e+03	3.157977e+06	1.254000e+03	3.163371e+06	1.254000e+03	3.156435e+06	1.254000e+03	3.165619e+06	1.254000e+03	3.166546e+06	1.254000e+03	3.173964e+06	1.254000e+03	3.169112e+06	1.254000e+03	3.169870e+06	1.254000e+03	3.167909e+06	1.254000e+03	3.170513e+06	1.254000e+03	3.170078e+06	1.254000e+03	3.174983e+06	1.254000e+03	3.163572e+06	1.254000e+03	3.166575e+06	1.254000e+03	3.171397e+06	1.254000e+03	3.166467e+06	1.254000e+03	3.179470e+06	1.254000e+03	3.168314e+06	1.254000e+03	3.166114e+06	1.254000e+03	3.171383e+06	1.254000e+03	3.175476e+06	1.254000e+03	3.170268e+06	1.254000e+03	3.164599e+06	1.254000e+03	3.172664e+06	1.254000e+03	3.165132e+06	1.254000e+03	3.176888e+06	1.254000e+03	3.175799e+06	1.254000e+03	3.180824e+06	1.254000e+03	3.178524e+06	1.254000e+03	3.177611e+06	1.254000e+03	3.187078e+06	1.254000e+03	3.189138e+06	1.254000e+03	3.186158e+06	1.254000e+03	3.180814e+06	1.254000e+03	3.183891e+06	1.254000e+03	3.179601e+06	1.254000e+03	3.169893e+06	1.254000e+03	3.186951e+06	1.254000e+03	3.174634e+06	1.254000e+03	3.180073e+06	1.254000e+03	3.188715e+06	1.254000e+03	3.184329e+06	1.254000e+03	3.187309e+06	1.254000e+03	3.187021e+06	1.254000e+03	3.182352e+06	1.254000e+03	3.180742e+06	1.254000e+03	3.181797e+06	1.254000e+03	3.188107e+06	1.254000e+03	3.187032e+06	1.254000e+03	3.182518e+06	1.254000e+03	3.182598e+06	1.254000e+03	3.183355e+06	1.254000e+03	3.194781e+06	1.254000e+03	3.193556e+06	1.254000e+03	3.194254e+06	1.254000e+03	3.187609e+06	1.254000e+03	3.195239e+06	1.254000e+03	3.190518e+06	1.254000e+03	3.183802e+06	1.254000e+03	3.186908e+06	1.254000e+03	3.188199e+06	1.254000e+03	3.182645e+06	1.254000e+03	3.183114e+06	1.254000e+03	3.187428e+06	1.254000e+03	3.191060e+06	1.254000e+03	3.187667e+06	1.254000e+03	3.187438e+06	1.254000e+03	3.184254e+06	1.254000e+03	3.193965e+06	1.254000e+03	3.193665e+06	1.254000e+03	3.184462e+06	1.254000e+03	3.183384e+06	1.254000e+03	3.187300e+06	1.254000e+03	3.195040e+06	1.254000e+03	3.192005e+06	1.254000e+03	3.195802e+06	1.254000e+03	3.190433e+06	1.254000e+03	3.189428e+06	1.254000e+03	3.185204e+06	1.254000e+03	3.179254e+06	1.254000e+03	3.184379e+06	1.254000e+03	3.189581e+06	1.254000e+03	3.192779e+06	1.254000e+03	3.193563e+06	1.254000e+03	3.190324e+06	1.254000e+03	3.191289e+06	1.254000e+03	3.191661e+06	1.254000e+03	3.200493e+06	1.254000e+03	3.196466e+06	1.254000e+03	3.187969e+06	1.254000e+03	3.189568e+06	1.254000e+03	3.185379e+06	1.254000e+03	3.184150e+06	1.254000e+03	3.191727e+06	1.254000e+03	3.190467e+06	1.254000e+03	3.189590e+06	1.254000e+03	3.190148e+06	1.254000e+03	3.201626e+06	1.254000e+03	3.186129e+06	1.254000e+03	3.183868e+06	1.254000e+03	3.179915e+06	1.254000e+03	3.181804e+06	1.254000e+03	3.190586e+06	1.254000e+03	3.191094e+06	1.254000e+03	3.190184e+06	1.254000e+03	3.197106e+06	1.254000e+03	3.191539e+06	1.254000e+03	3.194820e+06	1.254000e+03	3.189480e+06	1.254000e+03	3.178431e+06	1.254000e+03	3.188921e+06	1.254000e+03	3.193326e+06	1.254000e+03	3.180274e+06	1.254000e+03	3.177037e+06	1.254000e+03	3.191021e+06	1.254000e+03	3.188139e+06	1.254000e+03	3.183953e+06	1.254000e+03	3.185508e+06	1.254000e+03	3.187259e+06	1.254000e+03	3.187180e+06	1.254000e+03	3.197359e+06	1.254000e+03	3.201409e+06	1.254000e+03	3.197925e+06	1.254000e+03	3.196024e+06	1.254000e+03	3.197980e+06	1.254000e+03	3.196111e+06	1.254000e+03	3.196138e+06	1.254000e+03	3.199400e+06	1.254000e+03	3.197435e+06	1.254000e+03	3.200660e+06	1.254000e+03	3.193195e+06	1.254000e+03	3.205305e+06	1.254000e+03	3.192073e+06	1.254000e+03	3.209308e+06	1.254000e+03	3.195272e+06	1.254000e+03	3.210420e+06	1.254000e+03	3.198376e+06	1.254000e+03	3.202612e+06	1.254000e+03	3.210645e+06	1.254000e+03	3.205158e+06	1.254000e+03	3.204913e+06	1.254000e+03	3.210369e+06	1.254000e+03	3.203323e+06	1.254000e+03	3.198569e+06	1.254000e+03	3.209995e+06	1.254000e+03	3.208586e+06	1.254000e+03	3.205317e+06	1.254000e+03	3.199415e+06	1.254000e+03	3.213028e+06	1.254000e+03	3.202283e+06	1.254000e+03	3.204483e+06	1.254000e+03	3.202471e+06	1.254000e+03	3.212159e+06	1.254000e+03	3.211055e+06	1.254000e+03	3.202868e+06	1.254000e+03	3.207334e+06	1.254000e+03	3.208139e+06	1.254000e+03	3.212267e+06	1.254000e+03	3.209892e+06	1.254000e+03	3.208103e+06	1.254000e+03	3.213937e+06
1.255000e+03	3.112728e+06	1.255000e+03	3.120182e+06	1.255000e+03	3.135179e+06	1.255000e+03	3.116883e+06	1.255000e+03	3.127342e+06	1.255000e+03	3.132924e+06	1.255000e+03	3.134031e+06	1.255000e+03	3.138976e+06	1.255000e+03	3.145871e+06	1.255000e+03	3.145688e+06	1.255000e+03	3.167544e+06	1.255000e+03	3.172826e+06	1.255000e+03	3.171151e+06	1.255000e+03	3.176467e+06	1.255000e+03	3.178242e+06	1.255000e+03	3.152318e+06	1.255000e+03	3.155939e+06	1.255000e+03	3.177005e+06	1.255000e+03	3.151871e+06	1.255000e+03	3.168690e+06	1.255000e+03	3.161117e+06	1.255000e+03	3.152452e+06	1.255000e+03	3.164523e+06	1.255000e+03	3.172281e+06	1.255000e+03	3.169474e+06	1.255000e+03	3.162945e+06	1.255000e+03	3.172163e+06	1.255000e+03	3.149079e+06	1.255000e+03	3.162122e+06	1.255000e+03	3.152634e+06	1.255000e+03	3.154435e+06	1.255000e+03	3.157158e+06	1.255000e+03	3.164912e+06	1.255000e+03	3.169437e+06	1.255000e+03	3.163846e+06	1.255000e+03	3.154705e+06	1.255000e+03	3.172111e+06	1.255000e+03	3.166916e+06	1.255000e+03	3.166416e+06	1.255000e+03	3.161957e+06	1.255000e+03	3.164626e+06	1.255000e+03	3.160738e+06	1.255000e+03	3.158739e+06	1.255000e+03	3.162244e+06	1.255000e+03	3.150156e+06	1.255000e+03	3.153820e+06	1.255000e+03	3.153064e+06	1.255000e+03	3.156611e+06	1.255000e+03	3.163761e+06	1.255000e+03	3.157933e+06	1.255000e+03	3.164099e+06	1.255000e+03	3.168565e+06	1.255000e+03	3.168615e+06	1.255000e+03	3.168134e+06	1.255000e+03	3.164610e+06	1.255000e+03	3.162637e+06	1.255000e+03	3.172339e+06	1.255000e+03	3.176962e+06	1.255000e+03	3.181485e+06	1.255000e+03	3.160791e+06	1.255000e+03	3.162363e+06	1.255000e+03	3.171748e+06	1.255000e+03	3.169090e+06	1.255000e+03	3.174575e+06	1.255000e+03	3.169804e+06	1.255000e+03	3.168286e+06	1.255000e+03	3.170793e+06	1.255000e+03	3.174123e+06	1.255000e+03	3.170272e+06	1.255000e+03	3.162693e+06	1.255000e+03	3.174887e+06	1.255000e+03	3.173993e+06	1.255000e+03	3.174732e+06	1.255000e+03	3.177481e+06	1.255000e+03	3.179100e+06	1.255000e+03	3.174573e+06	1.255000e+03	3.172170e+06	1.255000e+03	3.183362e+06	1.255000e+03	3.186090e+06	1.255000e+03	3.184998e+06	1.255000e+03	3.182964e+06	1.255000e+03	3.185346e+06	1.255000e+03	3.178205e+06	1.255000e+03	3.164630e+06	1.255000e+03	3.184321e+06	1.255000e+03	3.169485e+06	1.255000e+03	3.178070e+06	1.255000e+03	3.185566e+06	1.255000e+03	3.181209e+06	1.255000e+03	3.184454e+06	1.255000e+03	3.186030e+06	1.255000e+03	3.184797e+06	1.255000e+03	3.180036e+06	1.255000e+03	3.181388e+06	1.255000e+03	3.185711e+06	1.255000e+03	3.183138e+06	1.255000e+03	3.182971e+06	1.255000e+03	3.182140e+06	1.255000e+03	3.185154e+06	1.255000e+03	3.191137e+06	1.255000e+03	3.192711e+06	1.255000e+03	3.197888e+06	1.255000e+03	3.193407e+06	1.255000e+03	3.196291e+06	1.255000e+03	3.190261e+06	1.255000e+03	3.187110e+06	1.255000e+03	3.187880e+06	1.255000e+03	3.188933e+06	1.255000e+03	3.183481e+06	1.255000e+03	3.185277e+06	1.255000e+03	3.184641e+06	1.255000e+03	3.189951e+06	1.255000e+03	3.189521e+06	1.255000e+03	3.189731e+06	1.255000e+03	3.185210e+06	1.255000e+03	3.195559e+06	1.255000e+03	3.202884e+06	1.255000e+03	3.183142e+06	1.255000e+03	3.186673e+06	1.255000e+03	3.191416e+06	1.255000e+03	3.193919e+06	1.255000e+03	3.193271e+06	1.255000e+03	3.197712e+06	1.255000e+03	3.192071e+06	1.255000e+03	3.189017e+06	1.255000e+03	3.184247e+06	1.255000e+03	3.179508e+06	1.255000e+03	3.184883e+06	1.255000e+03	3.189453e+06	1.255000e+03	3.191426e+06	1.255000e+03	3.191477e+06	1.255000e+03	3.189480e+06	1.255000e+03	3.186289e+06	1.255000e+03	3.189389e+06	1.255000e+03	3.198742e+06	1.255000e+03	3.194413e+06	1.255000e+03	3.185298e+06	1.255000e+03	3.186269e+06	1.255000e+03	3.191372e+06	1.255000e+03	3.179126e+06	1.255000e+03	3.196028e+06	1.255000e+03	3.193976e+06	1.255000e+03	3.186824e+06	1.255000e+03	3.184598e+06	1.255000e+03	3.200027e+06	1.255000e+03	3.191142e+06	1.255000e+03	3.182404e+06	1.255000e+03	3.178590e+06	1.255000e+03	3.181072e+06	1.255000e+03	3.196398e+06	1.255000e+03	3.191564e+06	1.255000e+03	3.191660e+06	1.255000e+03	3.199387e+06	1.255000e+03	3.194029e+06	1.255000e+03	3.192319e+06	1.255000e+03	3.185454e+06	1.255000e+03	3.178747e+06	1.255000e+03	3.188101e+06	1.255000e+03	3.191260e+06	1.255000e+03	3.179125e+06	1.255000e+03	3.181063e+06	1.255000e+03	3.190016e+06	1.255000e+03	3.189896e+06	1.255000e+03	3.186598e+06	1.255000e+03	3.191406e+06	1.255000e+03	3.186774e+06	1.255000e+03	3.191453e+06	1.255000e+03	3.190869e+06	1.255000e+03	3.197304e+06	1.255000e+03	3.202237e+06	1.255000e+03	3.193942e+06	1.255000e+03	3.199636e+06	1.255000e+03	3.195922e+06	1.255000e+03	3.202929e+06	1.255000e+03	3.197751e+06	1.255000e+03	3.198950e+06	1.255000e+03	3.199596e+06	1.255000e+03	3.195966e+06	1.255000e+03	3.204763e+06	1.255000e+03	3.191981e+06	1.255000e+03	3.206192e+06	1.255000e+03	3.194029e+06	1.255000e+03	3.208641e+06	1.255000e+03	3.195093e+06	1.255000e+03	3.203281e+06	1.255000e+03	3.208772e+06	1.255000e+03	3.200995e+06	1.255000e+03	3.202274e+06	1.255000e+03	3.206887e+06	1.255000e+03	3.204482e+06	1.255000e+03	3.193867e+06	1.255000e+03	3.205821e+06	1.255000e+03	3.212454e+06	1.255000e+03	3.210519e+06	1.255000e+03	3.199390e+06	1.255000e+03	3.209870e+06	1.255000e+03	3.201490e+06	1.255000e+03	3.205024e+06	1.255000e+03	3.204783e+06	1.255000e+03	3.211966e+06	1.255000e+03	3.210395e+06	1.255000e+03	3.206320e+06	1.255000e+03	3.205752e+06	1.255000e+03	3.207524e+06	1.255000e+03	3.210130e+06	1.255000e+03	3.212485e+06	1.255000e+03	3.210169e+06	1.255000e+03	3.214225e+06
1.256000e+03	3.113957e+06	1.256000e+03	3.119176e+06	1.256000e+03	3.137668e+06	1.256000e+03	3.123843e+06	1.256000e+03	3.126391e+06	1.256000e+03	3.134104e+06	1.256000e+03	3.138127e+06	1.256000e+03	3.139517e+06	1.256000e+03	3.146646e+06	1.256000e+03	3.144937e+06	1.256000e+03	3.167778e+06	1.256000e+03	3.174238e+06	1.256000e+03	3.166928e+06	1.256000e+03	3.177028e+06	1.256000e+03	3.178436e+06	1.256000e+03	3.152960e+06	1.256000e+03	3.153996e+06	1.256000e+03	3.176216e+06	1.256000e+03	3.155232e+06	1.256000e+03	3.167045e+06	1.256000e+03	3.163755e+06	1.256000e+03	3.154220e+06	1.256000e+03	3.157075e+06	1.256000e+03	3.170739e+06	1.256000e+03	3.163330e+06	1.256000e+03	3.165404e+06	1.256000e+03	3.171233e+06	1.256000e+03	3.149025e+06	1.256000e+03	3.165802e+06	1.256000e+03	3.152415e+06	1.256000e+03	3.159709e+06	1.256000e+03	3.160398e+06	1.256000e+03	3.166971e+06	1.256000e+03	3.175109e+06	1.256000e+03	3.167271e+06	1.256000e+03	3.154932e+06	1.256000e+03	3.175777e+06	1.256000e+03	3.156119e+06	1.256000e+03	3.165079e+06	1.256000e+03	3.161312e+06	1.256000e+03	3.162474e+06	1.256000e+03	3.165405e+06	1.256000e+03	3.158129e+06	1.256000e+03	3.160445e+06	1.256000e+03	3.147770e+06	1.256000e+03	3.150502e+06	1.256000e+03	3.151510e+06	1.256000e+03	3.160180e+06	1.256000e+03	3.164905e+06	1.256000e+03	3.161237e+06	1.256000e+03	3.163477e+06	1.256000e+03	3.167325e+06	1.256000e+03	3.175721e+06	1.256000e+03	3.168662e+06	1.256000e+03	3.169435e+06	1.256000e+03	3.169522e+06	1.256000e+03	3.169272e+06	1.256000e+03	3.174591e+06	1.256000e+03	3.176639e+06	1.256000e+03	3.161723e+06	1.256000e+03	3.162854e+06	1.256000e+03	3.170143e+06	1.256000e+03	3.168093e+06	1.256000e+03	3.177458e+06	1.256000e+03	3.168635e+06	1.256000e+03	3.168719e+06	1.256000e+03	3.171120e+06	1.256000e+03	3.169678e+06	1.256000e+03	3.173461e+06	1.256000e+03	3.165748e+06	1.256000e+03	3.170250e+06	1.256000e+03	3.174752e+06	1.256000e+03	3.177928e+06	1.256000e+03	3.174089e+06	1.256000e+03	3.179222e+06	1.256000e+03	3.173444e+06	1.256000e+03	3.174805e+06	1.256000e+03	3.180131e+06	1.256000e+03	3.191876e+06	1.256000e+03	3.185701e+06	1.256000e+03	3.182300e+06	1.256000e+03	3.183750e+06	1.256000e+03	3.176530e+06	1.256000e+03	3.168731e+06	1.256000e+03	3.170935e+06	1.256000e+03	3.174145e+06	1.256000e+03	3.178399e+06	1.256000e+03	3.187453e+06	1.256000e+03	3.186067e+06	1.256000e+03	3.185874e+06	1.256000e+03	3.187854e+06	1.256000e+03	3.182774e+06	1.256000e+03	3.181002e+06	1.256000e+03	3.178805e+06	1.256000e+03	3.185659e+06	1.256000e+03	3.182985e+06	1.256000e+03	3.178420e+06	1.256000e+03	3.179580e+06	1.256000e+03	3.180949e+06	1.256000e+03	3.190039e+06	1.256000e+03	3.190296e+06	1.256000e+03	3.199713e+06	1.256000e+03	3.198308e+06	1.256000e+03	3.193708e+06	1.256000e+03	3.190961e+06	1.256000e+03	3.185986e+06	1.256000e+03	3.187978e+06	1.256000e+03	3.190046e+06	1.256000e+03	3.182639e+06	1.256000e+03	3.184022e+06	1.256000e+03	3.185420e+06	1.256000e+03	3.190665e+06	1.256000e+03	3.188115e+06	1.256000e+03	3.186675e+06	1.256000e+03	3.184345e+06	1.256000e+03	3.190094e+06	1.256000e+03	3.197923e+06	1.256000e+03	3.180810e+06	1.256000e+03	3.190470e+06	1.256000e+03	3.193366e+06	1.256000e+03	3.192912e+06	1.256000e+03	3.193325e+06	1.256000e+03	3.197161e+06	1.256000e+03	3.186864e+06	1.256000e+03	3.189244e+06	1.256000e+03	3.185112e+06	1.256000e+03	3.179048e+06	1.256000e+03	3.184123e+06	1.256000e+03	3.187466e+06	1.256000e+03	3.188515e+06	1.256000e+03	3.193476e+06	1.256000e+03	3.187709e+06	1.256000e+03	3.187777e+06	1.256000e+03	3.188419e+06	1.256000e+03	3.202027e+06	1.256000e+03	3.190582e+06	1.256000e+03	3.181993e+06	1.256000e+03	3.188467e+06	1.256000e+03	3.188002e+06	1.256000e+03	3.183597e+06	1.256000e+03	3.194956e+06	1.256000e+03	3.198340e+06	1.256000e+03	3.188141e+06	1.256000e+03	3.188175e+06	1.256000e+03	3.196272e+06	1.256000e+03	3.190774e+06	1.256000e+03	3.184581e+06	1.256000e+03	3.179215e+06	1.256000e+03	3.181845e+06	1.256000e+03	3.195053e+06	1.256000e+03	3.190767e+06	1.256000e+03	3.191684e+06	1.256000e+03	3.197138e+06	1.256000e+03	3.193897e+06	1.256000e+03	3.194619e+06	1.256000e+03	3.187022e+06	1.256000e+03	3.179618e+06	1.256000e+03	3.182222e+06	1.256000e+03	3.190167e+06	1.256000e+03	3.180809e+06	1.256000e+03	3.180728e+06	1.256000e+03	3.190344e+06	1.256000e+03	3.188046e+06	1.256000e+03	3.185100e+06	1.256000e+03	3.189970e+06	1.256000e+03	3.187658e+06	1.256000e+03	3.192263e+06	1.256000e+03	3.195748e+06	1.256000e+03	3.200581e+06	1.256000e+03	3.199482e+06	1.256000e+03	3.191469e+06	1.256000e+03	3.196811e+06	1.256000e+03	3.194656e+06	1.256000e+03	3.203998e+06	1.256000e+03	3.196001e+06	1.256000e+03	3.201503e+06	1.256000e+03	3.199900e+06	1.256000e+03	3.194650e+06	1.256000e+03	3.201708e+06	1.256000e+03	3.193237e+06	1.256000e+03	3.205406e+06	1.256000e+03	3.192336e+06	1.256000e+03	3.209956e+06	1.256000e+03	3.200197e+06	1.256000e+03	3.198145e+06	1.256000e+03	3.205265e+06	1.256000e+03	3.202974e+06	1.256000e+03	3.205464e+06	1.256000e+03	3.209917e+06	1.256000e+03	3.206268e+06	1.256000e+03	3.199137e+06	1.256000e+03	3.205625e+06	1.256000e+03	3.207023e+06	1.256000e+03	3.205172e+06	1.256000e+03	3.200938e+06	1.256000e+03	3.209864e+06	1.256000e+03	3.204639e+06	1.256000e+03	3.205865e+06	1.256000e+03	3.207139e+06	1.256000e+03	3.212587e+06	1.256000e+03	3.206822e+06	1.256000e+03	3.206732e+06	1.256000e+03	3.207874e+06	1.256000e+03	3.205130e+06	1.256000e+03	3.212330e+06	1.256000e+03	3.214668e+06	1.256000e+03	3.206764e+06	1.256000e+03	3.212292e+06
1.257000e+03	3.110210e+06	1.257000e+03	3.122843e+06	1.257000e+03	3.137720e+06	1.257000e+03	3.120786e+06	1.257000e+03	3.123331e+06	1.257000e+03	3.132052e+06	1.257000e+03	3.133282e+06	1.257000e+03	3.136974e+06	1.257000e+03	3.148824e+06	1.257000e+03	3.148063e+06	1.257000e+03	3.166859e+06	1.257000e+03	3.176729e+06	1.257000e+03	3.170513e+06	1.257000e+03	3.175281e+06	1.257000e+03	3.178592e+06	1.257000e+03	3.153179e+06	1.257000e+03	3.148688e+06	1.257000e+03	3.173429e+06	1.257000e+03	3.151156e+06	1.257000e+03	3.165909e+06	1.257000e+03	3.164861e+06	1.257000e+03	3.153139e+06	1.257000e+03	3.157317e+06	1.257000e+03	3.174779e+06	1.257000e+03	3.165393e+06	1.257000e+03	3.165664e+06	1.257000e+03	3.172715e+06	1.257000e+03	3.151104e+06	1.257000e+03	3.163654e+06	1.257000e+03	3.152549e+06	1.257000e+03	3.157899e+06	1.257000e+03	3.159746e+06	1.257000e+03	3.161914e+06	1.257000e+03	3.177555e+06	1.257000e+03	3.159587e+06	1.257000e+03	3.156540e+06	1.257000e+03	3.174127e+06	1.257000e+03	3.153500e+06	1.257000e+03	3.161823e+06	1.257000e+03	3.161796e+06	1.257000e+03	3.159406e+06	1.257000e+03	3.169042e+06	1.257000e+03	3.158290e+06	1.257000e+03	3.159491e+06	1.257000e+03	3.154122e+06	1.257000e+03	3.152359e+06	1.257000e+03	3.151063e+06	1.257000e+03	3.157602e+06	1.257000e+03	3.160419e+06	1.257000e+03	3.162159e+06	1.257000e+03	3.160769e+06	1.257000e+03	3.167317e+06	1.257000e+03	3.177314e+06	1.257000e+03	3.167218e+06	1.257000e+03	3.166315e+06	1.257000e+03	3.166212e+06	1.257000e+03	3.175587e+06	1.257000e+03	3.176283e+06	1.257000e+03	3.173492e+06	1.257000e+03	3.162318e+06	1.257000e+03	3.174880e+06	1.257000e+03	3.172015e+06	1.257000e+03	3.169795e+06	1.257000e+03	3.175064e+06	1.257000e+03	3.167255e+06	1.257000e+03	3.171730e+06	1.257000e+03	3.172991e+06	1.257000e+03	3.167689e+06	1.257000e+03	3.172534e+06	1.257000e+03	3.168212e+06	1.257000e+03	3.169153e+06	1.257000e+03	3.173854e+06	1.257000e+03	3.173103e+06	1.257000e+03	3.177946e+06	1.257000e+03	3.177847e+06	1.257000e+03	3.174057e+06	1.257000e+03	3.172704e+06	1.257000e+03	3.185194e+06	1.257000e+03	3.186775e+06	1.257000e+03	3.183793e+06	1.257000e+03	3.188365e+06	1.257000e+03	3.185370e+06	1.257000e+03	3.177375e+06	1.257000e+03	3.176301e+06	1.257000e+03	3.180409e+06	1.257000e+03	3.178849e+06	1.257000e+03	3.183528e+06	1.257000e+03	3.186626e+06	1.257000e+03	3.183464e+06	1.257000e+03	3.184558e+06	1.257000e+03	3.183934e+06	1.257000e+03	3.183810e+06	1.257000e+03	3.179009e+06	1.257000e+03	3.183980e+06	1.257000e+03	3.183276e+06	1.257000e+03	3.184968e+06	1.257000e+03	3.184510e+06	1.257000e+03	3.181517e+06	1.257000e+03	3.180324e+06	1.257000e+03	3.189378e+06	1.257000e+03	3.189771e+06	1.257000e+03	3.193865e+06	1.257000e+03	3.196121e+06	1.257000e+03	3.192988e+06	1.257000e+03	3.192929e+06	1.257000e+03	3.186916e+06	1.257000e+03	3.183904e+06	1.257000e+03	3.191047e+06	1.257000e+03	3.181858e+06	1.257000e+03	3.181540e+06	1.257000e+03	3.184607e+06	1.257000e+03	3.183964e+06	1.257000e+03	3.185409e+06	1.257000e+03	3.186591e+06	1.257000e+03	3.185583e+06	1.257000e+03	3.189825e+06	1.257000e+03	3.198881e+06	1.257000e+03	3.182671e+06	1.257000e+03	3.187000e+06	1.257000e+03	3.193384e+06	1.257000e+03	3.189640e+06	1.257000e+03	3.193651e+06	1.257000e+03	3.197331e+06	1.257000e+03	3.184771e+06	1.257000e+03	3.189830e+06	1.257000e+03	3.185559e+06	1.257000e+03	3.179503e+06	1.257000e+03	3.184927e+06	1.257000e+03	3.191764e+06	1.257000e+03	3.192837e+06	1.257000e+03	3.193611e+06	1.257000e+03	3.191711e+06	1.257000e+03	3.188725e+06	1.257000e+03	3.187026e+06	1.257000e+03	3.200783e+06	1.257000e+03	3.192206e+06	1.257000e+03	3.185782e+06	1.257000e+03	3.191101e+06	1.257000e+03	3.188569e+06	1.257000e+03	3.183398e+06	1.257000e+03	3.190823e+06	1.257000e+03	3.193540e+06	1.257000e+03	3.185392e+06	1.257000e+03	3.188219e+06	1.257000e+03	3.198663e+06	1.257000e+03	3.189636e+06	1.257000e+03	3.183346e+06	1.257000e+03	3.182006e+06	1.257000e+03	3.181301e+06	1.257000e+03	3.193941e+06	1.257000e+03	3.190422e+06	1.257000e+03	3.192519e+06	1.257000e+03	3.196905e+06	1.257000e+03	3.191033e+06	1.257000e+03	3.192522e+06	1.257000e+03	3.187852e+06	1.257000e+03	3.179625e+06	1.257000e+03	3.186957e+06	1.257000e+03	3.189895e+06	1.257000e+03	3.175743e+06	1.257000e+03	3.180975e+06	1.257000e+03	3.187578e+06	1.257000e+03	3.190888e+06	1.257000e+03	3.187976e+06	1.257000e+03	3.187068e+06	1.257000e+03	3.188228e+06	1.257000e+03	3.192863e+06	1.257000e+03	3.196835e+06	1.257000e+03	3.204143e+06	1.257000e+03	3.201927e+06	1.257000e+03	3.189246e+06	1.257000e+03	3.199888e+06	1.257000e+03	3.194197e+06	1.257000e+03	3.194915e+06	1.257000e+03	3.198175e+06	1.257000e+03	3.203471e+06	1.257000e+03	3.200706e+06	1.257000e+03	3.191662e+06	1.257000e+03	3.203989e+06	1.257000e+03	3.192776e+06	1.257000e+03	3.205813e+06	1.257000e+03	3.190136e+06	1.257000e+03	3.203929e+06	1.257000e+03	3.199906e+06	1.257000e+03	3.196440e+06	1.257000e+03	3.202232e+06	1.257000e+03	3.206616e+06	1.257000e+03	3.202057e+06	1.257000e+03	3.209158e+06	1.257000e+03	3.205878e+06	1.257000e+03	3.201668e+06	1.257000e+03	3.206710e+06	1.257000e+03	3.206565e+06	1.257000e+03	3.208062e+06	1.257000e+03	3.203056e+06	1.257000e+03	3.211147e+06	1.257000e+03	3.208751e+06	1.257000e+03	3.206927e+06	1.257000e+03	3.209227e+06	1.257000e+03	3.212004e+06	1.257000e+03	3.208459e+06	1.257000e+03	3.207590e+06	1.257000e+03	3.205614e+06	1.257000e+03	3.209290e+06	1.257000e+03	3.211250e+06	1.257000e+03	3.214128e+06	1.257000e+03	3.207378e+06	1.257000e+03	3.214787e+06
1.258000e+03	3.115670e+06	1.258000e+03	3.124040e+06	1.258000e+03	3.135354e+06	1.258000e+03	3.122771e+06	1.258000e+03	3.121897e+06	1.258000e+03	3.133350e+06	1.258000e+03	3.134976e+06	1.258000e+03	3.138816e+06	1.258000e+03	3.147877e+06	1.258000e+03	3.143736e+06	1.258000e+03	3.169042e+06	1.258000e+03	3.176098e+06	1.258000e+03	3.164686e+06	1.258000e+03	3.178735e+06	1.258000e+03	3.177207e+06	1.258000e+03	3.150262e+06	1.258000e+03	3.155947e+06	1.258000e+03	3.176996e+06	1.258000e+03	3.152268e+06	1.258000e+03	3.162001e+06	1.258000e+03	3.161854e+06	1.258000e+03	3.153706e+06	1.258000e+03	3.158678e+06	1.258000e+03	3.174415e+06	1.258000e+03	3.164470e+06	1.258000e+03	3.163308e+06	1.258000e+03	3.171687e+06	1.258000e+03	3.150559e+06	1.258000e+03	3.163658e+06	1.258000e+03	3.154328e+06	1.258000e+03	3.156364e+06	1.258000e+03	3.152434e+06	1.258000e+03	3.164276e+06	1.258000e+03	3.176490e+06	1.258000e+03	3.162971e+06	1.258000e+03	3.158504e+06	1.258000e+03	3.167471e+06	1.258000e+03	3.160033e+06	1.258000e+03	3.164475e+06	1.258000e+03	3.163224e+06	1.258000e+03	3.157686e+06	1.258000e+03	3.167659e+06	1.258000e+03	3.154782e+06	1.258000e+03	3.159402e+06	1.258000e+03	3.155963e+06	1.258000e+03	3.156382e+06	1.258000e+03	3.152735e+06	1.258000e+03	3.162497e+06	1.258000e+03	3.159128e+06	1.258000e+03	3.163624e+06	1.258000e+03	3.163063e+06	1.258000e+03	3.166717e+06	1.258000e+03	3.174777e+06	1.258000e+03	3.169797e+06	1.258000e+03	3.167484e+06	1.258000e+03	3.165731e+06	1.258000e+03	3.175463e+06	1.258000e+03	3.176524e+06	1.258000e+03	3.178361e+06	1.258000e+03	3.162310e+06	1.258000e+03	3.165047e+06	1.258000e+03	3.171472e+06	1.258000e+03	3.174689e+06	1.258000e+03	3.176442e+06	1.258000e+03	3.167687e+06	1.258000e+03	3.179022e+06	1.258000e+03	3.171249e+06	1.258000e+03	3.175030e+06	1.258000e+03	3.170780e+06	1.258000e+03	3.167848e+06	1.258000e+03	3.167695e+06	1.258000e+03	3.176737e+06	1.258000e+03	3.172797e+06	1.258000e+03	3.175879e+06	1.258000e+03	3.175788e+06	1.258000e+03	3.171757e+06	1.258000e+03	3.173362e+06	1.258000e+03	3.190251e+06	1.258000e+03	3.187087e+06	1.258000e+03	3.185313e+06	1.258000e+03	3.187699e+06	1.258000e+03	3.184813e+06	1.258000e+03	3.172914e+06	1.258000e+03	3.171127e+06	1.258000e+03	3.185247e+06	1.258000e+03	3.180446e+06	1.258000e+03	3.181467e+06	1.258000e+03	3.183978e+06	1.258000e+03	3.181053e+06	1.258000e+03	3.184686e+06	1.258000e+03	3.184479e+06	1.258000e+03	3.179087e+06	1.258000e+03	3.172973e+06	1.258000e+03	3.179182e+06	1.258000e+03	3.186746e+06	1.258000e+03	3.181440e+06	1.258000e+03	3.182478e+06	1.258000e+03	3.185284e+06	1.258000e+03	3.179806e+06	1.258000e+03	3.191119e+06	1.258000e+03	3.195807e+06	1.258000e+03	3.198317e+06	1.258000e+03	3.194814e+06	1.258000e+03	3.194739e+06	1.258000e+03	3.190608e+06	1.258000e+03	3.186455e+06	1.258000e+03	3.187042e+06	1.258000e+03	3.192783e+06	1.258000e+03	3.181771e+06	1.258000e+03	3.182468e+06	1.258000e+03	3.186467e+06	1.258000e+03	3.184920e+06	1.258000e+03	3.185696e+06	1.258000e+03	3.185665e+06	1.258000e+03	3.182216e+06	1.258000e+03	3.189171e+06	1.258000e+03	3.194396e+06	1.258000e+03	3.177382e+06	1.258000e+03	3.188919e+06	1.258000e+03	3.191213e+06	1.258000e+03	3.189046e+06	1.258000e+03	3.196497e+06	1.258000e+03	3.196341e+06	1.258000e+03	3.186769e+06	1.258000e+03	3.190806e+06	1.258000e+03	3.187001e+06	1.258000e+03	3.183200e+06	1.258000e+03	3.186383e+06	1.258000e+03	3.192866e+06	1.258000e+03	3.191133e+06	1.258000e+03	3.194828e+06	1.258000e+03	3.188994e+06	1.258000e+03	3.186228e+06	1.258000e+03	3.186702e+06	1.258000e+03	3.198473e+06	1.258000e+03	3.188627e+06	1.258000e+03	3.188464e+06	1.258000e+03	3.191189e+06	1.258000e+03	3.189734e+06	1.258000e+03	3.180085e+06	1.258000e+03	3.193115e+06	1.258000e+03	3.186965e+06	1.258000e+03	3.186437e+06	1.258000e+03	3.188820e+06	1.258000e+03	3.200553e+06	1.258000e+03	3.186824e+06	1.258000e+03	3.178364e+06	1.258000e+03	3.185451e+06	1.258000e+03	3.182781e+06	1.258000e+03	3.192409e+06	1.258000e+03	3.193611e+06	1.258000e+03	3.194241e+06	1.258000e+03	3.197564e+06	1.258000e+03	3.187906e+06	1.258000e+03	3.196674e+06	1.258000e+03	3.190026e+06	1.258000e+03	3.181494e+06	1.258000e+03	3.180687e+06	1.258000e+03	3.194659e+06	1.258000e+03	3.177231e+06	1.258000e+03	3.184241e+06	1.258000e+03	3.190056e+06	1.258000e+03	3.189842e+06	1.258000e+03	3.186226e+06	1.258000e+03	3.190780e+06	1.258000e+03	3.186625e+06	1.258000e+03	3.187293e+06	1.258000e+03	3.194159e+06	1.258000e+03	3.199032e+06	1.258000e+03	3.198081e+06	1.258000e+03	3.189279e+06	1.258000e+03	3.198585e+06	1.258000e+03	3.196873e+06	1.258000e+03	3.198813e+06	1.258000e+03	3.197482e+06	1.258000e+03	3.203787e+06	1.258000e+03	3.205081e+06	1.258000e+03	3.202637e+06	1.258000e+03	3.207001e+06	1.258000e+03	3.191069e+06	1.258000e+03	3.206489e+06	1.258000e+03	3.192877e+06	1.258000e+03	3.209290e+06	1.258000e+03	3.198404e+06	1.258000e+03	3.202086e+06	1.258000e+03	3.201968e+06	1.258000e+03	3.204497e+06	1.258000e+03	3.200989e+06	1.258000e+03	3.207833e+06	1.258000e+03	3.206786e+06	1.258000e+03	3.199834e+06	1.258000e+03	3.208012e+06	1.258000e+03	3.209648e+06	1.258000e+03	3.210416e+06	1.258000e+03	3.198204e+06	1.258000e+03	3.207870e+06	1.258000e+03	3.206899e+06	1.258000e+03	3.208088e+06	1.258000e+03	3.206036e+06	1.258000e+03	3.210200e+06	1.258000e+03	3.211289e+06	1.258000e+03	3.206241e+06	1.258000e+03	3.202111e+06	1.258000e+03	3.209732e+06	1.258000e+03	3.210409e+06	1.258000e+03	3.211692e+06	1.258000e+03	3.206799e+06	1.258000e+03	3.211137e+06
1.259000e+03	3.113652e+06	1.259000e+03	3.125212e+06	1.259000e+03	3.135923e+06	1.259000e+03	3.123220e+06	1.259000e+03	3.124983e+06	1.259000e+03	3.131468e+06	1.259000e+03	3.138676e+06	1.259000e+03	3.136132e+06	1.259000e+03	3.144223e+06	1.259000e+03	3.145441e+06	1.259000e+03	3.170894e+06	1.259000e+03	3.173829e+06	1.259000e+03	3.167122e+06	1.259000e+03	3.177922e+06	1.259000e+03	3.176061e+06	1.259000e+03	3.147122e+06	1.259000e+03	3.155868e+06	1.259000e+03	3.176303e+06	1.259000e+03	3.151338e+06	1.259000e+03	3.162741e+06	1.259000e+03	3.160566e+06	1.259000e+03	3.155776e+06	1.259000e+03	3.164702e+06	1.259000e+03	3.168936e+06	1.259000e+03	3.158260e+06	1.259000e+03	3.164964e+06	1.259000e+03	3.175832e+06	1.259000e+03	3.148176e+06	1.259000e+03	3.168671e+06	1.259000e+03	3.153734e+06	1.259000e+03	3.156098e+06	1.259000e+03	3.148099e+06	1.259000e+03	3.159169e+06	1.259000e+03	3.176169e+06	1.259000e+03	3.155688e+06	1.259000e+03	3.157508e+06	1.259000e+03	3.171225e+06	1.259000e+03	3.160321e+06	1.259000e+03	3.164774e+06	1.259000e+03	3.165635e+06	1.259000e+03	3.159479e+06	1.259000e+03	3.163636e+06	1.259000e+03	3.155909e+06	1.259000e+03	3.158587e+06	1.259000e+03	3.156968e+06	1.259000e+03	3.152599e+06	1.259000e+03	3.157935e+06	1.259000e+03	3.159674e+06	1.259000e+03	3.162514e+06	1.259000e+03	3.159805e+06	1.259000e+03	3.156901e+06	1.259000e+03	3.167260e+06	1.259000e+03	3.173899e+06	1.259000e+03	3.165747e+06	1.259000e+03	3.167486e+06	1.259000e+03	3.164183e+06	1.259000e+03	3.172454e+06	1.259000e+03	3.175313e+06	1.259000e+03	3.178405e+06	1.259000e+03	3.168159e+06	1.259000e+03	3.167637e+06	1.259000e+03	3.170510e+06	1.259000e+03	3.172457e+06	1.259000e+03	3.171794e+06	1.259000e+03	3.164223e+06	1.259000e+03	3.177288e+06	1.259000e+03	3.168501e+06	1.259000e+03	3.168249e+06	1.259000e+03	3.172868e+06	1.259000e+03	3.168683e+06	1.259000e+03	3.171055e+06	1.259000e+03	3.171457e+06	1.259000e+03	3.176403e+06	1.259000e+03	3.173826e+06	1.259000e+03	3.176794e+06	1.259000e+03	3.177470e+06	1.259000e+03	3.175097e+06	1.259000e+03	3.187691e+06	1.259000e+03	3.186457e+06	1.259000e+03	3.184016e+06	1.259000e+03	3.181597e+06	1.259000e+03	3.188261e+06	1.259000e+03	3.174812e+06	1.259000e+03	3.171099e+06	1.259000e+03	3.185534e+06	1.259000e+03	3.175147e+06	1.259000e+03	3.182133e+06	1.259000e+03	3.189965e+06	1.259000e+03	3.185606e+06	1.259000e+03	3.189488e+06	1.259000e+03	3.185308e+06	1.259000e+03	3.179326e+06	1.259000e+03	3.172120e+06	1.259000e+03	3.180033e+06	1.259000e+03	3.186471e+06	1.259000e+03	3.185075e+06	1.259000e+03	3.182069e+06	1.259000e+03	3.186764e+06	1.259000e+03	3.180372e+06	1.259000e+03	3.189284e+06	1.259000e+03	3.195023e+06	1.259000e+03	3.194361e+06	1.259000e+03	3.194578e+06	1.259000e+03	3.192198e+06	1.259000e+03	3.192816e+06	1.259000e+03	3.185697e+06	1.259000e+03	3.186244e+06	1.259000e+03	3.189506e+06	1.259000e+03	3.181854e+06	1.259000e+03	3.184894e+06	1.259000e+03	3.188717e+06	1.259000e+03	3.185921e+06	1.259000e+03	3.183285e+06	1.259000e+03	3.184646e+06	1.259000e+03	3.185183e+06	1.259000e+03	3.184371e+06	1.259000e+03	3.191311e+06	1.259000e+03	3.183191e+06	1.259000e+03	3.191818e+06	1.259000e+03	3.191758e+06	1.259000e+03	3.192700e+06	1.259000e+03	3.196036e+06	1.259000e+03	3.192023e+06	1.259000e+03	3.185497e+06	1.259000e+03	3.188554e+06	1.259000e+03	3.186928e+06	1.259000e+03	3.181819e+06	1.259000e+03	3.184251e+06	1.259000e+03	3.197074e+06	1.259000e+03	3.189364e+06	1.259000e+03	3.193982e+06	1.259000e+03	3.192023e+06	1.259000e+03	3.183663e+06	1.259000e+03	3.186469e+06	1.259000e+03	3.195449e+06	1.259000e+03	3.190619e+06	1.259000e+03	3.192346e+06	1.259000e+03	3.185074e+06	1.259000e+03	3.182640e+06	1.259000e+03	3.183798e+06	1.259000e+03	3.199336e+06	1.259000e+03	3.185119e+06	1.259000e+03	3.185697e+06	1.259000e+03	3.183352e+06	1.259000e+03	3.200839e+06	1.259000e+03	3.188243e+06	1.259000e+03	3.182282e+06	1.259000e+03	3.183536e+06	1.259000e+03	3.182379e+06	1.259000e+03	3.193530e+06	1.259000e+03	3.199942e+06	1.259000e+03	3.192719e+06	1.259000e+03	3.201327e+06	1.259000e+03	3.187222e+06	1.259000e+03	3.200493e+06	1.259000e+03	3.190159e+06	1.259000e+03	3.181511e+06	1.259000e+03	3.185130e+06	1.259000e+03	3.193850e+06	1.259000e+03	3.182832e+06	1.259000e+03	3.182909e+06	1.259000e+03	3.192722e+06	1.259000e+03	3.191273e+06	1.259000e+03	3.190211e+06	1.259000e+03	3.189705e+06	1.259000e+03	3.186994e+06	1.259000e+03	3.186327e+06	1.259000e+03	3.191623e+06	1.259000e+03	3.199969e+06	1.259000e+03	3.197231e+06	1.259000e+03	3.189761e+06	1.259000e+03	3.200197e+06	1.259000e+03	3.196485e+06	1.259000e+03	3.197846e+06	1.259000e+03	3.195542e+06	1.259000e+03	3.209110e+06	1.259000e+03	3.203757e+06	1.259000e+03	3.198925e+06	1.259000e+03	3.206304e+06	1.259000e+03	3.196321e+06	1.259000e+03	3.198758e+06	1.259000e+03	3.190807e+06	1.259000e+03	3.205378e+06	1.259000e+03	3.201172e+06	1.259000e+03	3.204677e+06	1.259000e+03	3.208413e+06	1.259000e+03	3.201153e+06	1.259000e+03	3.203312e+06	1.259000e+03	3.208102e+06	1.259000e+03	3.204354e+06	1.259000e+03	3.198636e+06	1.259000e+03	3.209721e+06	1.259000e+03	3.210418e+06	1.259000e+03	3.207779e+06	1.259000e+03	3.201694e+06	1.259000e+03	3.209422e+06	1.259000e+03	3.209727e+06	1.259000e+03	3.205836e+06	1.259000e+03	3.211562e+06	1.259000e+03	3.206599e+06	1.259000e+03	3.208862e+06	1.259000e+03	3.207589e+06	1.259000e+03	3.201056e+06	1.259000e+03	3.207487e+06	1.259000e+03	3.209571e+06	1.259000e+03	3.214159e+06	1.259000e+03	3.213929e+06	1.259000e+03	3.209792e+06
1.260000e+03	3.112871e+06	1.260000e+03	3.124068e+06	1.260000e+03	3.137492e+06	1.260000e+03	3.124713e+06	1.260000e+03	3.122190e+06	1.260000e+03	3.132001e+06	1.260000e+03	3.135595e+06	1.260000e+03	3.142422e+06	1.260000e+03	3.151168e+06	1.260000e+03	3.148347e+06	1.260000e+03	3.169761e+06	1.260000e+03	3.169798e+06	1.260000e+03	3.167272e+06	1.260000e+03	3.179834e+06	1.260000e+03	3.172273e+06	1.260000e+03	3.149252e+06	1.260000e+03	3.156501e+06	1.260000e+03	3.176402e+06	1.260000e+03	3.152829e+06	1.260000e+03	3.159278e+06	1.260000e+03	3.162558e+06	1.260000e+03	3.154374e+06	1.260000e+03	3.164485e+06	1.260000e+03	3.168265e+06	1.260000e+03	3.159625e+06	1.260000e+03	3.164316e+06	1.260000e+03	3.173739e+06	1.260000e+03	3.148605e+06	1.260000e+03	3.167519e+06	1.260000e+03	3.153781e+06	1.260000e+03	3.153971e+06	1.260000e+03	3.155064e+06	1.260000e+03	3.165436e+06	1.260000e+03	3.170918e+06	1.260000e+03	3.156876e+06	1.260000e+03	3.156788e+06	1.260000e+03	3.177204e+06	1.260000e+03	3.162977e+06	1.260000e+03	3.163288e+06	1.260000e+03	3.164765e+06	1.260000e+03	3.162126e+06	1.260000e+03	3.160444e+06	1.260000e+03	3.155059e+06	1.260000e+03	3.160042e+06	1.260000e+03	3.154070e+06	1.260000e+03	3.151872e+06	1.260000e+03	3.158223e+06	1.260000e+03	3.155834e+06	1.260000e+03	3.159207e+06	1.260000e+03	3.161778e+06	1.260000e+03	3.159038e+06	1.260000e+03	3.166659e+06	1.260000e+03	3.175071e+06	1.260000e+03	3.162502e+06	1.260000e+03	3.166249e+06	1.260000e+03	3.168096e+06	1.260000e+03	3.168781e+06	1.260000e+03	3.171290e+06	1.260000e+03	3.180763e+06	1.260000e+03	3.168428e+06	1.260000e+03	3.160578e+06	1.260000e+03	3.169606e+06	1.260000e+03	3.174579e+06	1.260000e+03	3.171687e+06	1.260000e+03	3.164595e+06	1.260000e+03	3.175714e+06	1.260000e+03	3.171424e+06	1.260000e+03	3.168694e+06	1.260000e+03	3.177057e+06	1.260000e+03	3.165205e+06	1.260000e+03	3.168913e+06	1.260000e+03	3.177537e+06	1.260000e+03	3.175094e+06	1.260000e+03	3.178220e+06	1.260000e+03	3.175157e+06	1.260000e+03	3.175770e+06	1.260000e+03	3.178488e+06	1.260000e+03	3.186494e+06	1.260000e+03	3.183561e+06	1.260000e+03	3.188665e+06	1.260000e+03	3.186070e+06	1.260000e+03	3.188435e+06	1.260000e+03	3.176323e+06	1.260000e+03	3.169387e+06	1.260000e+03	3.185094e+06	1.260000e+03	3.178186e+06	1.260000e+03	3.184211e+06	1.260000e+03	3.187060e+06	1.260000e+03	3.185696e+06	1.260000e+03	3.188915e+06	1.260000e+03	3.183696e+06	1.260000e+03	3.180070e+06	1.260000e+03	3.174296e+06	1.260000e+03	3.178899e+06	1.260000e+03	3.185204e+06	1.260000e+03	3.184537e+06	1.260000e+03	3.180822e+06	1.260000e+03	3.188226e+06	1.260000e+03	3.181362e+06	1.260000e+03	3.190383e+06	1.260000e+03	3.189279e+06	1.260000e+03	3.193615e+06	1.260000e+03	3.195415e+06	1.260000e+03	3.190500e+06	1.260000e+03	3.192516e+06	1.260000e+03	3.185287e+06	1.260000e+03	3.183740e+06	1.260000e+03	3.191547e+06	1.260000e+03	3.185289e+06	1.260000e+03	3.182921e+06	1.260000e+03	3.186930e+06	1.260000e+03	3.189851e+06	1.260000e+03	3.184762e+06	1.260000e+03	3.184950e+06	1.260000e+03	3.185148e+06	1.260000e+03	3.188964e+06	1.260000e+03	3.192034e+06	1.260000e+03	3.179655e+06	1.260000e+03	3.196256e+06	1.260000e+03	3.195709e+06	1.260000e+03	3.190426e+06	1.260000e+03	3.195315e+06	1.260000e+03	3.191514e+06	1.260000e+03	3.187085e+06	1.260000e+03	3.189197e+06	1.260000e+03	3.184558e+06	1.260000e+03	3.179868e+06	1.260000e+03	3.182162e+06	1.260000e+03	3.195129e+06	1.260000e+03	3.186104e+06	1.260000e+03	3.192909e+06	1.260000e+03	3.191780e+06	1.260000e+03	3.183779e+06	1.260000e+03	3.185196e+06	1.260000e+03	3.199150e+06	1.260000e+03	3.181719e+06	1.260000e+03	3.188510e+06	1.260000e+03	3.189676e+06	1.260000e+03	3.185809e+06	1.260000e+03	3.183954e+06	1.260000e+03	3.192821e+06	1.260000e+03	3.186613e+06	1.260000e+03	3.189031e+06	1.260000e+03	3.184943e+06	1.260000e+03	3.198875e+06	1.260000e+03	3.189122e+06	1.260000e+03	3.184084e+06	1.260000e+03	3.183242e+06	1.260000e+03	3.183518e+06	1.260000e+03	3.192737e+06	1.260000e+03	3.195538e+06	1.260000e+03	3.193853e+06	1.260000e+03	3.206068e+06	1.260000e+03	3.192476e+06	1.260000e+03	3.198360e+06	1.260000e+03	3.187162e+06	1.260000e+03	3.185767e+06	1.260000e+03	3.180626e+06	1.260000e+03	3.186757e+06	1.260000e+03	3.181031e+06	1.260000e+03	3.184640e+06	1.260000e+03	3.189968e+06	1.260000e+03	3.187326e+06	1.260000e+03	3.190543e+06	1.260000e+03	3.190459e+06	1.260000e+03	3.185584e+06	1.260000e+03	3.188313e+06	1.260000e+03	3.187670e+06	1.260000e+03	3.197834e+06	1.260000e+03	3.201672e+06	1.260000e+03	3.193099e+06	1.260000e+03	3.199298e+06	1.260000e+03	3.202281e+06	1.260000e+03	3.200740e+06	1.260000e+03	3.196158e+06	1.260000e+03	3.209265e+06	1.260000e+03	3.202948e+06	1.260000e+03	3.197755e+06	1.260000e+03	3.206478e+06	1.260000e+03	3.196087e+06	1.260000e+03	3.194881e+06	1.260000e+03	3.193476e+06	1.260000e+03	3.205199e+06	1.260000e+03	3.204143e+06	1.260000e+03	3.204421e+06	1.260000e+03	3.204566e+06	1.260000e+03	3.199516e+06	1.260000e+03	3.207377e+06	1.260000e+03	3.205665e+06	1.260000e+03	3.203612e+06	1.260000e+03	3.199098e+06	1.260000e+03	3.207964e+06	1.260000e+03	3.210886e+06	1.260000e+03	3.208766e+06	1.260000e+03	3.202992e+06	1.260000e+03	3.207133e+06	1.260000e+03	3.207499e+06	1.260000e+03	3.209711e+06	1.260000e+03	3.211083e+06	1.260000e+03	3.208692e+06	1.260000e+03	3.209865e+06	1.260000e+03	3.206158e+06	1.260000e+03	3.206554e+06	1.260000e+03	3.210000e+06	1.260000e+03	3.210204e+06	1.260000e+03	3.211528e+06	1.260000e+03	3.211541e+06	1.260000e+03	3.211078e+06
1.261000e+03	3.111422e+06	1.261000e+03	3.126368e+06	1.261000e+03	3.138624e+06	1.261000e+03	3.120824e+06	1.261000e+03	3.123517e+06	1.261000e+03	3.133119e+06	1.261000e+03	3.132853e+06	1.261000e+03	3.135577e+06	1.261000e+03	3.149391e+06	1.261000e+03	3.148641e+06	1.261000e+03	3.172063e+06	1.261000e+03	3.171783e+06	1.261000e+03	3.162033e+06	1.261000e+03	3.177136e+06	1.261000e+03	3.174378e+06	1.261000e+03	3.152522e+06	1.261000e+03	3.152528e+06	1.261000e+03	3.173812e+06	1.261000e+03	3.153763e+06	1.261000e+03	3.158612e+06	1.261000e+03	3.153444e+06	1.261000e+03	3.153148e+06	1.261000e+03	3.161114e+06	1.261000e+03	3.169486e+06	1.261000e+03	3.161331e+06	1.261000e+03	3.168652e+06	1.261000e+03	3.171684e+06	1.261000e+03	3.145375e+06	1.261000e+03	3.167682e+06	1.261000e+03	3.154928e+06	1.261000e+03	3.156596e+06	1.261000e+03	3.161998e+06	1.261000e+03	3.165989e+06	1.261000e+03	3.171422e+06	1.261000e+03	3.164118e+06	1.261000e+03	3.159712e+06	1.261000e+03	3.173280e+06	1.261000e+03	3.163308e+06	1.261000e+03	3.164936e+06	1.261000e+03	3.165284e+06	1.261000e+03	3.157076e+06	1.261000e+03	3.163147e+06	1.261000e+03	3.154545e+06	1.261000e+03	3.160916e+06	1.261000e+03	3.146237e+06	1.261000e+03	3.155481e+06	1.261000e+03	3.153724e+06	1.261000e+03	3.160818e+06	1.261000e+03	3.161001e+06	1.261000e+03	3.158890e+06	1.261000e+03	3.158361e+06	1.261000e+03	3.170720e+06	1.261000e+03	3.172312e+06	1.261000e+03	3.168466e+06	1.261000e+03	3.167032e+06	1.261000e+03	3.168001e+06	1.261000e+03	3.168616e+06	1.261000e+03	3.171504e+06	1.261000e+03	3.178304e+06	1.261000e+03	3.168562e+06	1.261000e+03	3.161787e+06	1.261000e+03	3.169873e+06	1.261000e+03	3.179014e+06	1.261000e+03	3.170627e+06	1.261000e+03	3.164000e+06	1.261000e+03	3.175361e+06	1.261000e+03	3.174816e+06	1.261000e+03	3.168937e+06	1.261000e+03	3.165944e+06	1.261000e+03	3.165366e+06	1.261000e+03	3.166979e+06	1.261000e+03	3.176930e+06	1.261000e+03	3.175101e+06	1.261000e+03	3.173472e+06	1.261000e+03	3.177968e+06	1.261000e+03	3.174648e+06	1.261000e+03	3.174828e+06	1.261000e+03	3.185233e+06	1.261000e+03	3.188745e+06	1.261000e+03	3.185897e+06	1.261000e+03	3.186892e+06	1.261000e+03	3.184564e+06	1.261000e+03	3.180571e+06	1.261000e+03	3.165113e+06	1.261000e+03	3.183350e+06	1.261000e+03	3.173408e+06	1.261000e+03	3.179977e+06	1.261000e+03	3.190926e+06	1.261000e+03	3.183282e+06	1.261000e+03	3.185451e+06	1.261000e+03	3.184574e+06	1.261000e+03	3.184393e+06	1.261000e+03	3.174471e+06	1.261000e+03	3.177660e+06	1.261000e+03	3.186792e+06	1.261000e+03	3.178717e+06	1.261000e+03	3.184338e+06	1.261000e+03	3.182995e+06	1.261000e+03	3.182880e+06	1.261000e+03	3.192775e+06	1.261000e+03	3.187174e+06	1.261000e+03	3.192837e+06	1.261000e+03	3.191221e+06	1.261000e+03	3.195346e+06	1.261000e+03	3.194091e+06	1.261000e+03	3.183672e+06	1.261000e+03	3.187229e+06	1.261000e+03	3.191798e+06	1.261000e+03	3.187359e+06	1.261000e+03	3.183350e+06	1.261000e+03	3.185922e+06	1.261000e+03	3.188197e+06	1.261000e+03	3.188195e+06	1.261000e+03	3.185099e+06	1.261000e+03	3.186726e+06	1.261000e+03	3.190739e+06	1.261000e+03	3.190463e+06	1.261000e+03	3.179935e+06	1.261000e+03	3.187785e+06	1.261000e+03	3.198743e+06	1.261000e+03	3.192169e+06	1.261000e+03	3.193991e+06	1.261000e+03	3.188125e+06	1.261000e+03	3.180886e+06	1.261000e+03	3.191289e+06	1.261000e+03	3.191329e+06	1.261000e+03	3.181046e+06	1.261000e+03	3.184586e+06	1.261000e+03	3.196186e+06	1.261000e+03	3.187885e+06	1.261000e+03	3.197480e+06	1.261000e+03	3.193916e+06	1.261000e+03	3.186446e+06	1.261000e+03	3.186381e+06	1.261000e+03	3.198249e+06	1.261000e+03	3.192385e+06	1.261000e+03	3.187000e+06	1.261000e+03	3.192001e+06	1.261000e+03	3.189615e+06	1.261000e+03	3.182823e+06	1.261000e+03	3.188659e+06	1.261000e+03	3.190334e+06	1.261000e+03	3.191293e+06	1.261000e+03	3.185496e+06	1.261000e+03	3.199809e+06	1.261000e+03	3.191478e+06	1.261000e+03	3.180680e+06	1.261000e+03	3.182283e+06	1.261000e+03	3.180563e+06	1.261000e+03	3.191605e+06	1.261000e+03	3.192504e+06	1.261000e+03	3.193393e+06	1.261000e+03	3.199633e+06	1.261000e+03	3.189460e+06	1.261000e+03	3.195650e+06	1.261000e+03	3.187725e+06	1.261000e+03	3.183818e+06	1.261000e+03	3.181703e+06	1.261000e+03	3.183516e+06	1.261000e+03	3.182891e+06	1.261000e+03	3.190116e+06	1.261000e+03	3.189652e+06	1.261000e+03	3.184939e+06	1.261000e+03	3.189796e+06	1.261000e+03	3.194994e+06	1.261000e+03	3.183442e+06	1.261000e+03	3.189352e+06	1.261000e+03	3.193589e+06	1.261000e+03	3.203008e+06	1.261000e+03	3.204081e+06	1.261000e+03	3.193956e+06	1.261000e+03	3.201030e+06	1.261000e+03	3.194704e+06	1.261000e+03	3.206286e+06	1.261000e+03	3.195097e+06	1.261000e+03	3.206035e+06	1.261000e+03	3.205386e+06	1.261000e+03	3.196409e+06	1.261000e+03	3.203488e+06	1.261000e+03	3.193391e+06	1.261000e+03	3.199163e+06	1.261000e+03	3.195305e+06	1.261000e+03	3.207159e+06	1.261000e+03	3.200632e+06	1.261000e+03	3.211634e+06	1.261000e+03	3.202717e+06	1.261000e+03	3.198126e+06	1.261000e+03	3.207561e+06	1.261000e+03	3.208157e+06	1.261000e+03	3.207150e+06	1.261000e+03	3.196411e+06	1.261000e+03	3.209889e+06	1.261000e+03	3.212615e+06	1.261000e+03	3.210172e+06	1.261000e+03	3.202083e+06	1.261000e+03	3.206250e+06	1.261000e+03	3.207648e+06	1.261000e+03	3.211748e+06	1.261000e+03	3.210635e+06	1.261000e+03	3.206626e+06	1.261000e+03	3.213999e+06	1.261000e+03	3.210299e+06	1.261000e+03	3.210687e+06	1.261000e+03	3.213444e+06	1.261000e+03	3.212562e+06	1.261000e+03	3.212975e+06	1.261000e+03	3.216776e+06	1.261000e+03	3.213869e+06
1.262000e+03	3.111730e+06	1.262000e+03	3.126361e+06	1.262000e+03	3.138623e+06	1.262000e+03	3.121551e+06	1.262000e+03	3.121066e+06	1.262000e+03	3.133375e+06	1.262000e+03	3.137055e+06	1.262000e+03	3.136028e+06	1.262000e+03	3.147972e+06	1.262000e+03	3.150172e+06	1.262000e+03	3.174204e+06	1.262000e+03	3.172001e+06	1.262000e+03	3.167034e+06	1.262000e+03	3.178109e+06	1.262000e+03	3.174823e+06	1.262000e+03	3.150117e+06	1.262000e+03	3.153277e+06	1.262000e+03	3.177513e+06	1.262000e+03	3.154688e+06	1.262000e+03	3.159683e+06	1.262000e+03	3.153305e+06	1.262000e+03	3.153157e+06	1.262000e+03	3.163315e+06	1.262000e+03	3.169918e+06	1.262000e+03	3.164919e+06	1.262000e+03	3.166085e+06	1.262000e+03	3.170113e+06	1.262000e+03	3.147422e+06	1.262000e+03	3.169250e+06	1.262000e+03	3.153621e+06	1.262000e+03	3.158316e+06	1.262000e+03	3.160907e+06	1.262000e+03	3.165928e+06	1.262000e+03	3.166508e+06	1.262000e+03	3.159966e+06	1.262000e+03	3.160448e+06	1.262000e+03	3.174355e+06	1.262000e+03	3.158915e+06	1.262000e+03	3.163198e+06	1.262000e+03	3.166188e+06	1.262000e+03	3.162568e+06	1.262000e+03	3.169185e+06	1.262000e+03	3.158447e+06	1.262000e+03	3.158799e+06	1.262000e+03	3.150927e+06	1.262000e+03	3.153678e+06	1.262000e+03	3.156039e+06	1.262000e+03	3.160684e+06	1.262000e+03	3.163910e+06	1.262000e+03	3.163066e+06	1.262000e+03	3.159171e+06	1.262000e+03	3.167277e+06	1.262000e+03	3.171498e+06	1.262000e+03	3.168138e+06	1.262000e+03	3.168308e+06	1.262000e+03	3.165095e+06	1.262000e+03	3.173894e+06	1.262000e+03	3.176465e+06	1.262000e+03	3.177117e+06	1.262000e+03	3.166153e+06	1.262000e+03	3.166548e+06	1.262000e+03	3.172294e+06	1.262000e+03	3.176560e+06	1.262000e+03	3.171289e+06	1.262000e+03	3.165652e+06	1.262000e+03	3.175584e+06	1.262000e+03	3.172849e+06	1.262000e+03	3.167024e+06	1.262000e+03	3.172928e+06	1.262000e+03	3.165212e+06	1.262000e+03	3.166374e+06	1.262000e+03	3.174411e+06	1.262000e+03	3.178896e+06	1.262000e+03	3.171185e+06	1.262000e+03	3.178698e+06	1.262000e+03	3.174724e+06	1.262000e+03	3.179850e+06	1.262000e+03	3.185458e+06	1.262000e+03	3.189743e+06	1.262000e+03	3.183999e+06	1.262000e+03	3.185470e+06	1.262000e+03	3.185039e+06	1.262000e+03	3.180019e+06	1.262000e+03	3.164576e+06	1.262000e+03	3.182423e+06	1.262000e+03	3.177779e+06	1.262000e+03	3.180022e+06	1.262000e+03	3.188403e+06	1.262000e+03	3.180365e+06	1.262000e+03	3.183538e+06	1.262000e+03	3.187093e+06	1.262000e+03	3.179790e+06	1.262000e+03	3.172721e+06	1.262000e+03	3.175451e+06	1.262000e+03	3.190339e+06	1.262000e+03	3.177086e+06	1.262000e+03	3.180936e+06	1.262000e+03	3.179250e+06	1.262000e+03	3.180863e+06	1.262000e+03	3.195089e+06	1.262000e+03	3.192826e+06	1.262000e+03	3.192958e+06	1.262000e+03	3.190505e+06	1.262000e+03	3.194077e+06	1.262000e+03	3.194556e+06	1.262000e+03	3.182904e+06	1.262000e+03	3.184131e+06	1.262000e+03	3.191773e+06	1.262000e+03	3.182121e+06	1.262000e+03	3.183970e+06	1.262000e+03	3.191291e+06	1.262000e+03	3.190087e+06	1.262000e+03	3.188137e+06	1.262000e+03	3.183316e+06	1.262000e+03	3.184826e+06	1.262000e+03	3.188586e+06	1.262000e+03	3.191840e+06	1.262000e+03	3.179139e+06	1.262000e+03	3.190136e+06	1.262000e+03	3.196377e+06	1.262000e+03	3.191813e+06	1.262000e+03	3.191435e+06	1.262000e+03	3.190433e+06	1.262000e+03	3.182896e+06	1.262000e+03	3.188533e+06	1.262000e+03	3.186991e+06	1.262000e+03	3.182328e+06	1.262000e+03	3.183243e+06	1.262000e+03	3.194588e+06	1.262000e+03	3.189718e+06	1.262000e+03	3.193229e+06	1.262000e+03	3.190907e+06	1.262000e+03	3.185945e+06	1.262000e+03	3.183898e+06	1.262000e+03	3.197647e+06	1.262000e+03	3.192584e+06	1.262000e+03	3.191843e+06	1.262000e+03	3.195251e+06	1.262000e+03	3.184633e+06	1.262000e+03	3.188162e+06	1.262000e+03	3.192606e+06	1.262000e+03	3.187063e+06	1.262000e+03	3.190852e+06	1.262000e+03	3.184173e+06	1.262000e+03	3.200527e+06	1.262000e+03	3.188048e+06	1.262000e+03	3.181394e+06	1.262000e+03	3.182326e+06	1.262000e+03	3.183547e+06	1.262000e+03	3.190828e+06	1.262000e+03	3.192778e+06	1.262000e+03	3.193262e+06	1.262000e+03	3.198422e+06	1.262000e+03	3.190199e+06	1.262000e+03	3.196921e+06	1.262000e+03	3.191148e+06	1.262000e+03	3.189605e+06	1.262000e+03	3.180733e+06	1.262000e+03	3.191433e+06	1.262000e+03	3.182276e+06	1.262000e+03	3.183567e+06	1.262000e+03	3.191013e+06	1.262000e+03	3.186529e+06	1.262000e+03	3.188439e+06	1.262000e+03	3.193403e+06	1.262000e+03	3.184547e+06	1.262000e+03	3.190211e+06	1.262000e+03	3.194024e+06	1.262000e+03	3.202961e+06	1.262000e+03	3.198416e+06	1.262000e+03	3.195454e+06	1.262000e+03	3.200695e+06	1.262000e+03	3.193450e+06	1.262000e+03	3.203760e+06	1.262000e+03	3.195742e+06	1.262000e+03	3.203951e+06	1.262000e+03	3.204956e+06	1.262000e+03	3.198503e+06	1.262000e+03	3.205357e+06	1.262000e+03	3.198568e+06	1.262000e+03	3.196702e+06	1.262000e+03	3.199675e+06	1.262000e+03	3.207722e+06	1.262000e+03	3.203059e+06	1.262000e+03	3.208852e+06	1.262000e+03	3.205188e+06	1.262000e+03	3.200395e+06	1.262000e+03	3.203046e+06	1.262000e+03	3.210843e+06	1.262000e+03	3.205702e+06	1.262000e+03	3.193056e+06	1.262000e+03	3.215406e+06	1.262000e+03	3.207003e+06	1.262000e+03	3.206822e+06	1.262000e+03	3.197606e+06	1.262000e+03	3.205711e+06	1.262000e+03	3.203405e+06	1.262000e+03	3.213751e+06	1.262000e+03	3.214081e+06	1.262000e+03	3.206214e+06	1.262000e+03	3.207997e+06	1.262000e+03	3.209551e+06	1.262000e+03	3.209787e+06	1.262000e+03	3.215653e+06	1.262000e+03	3.213401e+06	1.262000e+03	3.212588e+06	1.262000e+03	3.213735e+06	1.262000e+03	3.215386e+06
1.263000e+03	3.112315e+06	1.263000e+03	3.120851e+06	1.263000e+03	3.137439e+06	1.263000e+03	3.124512e+06	1.263000e+03	3.128418e+06	1.263000e+03	3.135009e+06	1.263000e+03	3.135982e+06	1.263000e+03	3.137299e+06	1.263000e+03	3.145669e+06	1.263000e+03	3.143644e+06	1.263000e+03	3.170659e+06	1.263000e+03	3.169079e+06	1.263000e+03	3.166289e+06	1.263000e+03	3.180216e+06	1.263000e+03	3.177435e+06	1.263000e+03	3.147662e+06	1.263000e+03	3.154032e+06	1.263000e+03	3.173698e+06	1.263000e+03	3.156826e+06	1.263000e+03	3.162500e+06	1.263000e+03	3.155429e+06	1.263000e+03	3.154680e+06	1.263000e+03	3.157478e+06	1.263000e+03	3.165075e+06	1.263000e+03	3.168668e+06	1.263000e+03	3.167322e+06	1.263000e+03	3.169517e+06	1.263000e+03	3.146883e+06	1.263000e+03	3.171264e+06	1.263000e+03	3.153538e+06	1.263000e+03	3.152757e+06	1.263000e+03	3.158587e+06	1.263000e+03	3.156741e+06	1.263000e+03	3.164243e+06	1.263000e+03	3.157717e+06	1.263000e+03	3.163482e+06	1.263000e+03	3.171668e+06	1.263000e+03	3.157175e+06	1.263000e+03	3.164547e+06	1.263000e+03	3.161750e+06	1.263000e+03	3.160940e+06	1.263000e+03	3.168257e+06	1.263000e+03	3.153156e+06	1.263000e+03	3.158144e+06	1.263000e+03	3.149731e+06	1.263000e+03	3.151171e+06	1.263000e+03	3.152856e+06	1.263000e+03	3.159275e+06	1.263000e+03	3.164045e+06	1.263000e+03	3.158330e+06	1.263000e+03	3.160477e+06	1.263000e+03	3.168288e+06	1.263000e+03	3.171705e+06	1.263000e+03	3.168048e+06	1.263000e+03	3.171078e+06	1.263000e+03	3.168814e+06	1.263000e+03	3.174372e+06	1.263000e+03	3.173341e+06	1.263000e+03	3.182027e+06	1.263000e+03	3.166488e+06	1.263000e+03	3.164932e+06	1.263000e+03	3.169846e+06	1.263000e+03	3.178919e+06	1.263000e+03	3.175784e+06	1.263000e+03	3.164008e+06	1.263000e+03	3.173097e+06	1.263000e+03	3.170052e+06	1.263000e+03	3.169519e+06	1.263000e+03	3.170326e+06	1.263000e+03	3.164995e+06	1.263000e+03	3.164631e+06	1.263000e+03	3.169283e+06	1.263000e+03	3.179151e+06	1.263000e+03	3.178626e+06	1.263000e+03	3.180547e+06	1.263000e+03	3.175958e+06	1.263000e+03	3.177229e+06	1.263000e+03	3.190010e+06	1.263000e+03	3.190901e+06	1.263000e+03	3.185484e+06	1.263000e+03	3.192132e+06	1.263000e+03	3.186056e+06	1.263000e+03	3.176971e+06	1.263000e+03	3.162700e+06	1.263000e+03	3.179303e+06	1.263000e+03	3.176470e+06	1.263000e+03	3.182979e+06	1.263000e+03	3.185672e+06	1.263000e+03	3.184985e+06	1.263000e+03	3.182943e+06	1.263000e+03	3.181928e+06	1.263000e+03	3.180348e+06	1.263000e+03	3.176358e+06	1.263000e+03	3.178920e+06	1.263000e+03	3.191118e+06	1.263000e+03	3.182140e+06	1.263000e+03	3.184600e+06	1.263000e+03	3.180554e+06	1.263000e+03	3.183432e+06	1.263000e+03	3.195184e+06	1.263000e+03	3.193402e+06	1.263000e+03	3.195963e+06	1.263000e+03	3.189468e+06	1.263000e+03	3.194714e+06	1.263000e+03	3.197309e+06	1.263000e+03	3.183588e+06	1.263000e+03	3.180810e+06	1.263000e+03	3.189383e+06	1.263000e+03	3.182905e+06	1.263000e+03	3.182893e+06	1.263000e+03	3.188656e+06	1.263000e+03	3.188245e+06	1.263000e+03	3.189808e+06	1.263000e+03	3.184334e+06	1.263000e+03	3.183533e+06	1.263000e+03	3.184817e+06	1.263000e+03	3.191410e+06	1.263000e+03	3.181694e+06	1.263000e+03	3.187964e+06	1.263000e+03	3.192969e+06	1.263000e+03	3.188033e+06	1.263000e+03	3.195291e+06	1.263000e+03	3.189937e+06	1.263000e+03	3.186244e+06	1.263000e+03	3.193381e+06	1.263000e+03	3.188709e+06	1.263000e+03	3.183386e+06	1.263000e+03	3.179341e+06	1.263000e+03	3.196045e+06	1.263000e+03	3.182375e+06	1.263000e+03	3.196258e+06	1.263000e+03	3.192141e+06	1.263000e+03	3.185763e+06	1.263000e+03	3.184579e+06	1.263000e+03	3.198297e+06	1.263000e+03	3.189009e+06	1.263000e+03	3.188848e+06	1.263000e+03	3.197358e+06	1.263000e+03	3.185704e+06	1.263000e+03	3.186711e+06	1.263000e+03	3.191088e+06	1.263000e+03	3.189457e+06	1.263000e+03	3.194098e+06	1.263000e+03	3.183996e+06	1.263000e+03	3.200222e+06	1.263000e+03	3.188460e+06	1.263000e+03	3.181814e+06	1.263000e+03	3.183478e+06	1.263000e+03	3.188091e+06	1.263000e+03	3.189371e+06	1.263000e+03	3.193472e+06	1.263000e+03	3.193988e+06	1.263000e+03	3.197017e+06	1.263000e+03	3.190048e+06	1.263000e+03	3.192484e+06	1.263000e+03	3.189868e+06	1.263000e+03	3.186559e+06	1.263000e+03	3.178575e+06	1.263000e+03	3.187505e+06	1.263000e+03	3.177951e+06	1.263000e+03	3.184006e+06	1.263000e+03	3.189888e+06	1.263000e+03	3.186297e+06	1.263000e+03	3.186447e+06	1.263000e+03	3.192832e+06	1.263000e+03	3.185607e+06	1.263000e+03	3.195411e+06	1.263000e+03	3.189262e+06	1.263000e+03	3.202221e+06	1.263000e+03	3.200926e+06	1.263000e+03	3.196716e+06	1.263000e+03	3.201608e+06	1.263000e+03	3.194437e+06	1.263000e+03	3.208073e+06	1.263000e+03	3.195869e+06	1.263000e+03	3.201972e+06	1.263000e+03	3.205743e+06	1.263000e+03	3.197357e+06	1.263000e+03	3.203014e+06	1.263000e+03	3.196231e+06	1.263000e+03	3.198059e+06	1.263000e+03	3.193894e+06	1.263000e+03	3.207703e+06	1.263000e+03	3.204647e+06	1.263000e+03	3.208154e+06	1.263000e+03	3.210722e+06	1.263000e+03	3.200572e+06	1.263000e+03	3.203365e+06	1.263000e+03	3.208671e+06	1.263000e+03	3.207587e+06	1.263000e+03	3.192629e+06	1.263000e+03	3.216643e+06	1.263000e+03	3.209318e+06	1.263000e+03	3.209095e+06	1.263000e+03	3.199751e+06	1.263000e+03	3.206286e+06	1.263000e+03	3.201862e+06	1.263000e+03	3.212290e+06	1.263000e+03	3.208821e+06	1.263000e+03	3.208017e+06	1.263000e+03	3.215353e+06	1.263000e+03	3.207817e+06	1.263000e+03	3.211652e+06	1.263000e+03	3.216164e+06	1.263000e+03	3.211143e+06	1.263000e+03	3.209695e+06	1.263000e+03	3.214550e+06	1.263000e+03	3.216210e+06
1.264000e+03	3.113419e+06	1.264000e+03	3.120070e+06	1.264000e+03	3.134583e+06	1.264000e+03	3.122391e+06	1.264000e+03	3.128110e+06	1.264000e+03	3.132457e+06	1.264000e+03	3.134219e+06	1.264000e+03	3.139138e+06	1.264000e+03	3.145373e+06	1.264000e+03	3.146399e+06	1.264000e+03	3.176112e+06	1.264000e+03	3.173258e+06	1.264000e+03	3.172875e+06	1.264000e+03	3.176607e+06	1.264000e+03	3.171341e+06	1.264000e+03	3.143568e+06	1.264000e+03	3.155456e+06	1.264000e+03	3.174672e+06	1.264000e+03	3.155144e+06	1.264000e+03	3.158638e+06	1.264000e+03	3.153607e+06	1.264000e+03	3.152404e+06	1.264000e+03	3.153917e+06	1.264000e+03	3.167244e+06	1.264000e+03	3.175027e+06	1.264000e+03	3.160669e+06	1.264000e+03	3.173821e+06	1.264000e+03	3.149390e+06	1.264000e+03	3.170765e+06	1.264000e+03	3.152208e+06	1.264000e+03	3.160209e+06	1.264000e+03	3.164598e+06	1.264000e+03	3.161182e+06	1.264000e+03	3.163156e+06	1.264000e+03	3.159348e+06	1.264000e+03	3.160439e+06	1.264000e+03	3.175095e+06	1.264000e+03	3.157254e+06	1.264000e+03	3.168491e+06	1.264000e+03	3.169746e+06	1.264000e+03	3.156785e+06	1.264000e+03	3.164056e+06	1.264000e+03	3.155402e+06	1.264000e+03	3.161849e+06	1.264000e+03	3.144860e+06	1.264000e+03	3.153466e+06	1.264000e+03	3.155859e+06	1.264000e+03	3.160551e+06	1.264000e+03	3.165217e+06	1.264000e+03	3.164334e+06	1.264000e+03	3.159723e+06	1.264000e+03	3.171870e+06	1.264000e+03	3.173370e+06	1.264000e+03	3.168203e+06	1.264000e+03	3.178195e+06	1.264000e+03	3.167554e+06	1.264000e+03	3.174329e+06	1.264000e+03	3.170999e+06	1.264000e+03	3.180727e+06	1.264000e+03	3.166301e+06	1.264000e+03	3.168148e+06	1.264000e+03	3.170593e+06	1.264000e+03	3.177076e+06	1.264000e+03	3.175053e+06	1.264000e+03	3.165521e+06	1.264000e+03	3.177844e+06	1.264000e+03	3.170896e+06	1.264000e+03	3.167861e+06	1.264000e+03	3.170490e+06	1.264000e+03	3.168955e+06	1.264000e+03	3.170764e+06	1.264000e+03	3.162517e+06	1.264000e+03	3.175784e+06	1.264000e+03	3.174541e+06	1.264000e+03	3.180237e+06	1.264000e+03	3.172255e+06	1.264000e+03	3.177994e+06	1.264000e+03	3.185498e+06	1.264000e+03	3.185411e+06	1.264000e+03	3.186880e+06	1.264000e+03	3.191045e+06	1.264000e+03	3.183455e+06	1.264000e+03	3.178659e+06	1.264000e+03	3.164126e+06	1.264000e+03	3.173417e+06	1.264000e+03	3.178020e+06	1.264000e+03	3.183471e+06	1.264000e+03	3.188102e+06	1.264000e+03	3.184575e+06	1.264000e+03	3.179946e+06	1.264000e+03	3.183487e+06	1.264000e+03	3.177779e+06	1.264000e+03	3.175734e+06	1.264000e+03	3.176426e+06	1.264000e+03	3.185416e+06	1.264000e+03	3.185582e+06	1.264000e+03	3.184005e+06	1.264000e+03	3.181912e+06	1.264000e+03	3.180561e+06	1.264000e+03	3.190647e+06	1.264000e+03	3.189887e+06	1.264000e+03	3.197326e+06	1.264000e+03	3.191389e+06	1.264000e+03	3.194208e+06	1.264000e+03	3.193038e+06	1.264000e+03	3.184338e+06	1.264000e+03	3.182305e+06	1.264000e+03	3.192170e+06	1.264000e+03	3.186866e+06	1.264000e+03	3.179846e+06	1.264000e+03	3.183526e+06	1.264000e+03	3.183843e+06	1.264000e+03	3.185606e+06	1.264000e+03	3.188029e+06	1.264000e+03	3.187874e+06	1.264000e+03	3.189000e+06	1.264000e+03	3.187993e+06	1.264000e+03	3.180161e+06	1.264000e+03	3.185715e+06	1.264000e+03	3.191830e+06	1.264000e+03	3.194252e+06	1.264000e+03	3.193681e+06	1.264000e+03	3.191110e+06	1.264000e+03	3.183544e+06	1.264000e+03	3.189108e+06	1.264000e+03	3.186069e+06	1.264000e+03	3.188039e+06	1.264000e+03	3.183339e+06	1.264000e+03	3.196548e+06	1.264000e+03	3.187039e+06	1.264000e+03	3.194240e+06	1.264000e+03	3.197510e+06	1.264000e+03	3.183666e+06	1.264000e+03	3.190546e+06	1.264000e+03	3.198026e+06	1.264000e+03	3.191493e+06	1.264000e+03	3.192570e+06	1.264000e+03	3.192770e+06	1.264000e+03	3.182856e+06	1.264000e+03	3.181961e+06	1.264000e+03	3.190743e+06	1.264000e+03	3.189103e+06	1.264000e+03	3.194675e+06	1.264000e+03	3.181569e+06	1.264000e+03	3.197932e+06	1.264000e+03	3.187354e+06	1.264000e+03	3.183087e+06	1.264000e+03	3.185229e+06	1.264000e+03	3.181675e+06	1.264000e+03	3.187180e+06	1.264000e+03	3.190276e+06	1.264000e+03	3.194765e+06	1.264000e+03	3.199343e+06	1.264000e+03	3.193609e+06	1.264000e+03	3.196063e+06	1.264000e+03	3.189621e+06	1.264000e+03	3.188982e+06	1.264000e+03	3.178914e+06	1.264000e+03	3.190174e+06	1.264000e+03	3.177834e+06	1.264000e+03	3.187836e+06	1.264000e+03	3.189519e+06	1.264000e+03	3.184199e+06	1.264000e+03	3.184784e+06	1.264000e+03	3.194360e+06	1.264000e+03	3.182990e+06	1.264000e+03	3.196550e+06	1.264000e+03	3.189646e+06	1.264000e+03	3.199882e+06	1.264000e+03	3.199027e+06	1.264000e+03	3.197572e+06	1.264000e+03	3.202494e+06	1.264000e+03	3.198550e+06	1.264000e+03	3.206712e+06	1.264000e+03	3.196396e+06	1.264000e+03	3.202722e+06	1.264000e+03	3.200348e+06	1.264000e+03	3.199457e+06	1.264000e+03	3.204555e+06	1.264000e+03	3.194625e+06	1.264000e+03	3.196757e+06	1.264000e+03	3.196436e+06	1.264000e+03	3.204222e+06	1.264000e+03	3.202681e+06	1.264000e+03	3.204493e+06	1.264000e+03	3.211678e+06	1.264000e+03	3.199635e+06	1.264000e+03	3.206124e+06	1.264000e+03	3.208676e+06	1.264000e+03	3.209034e+06	1.264000e+03	3.198898e+06	1.264000e+03	3.213090e+06	1.264000e+03	3.209254e+06	1.264000e+03	3.207790e+06	1.264000e+03	3.199351e+06	1.264000e+03	3.204561e+06	1.264000e+03	3.203841e+06	1.264000e+03	3.211824e+06	1.264000e+03	3.208476e+06	1.264000e+03	3.208110e+06	1.264000e+03	3.215544e+06	1.264000e+03	3.208289e+06	1.264000e+03	3.211355e+06	1.264000e+03	3.212779e+06	1.264000e+03	3.207844e+06	1.264000e+03	3.207933e+06	1.264000e+03	3.216145e+06	1.264000e+03	3.215318e+06
1.265000e+03	3.110240e+06	1.265000e+03	3.122711e+06	1.265000e+03	3.134778e+06	1.265000e+03	3.120896e+06	1.265000e+03	3.124164e+06	1.265000e+03	3.133032e+06	1.265000e+03	3.134636e+06	1.265000e+03	3.137445e+06	1.265000e+03	3.144389e+06	1.265000e+03	3.145407e+06	1.265000e+03	3.173273e+06	1.265000e+03	3.167477e+06	1.265000e+03	3.169399e+06	1.265000e+03	3.174999e+06	1.265000e+03	3.169473e+06	1.265000e+03	3.152412e+06	1.265000e+03	3.157723e+06	1.265000e+03	3.170912e+06	1.265000e+03	3.156277e+06	1.265000e+03	3.164578e+06	1.265000e+03	3.149676e+06	1.265000e+03	3.154747e+06	1.265000e+03	3.150982e+06	1.265000e+03	3.172192e+06	1.265000e+03	3.166218e+06	1.265000e+03	3.166152e+06	1.265000e+03	3.172365e+06	1.265000e+03	3.147301e+06	1.265000e+03	3.170342e+06	1.265000e+03	3.150893e+06	1.265000e+03	3.155263e+06	1.265000e+03	3.158410e+06	1.265000e+03	3.161749e+06	1.265000e+03	3.161482e+06	1.265000e+03	3.160894e+06	1.265000e+03	3.162627e+06	1.265000e+03	3.178435e+06	1.265000e+03	3.160664e+06	1.265000e+03	3.166686e+06	1.265000e+03	3.168708e+06	1.265000e+03	3.155352e+06	1.265000e+03	3.163193e+06	1.265000e+03	3.154798e+06	1.265000e+03	3.158663e+06	1.265000e+03	3.144609e+06	1.265000e+03	3.157264e+06	1.265000e+03	3.156433e+06	1.265000e+03	3.160237e+06	1.265000e+03	3.162524e+06	1.265000e+03	3.164131e+06	1.265000e+03	3.163206e+06	1.265000e+03	3.170317e+06	1.265000e+03	3.173670e+06	1.265000e+03	3.168552e+06	1.265000e+03	3.171315e+06	1.265000e+03	3.171849e+06	1.265000e+03	3.172533e+06	1.265000e+03	3.173494e+06	1.265000e+03	3.177789e+06	1.265000e+03	3.165609e+06	1.265000e+03	3.163905e+06	1.265000e+03	3.164492e+06	1.265000e+03	3.177507e+06	1.265000e+03	3.176621e+06	1.265000e+03	3.165268e+06	1.265000e+03	3.172902e+06	1.265000e+03	3.168881e+06	1.265000e+03	3.169405e+06	1.265000e+03	3.168363e+06	1.265000e+03	3.166780e+06	1.265000e+03	3.166674e+06	1.265000e+03	3.166045e+06	1.265000e+03	3.182722e+06	1.265000e+03	3.173264e+06	1.265000e+03	3.180228e+06	1.265000e+03	3.174340e+06	1.265000e+03	3.179496e+06	1.265000e+03	3.182056e+06	1.265000e+03	3.184958e+06	1.265000e+03	3.183543e+06	1.265000e+03	3.189964e+06	1.265000e+03	3.186835e+06	1.265000e+03	3.176687e+06	1.265000e+03	3.164605e+06	1.265000e+03	3.179205e+06	1.265000e+03	3.180823e+06	1.265000e+03	3.183679e+06	1.265000e+03	3.188835e+06	1.265000e+03	3.182913e+06	1.265000e+03	3.181016e+06	1.265000e+03	3.182645e+06	1.265000e+03	3.179604e+06	1.265000e+03	3.176452e+06	1.265000e+03	3.182570e+06	1.265000e+03	3.186534e+06	1.265000e+03	3.186955e+06	1.265000e+03	3.186627e+06	1.265000e+03	3.187795e+06	1.265000e+03	3.177806e+06	1.265000e+03	3.189503e+06	1.265000e+03	3.190544e+06	1.265000e+03	3.198538e+06	1.265000e+03	3.199399e+06	1.265000e+03	3.193462e+06	1.265000e+03	3.194024e+06	1.265000e+03	3.183131e+06	1.265000e+03	3.186869e+06	1.265000e+03	3.190501e+06	1.265000e+03	3.185583e+06	1.265000e+03	3.180883e+06	1.265000e+03	3.187485e+06	1.265000e+03	3.183422e+06	1.265000e+03	3.192028e+06	1.265000e+03	3.183415e+06	1.265000e+03	3.185137e+06	1.265000e+03	3.191947e+06	1.265000e+03	3.194620e+06	1.265000e+03	3.179567e+06	1.265000e+03	3.185979e+06	1.265000e+03	3.194434e+06	1.265000e+03	3.192080e+06	1.265000e+03	3.193242e+06	1.265000e+03	3.198566e+06	1.265000e+03	3.187868e+06	1.265000e+03	3.185749e+06	1.265000e+03	3.190976e+06	1.265000e+03	3.177948e+06	1.265000e+03	3.182991e+06	1.265000e+03	3.196347e+06	1.265000e+03	3.186052e+06	1.265000e+03	3.198108e+06	1.265000e+03	3.198646e+06	1.265000e+03	3.183821e+06	1.265000e+03	3.186523e+06	1.265000e+03	3.199236e+06	1.265000e+03	3.189930e+06	1.265000e+03	3.194863e+06	1.265000e+03	3.189114e+06	1.265000e+03	3.183514e+06	1.265000e+03	3.185637e+06	1.265000e+03	3.193489e+06	1.265000e+03	3.191315e+06	1.265000e+03	3.195417e+06	1.265000e+03	3.186207e+06	1.265000e+03	3.197589e+06	1.265000e+03	3.188112e+06	1.265000e+03	3.182905e+06	1.265000e+03	3.182258e+06	1.265000e+03	3.183769e+06	1.265000e+03	3.188670e+06	1.265000e+03	3.186927e+06	1.265000e+03	3.197988e+06	1.265000e+03	3.198800e+06	1.265000e+03	3.187275e+06	1.265000e+03	3.196984e+06	1.265000e+03	3.189487e+06	1.265000e+03	3.187750e+06	1.265000e+03	3.180544e+06	1.265000e+03	3.188230e+06	1.265000e+03	3.181638e+06	1.265000e+03	3.182865e+06	1.265000e+03	3.187412e+06	1.265000e+03	3.192322e+06	1.265000e+03	3.185556e+06	1.265000e+03	3.191629e+06	1.265000e+03	3.180674e+06	1.265000e+03	3.195130e+06	1.265000e+03	3.188876e+06	1.265000e+03	3.202855e+06	1.265000e+03	3.201320e+06	1.265000e+03	3.195041e+06	1.265000e+03	3.201032e+06	1.265000e+03	3.198900e+06	1.265000e+03	3.201608e+06	1.265000e+03	3.196844e+06	1.265000e+03	3.204906e+06	1.265000e+03	3.200856e+06	1.265000e+03	3.197095e+06	1.265000e+03	3.204432e+06	1.265000e+03	3.193697e+06	1.265000e+03	3.199729e+06	1.265000e+03	3.199446e+06	1.265000e+03	3.201822e+06	1.265000e+03	3.202566e+06	1.265000e+03	3.206029e+06	1.265000e+03	3.215585e+06	1.265000e+03	3.200579e+06	1.265000e+03	3.207964e+06	1.265000e+03	3.205351e+06	1.265000e+03	3.209843e+06	1.265000e+03	3.199504e+06	1.265000e+03	3.218574e+06	1.265000e+03	3.211296e+06	1.265000e+03	3.206781e+06	1.265000e+03	3.205023e+06	1.265000e+03	3.203677e+06	1.265000e+03	3.203032e+06	1.265000e+03	3.215471e+06	1.265000e+03	3.211677e+06	1.265000e+03	3.204748e+06	1.265000e+03	3.215653e+06	1.265000e+03	3.206723e+06	1.265000e+03	3.209516e+06	1.265000e+03	3.206377e+06	1.265000e+03	3.210445e+06	1.265000e+03	3.207711e+06	1.265000e+03	3.214759e+06	1.265000e+03	3.217608e+06
1.266000e+03	3.115204e+06	1.266000e+03	3.126490e+06	1.266000e+03	3.135491e+06	1.266000e+03	3.123721e+06	1.266000e+03	3.126490e+06	1.266000e+03	3.133750e+06	1.266000e+03	3.134062e+06	1.266000e+03	3.142722e+06	1.266000e+03	3.143061e+06	1.266000e+03	3.145911e+06	1.266000e+03	3.170573e+06	1.266000e+03	3.171173e+06	1.266000e+03	3.169322e+06	1.266000e+03	3.179060e+06	1.266000e+03	3.170715e+06	1.266000e+03	3.150276e+06	1.266000e+03	3.158574e+06	1.266000e+03	3.163236e+06	1.266000e+03	3.156593e+06	1.266000e+03	3.162293e+06	1.266000e+03	3.145981e+06	1.266000e+03	3.157521e+06	1.266000e+03	3.151644e+06	1.266000e+03	3.168490e+06	1.266000e+03	3.167489e+06	1.266000e+03	3.164610e+06	1.266000e+03	3.164025e+06	1.266000e+03	3.145693e+06	1.266000e+03	3.166534e+06	1.266000e+03	3.150988e+06	1.266000e+03	3.155730e+06	1.266000e+03	3.147585e+06	1.266000e+03	3.162676e+06	1.266000e+03	3.158627e+06	1.266000e+03	3.158518e+06	1.266000e+03	3.163875e+06	1.266000e+03	3.176479e+06	1.266000e+03	3.159607e+06	1.266000e+03	3.171770e+06	1.266000e+03	3.166851e+06	1.266000e+03	3.154673e+06	1.266000e+03	3.164396e+06	1.266000e+03	3.155043e+06	1.266000e+03	3.164031e+06	1.266000e+03	3.149368e+06	1.266000e+03	3.157278e+06	1.266000e+03	3.158510e+06	1.266000e+03	3.160878e+06	1.266000e+03	3.157783e+06	1.266000e+03	3.166933e+06	1.266000e+03	3.164288e+06	1.266000e+03	3.170416e+06	1.266000e+03	3.173156e+06	1.266000e+03	3.167081e+06	1.266000e+03	3.171587e+06	1.266000e+03	3.172888e+06	1.266000e+03	3.175051e+06	1.266000e+03	3.168948e+06	1.266000e+03	3.181712e+06	1.266000e+03	3.165615e+06	1.266000e+03	3.165292e+06	1.266000e+03	3.162640e+06	1.266000e+03	3.176407e+06	1.266000e+03	3.175910e+06	1.266000e+03	3.162928e+06	1.266000e+03	3.170768e+06	1.266000e+03	3.165242e+06	1.266000e+03	3.167496e+06	1.266000e+03	3.169792e+06	1.266000e+03	3.168497e+06	1.266000e+03	3.164193e+06	1.266000e+03	3.168091e+06	1.266000e+03	3.182782e+06	1.266000e+03	3.170995e+06	1.266000e+03	3.177429e+06	1.266000e+03	3.176115e+06	1.266000e+03	3.178285e+06	1.266000e+03	3.180318e+06	1.266000e+03	3.185176e+06	1.266000e+03	3.182160e+06	1.266000e+03	3.184905e+06	1.266000e+03	3.189501e+06	1.266000e+03	3.179744e+06	1.266000e+03	3.161032e+06	1.266000e+03	3.182748e+06	1.266000e+03	3.178744e+06	1.266000e+03	3.178976e+06	1.266000e+03	3.186372e+06	1.266000e+03	3.181899e+06	1.266000e+03	3.182244e+06	1.266000e+03	3.187381e+06	1.266000e+03	3.179399e+06	1.266000e+03	3.175975e+06	1.266000e+03	3.181162e+06	1.266000e+03	3.188003e+06	1.266000e+03	3.188280e+06	1.266000e+03	3.183278e+06	1.266000e+03	3.180346e+06	1.266000e+03	3.178334e+06	1.266000e+03	3.192181e+06	1.266000e+03	3.187358e+06	1.266000e+03	3.195332e+06	1.266000e+03	3.196365e+06	1.266000e+03	3.197343e+06	1.266000e+03	3.195194e+06	1.266000e+03	3.182367e+06	1.266000e+03	3.182575e+06	1.266000e+03	3.193312e+06	1.266000e+03	3.184365e+06	1.266000e+03	3.183434e+06	1.266000e+03	3.187342e+06	1.266000e+03	3.183263e+06	1.266000e+03	3.192868e+06	1.266000e+03	3.186428e+06	1.266000e+03	3.186477e+06	1.266000e+03	3.191068e+06	1.266000e+03	3.193970e+06	1.266000e+03	3.177965e+06	1.266000e+03	3.188035e+06	1.266000e+03	3.191930e+06	1.266000e+03	3.193802e+06	1.266000e+03	3.196193e+06	1.266000e+03	3.200617e+06	1.266000e+03	3.188780e+06	1.266000e+03	3.188690e+06	1.266000e+03	3.192012e+06	1.266000e+03	3.177946e+06	1.266000e+03	3.187653e+06	1.266000e+03	3.195048e+06	1.266000e+03	3.185812e+06	1.266000e+03	3.195791e+06	1.266000e+03	3.194783e+06	1.266000e+03	3.183931e+06	1.266000e+03	3.184890e+06	1.266000e+03	3.196332e+06	1.266000e+03	3.190290e+06	1.266000e+03	3.189320e+06	1.266000e+03	3.191842e+06	1.266000e+03	3.183287e+06	1.266000e+03	3.183421e+06	1.266000e+03	3.196709e+06	1.266000e+03	3.191819e+06	1.266000e+03	3.192502e+06	1.266000e+03	3.186181e+06	1.266000e+03	3.202062e+06	1.266000e+03	3.186579e+06	1.266000e+03	3.178308e+06	1.266000e+03	3.183139e+06	1.266000e+03	3.181575e+06	1.266000e+03	3.193052e+06	1.266000e+03	3.191468e+06	1.266000e+03	3.194767e+06	1.266000e+03	3.198819e+06	1.266000e+03	3.193282e+06	1.266000e+03	3.200532e+06	1.266000e+03	3.190506e+06	1.266000e+03	3.190103e+06	1.266000e+03	3.179079e+06	1.266000e+03	3.186475e+06	1.266000e+03	3.184601e+06	1.266000e+03	3.184830e+06	1.266000e+03	3.187977e+06	1.266000e+03	3.191523e+06	1.266000e+03	3.186266e+06	1.266000e+03	3.192169e+06	1.266000e+03	3.178957e+06	1.266000e+03	3.194688e+06	1.266000e+03	3.190558e+06	1.266000e+03	3.202669e+06	1.266000e+03	3.196033e+06	1.266000e+03	3.195690e+06	1.266000e+03	3.201133e+06	1.266000e+03	3.197571e+06	1.266000e+03	3.201492e+06	1.266000e+03	3.198262e+06	1.266000e+03	3.206228e+06	1.266000e+03	3.201019e+06	1.266000e+03	3.198277e+06	1.266000e+03	3.206598e+06	1.266000e+03	3.193520e+06	1.266000e+03	3.200565e+06	1.266000e+03	3.196956e+06	1.266000e+03	3.207474e+06	1.266000e+03	3.202108e+06	1.266000e+03	3.202579e+06	1.266000e+03	3.212491e+06	1.266000e+03	3.201273e+06	1.266000e+03	3.203758e+06	1.266000e+03	3.208876e+06	1.266000e+03	3.207329e+06	1.266000e+03	3.200563e+06	1.266000e+03	3.221390e+06	1.266000e+03	3.210942e+06	1.266000e+03	3.209633e+06	1.266000e+03	3.206557e+06	1.266000e+03	3.203695e+06	1.266000e+03	3.202051e+06	1.266000e+03	3.218066e+06	1.266000e+03	3.207400e+06	1.266000e+03	3.208401e+06	1.266000e+03	3.213170e+06	1.266000e+03	3.206164e+06	1.266000e+03	3.210155e+06	1.266000e+03	3.210834e+06	1.266000e+03	3.208366e+06	1.266000e+03	3.210114e+06	1.266000e+03	3.216648e+06	1.266000e+03	3.214478e+06
1.267000e+03	3.113690e+06	1.267000e+03	3.125428e+06	1.267000e+03	3.139734e+06	1.267000e+03	3.121649e+06	1.267000e+03	3.127754e+06	1.267000e+03	3.136438e+06	1.267000e+03	3.135745e+06	1.267000e+03	3.136971e+06	1.267000e+03	3.147364e+06	1.267000e+03	3.148462e+06	1.267000e+03	3.172330e+06	1.267000e+03	3.170642e+06	1.267000e+03	3.169423e+06	1.267000e+03	3.178440e+06	1.267000e+03	3.170553e+06	1.267000e+03	3.153321e+06	1.267000e+03	3.159135e+06	1.267000e+03	3.162837e+06	1.267000e+03	3.160008e+06	1.267000e+03	3.163598e+06	1.267000e+03	3.143072e+06	1.267000e+03	3.156368e+06	1.267000e+03	3.150927e+06	1.267000e+03	3.169561e+06	1.267000e+03	3.163921e+06	1.267000e+03	3.163144e+06	1.267000e+03	3.167727e+06	1.267000e+03	3.147579e+06	1.267000e+03	3.175705e+06	1.267000e+03	3.151952e+06	1.267000e+03	3.154282e+06	1.267000e+03	3.144287e+06	1.267000e+03	3.162701e+06	1.267000e+03	3.157948e+06	1.267000e+03	3.157842e+06	1.267000e+03	3.160021e+06	1.267000e+03	3.171209e+06	1.267000e+03	3.157636e+06	1.267000e+03	3.171926e+06	1.267000e+03	3.167336e+06	1.267000e+03	3.160166e+06	1.267000e+03	3.165841e+06	1.267000e+03	3.157170e+06	1.267000e+03	3.162350e+06	1.267000e+03	3.147892e+06	1.267000e+03	3.154011e+06	1.267000e+03	3.154790e+06	1.267000e+03	3.159782e+06	1.267000e+03	3.157159e+06	1.267000e+03	3.166053e+06	1.267000e+03	3.161227e+06	1.267000e+03	3.165422e+06	1.267000e+03	3.175192e+06	1.267000e+03	3.166081e+06	1.267000e+03	3.170647e+06	1.267000e+03	3.167230e+06	1.267000e+03	3.171253e+06	1.267000e+03	3.170147e+06	1.267000e+03	3.179875e+06	1.267000e+03	3.162620e+06	1.267000e+03	3.165527e+06	1.267000e+03	3.166355e+06	1.267000e+03	3.176956e+06	1.267000e+03	3.175349e+06	1.267000e+03	3.167142e+06	1.267000e+03	3.172565e+06	1.267000e+03	3.164527e+06	1.267000e+03	3.171598e+06	1.267000e+03	3.170486e+06	1.267000e+03	3.171484e+06	1.267000e+03	3.162225e+06	1.267000e+03	3.165238e+06	1.267000e+03	3.179716e+06	1.267000e+03	3.170023e+06	1.267000e+03	3.178920e+06	1.267000e+03	3.174249e+06	1.267000e+03	3.182859e+06	1.267000e+03	3.179176e+06	1.267000e+03	3.187088e+06	1.267000e+03	3.185299e+06	1.267000e+03	3.178487e+06	1.267000e+03	3.187805e+06	1.267000e+03	3.177331e+06	1.267000e+03	3.158882e+06	1.267000e+03	3.181953e+06	1.267000e+03	3.172924e+06	1.267000e+03	3.182463e+06	1.267000e+03	3.188777e+06	1.267000e+03	3.185027e+06	1.267000e+03	3.183955e+06	1.267000e+03	3.183209e+06	1.267000e+03	3.182305e+06	1.267000e+03	3.176678e+06	1.267000e+03	3.179825e+06	1.267000e+03	3.187500e+06	1.267000e+03	3.187751e+06	1.267000e+03	3.183655e+06	1.267000e+03	3.176600e+06	1.267000e+03	3.173186e+06	1.267000e+03	3.195014e+06	1.267000e+03	3.189594e+06	1.267000e+03	3.196138e+06	1.267000e+03	3.193444e+06	1.267000e+03	3.197785e+06	1.267000e+03	3.193455e+06	1.267000e+03	3.183860e+06	1.267000e+03	3.179034e+06	1.267000e+03	3.191227e+06	1.267000e+03	3.184462e+06	1.267000e+03	3.182769e+06	1.267000e+03	3.187552e+06	1.267000e+03	3.185861e+06	1.267000e+03	3.192478e+06	1.267000e+03	3.186947e+06	1.267000e+03	3.188198e+06	1.267000e+03	3.190148e+06	1.267000e+03	3.198461e+06	1.267000e+03	3.177486e+06	1.267000e+03	3.195121e+06	1.267000e+03	3.189628e+06	1.267000e+03	3.191865e+06	1.267000e+03	3.191522e+06	1.267000e+03	3.196887e+06	1.267000e+03	3.190959e+06	1.267000e+03	3.187874e+06	1.267000e+03	3.191063e+06	1.267000e+03	3.180399e+06	1.267000e+03	3.187620e+06	1.267000e+03	3.191750e+06	1.267000e+03	3.183222e+06	1.267000e+03	3.191394e+06	1.267000e+03	3.194133e+06	1.267000e+03	3.184782e+06	1.267000e+03	3.184874e+06	1.267000e+03	3.195783e+06	1.267000e+03	3.191896e+06	1.267000e+03	3.187882e+06	1.267000e+03	3.194410e+06	1.267000e+03	3.182200e+06	1.267000e+03	3.183102e+06	1.267000e+03	3.197508e+06	1.267000e+03	3.190162e+06	1.267000e+03	3.187380e+06	1.267000e+03	3.182822e+06	1.267000e+03	3.200762e+06	1.267000e+03	3.185900e+06	1.267000e+03	3.183152e+06	1.267000e+03	3.180681e+06	1.267000e+03	3.184189e+06	1.267000e+03	3.192188e+06	1.267000e+03	3.189306e+06	1.267000e+03	3.198986e+06	1.267000e+03	3.194342e+06	1.267000e+03	3.190397e+06	1.267000e+03	3.195812e+06	1.267000e+03	3.187164e+06	1.267000e+03	3.190402e+06	1.267000e+03	3.186881e+06	1.267000e+03	3.189617e+06	1.267000e+03	3.183216e+06	1.267000e+03	3.186649e+06	1.267000e+03	3.189842e+06	1.267000e+03	3.188466e+06	1.267000e+03	3.186323e+06	1.267000e+03	3.193336e+06	1.267000e+03	3.178355e+06	1.267000e+03	3.191794e+06	1.267000e+03	3.195244e+06	1.267000e+03	3.202095e+06	1.267000e+03	3.198136e+06	1.267000e+03	3.199799e+06	1.267000e+03	3.198060e+06	1.267000e+03	3.196104e+06	1.267000e+03	3.202615e+06	1.267000e+03	3.203850e+06	1.267000e+03	3.208064e+06	1.267000e+03	3.197336e+06	1.267000e+03	3.200241e+06	1.267000e+03	3.204613e+06	1.267000e+03	3.195363e+06	1.267000e+03	3.200553e+06	1.267000e+03	3.196420e+06	1.267000e+03	3.205742e+06	1.267000e+03	3.207870e+06	1.267000e+03	3.204042e+06	1.267000e+03	3.213712e+06	1.267000e+03	3.200381e+06	1.267000e+03	3.205329e+06	1.267000e+03	3.212514e+06	1.267000e+03	3.206750e+06	1.267000e+03	3.201863e+06	1.267000e+03	3.214441e+06	1.267000e+03	3.211271e+06	1.267000e+03	3.209707e+06	1.267000e+03	3.200796e+06	1.267000e+03	3.204456e+06	1.267000e+03	3.202139e+06	1.267000e+03	3.216295e+06	1.267000e+03	3.210000e+06	1.267000e+03	3.209484e+06	1.267000e+03	3.210605e+06	1.267000e+03	3.205653e+06	1.267000e+03	3.209052e+06	1.267000e+03	3.210637e+06	1.267000e+03	3.208895e+06	1.267000e+03	3.209902e+06	1.267000e+03	3.213853e+06	1.267000e+03	3.213566e+06
1.268000e+03	3.110862e+06	1.268000e+03	3.123787e+06	1.268000e+03	3.141045e+06	1.268000e+03	3.120326e+06	1.268000e+03	3.126203e+06	1.268000e+03	3.131432e+06	1.268000e+03	3.135533e+06	1.268000e+03	3.145405e+06	1.268000e+03	3.143114e+06	1.268000e+03	3.148942e+06	1.268000e+03	3.173522e+06	1.268000e+03	3.168837e+06	1.268000e+03	3.170382e+06	1.268000e+03	3.175741e+06	1.268000e+03	3.168501e+06	1.268000e+03	3.151433e+06	1.268000e+03	3.150602e+06	1.268000e+03	3.164633e+06	1.268000e+03	3.165799e+06	1.268000e+03	3.164029e+06	1.268000e+03	3.144625e+06	1.268000e+03	3.159660e+06	1.268000e+03	3.153358e+06	1.268000e+03	3.170301e+06	1.268000e+03	3.165796e+06	1.268000e+03	3.163792e+06	1.268000e+03	3.172593e+06	1.268000e+03	3.143856e+06	1.268000e+03	3.170853e+06	1.268000e+03	3.156534e+06	1.268000e+03	3.154842e+06	1.268000e+03	3.146264e+06	1.268000e+03	3.159940e+06	1.268000e+03	3.154303e+06	1.268000e+03	3.156574e+06	1.268000e+03	3.161479e+06	1.268000e+03	3.168277e+06	1.268000e+03	3.154510e+06	1.268000e+03	3.177000e+06	1.268000e+03	3.164944e+06	1.268000e+03	3.157170e+06	1.268000e+03	3.164211e+06	1.268000e+03	3.157664e+06	1.268000e+03	3.160936e+06	1.268000e+03	3.154495e+06	1.268000e+03	3.154208e+06	1.268000e+03	3.154309e+06	1.268000e+03	3.158995e+06	1.268000e+03	3.156454e+06	1.268000e+03	3.162379e+06	1.268000e+03	3.162688e+06	1.268000e+03	3.172944e+06	1.268000e+03	3.167567e+06	1.268000e+03	3.165910e+06	1.268000e+03	3.169968e+06	1.268000e+03	3.167663e+06	1.268000e+03	3.168290e+06	1.268000e+03	3.175138e+06	1.268000e+03	3.181946e+06	1.268000e+03	3.168841e+06	1.268000e+03	3.162410e+06	1.268000e+03	3.161374e+06	1.268000e+03	3.175860e+06	1.268000e+03	3.176300e+06	1.268000e+03	3.165293e+06	1.268000e+03	3.167462e+06	1.268000e+03	3.161926e+06	1.268000e+03	3.168544e+06	1.268000e+03	3.167404e+06	1.268000e+03	3.171919e+06	1.268000e+03	3.166359e+06	1.268000e+03	3.163373e+06	1.268000e+03	3.178711e+06	1.268000e+03	3.172905e+06	1.268000e+03	3.178701e+06	1.268000e+03	3.176036e+06	1.268000e+03	3.183531e+06	1.268000e+03	3.179618e+06	1.268000e+03	3.184433e+06	1.268000e+03	3.186169e+06	1.268000e+03	3.187284e+06	1.268000e+03	3.186259e+06	1.268000e+03	3.175117e+06	1.268000e+03	3.161099e+06	1.268000e+03	3.177570e+06	1.268000e+03	3.175138e+06	1.268000e+03	3.183589e+06	1.268000e+03	3.187909e+06	1.268000e+03	3.182728e+06	1.268000e+03	3.183557e+06	1.268000e+03	3.187546e+06	1.268000e+03	3.186708e+06	1.268000e+03	3.172170e+06	1.268000e+03	3.178774e+06	1.268000e+03	3.186371e+06	1.268000e+03	3.190398e+06	1.268000e+03	3.188097e+06	1.268000e+03	3.173696e+06	1.268000e+03	3.175853e+06	1.268000e+03	3.193296e+06	1.268000e+03	3.189337e+06	1.268000e+03	3.197420e+06	1.268000e+03	3.193338e+06	1.268000e+03	3.193229e+06	1.268000e+03	3.197693e+06	1.268000e+03	3.184602e+06	1.268000e+03	3.183057e+06	1.268000e+03	3.191259e+06	1.268000e+03	3.184310e+06	1.268000e+03	3.186113e+06	1.268000e+03	3.189567e+06	1.268000e+03	3.184580e+06	1.268000e+03	3.193904e+06	1.268000e+03	3.183746e+06	1.268000e+03	3.187335e+06	1.268000e+03	3.189252e+06	1.268000e+03	3.191085e+06	1.268000e+03	3.178817e+06	1.268000e+03	3.195163e+06	1.268000e+03	3.189144e+06	1.268000e+03	3.192398e+06	1.268000e+03	3.189964e+06	1.268000e+03	3.198515e+06	1.268000e+03	3.188786e+06	1.268000e+03	3.185829e+06	1.268000e+03	3.188718e+06	1.268000e+03	3.187620e+06	1.268000e+03	3.187914e+06	1.268000e+03	3.190574e+06	1.268000e+03	3.178607e+06	1.268000e+03	3.194575e+06	1.268000e+03	3.192322e+06	1.268000e+03	3.183715e+06	1.268000e+03	3.184434e+06	1.268000e+03	3.196236e+06	1.268000e+03	3.190891e+06	1.268000e+03	3.191121e+06	1.268000e+03	3.191052e+06	1.268000e+03	3.182932e+06	1.268000e+03	3.182918e+06	1.268000e+03	3.200110e+06	1.268000e+03	3.190975e+06	1.268000e+03	3.189196e+06	1.268000e+03	3.186709e+06	1.268000e+03	3.202609e+06	1.268000e+03	3.187162e+06	1.268000e+03	3.188365e+06	1.268000e+03	3.179354e+06	1.268000e+03	3.187029e+06	1.268000e+03	3.194804e+06	1.268000e+03	3.190341e+06	1.268000e+03	3.199771e+06	1.268000e+03	3.196177e+06	1.268000e+03	3.187590e+06	1.268000e+03	3.200417e+06	1.268000e+03	3.188285e+06	1.268000e+03	3.185751e+06	1.268000e+03	3.185978e+06	1.268000e+03	3.189917e+06	1.268000e+03	3.185326e+06	1.268000e+03	3.187391e+06	1.268000e+03	3.186175e+06	1.268000e+03	3.189991e+06	1.268000e+03	3.188251e+06	1.268000e+03	3.192566e+06	1.268000e+03	3.181241e+06	1.268000e+03	3.195236e+06	1.268000e+03	3.190008e+06	1.268000e+03	3.199436e+06	1.268000e+03	3.196755e+06	1.268000e+03	3.196740e+06	1.268000e+03	3.199033e+06	1.268000e+03	3.199711e+06	1.268000e+03	3.207672e+06	1.268000e+03	3.198324e+06	1.268000e+03	3.209176e+06	1.268000e+03	3.198532e+06	1.268000e+03	3.203608e+06	1.268000e+03	3.204523e+06	1.268000e+03	3.195084e+06	1.268000e+03	3.198178e+06	1.268000e+03	3.201984e+06	1.268000e+03	3.206003e+06	1.268000e+03	3.206361e+06	1.268000e+03	3.199034e+06	1.268000e+03	3.212191e+06	1.268000e+03	3.200662e+06	1.268000e+03	3.208582e+06	1.268000e+03	3.209454e+06	1.268000e+03	3.206873e+06	1.268000e+03	3.202571e+06	1.268000e+03	3.212326e+06	1.268000e+03	3.211855e+06	1.268000e+03	3.207984e+06	1.268000e+03	3.203233e+06	1.268000e+03	3.206081e+06	1.268000e+03	3.201761e+06	1.268000e+03	3.211598e+06	1.268000e+03	3.208548e+06	1.268000e+03	3.205817e+06	1.268000e+03	3.210301e+06	1.268000e+03	3.207597e+06	1.268000e+03	3.206847e+06	1.268000e+03	3.216143e+06	1.268000e+03	3.205544e+06	1.268000e+03	3.210351e+06	1.268000e+03	3.213918e+06	1.268000e+03	3.207954e+06
1.269000e+03	3.113396e+06	1.269000e+03	3.129800e+06	1.269000e+03	3.139268e+06	1.269000e+03	3.117680e+06	1.269000e+03	3.128551e+06	1.269000e+03	3.130999e+06	1.269000e+03	3.135824e+06	1.269000e+03	3.140293e+06	1.269000e+03	3.150460e+06	1.269000e+03	3.150317e+06	1.269000e+03	3.173436e+06	1.269000e+03	3.170975e+06	1.269000e+03	3.172995e+06	1.269000e+03	3.179394e+06	1.269000e+03	3.169043e+06	1.269000e+03	3.151389e+06	1.269000e+03	3.155836e+06	1.269000e+03	3.156920e+06	1.269000e+03	3.164846e+06	1.269000e+03	3.163467e+06	1.269000e+03	3.147963e+06	1.269000e+03	3.159846e+06	1.269000e+03	3.152605e+06	1.269000e+03	3.168902e+06	1.269000e+03	3.163776e+06	1.269000e+03	3.167421e+06	1.269000e+03	3.172317e+06	1.269000e+03	3.145255e+06	1.269000e+03	3.178331e+06	1.269000e+03	3.155759e+06	1.269000e+03	3.160367e+06	1.269000e+03	3.147933e+06	1.269000e+03	3.157462e+06	1.269000e+03	3.159312e+06	1.269000e+03	3.156288e+06	1.269000e+03	3.165824e+06	1.269000e+03	3.165625e+06	1.269000e+03	3.150097e+06	1.269000e+03	3.171973e+06	1.269000e+03	3.166941e+06	1.269000e+03	3.153963e+06	1.269000e+03	3.164064e+06	1.269000e+03	3.151515e+06	1.269000e+03	3.159765e+06	1.269000e+03	3.159505e+06	1.269000e+03	3.153194e+06	1.269000e+03	3.154682e+06	1.269000e+03	3.157071e+06	1.269000e+03	3.158803e+06	1.269000e+03	3.163330e+06	1.269000e+03	3.167802e+06	1.269000e+03	3.170385e+06	1.269000e+03	3.173645e+06	1.269000e+03	3.166298e+06	1.269000e+03	3.173501e+06	1.269000e+03	3.174494e+06	1.269000e+03	3.169400e+06	1.269000e+03	3.171721e+06	1.269000e+03	3.177799e+06	1.269000e+03	3.165339e+06	1.269000e+03	3.160080e+06	1.269000e+03	3.169234e+06	1.269000e+03	3.176308e+06	1.269000e+03	3.182343e+06	1.269000e+03	3.165385e+06	1.269000e+03	3.169332e+06	1.269000e+03	3.159553e+06	1.269000e+03	3.166995e+06	1.269000e+03	3.171941e+06	1.269000e+03	3.172072e+06	1.269000e+03	3.168763e+06	1.269000e+03	3.167717e+06	1.269000e+03	3.178589e+06	1.269000e+03	3.173857e+06	1.269000e+03	3.176915e+06	1.269000e+03	3.178356e+06	1.269000e+03	3.180675e+06	1.269000e+03	3.179635e+06	1.269000e+03	3.184673e+06	1.269000e+03	3.182565e+06	1.269000e+03	3.185836e+06	1.269000e+03	3.182899e+06	1.269000e+03	3.178784e+06	1.269000e+03	3.159031e+06	1.269000e+03	3.177911e+06	1.269000e+03	3.178121e+06	1.269000e+03	3.182454e+06	1.269000e+03	3.188506e+06	1.269000e+03	3.183518e+06	1.269000e+03	3.189562e+06	1.269000e+03	3.188608e+06	1.269000e+03	3.186515e+06	1.269000e+03	3.177953e+06	1.269000e+03	3.172069e+06	1.269000e+03	3.187380e+06	1.269000e+03	3.189097e+06	1.269000e+03	3.191357e+06	1.269000e+03	3.177220e+06	1.269000e+03	3.174552e+06	1.269000e+03	3.189516e+06	1.269000e+03	3.188437e+06	1.269000e+03	3.196119e+06	1.269000e+03	3.195998e+06	1.269000e+03	3.192015e+06	1.269000e+03	3.202682e+06	1.269000e+03	3.182688e+06	1.269000e+03	3.184650e+06	1.269000e+03	3.188082e+06	1.269000e+03	3.187982e+06	1.269000e+03	3.187849e+06	1.269000e+03	3.188834e+06	1.269000e+03	3.187303e+06	1.269000e+03	3.191268e+06	1.269000e+03	3.184657e+06	1.269000e+03	3.189969e+06	1.269000e+03	3.190893e+06	1.269000e+03	3.197864e+06	1.269000e+03	3.175240e+06	1.269000e+03	3.194758e+06	1.269000e+03	3.193454e+06	1.269000e+03	3.193322e+06	1.269000e+03	3.191020e+06	1.269000e+03	3.192193e+06	1.269000e+03	3.189466e+06	1.269000e+03	3.190568e+06	1.269000e+03	3.194234e+06	1.269000e+03	3.181518e+06	1.269000e+03	3.188729e+06	1.269000e+03	3.191583e+06	1.269000e+03	3.178758e+06	1.269000e+03	3.195436e+06	1.269000e+03	3.194744e+06	1.269000e+03	3.187172e+06	1.269000e+03	3.184372e+06	1.269000e+03	3.195252e+06	1.269000e+03	3.192271e+06	1.269000e+03	3.187832e+06	1.269000e+03	3.190775e+06	1.269000e+03	3.183263e+06	1.269000e+03	3.181223e+06	1.269000e+03	3.202533e+06	1.269000e+03	3.192251e+06	1.269000e+03	3.192391e+06	1.269000e+03	3.186197e+06	1.269000e+03	3.203930e+06	1.269000e+03	3.185754e+06	1.269000e+03	3.185984e+06	1.269000e+03	3.179490e+06	1.269000e+03	3.186296e+06	1.269000e+03	3.192129e+06	1.269000e+03	3.187377e+06	1.269000e+03	3.196297e+06	1.269000e+03	3.197687e+06	1.269000e+03	3.190342e+06	1.269000e+03	3.198514e+06	1.269000e+03	3.184887e+06	1.269000e+03	3.185726e+06	1.269000e+03	3.184388e+06	1.269000e+03	3.193641e+06	1.269000e+03	3.178319e+06	1.269000e+03	3.185357e+06	1.269000e+03	3.185188e+06	1.269000e+03	3.197471e+06	1.269000e+03	3.186818e+06	1.269000e+03	3.191993e+06	1.269000e+03	3.180097e+06	1.269000e+03	3.195580e+06	1.269000e+03	3.189346e+06	1.269000e+03	3.195603e+06	1.269000e+03	3.198918e+06	1.269000e+03	3.197229e+06	1.269000e+03	3.200744e+06	1.269000e+03	3.198317e+06	1.269000e+03	3.204001e+06	1.269000e+03	3.197856e+06	1.269000e+03	3.208878e+06	1.269000e+03	3.198356e+06	1.269000e+03	3.200404e+06	1.269000e+03	3.204661e+06	1.269000e+03	3.196150e+06	1.269000e+03	3.198728e+06	1.269000e+03	3.201229e+06	1.269000e+03	3.204784e+06	1.269000e+03	3.200255e+06	1.269000e+03	3.199179e+06	1.269000e+03	3.210543e+06	1.269000e+03	3.203658e+06	1.269000e+03	3.207853e+06	1.269000e+03	3.207322e+06	1.269000e+03	3.212450e+06	1.269000e+03	3.198023e+06	1.269000e+03	3.215773e+06	1.269000e+03	3.211509e+06	1.269000e+03	3.208665e+06	1.269000e+03	3.207499e+06	1.269000e+03	3.202158e+06	1.269000e+03	3.206299e+06	1.269000e+03	3.210747e+06	1.269000e+03	3.208477e+06	1.269000e+03	3.205337e+06	1.269000e+03	3.212313e+06	1.269000e+03	3.210100e+06	1.269000e+03	3.208600e+06	1.269000e+03	3.212695e+06	1.269000e+03	3.210145e+06	1.269000e+03	3.215632e+06	1.269000e+03	3.216577e+06	1.269000e+03	3.210341e+06
1.270000e+03	3.110564e+06	1.270000e+03	3.128013e+06	1.270000e+03	3.138387e+06	1.270000e+03	3.119488e+06	1.270000e+03	3.129880e+06	1.270000e+03	3.129996e+06	1.270000e+03	3.139543e+06	1.270000e+03	3.144219e+06	1.270000e+03	3.152853e+06	1.270000e+03	3.150888e+06	1.270000e+03	3.174979e+06	1.270000e+03	3.169696e+06	1.270000e+03	3.174316e+06	1.270000e+03	3.178051e+06	1.270000e+03	3.170557e+06	1.270000e+03	3.150134e+06	1.270000e+03	3.152042e+06	1.270000e+03	3.156049e+06	1.270000e+03	3.156465e+06	1.270000e+03	3.164147e+06	1.270000e+03	3.142114e+06	1.270000e+03	3.158215e+06	1.270000e+03	3.154227e+06	1.270000e+03	3.169565e+06	1.270000e+03	3.161303e+06	1.270000e+03	3.166289e+06	1.270000e+03	3.168559e+06	1.270000e+03	3.147950e+06	1.270000e+03	3.171781e+06	1.270000e+03	3.156909e+06	1.270000e+03	3.158976e+06	1.270000e+03	3.153736e+06	1.270000e+03	3.159614e+06	1.270000e+03	3.158672e+06	1.270000e+03	3.156839e+06	1.270000e+03	3.163578e+06	1.270000e+03	3.169149e+06	1.270000e+03	3.149632e+06	1.270000e+03	3.168420e+06	1.270000e+03	3.169491e+06	1.270000e+03	3.151260e+06	1.270000e+03	3.162091e+06	1.270000e+03	3.153315e+06	1.270000e+03	3.157881e+06	1.270000e+03	3.161084e+06	1.270000e+03	3.152278e+06	1.270000e+03	3.154594e+06	1.270000e+03	3.157773e+06	1.270000e+03	3.156654e+06	1.270000e+03	3.163394e+06	1.270000e+03	3.165985e+06	1.270000e+03	3.168856e+06	1.270000e+03	3.177122e+06	1.270000e+03	3.163367e+06	1.270000e+03	3.170387e+06	1.270000e+03	3.171990e+06	1.270000e+03	3.170734e+06	1.270000e+03	3.173490e+06	1.270000e+03	3.178869e+06	1.270000e+03	3.168813e+06	1.270000e+03	3.162121e+06	1.270000e+03	3.170387e+06	1.270000e+03	3.176799e+06	1.270000e+03	3.181716e+06	1.270000e+03	3.161572e+06	1.270000e+03	3.169305e+06	1.270000e+03	3.158507e+06	1.270000e+03	3.167811e+06	1.270000e+03	3.170805e+06	1.270000e+03	3.171317e+06	1.270000e+03	3.166131e+06	1.270000e+03	3.167168e+06	1.270000e+03	3.169779e+06	1.270000e+03	3.180885e+06	1.270000e+03	3.176239e+06	1.270000e+03	3.176506e+06	1.270000e+03	3.174091e+06	1.270000e+03	3.180140e+06	1.270000e+03	3.187495e+06	1.270000e+03	3.183249e+06	1.270000e+03	3.188322e+06	1.270000e+03	3.182349e+06	1.270000e+03	3.177890e+06	1.270000e+03	3.157478e+06	1.270000e+03	3.185426e+06	1.270000e+03	3.178968e+06	1.270000e+03	3.182322e+06	1.270000e+03	3.187661e+06	1.270000e+03	3.180863e+06	1.270000e+03	3.188796e+06	1.270000e+03	3.183923e+06	1.270000e+03	3.185079e+06	1.270000e+03	3.176185e+06	1.270000e+03	3.177656e+06	1.270000e+03	3.187310e+06	1.270000e+03	3.185227e+06	1.270000e+03	3.190030e+06	1.270000e+03	3.180547e+06	1.270000e+03	3.172223e+06	1.270000e+03	3.191200e+06	1.270000e+03	3.191733e+06	1.270000e+03	3.195049e+06	1.270000e+03	3.195602e+06	1.270000e+03	3.191878e+06	1.270000e+03	3.201043e+06	1.270000e+03	3.184238e+06	1.270000e+03	3.186301e+06	1.270000e+03	3.186904e+06	1.270000e+03	3.188745e+06	1.270000e+03	3.186319e+06	1.270000e+03	3.188730e+06	1.270000e+03	3.183082e+06	1.270000e+03	3.190472e+06	1.270000e+03	3.185195e+06	1.270000e+03	3.189917e+06	1.270000e+03	3.189435e+06	1.270000e+03	3.189035e+06	1.270000e+03	3.181206e+06	1.270000e+03	3.194331e+06	1.270000e+03	3.191432e+06	1.270000e+03	3.193772e+06	1.270000e+03	3.191184e+06	1.270000e+03	3.190212e+06	1.270000e+03	3.185906e+06	1.270000e+03	3.194481e+06	1.270000e+03	3.193337e+06	1.270000e+03	3.182160e+06	1.270000e+03	3.190509e+06	1.270000e+03	3.190618e+06	1.270000e+03	3.183066e+06	1.270000e+03	3.196170e+06	1.270000e+03	3.195245e+06	1.270000e+03	3.188109e+06	1.270000e+03	3.187157e+06	1.270000e+03	3.198195e+06	1.270000e+03	3.193684e+06	1.270000e+03	3.192073e+06	1.270000e+03	3.191151e+06	1.270000e+03	3.186667e+06	1.270000e+03	3.183074e+06	1.270000e+03	3.199847e+06	1.270000e+03	3.191923e+06	1.270000e+03	3.196591e+06	1.270000e+03	3.185627e+06	1.270000e+03	3.199127e+06	1.270000e+03	3.185938e+06	1.270000e+03	3.179307e+06	1.270000e+03	3.178203e+06	1.270000e+03	3.186402e+06	1.270000e+03	3.192609e+06	1.270000e+03	3.189919e+06	1.270000e+03	3.197096e+06	1.270000e+03	3.190608e+06	1.270000e+03	3.188380e+06	1.270000e+03	3.198011e+06	1.270000e+03	3.183958e+06	1.270000e+03	3.187147e+06	1.270000e+03	3.190887e+06	1.270000e+03	3.190006e+06	1.270000e+03	3.179105e+06	1.270000e+03	3.180551e+06	1.270000e+03	3.184175e+06	1.270000e+03	3.197615e+06	1.270000e+03	3.190161e+06	1.270000e+03	3.192377e+06	1.270000e+03	3.178931e+06	1.270000e+03	3.192710e+06	1.270000e+03	3.192814e+06	1.270000e+03	3.196084e+06	1.270000e+03	3.196141e+06	1.270000e+03	3.196289e+06	1.270000e+03	3.199434e+06	1.270000e+03	3.198504e+06	1.270000e+03	3.205546e+06	1.270000e+03	3.197976e+06	1.270000e+03	3.206603e+06	1.270000e+03	3.198593e+06	1.270000e+03	3.204798e+06	1.270000e+03	3.205561e+06	1.270000e+03	3.198838e+06	1.270000e+03	3.203785e+06	1.270000e+03	3.198681e+06	1.270000e+03	3.197160e+06	1.270000e+03	3.205657e+06	1.270000e+03	3.200697e+06	1.270000e+03	3.206994e+06	1.270000e+03	3.199687e+06	1.270000e+03	3.206828e+06	1.270000e+03	3.209002e+06	1.270000e+03	3.208610e+06	1.270000e+03	3.197707e+06	1.270000e+03	3.211715e+06	1.270000e+03	3.208247e+06	1.270000e+03	3.206461e+06	1.270000e+03	3.203153e+06	1.270000e+03	3.202421e+06	1.270000e+03	3.207697e+06	1.270000e+03	3.208641e+06	1.270000e+03	3.208092e+06	1.270000e+03	3.207267e+06	1.270000e+03	3.210723e+06	1.270000e+03	3.210026e+06	1.270000e+03	3.212721e+06	1.270000e+03	3.210433e+06	1.270000e+03	3.212620e+06	1.270000e+03	3.216890e+06	1.270000e+03	3.214740e+06	1.270000e+03	3.210398e+06
1.271000e+03	3.116901e+06	1.271000e+03	3.129736e+06	1.271000e+03	3.137806e+06	1.271000e+03	3.118762e+06	1.271000e+03	3.128640e+06	1.271000e+03	3.134117e+06	1.271000e+03	3.137572e+06	1.271000e+03	3.142456e+06	1.271000e+03	3.145404e+06	1.271000e+03	3.150549e+06	1.271000e+03	3.177462e+06	1.271000e+03	3.169983e+06	1.271000e+03	3.173624e+06	1.271000e+03	3.176456e+06	1.271000e+03	3.172351e+06	1.271000e+03	3.148915e+06	1.271000e+03	3.152017e+06	1.271000e+03	3.159551e+06	1.271000e+03	3.156362e+06	1.271000e+03	3.164649e+06	1.271000e+03	3.140832e+06	1.271000e+03	3.157839e+06	1.271000e+03	3.157396e+06	1.271000e+03	3.169102e+06	1.271000e+03	3.162273e+06	1.271000e+03	3.168455e+06	1.271000e+03	3.168844e+06	1.271000e+03	3.147249e+06	1.271000e+03	3.174855e+06	1.271000e+03	3.156175e+06	1.271000e+03	3.154761e+06	1.271000e+03	3.148944e+06	1.271000e+03	3.161884e+06	1.271000e+03	3.159536e+06	1.271000e+03	3.159774e+06	1.271000e+03	3.168106e+06	1.271000e+03	3.170249e+06	1.271000e+03	3.153470e+06	1.271000e+03	3.169295e+06	1.271000e+03	3.167721e+06	1.271000e+03	3.158089e+06	1.271000e+03	3.164242e+06	1.271000e+03	3.152289e+06	1.271000e+03	3.155895e+06	1.271000e+03	3.158686e+06	1.271000e+03	3.152708e+06	1.271000e+03	3.152490e+06	1.271000e+03	3.151727e+06	1.271000e+03	3.154584e+06	1.271000e+03	3.165446e+06	1.271000e+03	3.168539e+06	1.271000e+03	3.171562e+06	1.271000e+03	3.174251e+06	1.271000e+03	3.163817e+06	1.271000e+03	3.169067e+06	1.271000e+03	3.170463e+06	1.271000e+03	3.170962e+06	1.271000e+03	3.174544e+06	1.271000e+03	3.183742e+06	1.271000e+03	3.166537e+06	1.271000e+03	3.161571e+06	1.271000e+03	3.166208e+06	1.271000e+03	3.175061e+06	1.271000e+03	3.175476e+06	1.271000e+03	3.162729e+06	1.271000e+03	3.167264e+06	1.271000e+03	3.161449e+06	1.271000e+03	3.168566e+06	1.271000e+03	3.170818e+06	1.271000e+03	3.170642e+06	1.271000e+03	3.168600e+06	1.271000e+03	3.169982e+06	1.271000e+03	3.170378e+06	1.271000e+03	3.181046e+06	1.271000e+03	3.169085e+06	1.271000e+03	3.177919e+06	1.271000e+03	3.175144e+06	1.271000e+03	3.182352e+06	1.271000e+03	3.187496e+06	1.271000e+03	3.186141e+06	1.271000e+03	3.189244e+06	1.271000e+03	3.178868e+06	1.271000e+03	3.177498e+06	1.271000e+03	3.157525e+06	1.271000e+03	3.182507e+06	1.271000e+03	3.179007e+06	1.271000e+03	3.181289e+06	1.271000e+03	3.189712e+06	1.271000e+03	3.179572e+06	1.271000e+03	3.181659e+06	1.271000e+03	3.186617e+06	1.271000e+03	3.185522e+06	1.271000e+03	3.176200e+06	1.271000e+03	3.178487e+06	1.271000e+03	3.184865e+06	1.271000e+03	3.180714e+06	1.271000e+03	3.183995e+06	1.271000e+03	3.180366e+06	1.271000e+03	3.174315e+06	1.271000e+03	3.189472e+06	1.271000e+03	3.189205e+06	1.271000e+03	3.197896e+06	1.271000e+03	3.196402e+06	1.271000e+03	3.191617e+06	1.271000e+03	3.201372e+06	1.271000e+03	3.187909e+06	1.271000e+03	3.186616e+06	1.271000e+03	3.186268e+06	1.271000e+03	3.188004e+06	1.271000e+03	3.186236e+06	1.271000e+03	3.187685e+06	1.271000e+03	3.184100e+06	1.271000e+03	3.193092e+06	1.271000e+03	3.182558e+06	1.271000e+03	3.191353e+06	1.271000e+03	3.190850e+06	1.271000e+03	3.191948e+06	1.271000e+03	3.183169e+06	1.271000e+03	3.187360e+06	1.271000e+03	3.189267e+06	1.271000e+03	3.193109e+06	1.271000e+03	3.193708e+06	1.271000e+03	3.191863e+06	1.271000e+03	3.184861e+06	1.271000e+03	3.192929e+06	1.271000e+03	3.194005e+06	1.271000e+03	3.182584e+06	1.271000e+03	3.186617e+06	1.271000e+03	3.189940e+06	1.271000e+03	3.181773e+06	1.271000e+03	3.189549e+06	1.271000e+03	3.191856e+06	1.271000e+03	3.187775e+06	1.271000e+03	3.183044e+06	1.271000e+03	3.201738e+06	1.271000e+03	3.192868e+06	1.271000e+03	3.191012e+06	1.271000e+03	3.187451e+06	1.271000e+03	3.188019e+06	1.271000e+03	3.185926e+06	1.271000e+03	3.193747e+06	1.271000e+03	3.188552e+06	1.271000e+03	3.193974e+06	1.271000e+03	3.188825e+06	1.271000e+03	3.200385e+06	1.271000e+03	3.184233e+06	1.271000e+03	3.183194e+06	1.271000e+03	3.178498e+06	1.271000e+03	3.184686e+06	1.271000e+03	3.190301e+06	1.271000e+03	3.194460e+06	1.271000e+03	3.190868e+06	1.271000e+03	3.190043e+06	1.271000e+03	3.189879e+06	1.271000e+03	3.198710e+06	1.271000e+03	3.186672e+06	1.271000e+03	3.187427e+06	1.271000e+03	3.191852e+06	1.271000e+03	3.188088e+06	1.271000e+03	3.179401e+06	1.271000e+03	3.185022e+06	1.271000e+03	3.183775e+06	1.271000e+03	3.194094e+06	1.271000e+03	3.190474e+06	1.271000e+03	3.191884e+06	1.271000e+03	3.180661e+06	1.271000e+03	3.195334e+06	1.271000e+03	3.195918e+06	1.271000e+03	3.197236e+06	1.271000e+03	3.194215e+06	1.271000e+03	3.196518e+06	1.271000e+03	3.197909e+06	1.271000e+03	3.193876e+06	1.271000e+03	3.207256e+06	1.271000e+03	3.196314e+06	1.271000e+03	3.205125e+06	1.271000e+03	3.198795e+06	1.271000e+03	3.198686e+06	1.271000e+03	3.204647e+06	1.271000e+03	3.201262e+06	1.271000e+03	3.205803e+06	1.271000e+03	3.201061e+06	1.271000e+03	3.197793e+06	1.271000e+03	3.203559e+06	1.271000e+03	3.202659e+06	1.271000e+03	3.202993e+06	1.271000e+03	3.199576e+06	1.271000e+03	3.201492e+06	1.271000e+03	3.207934e+06	1.271000e+03	3.212728e+06	1.271000e+03	3.201446e+06	1.271000e+03	3.208610e+06	1.271000e+03	3.209334e+06	1.271000e+03	3.206213e+06	1.271000e+03	3.200124e+06	1.271000e+03	3.204712e+06	1.271000e+03	3.207066e+06	1.271000e+03	3.211970e+06	1.271000e+03	3.206092e+06	1.271000e+03	3.206598e+06	1.271000e+03	3.210164e+06	1.271000e+03	3.208606e+06	1.271000e+03	3.208649e+06	1.271000e+03	3.211615e+06	1.271000e+03	3.212454e+06	1.271000e+03	3.214250e+06	1.271000e+03	3.218757e+06	1.271000e+03	3.212148e+06
1.272000e+03	3.113627e+06	1.272000e+03	3.127580e+06	1.272000e+03	3.134036e+06	1.272000e+03	3.119983e+06	1.272000e+03	3.129773e+06	1.272000e+03	3.134659e+06	1.272000e+03	3.137507e+06	1.272000e+03	3.137517e+06	1.272000e+03	3.147920e+06	1.272000e+03	3.146698e+06	1.272000e+03	3.168971e+06	1.272000e+03	3.169977e+06	1.272000e+03	3.172616e+06	1.272000e+03	3.174010e+06	1.272000e+03	3.169791e+06	1.272000e+03	3.150519e+06	1.272000e+03	3.153945e+06	1.272000e+03	3.160408e+06	1.272000e+03	3.155730e+06	1.272000e+03	3.161717e+06	1.272000e+03	3.141333e+06	1.272000e+03	3.156339e+06	1.272000e+03	3.155265e+06	1.272000e+03	3.168691e+06	1.272000e+03	3.165315e+06	1.272000e+03	3.165419e+06	1.272000e+03	3.168704e+06	1.272000e+03	3.144227e+06	1.272000e+03	3.183574e+06	1.272000e+03	3.154972e+06	1.272000e+03	3.158389e+06	1.272000e+03	3.145366e+06	1.272000e+03	3.157847e+06	1.272000e+03	3.160407e+06	1.272000e+03	3.163109e+06	1.272000e+03	3.170202e+06	1.272000e+03	3.165695e+06	1.272000e+03	3.152608e+06	1.272000e+03	3.169153e+06	1.272000e+03	3.165358e+06	1.272000e+03	3.164988e+06	1.272000e+03	3.164390e+06	1.272000e+03	3.152824e+06	1.272000e+03	3.160738e+06	1.272000e+03	3.154616e+06	1.272000e+03	3.153568e+06	1.272000e+03	3.153259e+06	1.272000e+03	3.157144e+06	1.272000e+03	3.155147e+06	1.272000e+03	3.164144e+06	1.272000e+03	3.168709e+06	1.272000e+03	3.170173e+06	1.272000e+03	3.172371e+06	1.272000e+03	3.163201e+06	1.272000e+03	3.171804e+06	1.272000e+03	3.163066e+06	1.272000e+03	3.171163e+06	1.272000e+03	3.170523e+06	1.272000e+03	3.181746e+06	1.272000e+03	3.169386e+06	1.272000e+03	3.159512e+06	1.272000e+03	3.167292e+06	1.272000e+03	3.178759e+06	1.272000e+03	3.176616e+06	1.272000e+03	3.162621e+06	1.272000e+03	3.167251e+06	1.272000e+03	3.159981e+06	1.272000e+03	3.172219e+06	1.272000e+03	3.171966e+06	1.272000e+03	3.171889e+06	1.272000e+03	3.168143e+06	1.272000e+03	3.172585e+06	1.272000e+03	3.175123e+06	1.272000e+03	3.177243e+06	1.272000e+03	3.174903e+06	1.272000e+03	3.175092e+06	1.272000e+03	3.172381e+06	1.272000e+03	3.183835e+06	1.272000e+03	3.188587e+06	1.272000e+03	3.183336e+06	1.272000e+03	3.186594e+06	1.272000e+03	3.179259e+06	1.272000e+03	3.175995e+06	1.272000e+03	3.160908e+06	1.272000e+03	3.180976e+06	1.272000e+03	3.178457e+06	1.272000e+03	3.181316e+06	1.272000e+03	3.188380e+06	1.272000e+03	3.183758e+06	1.272000e+03	3.180286e+06	1.272000e+03	3.186281e+06	1.272000e+03	3.185267e+06	1.272000e+03	3.174082e+06	1.272000e+03	3.180380e+06	1.272000e+03	3.187878e+06	1.272000e+03	3.185993e+06	1.272000e+03	3.183571e+06	1.272000e+03	3.175550e+06	1.272000e+03	3.176344e+06	1.272000e+03	3.192799e+06	1.272000e+03	3.190130e+06	1.272000e+03	3.198066e+06	1.272000e+03	3.193106e+06	1.272000e+03	3.196053e+06	1.272000e+03	3.196558e+06	1.272000e+03	3.189138e+06	1.272000e+03	3.183419e+06	1.272000e+03	3.187350e+06	1.272000e+03	3.184835e+06	1.272000e+03	3.187447e+06	1.272000e+03	3.185771e+06	1.272000e+03	3.182938e+06	1.272000e+03	3.196797e+06	1.272000e+03	3.185078e+06	1.272000e+03	3.194583e+06	1.272000e+03	3.190246e+06	1.272000e+03	3.190549e+06	1.272000e+03	3.181554e+06	1.272000e+03	3.190831e+06	1.272000e+03	3.189044e+06	1.272000e+03	3.196810e+06	1.272000e+03	3.192623e+06	1.272000e+03	3.192830e+06	1.272000e+03	3.187416e+06	1.272000e+03	3.187888e+06	1.272000e+03	3.195157e+06	1.272000e+03	3.178096e+06	1.272000e+03	3.184572e+06	1.272000e+03	3.186017e+06	1.272000e+03	3.178342e+06	1.272000e+03	3.189938e+06	1.272000e+03	3.187272e+06	1.272000e+03	3.183884e+06	1.272000e+03	3.183915e+06	1.272000e+03	3.197194e+06	1.272000e+03	3.192781e+06	1.272000e+03	3.190203e+06	1.272000e+03	3.190300e+06	1.272000e+03	3.186592e+06	1.272000e+03	3.185330e+06	1.272000e+03	3.194077e+06	1.272000e+03	3.190331e+06	1.272000e+03	3.194212e+06	1.272000e+03	3.187057e+06	1.272000e+03	3.198116e+06	1.272000e+03	3.186579e+06	1.272000e+03	3.187009e+06	1.272000e+03	3.177559e+06	1.272000e+03	3.184960e+06	1.272000e+03	3.194971e+06	1.272000e+03	3.195919e+06	1.272000e+03	3.192712e+06	1.272000e+03	3.192056e+06	1.272000e+03	3.190123e+06	1.272000e+03	3.198800e+06	1.272000e+03	3.187758e+06	1.272000e+03	3.186368e+06	1.272000e+03	3.187894e+06	1.272000e+03	3.182948e+06	1.272000e+03	3.179373e+06	1.272000e+03	3.182935e+06	1.272000e+03	3.182582e+06	1.272000e+03	3.190802e+06	1.272000e+03	3.188012e+06	1.272000e+03	3.194229e+06	1.272000e+03	3.181500e+06	1.272000e+03	3.192630e+06	1.272000e+03	3.198541e+06	1.272000e+03	3.193838e+06	1.272000e+03	3.197637e+06	1.272000e+03	3.198898e+06	1.272000e+03	3.196049e+06	1.272000e+03	3.197609e+06	1.272000e+03	3.203033e+06	1.272000e+03	3.202550e+06	1.272000e+03	3.203950e+06	1.272000e+03	3.201275e+06	1.272000e+03	3.200111e+06	1.272000e+03	3.208019e+06	1.272000e+03	3.200033e+06	1.272000e+03	3.202387e+06	1.272000e+03	3.201648e+06	1.272000e+03	3.198135e+06	1.272000e+03	3.204617e+06	1.272000e+03	3.202037e+06	1.272000e+03	3.203952e+06	1.272000e+03	3.199346e+06	1.272000e+03	3.204062e+06	1.272000e+03	3.202451e+06	1.272000e+03	3.212046e+06	1.272000e+03	3.199674e+06	1.272000e+03	3.210620e+06	1.272000e+03	3.208827e+06	1.272000e+03	3.206769e+06	1.272000e+03	3.198417e+06	1.272000e+03	3.206473e+06	1.272000e+03	3.207112e+06	1.272000e+03	3.213447e+06	1.272000e+03	3.205944e+06	1.272000e+03	3.212018e+06	1.272000e+03	3.209333e+06	1.272000e+03	3.208076e+06	1.272000e+03	3.210131e+06	1.272000e+03	3.209472e+06	1.272000e+03	3.211516e+06	1.272000e+03	3.216290e+06	1.272000e+03	3.214290e+06	1.272000e+03	3.210288e+06
1.273000e+03	3.114704e+06	1.273000e+03	3.126119e+06	1.273000e+03	3.134400e+06	1.273000e+03	3.122182e+06	1.273000e+03	3.130442e+06	1.273000e+03	3.133441e+06	1.273000e+03	3.134137e+06	1.273000e+03	3.140250e+06	1.273000e+03	3.147812e+06	1.273000e+03	3.149094e+06	1.273000e+03	3.163819e+06	1.273000e+03	3.169058e+06	1.273000e+03	3.173145e+06	1.273000e+03	3.178307e+06	1.273000e+03	3.168760e+06	1.273000e+03	3.153396e+06	1.273000e+03	3.150873e+06	1.273000e+03	3.161172e+06	1.273000e+03	3.159044e+06	1.273000e+03	3.163010e+06	1.273000e+03	3.146040e+06	1.273000e+03	3.158460e+06	1.273000e+03	3.152368e+06	1.273000e+03	3.168834e+06	1.273000e+03	3.163515e+06	1.273000e+03	3.163164e+06	1.273000e+03	3.165736e+06	1.273000e+03	3.141861e+06	1.273000e+03	3.181480e+06	1.273000e+03	3.151616e+06	1.273000e+03	3.160376e+06	1.273000e+03	3.148402e+06	1.273000e+03	3.162546e+06	1.273000e+03	3.154748e+06	1.273000e+03	3.161586e+06	1.273000e+03	3.168407e+06	1.273000e+03	3.171666e+06	1.273000e+03	3.150756e+06	1.273000e+03	3.168284e+06	1.273000e+03	3.163383e+06	1.273000e+03	3.160817e+06	1.273000e+03	3.161552e+06	1.273000e+03	3.154169e+06	1.273000e+03	3.158066e+06	1.273000e+03	3.156941e+06	1.273000e+03	3.151298e+06	1.273000e+03	3.157161e+06	1.273000e+03	3.158255e+06	1.273000e+03	3.158063e+06	1.273000e+03	3.162349e+06	1.273000e+03	3.167278e+06	1.273000e+03	3.175886e+06	1.273000e+03	3.173540e+06	1.273000e+03	3.168167e+06	1.273000e+03	3.170771e+06	1.273000e+03	3.166792e+06	1.273000e+03	3.172489e+06	1.273000e+03	3.167581e+06	1.273000e+03	3.182825e+06	1.273000e+03	3.172792e+06	1.273000e+03	3.160630e+06	1.273000e+03	3.165309e+06	1.273000e+03	3.175937e+06	1.273000e+03	3.169374e+06	1.273000e+03	3.162226e+06	1.273000e+03	3.168946e+06	1.273000e+03	3.163102e+06	1.273000e+03	3.169654e+06	1.273000e+03	3.172616e+06	1.273000e+03	3.173594e+06	1.273000e+03	3.175473e+06	1.273000e+03	3.168341e+06	1.273000e+03	3.178044e+06	1.273000e+03	3.178289e+06	1.273000e+03	3.171745e+06	1.273000e+03	3.173417e+06	1.273000e+03	3.175932e+06	1.273000e+03	3.182195e+06	1.273000e+03	3.186310e+06	1.273000e+03	3.181526e+06	1.273000e+03	3.187521e+06	1.273000e+03	3.180993e+06	1.273000e+03	3.175001e+06	1.273000e+03	3.162857e+06	1.273000e+03	3.174685e+06	1.273000e+03	3.178349e+06	1.273000e+03	3.181433e+06	1.273000e+03	3.186196e+06	1.273000e+03	3.186734e+06	1.273000e+03	3.184197e+06	1.273000e+03	3.181775e+06	1.273000e+03	3.180588e+06	1.273000e+03	3.176178e+06	1.273000e+03	3.179471e+06	1.273000e+03	3.184413e+06	1.273000e+03	3.187444e+06	1.273000e+03	3.184685e+06	1.273000e+03	3.177508e+06	1.273000e+03	3.174717e+06	1.273000e+03	3.191484e+06	1.273000e+03	3.191151e+06	1.273000e+03	3.204071e+06	1.273000e+03	3.195642e+06	1.273000e+03	3.198623e+06	1.273000e+03	3.199632e+06	1.273000e+03	3.190242e+06	1.273000e+03	3.185254e+06	1.273000e+03	3.192257e+06	1.273000e+03	3.186056e+06	1.273000e+03	3.189004e+06	1.273000e+03	3.186858e+06	1.273000e+03	3.183613e+06	1.273000e+03	3.197969e+06	1.273000e+03	3.185948e+06	1.273000e+03	3.197480e+06	1.273000e+03	3.192302e+06	1.273000e+03	3.189473e+06	1.273000e+03	3.182736e+06	1.273000e+03	3.190761e+06	1.273000e+03	3.189087e+06	1.273000e+03	3.192939e+06	1.273000e+03	3.196931e+06	1.273000e+03	3.190731e+06	1.273000e+03	3.189080e+06	1.273000e+03	3.190406e+06	1.273000e+03	3.192667e+06	1.273000e+03	3.180668e+06	1.273000e+03	3.182331e+06	1.273000e+03	3.188835e+06	1.273000e+03	3.182793e+06	1.273000e+03	3.195098e+06	1.273000e+03	3.188039e+06	1.273000e+03	3.185429e+06	1.273000e+03	3.183836e+06	1.273000e+03	3.195117e+06	1.273000e+03	3.189445e+06	1.273000e+03	3.190840e+06	1.273000e+03	3.185868e+06	1.273000e+03	3.181588e+06	1.273000e+03	3.181666e+06	1.273000e+03	3.194221e+06	1.273000e+03	3.187814e+06	1.273000e+03	3.192515e+06	1.273000e+03	3.188129e+06	1.273000e+03	3.199771e+06	1.273000e+03	3.184372e+06	1.273000e+03	3.184014e+06	1.273000e+03	3.177106e+06	1.273000e+03	3.184942e+06	1.273000e+03	3.191198e+06	1.273000e+03	3.194955e+06	1.273000e+03	3.200018e+06	1.273000e+03	3.192837e+06	1.273000e+03	3.191587e+06	1.273000e+03	3.196638e+06	1.273000e+03	3.187830e+06	1.273000e+03	3.184895e+06	1.273000e+03	3.184065e+06	1.273000e+03	3.184223e+06	1.273000e+03	3.176103e+06	1.273000e+03	3.183807e+06	1.273000e+03	3.183272e+06	1.273000e+03	3.190460e+06	1.273000e+03	3.189661e+06	1.273000e+03	3.197796e+06	1.273000e+03	3.179004e+06	1.273000e+03	3.197631e+06	1.273000e+03	3.195911e+06	1.273000e+03	3.197345e+06	1.273000e+03	3.197979e+06	1.273000e+03	3.195898e+06	1.273000e+03	3.194395e+06	1.273000e+03	3.202054e+06	1.273000e+03	3.203835e+06	1.273000e+03	3.204482e+06	1.273000e+03	3.205223e+06	1.273000e+03	3.201761e+06	1.273000e+03	3.204343e+06	1.273000e+03	3.207220e+06	1.273000e+03	3.197377e+06	1.273000e+03	3.201873e+06	1.273000e+03	3.191811e+06	1.273000e+03	3.201181e+06	1.273000e+03	3.204715e+06	1.273000e+03	3.203815e+06	1.273000e+03	3.201981e+06	1.273000e+03	3.207347e+06	1.273000e+03	3.202663e+06	1.273000e+03	3.205999e+06	1.273000e+03	3.213005e+06	1.273000e+03	3.199679e+06	1.273000e+03	3.212266e+06	1.273000e+03	3.212838e+06	1.273000e+03	3.205644e+06	1.273000e+03	3.200705e+06	1.273000e+03	3.205353e+06	1.273000e+03	3.203421e+06	1.273000e+03	3.212437e+06	1.273000e+03	3.208264e+06	1.273000e+03	3.209790e+06	1.273000e+03	3.208671e+06	1.273000e+03	3.209508e+06	1.273000e+03	3.212881e+06	1.273000e+03	3.213694e+06	1.273000e+03	3.210924e+06	1.273000e+03	3.211947e+06	1.273000e+03	3.213520e+06	1.273000e+03	3.213426e+06
1.274000e+03	3.117750e+06	1.274000e+03	3.127941e+06	1.274000e+03	3.131748e+06	1.274000e+03	3.115976e+06	1.274000e+03	3.130333e+06	1.274000e+03	3.137313e+06	1.274000e+03	3.134846e+06	1.274000e+03	3.135596e+06	1.274000e+03	3.143656e+06	1.274000e+03	3.152938e+06	1.274000e+03	3.154217e+06	1.274000e+03	3.171183e+06	1.274000e+03	3.171428e+06	1.274000e+03	3.177068e+06	1.274000e+03	3.169414e+06	1.274000e+03	3.147152e+06	1.274000e+03	3.149789e+06	1.274000e+03	3.162671e+06	1.274000e+03	3.155653e+06	1.274000e+03	3.165195e+06	1.274000e+03	3.145326e+06	1.274000e+03	3.157978e+06	1.274000e+03	3.154701e+06	1.274000e+03	3.165704e+06	1.274000e+03	3.160778e+06	1.274000e+03	3.165931e+06	1.274000e+03	3.165747e+06	1.274000e+03	3.147724e+06	1.274000e+03	3.174588e+06	1.274000e+03	3.156998e+06	1.274000e+03	3.157905e+06	1.274000e+03	3.148656e+06	1.274000e+03	3.166327e+06	1.274000e+03	3.152738e+06	1.274000e+03	3.157923e+06	1.274000e+03	3.167588e+06	1.274000e+03	3.174696e+06	1.274000e+03	3.155154e+06	1.274000e+03	3.165804e+06	1.274000e+03	3.168759e+06	1.274000e+03	3.160834e+06	1.274000e+03	3.159396e+06	1.274000e+03	3.156275e+06	1.274000e+03	3.159719e+06	1.274000e+03	3.152922e+06	1.274000e+03	3.152712e+06	1.274000e+03	3.153314e+06	1.274000e+03	3.160303e+06	1.274000e+03	3.163214e+06	1.274000e+03	3.163652e+06	1.274000e+03	3.170882e+06	1.274000e+03	3.171086e+06	1.274000e+03	3.171721e+06	1.274000e+03	3.166593e+06	1.274000e+03	3.173208e+06	1.274000e+03	3.165152e+06	1.274000e+03	3.166348e+06	1.274000e+03	3.168550e+06	1.274000e+03	3.179730e+06	1.274000e+03	3.179322e+06	1.274000e+03	3.160979e+06	1.274000e+03	3.169390e+06	1.274000e+03	3.174110e+06	1.274000e+03	3.168883e+06	1.274000e+03	3.162389e+06	1.274000e+03	3.168327e+06	1.274000e+03	3.160623e+06	1.274000e+03	3.170614e+06	1.274000e+03	3.168074e+06	1.274000e+03	3.170217e+06	1.274000e+03	3.180069e+06	1.274000e+03	3.172668e+06	1.274000e+03	3.178016e+06	1.274000e+03	3.177672e+06	1.274000e+03	3.173535e+06	1.274000e+03	3.171550e+06	1.274000e+03	3.176208e+06	1.274000e+03	3.187010e+06	1.274000e+03	3.188352e+06	1.274000e+03	3.181883e+06	1.274000e+03	3.189839e+06	1.274000e+03	3.181689e+06	1.274000e+03	3.178220e+06	1.274000e+03	3.163262e+06	1.274000e+03	3.178503e+06	1.274000e+03	3.178938e+06	1.274000e+03	3.178919e+06	1.274000e+03	3.184727e+06	1.274000e+03	3.185264e+06	1.274000e+03	3.183313e+06	1.274000e+03	3.183694e+06	1.274000e+03	3.184960e+06	1.274000e+03	3.174188e+06	1.274000e+03	3.178563e+06	1.274000e+03	3.181454e+06	1.274000e+03	3.190210e+06	1.274000e+03	3.181470e+06	1.274000e+03	3.179312e+06	1.274000e+03	3.176164e+06	1.274000e+03	3.192994e+06	1.274000e+03	3.190804e+06	1.274000e+03	3.200274e+06	1.274000e+03	3.192012e+06	1.274000e+03	3.192733e+06	1.274000e+03	3.197929e+06	1.274000e+03	3.193221e+06	1.274000e+03	3.183660e+06	1.274000e+03	3.190317e+06	1.274000e+03	3.191556e+06	1.274000e+03	3.191198e+06	1.274000e+03	3.186529e+06	1.274000e+03	3.185363e+06	1.274000e+03	3.195557e+06	1.274000e+03	3.186398e+06	1.274000e+03	3.191128e+06	1.274000e+03	3.194112e+06	1.274000e+03	3.190336e+06	1.274000e+03	3.182548e+06	1.274000e+03	3.189057e+06	1.274000e+03	3.185938e+06	1.274000e+03	3.188094e+06	1.274000e+03	3.190193e+06	1.274000e+03	3.190098e+06	1.274000e+03	3.189388e+06	1.274000e+03	3.187279e+06	1.274000e+03	3.190975e+06	1.274000e+03	3.184441e+06	1.274000e+03	3.190906e+06	1.274000e+03	3.190538e+06	1.274000e+03	3.184057e+06	1.274000e+03	3.190424e+06	1.274000e+03	3.187213e+06	1.274000e+03	3.185657e+06	1.274000e+03	3.182044e+06	1.274000e+03	3.195877e+06	1.274000e+03	3.189993e+06	1.274000e+03	3.191107e+06	1.274000e+03	3.184488e+06	1.274000e+03	3.184165e+06	1.274000e+03	3.183331e+06	1.274000e+03	3.190833e+06	1.274000e+03	3.184853e+06	1.274000e+03	3.193058e+06	1.274000e+03	3.193112e+06	1.274000e+03	3.196087e+06	1.274000e+03	3.192317e+06	1.274000e+03	3.188242e+06	1.274000e+03	3.181827e+06	1.274000e+03	3.182973e+06	1.274000e+03	3.186690e+06	1.274000e+03	3.190141e+06	1.274000e+03	3.202745e+06	1.274000e+03	3.197910e+06	1.274000e+03	3.193241e+06	1.274000e+03	3.198770e+06	1.274000e+03	3.185785e+06	1.274000e+03	3.187759e+06	1.274000e+03	3.183491e+06	1.274000e+03	3.185376e+06	1.274000e+03	3.176357e+06	1.274000e+03	3.183999e+06	1.274000e+03	3.184713e+06	1.274000e+03	3.191993e+06	1.274000e+03	3.186447e+06	1.274000e+03	3.193704e+06	1.274000e+03	3.181084e+06	1.274000e+03	3.194279e+06	1.274000e+03	3.197907e+06	1.274000e+03	3.196429e+06	1.274000e+03	3.199580e+06	1.274000e+03	3.196137e+06	1.274000e+03	3.195391e+06	1.274000e+03	3.200586e+06	1.274000e+03	3.203367e+06	1.274000e+03	3.199772e+06	1.274000e+03	3.203738e+06	1.274000e+03	3.202339e+06	1.274000e+03	3.200813e+06	1.274000e+03	3.204428e+06	1.274000e+03	3.201719e+06	1.274000e+03	3.200591e+06	1.274000e+03	3.188211e+06	1.274000e+03	3.200524e+06	1.274000e+03	3.202706e+06	1.274000e+03	3.203897e+06	1.274000e+03	3.203275e+06	1.274000e+03	3.206777e+06	1.274000e+03	3.205082e+06	1.274000e+03	3.206602e+06	1.274000e+03	3.212941e+06	1.274000e+03	3.200422e+06	1.274000e+03	3.210892e+06	1.274000e+03	3.220290e+06	1.274000e+03	3.210556e+06	1.274000e+03	3.202795e+06	1.274000e+03	3.208327e+06	1.274000e+03	3.204358e+06	1.274000e+03	3.210306e+06	1.274000e+03	3.206064e+06	1.274000e+03	3.208472e+06	1.274000e+03	3.210269e+06	1.274000e+03	3.212284e+06	1.274000e+03	3.211524e+06	1.274000e+03	3.208808e+06	1.274000e+03	3.211329e+06	1.274000e+03	3.211768e+06	1.274000e+03	3.215947e+06	1.274000e+03	3.212329e+06
1.275000e+03	3.114466e+06	1.275000e+03	3.123540e+06	1.275000e+03	3.134456e+06	1.275000e+03	3.116537e+06	1.275000e+03	3.127782e+06	1.275000e+03	3.135831e+06	1.275000e+03	3.135185e+06	1.275000e+03	3.136929e+06	1.275000e+03	3.145579e+06	1.275000e+03	3.150863e+06	1.275000e+03	3.159465e+06	1.275000e+03	3.171957e+06	1.275000e+03	3.169555e+06	1.275000e+03	3.177906e+06	1.275000e+03	3.169619e+06	1.275000e+03	3.151254e+06	1.275000e+03	3.147605e+06	1.275000e+03	3.161685e+06	1.275000e+03	3.157686e+06	1.275000e+03	3.164251e+06	1.275000e+03	3.145995e+06	1.275000e+03	3.157276e+06	1.275000e+03	3.150457e+06	1.275000e+03	3.168596e+06	1.275000e+03	3.155320e+06	1.275000e+03	3.165429e+06	1.275000e+03	3.165698e+06	1.275000e+03	3.147755e+06	1.275000e+03	3.180172e+06	1.275000e+03	3.153624e+06	1.275000e+03	3.154525e+06	1.275000e+03	3.146182e+06	1.275000e+03	3.167308e+06	1.275000e+03	3.151075e+06	1.275000e+03	3.166245e+06	1.275000e+03	3.171587e+06	1.275000e+03	3.174576e+06	1.275000e+03	3.154021e+06	1.275000e+03	3.176434e+06	1.275000e+03	3.166047e+06	1.275000e+03	3.155831e+06	1.275000e+03	3.163134e+06	1.275000e+03	3.156636e+06	1.275000e+03	3.156341e+06	1.275000e+03	3.159321e+06	1.275000e+03	3.155351e+06	1.275000e+03	3.160070e+06	1.275000e+03	3.158774e+06	1.275000e+03	3.160396e+06	1.275000e+03	3.168160e+06	1.275000e+03	3.167925e+06	1.275000e+03	3.172309e+06	1.275000e+03	3.170567e+06	1.275000e+03	3.165509e+06	1.275000e+03	3.169904e+06	1.275000e+03	3.166256e+06	1.275000e+03	3.168122e+06	1.275000e+03	3.166935e+06	1.275000e+03	3.181963e+06	1.275000e+03	3.177151e+06	1.275000e+03	3.157950e+06	1.275000e+03	3.167620e+06	1.275000e+03	3.178837e+06	1.275000e+03	3.171283e+06	1.275000e+03	3.162681e+06	1.275000e+03	3.163437e+06	1.275000e+03	3.162500e+06	1.275000e+03	3.168895e+06	1.275000e+03	3.171895e+06	1.275000e+03	3.171125e+06	1.275000e+03	3.178311e+06	1.275000e+03	3.171242e+06	1.275000e+03	3.176295e+06	1.275000e+03	3.176490e+06	1.275000e+03	3.175169e+06	1.275000e+03	3.168066e+06	1.275000e+03	3.179733e+06	1.275000e+03	3.183840e+06	1.275000e+03	3.176706e+06	1.275000e+03	3.182629e+06	1.275000e+03	3.183967e+06	1.275000e+03	3.179086e+06	1.275000e+03	3.178966e+06	1.275000e+03	3.162293e+06	1.275000e+03	3.178149e+06	1.275000e+03	3.176512e+06	1.275000e+03	3.181331e+06	1.275000e+03	3.185556e+06	1.275000e+03	3.187557e+06	1.275000e+03	3.178903e+06	1.275000e+03	3.184743e+06	1.275000e+03	3.186176e+06	1.275000e+03	3.170946e+06	1.275000e+03	3.178032e+06	1.275000e+03	3.181933e+06	1.275000e+03	3.190637e+06	1.275000e+03	3.180150e+06	1.275000e+03	3.175862e+06	1.275000e+03	3.177196e+06	1.275000e+03	3.191486e+06	1.275000e+03	3.190293e+06	1.275000e+03	3.200853e+06	1.275000e+03	3.193260e+06	1.275000e+03	3.193160e+06	1.275000e+03	3.195059e+06	1.275000e+03	3.190114e+06	1.275000e+03	3.182133e+06	1.275000e+03	3.190653e+06	1.275000e+03	3.192618e+06	1.275000e+03	3.186023e+06	1.275000e+03	3.183628e+06	1.275000e+03	3.185775e+06	1.275000e+03	3.194350e+06	1.275000e+03	3.190877e+06	1.275000e+03	3.193687e+06	1.275000e+03	3.191628e+06	1.275000e+03	3.189524e+06	1.275000e+03	3.180278e+06	1.275000e+03	3.188116e+06	1.275000e+03	3.185433e+06	1.275000e+03	3.187513e+06	1.275000e+03	3.193140e+06	1.275000e+03	3.194021e+06	1.275000e+03	3.193795e+06	1.275000e+03	3.190342e+06	1.275000e+03	3.189772e+06	1.275000e+03	3.180246e+06	1.275000e+03	3.194335e+06	1.275000e+03	3.191358e+06	1.275000e+03	3.186190e+06	1.275000e+03	3.190578e+06	1.275000e+03	3.186071e+06	1.275000e+03	3.185706e+06	1.275000e+03	3.184586e+06	1.275000e+03	3.196207e+06	1.275000e+03	3.192768e+06	1.275000e+03	3.195175e+06	1.275000e+03	3.187304e+06	1.275000e+03	3.185281e+06	1.275000e+03	3.185051e+06	1.275000e+03	3.193008e+06	1.275000e+03	3.188889e+06	1.275000e+03	3.191262e+06	1.275000e+03	3.188581e+06	1.275000e+03	3.196931e+06	1.275000e+03	3.187829e+06	1.275000e+03	3.186844e+06	1.275000e+03	3.183325e+06	1.275000e+03	3.179220e+06	1.275000e+03	3.188080e+06	1.275000e+03	3.188741e+06	1.275000e+03	3.199886e+06	1.275000e+03	3.201901e+06	1.275000e+03	3.195972e+06	1.275000e+03	3.196714e+06	1.275000e+03	3.186053e+06	1.275000e+03	3.183635e+06	1.275000e+03	3.183875e+06	1.275000e+03	3.186185e+06	1.275000e+03	3.181188e+06	1.275000e+03	3.188450e+06	1.275000e+03	3.187466e+06	1.275000e+03	3.193327e+06	1.275000e+03	3.189213e+06	1.275000e+03	3.193739e+06	1.275000e+03	3.180171e+06	1.275000e+03	3.190437e+06	1.275000e+03	3.198654e+06	1.275000e+03	3.197771e+06	1.275000e+03	3.196089e+06	1.275000e+03	3.196427e+06	1.275000e+03	3.193868e+06	1.275000e+03	3.199126e+06	1.275000e+03	3.203950e+06	1.275000e+03	3.203037e+06	1.275000e+03	3.211788e+06	1.275000e+03	3.196112e+06	1.275000e+03	3.199184e+06	1.275000e+03	3.203059e+06	1.275000e+03	3.198667e+06	1.275000e+03	3.200337e+06	1.275000e+03	3.191814e+06	1.275000e+03	3.200215e+06	1.275000e+03	3.199593e+06	1.275000e+03	3.198946e+06	1.275000e+03	3.203867e+06	1.275000e+03	3.197081e+06	1.275000e+03	3.201222e+06	1.275000e+03	3.207661e+06	1.275000e+03	3.213080e+06	1.275000e+03	3.205034e+06	1.275000e+03	3.207831e+06	1.275000e+03	3.214388e+06	1.275000e+03	3.214787e+06	1.275000e+03	3.203645e+06	1.275000e+03	3.208345e+06	1.275000e+03	3.206831e+06	1.275000e+03	3.212514e+06	1.275000e+03	3.207714e+06	1.275000e+03	3.209439e+06	1.275000e+03	3.208574e+06	1.275000e+03	3.211575e+06	1.275000e+03	3.214301e+06	1.275000e+03	3.211151e+06	1.275000e+03	3.208823e+06	1.275000e+03	3.209718e+06	1.275000e+03	3.214467e+06	1.275000e+03	3.213169e+06
1.276000e+03	3.119842e+06	1.276000e+03	3.123449e+06	1.276000e+03	3.132985e+06	1.276000e+03	3.116840e+06	1.276000e+03	3.128082e+06	1.276000e+03	3.133198e+06	1.276000e+03	3.135776e+06	1.276000e+03	3.138159e+06	1.276000e+03	3.143962e+06	1.276000e+03	3.149911e+06	1.276000e+03	3.158516e+06	1.276000e+03	3.173454e+06	1.276000e+03	3.169179e+06	1.276000e+03	3.179387e+06	1.276000e+03	3.172870e+06	1.276000e+03	3.147957e+06	1.276000e+03	3.151904e+06	1.276000e+03	3.159187e+06	1.276000e+03	3.157646e+06	1.276000e+03	3.169492e+06	1.276000e+03	3.147679e+06	1.276000e+03	3.161400e+06	1.276000e+03	3.144691e+06	1.276000e+03	3.166256e+06	1.276000e+03	3.159207e+06	1.276000e+03	3.165759e+06	1.276000e+03	3.164328e+06	1.276000e+03	3.147476e+06	1.276000e+03	3.175276e+06	1.276000e+03	3.146723e+06	1.276000e+03	3.159429e+06	1.276000e+03	3.146040e+06	1.276000e+03	3.170100e+06	1.276000e+03	3.151158e+06	1.276000e+03	3.163335e+06	1.276000e+03	3.170007e+06	1.276000e+03	3.177636e+06	1.276000e+03	3.157714e+06	1.276000e+03	3.170863e+06	1.276000e+03	3.170729e+06	1.276000e+03	3.158778e+06	1.276000e+03	3.162960e+06	1.276000e+03	3.153885e+06	1.276000e+03	3.161441e+06	1.276000e+03	3.159837e+06	1.276000e+03	3.154731e+06	1.276000e+03	3.158308e+06	1.276000e+03	3.159428e+06	1.276000e+03	3.162834e+06	1.276000e+03	3.169786e+06	1.276000e+03	3.169327e+06	1.276000e+03	3.168784e+06	1.276000e+03	3.171764e+06	1.276000e+03	3.162736e+06	1.276000e+03	3.168634e+06	1.276000e+03	3.172242e+06	1.276000e+03	3.172181e+06	1.276000e+03	3.169053e+06	1.276000e+03	3.181162e+06	1.276000e+03	3.177085e+06	1.276000e+03	3.165017e+06	1.276000e+03	3.164108e+06	1.276000e+03	3.176387e+06	1.276000e+03	3.174819e+06	1.276000e+03	3.163512e+06	1.276000e+03	3.165196e+06	1.276000e+03	3.161380e+06	1.276000e+03	3.175392e+06	1.276000e+03	3.175040e+06	1.276000e+03	3.170137e+06	1.276000e+03	3.169826e+06	1.276000e+03	3.166868e+06	1.276000e+03	3.176223e+06	1.276000e+03	3.175494e+06	1.276000e+03	3.175270e+06	1.276000e+03	3.171664e+06	1.276000e+03	3.180916e+06	1.276000e+03	3.184183e+06	1.276000e+03	3.178083e+06	1.276000e+03	3.179809e+06	1.276000e+03	3.185093e+06	1.276000e+03	3.179291e+06	1.276000e+03	3.178662e+06	1.276000e+03	3.161773e+06	1.276000e+03	3.180618e+06	1.276000e+03	3.176272e+06	1.276000e+03	3.183865e+06	1.276000e+03	3.185969e+06	1.276000e+03	3.184725e+06	1.276000e+03	3.185739e+06	1.276000e+03	3.186560e+06	1.276000e+03	3.183125e+06	1.276000e+03	3.173837e+06	1.276000e+03	3.183795e+06	1.276000e+03	3.180135e+06	1.276000e+03	3.191214e+06	1.276000e+03	3.180715e+06	1.276000e+03	3.173405e+06	1.276000e+03	3.176593e+06	1.276000e+03	3.187991e+06	1.276000e+03	3.189931e+06	1.276000e+03	3.197055e+06	1.276000e+03	3.197131e+06	1.276000e+03	3.191561e+06	1.276000e+03	3.191310e+06	1.276000e+03	3.189416e+06	1.276000e+03	3.185464e+06	1.276000e+03	3.191012e+06	1.276000e+03	3.185748e+06	1.276000e+03	3.187540e+06	1.276000e+03	3.186450e+06	1.276000e+03	3.179957e+06	1.276000e+03	3.195681e+06	1.276000e+03	3.191521e+06	1.276000e+03	3.192784e+06	1.276000e+03	3.190828e+06	1.276000e+03	3.190866e+06	1.276000e+03	3.185352e+06	1.276000e+03	3.185806e+06	1.276000e+03	3.186643e+06	1.276000e+03	3.189811e+06	1.276000e+03	3.188668e+06	1.276000e+03	3.193108e+06	1.276000e+03	3.192664e+06	1.276000e+03	3.187863e+06	1.276000e+03	3.194033e+06	1.276000e+03	3.179921e+06	1.276000e+03	3.194692e+06	1.276000e+03	3.186842e+06	1.276000e+03	3.183950e+06	1.276000e+03	3.191152e+06	1.276000e+03	3.194128e+06	1.276000e+03	3.186274e+06	1.276000e+03	3.186991e+06	1.276000e+03	3.195844e+06	1.276000e+03	3.193652e+06	1.276000e+03	3.195198e+06	1.276000e+03	3.185488e+06	1.276000e+03	3.185487e+06	1.276000e+03	3.186147e+06	1.276000e+03	3.187395e+06	1.276000e+03	3.187416e+06	1.276000e+03	3.193972e+06	1.276000e+03	3.189597e+06	1.276000e+03	3.198527e+06	1.276000e+03	3.182532e+06	1.276000e+03	3.191477e+06	1.276000e+03	3.184102e+06	1.276000e+03	3.181181e+06	1.276000e+03	3.194073e+06	1.276000e+03	3.191364e+06	1.276000e+03	3.199660e+06	1.276000e+03	3.202749e+06	1.276000e+03	3.195210e+06	1.276000e+03	3.197576e+06	1.276000e+03	3.189347e+06	1.276000e+03	3.182913e+06	1.276000e+03	3.185106e+06	1.276000e+03	3.184447e+06	1.276000e+03	3.177414e+06	1.276000e+03	3.184729e+06	1.276000e+03	3.185812e+06	1.276000e+03	3.191716e+06	1.276000e+03	3.189832e+06	1.276000e+03	3.195104e+06	1.276000e+03	3.181059e+06	1.276000e+03	3.192654e+06	1.276000e+03	3.193952e+06	1.276000e+03	3.194275e+06	1.276000e+03	3.199916e+06	1.276000e+03	3.198992e+06	1.276000e+03	3.190535e+06	1.276000e+03	3.193896e+06	1.276000e+03	3.201333e+06	1.276000e+03	3.200992e+06	1.276000e+03	3.211141e+06	1.276000e+03	3.195219e+06	1.276000e+03	3.197876e+06	1.276000e+03	3.205407e+06	1.276000e+03	3.198910e+06	1.276000e+03	3.198399e+06	1.276000e+03	3.195655e+06	1.276000e+03	3.201789e+06	1.276000e+03	3.204657e+06	1.276000e+03	3.199363e+06	1.276000e+03	3.203359e+06	1.276000e+03	3.198892e+06	1.276000e+03	3.203382e+06	1.276000e+03	3.205268e+06	1.276000e+03	3.212139e+06	1.276000e+03	3.202624e+06	1.276000e+03	3.213740e+06	1.276000e+03	3.209921e+06	1.276000e+03	3.210567e+06	1.276000e+03	3.201748e+06	1.276000e+03	3.208290e+06	1.276000e+03	3.202886e+06	1.276000e+03	3.210152e+06	1.276000e+03	3.202613e+06	1.276000e+03	3.211804e+06	1.276000e+03	3.210388e+06	1.276000e+03	3.210611e+06	1.276000e+03	3.218123e+06	1.276000e+03	3.212532e+06	1.276000e+03	3.210307e+06	1.276000e+03	3.213772e+06	1.276000e+03	3.217013e+06	1.276000e+03	3.215128e+06
1.277000e+03	3.118615e+06	1.277000e+03	3.124630e+06	1.277000e+03	3.136093e+06	1.277000e+03	3.122988e+06	1.277000e+03	3.127212e+06	1.277000e+03	3.137452e+06	1.277000e+03	3.132040e+06	1.277000e+03	3.134169e+06	1.277000e+03	3.150434e+06	1.277000e+03	3.154359e+06	1.277000e+03	3.159013e+06	1.277000e+03	3.174486e+06	1.277000e+03	3.166866e+06	1.277000e+03	3.180482e+06	1.277000e+03	3.171951e+06	1.277000e+03	3.152629e+06	1.277000e+03	3.155164e+06	1.277000e+03	3.163167e+06	1.277000e+03	3.163116e+06	1.277000e+03	3.173548e+06	1.277000e+03	3.143973e+06	1.277000e+03	3.159334e+06	1.277000e+03	3.148243e+06	1.277000e+03	3.162745e+06	1.277000e+03	3.158185e+06	1.277000e+03	3.167512e+06	1.277000e+03	3.163189e+06	1.277000e+03	3.148882e+06	1.277000e+03	3.175655e+06	1.277000e+03	3.151892e+06	1.277000e+03	3.162417e+06	1.277000e+03	3.149409e+06	1.277000e+03	3.165264e+06	1.277000e+03	3.150090e+06	1.277000e+03	3.161592e+06	1.277000e+03	3.169181e+06	1.277000e+03	3.172114e+06	1.277000e+03	3.159844e+06	1.277000e+03	3.172760e+06	1.277000e+03	3.170985e+06	1.277000e+03	3.158220e+06	1.277000e+03	3.161959e+06	1.277000e+03	3.153770e+06	1.277000e+03	3.155395e+06	1.277000e+03	3.158250e+06	1.277000e+03	3.155090e+06	1.277000e+03	3.159079e+06	1.277000e+03	3.160361e+06	1.277000e+03	3.164120e+06	1.277000e+03	3.167363e+06	1.277000e+03	3.168308e+06	1.277000e+03	3.169064e+06	1.277000e+03	3.169658e+06	1.277000e+03	3.161414e+06	1.277000e+03	3.168174e+06	1.277000e+03	3.169247e+06	1.277000e+03	3.174645e+06	1.277000e+03	3.166774e+06	1.277000e+03	3.174755e+06	1.277000e+03	3.177388e+06	1.277000e+03	3.164723e+06	1.277000e+03	3.167913e+06	1.277000e+03	3.175601e+06	1.277000e+03	3.176551e+06	1.277000e+03	3.164925e+06	1.277000e+03	3.164668e+06	1.277000e+03	3.162688e+06	1.277000e+03	3.171029e+06	1.277000e+03	3.171110e+06	1.277000e+03	3.172000e+06	1.277000e+03	3.170356e+06	1.277000e+03	3.172359e+06	1.277000e+03	3.179310e+06	1.277000e+03	3.173142e+06	1.277000e+03	3.176952e+06	1.277000e+03	3.172394e+06	1.277000e+03	3.177750e+06	1.277000e+03	3.180244e+06	1.277000e+03	3.179261e+06	1.277000e+03	3.182347e+06	1.277000e+03	3.186310e+06	1.277000e+03	3.177781e+06	1.277000e+03	3.173816e+06	1.277000e+03	3.160847e+06	1.277000e+03	3.182524e+06	1.277000e+03	3.175764e+06	1.277000e+03	3.188334e+06	1.277000e+03	3.185169e+06	1.277000e+03	3.184772e+06	1.277000e+03	3.183543e+06	1.277000e+03	3.185225e+06	1.277000e+03	3.182016e+06	1.277000e+03	3.174750e+06	1.277000e+03	3.179522e+06	1.277000e+03	3.180950e+06	1.277000e+03	3.190412e+06	1.277000e+03	3.185466e+06	1.277000e+03	3.175259e+06	1.277000e+03	3.176284e+06	1.277000e+03	3.187733e+06	1.277000e+03	3.192849e+06	1.277000e+03	3.196224e+06	1.277000e+03	3.197893e+06	1.277000e+03	3.189391e+06	1.277000e+03	3.196454e+06	1.277000e+03	3.187251e+06	1.277000e+03	3.185391e+06	1.277000e+03	3.189543e+06	1.277000e+03	3.183585e+06	1.277000e+03	3.187031e+06	1.277000e+03	3.185973e+06	1.277000e+03	3.179154e+06	1.277000e+03	3.197592e+06	1.277000e+03	3.189571e+06	1.277000e+03	3.191519e+06	1.277000e+03	3.189060e+06	1.277000e+03	3.187435e+06	1.277000e+03	3.177870e+06	1.277000e+03	3.189251e+06	1.277000e+03	3.190177e+06	1.277000e+03	3.193627e+06	1.277000e+03	3.189603e+06	1.277000e+03	3.189365e+06	1.277000e+03	3.193694e+06	1.277000e+03	3.187036e+06	1.277000e+03	3.192726e+06	1.277000e+03	3.182081e+06	1.277000e+03	3.191458e+06	1.277000e+03	3.187028e+06	1.277000e+03	3.189998e+06	1.277000e+03	3.190424e+06	1.277000e+03	3.196814e+06	1.277000e+03	3.188800e+06	1.277000e+03	3.187991e+06	1.277000e+03	3.199529e+06	1.277000e+03	3.191353e+06	1.277000e+03	3.188182e+06	1.277000e+03	3.184382e+06	1.277000e+03	3.184193e+06	1.277000e+03	3.185095e+06	1.277000e+03	3.188081e+06	1.277000e+03	3.191102e+06	1.277000e+03	3.190749e+06	1.277000e+03	3.191017e+06	1.277000e+03	3.197971e+06	1.277000e+03	3.185614e+06	1.277000e+03	3.188205e+06	1.277000e+03	3.182737e+06	1.277000e+03	3.178878e+06	1.277000e+03	3.191735e+06	1.277000e+03	3.192094e+06	1.277000e+03	3.196549e+06	1.277000e+03	3.200245e+06	1.277000e+03	3.191125e+06	1.277000e+03	3.197594e+06	1.277000e+03	3.189021e+06	1.277000e+03	3.187211e+06	1.277000e+03	3.189911e+06	1.277000e+03	3.186544e+06	1.277000e+03	3.175666e+06	1.277000e+03	3.187045e+06	1.277000e+03	3.189963e+06	1.277000e+03	3.191703e+06	1.277000e+03	3.191187e+06	1.277000e+03	3.193923e+06	1.277000e+03	3.183216e+06	1.277000e+03	3.193188e+06	1.277000e+03	3.196438e+06	1.277000e+03	3.192506e+06	1.277000e+03	3.201478e+06	1.277000e+03	3.196665e+06	1.277000e+03	3.191072e+06	1.277000e+03	3.195608e+06	1.277000e+03	3.202490e+06	1.277000e+03	3.202023e+06	1.277000e+03	3.206215e+06	1.277000e+03	3.197316e+06	1.277000e+03	3.203627e+06	1.277000e+03	3.203813e+06	1.277000e+03	3.199535e+06	1.277000e+03	3.202147e+06	1.277000e+03	3.195688e+06	1.277000e+03	3.205474e+06	1.277000e+03	3.203990e+06	1.277000e+03	3.201764e+06	1.277000e+03	3.200031e+06	1.277000e+03	3.196353e+06	1.277000e+03	3.202306e+06	1.277000e+03	3.208925e+06	1.277000e+03	3.208426e+06	1.277000e+03	3.201492e+06	1.277000e+03	3.208238e+06	1.277000e+03	3.212160e+06	1.277000e+03	3.213148e+06	1.277000e+03	3.203053e+06	1.277000e+03	3.206624e+06	1.277000e+03	3.203971e+06	1.277000e+03	3.213054e+06	1.277000e+03	3.204774e+06	1.277000e+03	3.216059e+06	1.277000e+03	3.205543e+06	1.277000e+03	3.214888e+06	1.277000e+03	3.218009e+06	1.277000e+03	3.214267e+06	1.277000e+03	3.211480e+06	1.277000e+03	3.211958e+06	1.277000e+03	3.217753e+06	1.277000e+03	3.212836e+06
1.278000e+03	3.123720e+06	1.278000e+03	3.123378e+06	1.278000e+03	3.129892e+06	1.278000e+03	3.124728e+06	1.278000e+03	3.129654e+06	1.278000e+03	3.136223e+06	1.278000e+03	3.132532e+06	1.278000e+03	3.131934e+06	1.278000e+03	3.147876e+06	1.278000e+03	3.151191e+06	1.278000e+03	3.154032e+06	1.278000e+03	3.169977e+06	1.278000e+03	3.165276e+06	1.278000e+03	3.177060e+06	1.278000e+03	3.168187e+06	1.278000e+03	3.147146e+06	1.278000e+03	3.156267e+06	1.278000e+03	3.163758e+06	1.278000e+03	3.158220e+06	1.278000e+03	3.168894e+06	1.278000e+03	3.148233e+06	1.278000e+03	3.155135e+06	1.278000e+03	3.153395e+06	1.278000e+03	3.160930e+06	1.278000e+03	3.157841e+06	1.278000e+03	3.166633e+06	1.278000e+03	3.161973e+06	1.278000e+03	3.147830e+06	1.278000e+03	3.182859e+06	1.278000e+03	3.152980e+06	1.278000e+03	3.158323e+06	1.278000e+03	3.146241e+06	1.278000e+03	3.163770e+06	1.278000e+03	3.154765e+06	1.278000e+03	3.160347e+06	1.278000e+03	3.170888e+06	1.278000e+03	3.176402e+06	1.278000e+03	3.155628e+06	1.278000e+03	3.170624e+06	1.278000e+03	3.166983e+06	1.278000e+03	3.160943e+06	1.278000e+03	3.163584e+06	1.278000e+03	3.161290e+06	1.278000e+03	3.159580e+06	1.278000e+03	3.156518e+06	1.278000e+03	3.153725e+06	1.278000e+03	3.160364e+06	1.278000e+03	3.158142e+06	1.278000e+03	3.166988e+06	1.278000e+03	3.165776e+06	1.278000e+03	3.163677e+06	1.278000e+03	3.168457e+06	1.278000e+03	3.172457e+06	1.278000e+03	3.164774e+06	1.278000e+03	3.170602e+06	1.278000e+03	3.168786e+06	1.278000e+03	3.171485e+06	1.278000e+03	3.165661e+06	1.278000e+03	3.177405e+06	1.278000e+03	3.180313e+06	1.278000e+03	3.167282e+06	1.278000e+03	3.165782e+06	1.278000e+03	3.176146e+06	1.278000e+03	3.173216e+06	1.278000e+03	3.164087e+06	1.278000e+03	3.166494e+06	1.278000e+03	3.163832e+06	1.278000e+03	3.171491e+06	1.278000e+03	3.172893e+06	1.278000e+03	3.169190e+06	1.278000e+03	3.169846e+06	1.278000e+03	3.175798e+06	1.278000e+03	3.180311e+06	1.278000e+03	3.173975e+06	1.278000e+03	3.172696e+06	1.278000e+03	3.173774e+06	1.278000e+03	3.179399e+06	1.278000e+03	3.182701e+06	1.278000e+03	3.180956e+06	1.278000e+03	3.187270e+06	1.278000e+03	3.185655e+06	1.278000e+03	3.176972e+06	1.278000e+03	3.177286e+06	1.278000e+03	3.163970e+06	1.278000e+03	3.178716e+06	1.278000e+03	3.177957e+06	1.278000e+03	3.190019e+06	1.278000e+03	3.190632e+06	1.278000e+03	3.189929e+06	1.278000e+03	3.188951e+06	1.278000e+03	3.185283e+06	1.278000e+03	3.180543e+06	1.278000e+03	3.176547e+06	1.278000e+03	3.178047e+06	1.278000e+03	3.183392e+06	1.278000e+03	3.189977e+06	1.278000e+03	3.186409e+06	1.278000e+03	3.176089e+06	1.278000e+03	3.173543e+06	1.278000e+03	3.186896e+06	1.278000e+03	3.196023e+06	1.278000e+03	3.199020e+06	1.278000e+03	3.196024e+06	1.278000e+03	3.188681e+06	1.278000e+03	3.193870e+06	1.278000e+03	3.184973e+06	1.278000e+03	3.184577e+06	1.278000e+03	3.194253e+06	1.278000e+03	3.187524e+06	1.278000e+03	3.186428e+06	1.278000e+03	3.186716e+06	1.278000e+03	3.178404e+06	1.278000e+03	3.195476e+06	1.278000e+03	3.187183e+06	1.278000e+03	3.193656e+06	1.278000e+03	3.191993e+06	1.278000e+03	3.189341e+06	1.278000e+03	3.176571e+06	1.278000e+03	3.187122e+06	1.278000e+03	3.191714e+06	1.278000e+03	3.194711e+06	1.278000e+03	3.192606e+06	1.278000e+03	3.186372e+06	1.278000e+03	3.195264e+06	1.278000e+03	3.185171e+06	1.278000e+03	3.193519e+06	1.278000e+03	3.177489e+06	1.278000e+03	3.190494e+06	1.278000e+03	3.190879e+06	1.278000e+03	3.196200e+06	1.278000e+03	3.187695e+06	1.278000e+03	3.189872e+06	1.278000e+03	3.183359e+06	1.278000e+03	3.184757e+06	1.278000e+03	3.200052e+06	1.278000e+03	3.187510e+06	1.278000e+03	3.190731e+06	1.278000e+03	3.186649e+06	1.278000e+03	3.182293e+06	1.278000e+03	3.185150e+06	1.278000e+03	3.190686e+06	1.278000e+03	3.188047e+06	1.278000e+03	3.195114e+06	1.278000e+03	3.188470e+06	1.278000e+03	3.192247e+06	1.278000e+03	3.185247e+06	1.278000e+03	3.185152e+06	1.278000e+03	3.181460e+06	1.278000e+03	3.181779e+06	1.278000e+03	3.190988e+06	1.278000e+03	3.189943e+06	1.278000e+03	3.199186e+06	1.278000e+03	3.199385e+06	1.278000e+03	3.193428e+06	1.278000e+03	3.195262e+06	1.278000e+03	3.186913e+06	1.278000e+03	3.183800e+06	1.278000e+03	3.189239e+06	1.278000e+03	3.183962e+06	1.278000e+03	3.180840e+06	1.278000e+03	3.188319e+06	1.278000e+03	3.184828e+06	1.278000e+03	3.188050e+06	1.278000e+03	3.189671e+06	1.278000e+03	3.193916e+06	1.278000e+03	3.182457e+06	1.278000e+03	3.189368e+06	1.278000e+03	3.199210e+06	1.278000e+03	3.195875e+06	1.278000e+03	3.201882e+06	1.278000e+03	3.196539e+06	1.278000e+03	3.192732e+06	1.278000e+03	3.198866e+06	1.278000e+03	3.199432e+06	1.278000e+03	3.201622e+06	1.278000e+03	3.204938e+06	1.278000e+03	3.201565e+06	1.278000e+03	3.200987e+06	1.278000e+03	3.206837e+06	1.278000e+03	3.197674e+06	1.278000e+03	3.199625e+06	1.278000e+03	3.191609e+06	1.278000e+03	3.201700e+06	1.278000e+03	3.201506e+06	1.278000e+03	3.202172e+06	1.278000e+03	3.199574e+06	1.278000e+03	3.199914e+06	1.278000e+03	3.203702e+06	1.278000e+03	3.210013e+06	1.278000e+03	3.200627e+06	1.278000e+03	3.203414e+06	1.278000e+03	3.213110e+06	1.278000e+03	3.206751e+06	1.278000e+03	3.214622e+06	1.278000e+03	3.200795e+06	1.278000e+03	3.209748e+06	1.278000e+03	3.201018e+06	1.278000e+03	3.212781e+06	1.278000e+03	3.204671e+06	1.278000e+03	3.214903e+06	1.278000e+03	3.203595e+06	1.278000e+03	3.218488e+06	1.278000e+03	3.217267e+06	1.278000e+03	3.217006e+06	1.278000e+03	3.205655e+06	1.278000e+03	3.209992e+06	1.278000e+03	3.216518e+06	1.278000e+03	3.215031e+06
1.279000e+03	3.118945e+06	1.279000e+03	3.125321e+06	1.279000e+03	3.128657e+06	1.279000e+03	3.125827e+06	1.279000e+03	3.131150e+06	1.279000e+03	3.137337e+06	1.279000e+03	3.135487e+06	1.279000e+03	3.132727e+06	1.279000e+03	3.149927e+06	1.279000e+03	3.153173e+06	1.279000e+03	3.154083e+06	1.279000e+03	3.173647e+06	1.279000e+03	3.166647e+06	1.279000e+03	3.180586e+06	1.279000e+03	3.172245e+06	1.279000e+03	3.147701e+06	1.279000e+03	3.154857e+06	1.279000e+03	3.162483e+06	1.279000e+03	3.156905e+06	1.279000e+03	3.170302e+06	1.279000e+03	3.147653e+06	1.279000e+03	3.157067e+06	1.279000e+03	3.150727e+06	1.279000e+03	3.162974e+06	1.279000e+03	3.157097e+06	1.279000e+03	3.164212e+06	1.279000e+03	3.161343e+06	1.279000e+03	3.148803e+06	1.279000e+03	3.179484e+06	1.279000e+03	3.153781e+06	1.279000e+03	3.161617e+06	1.279000e+03	3.151364e+06	1.279000e+03	3.164001e+06	1.279000e+03	3.153006e+06	1.279000e+03	3.157863e+06	1.279000e+03	3.169390e+06	1.279000e+03	3.176717e+06	1.279000e+03	3.157603e+06	1.279000e+03	3.171171e+06	1.279000e+03	3.164882e+06	1.279000e+03	3.161487e+06	1.279000e+03	3.164217e+06	1.279000e+03	3.158830e+06	1.279000e+03	3.159121e+06	1.279000e+03	3.162355e+06	1.279000e+03	3.154078e+06	1.279000e+03	3.160450e+06	1.279000e+03	3.157935e+06	1.279000e+03	3.167171e+06	1.279000e+03	3.165762e+06	1.279000e+03	3.166159e+06	1.279000e+03	3.171474e+06	1.279000e+03	3.169374e+06	1.279000e+03	3.164954e+06	1.279000e+03	3.171039e+06	1.279000e+03	3.163809e+06	1.279000e+03	3.170090e+06	1.279000e+03	3.167874e+06	1.279000e+03	3.174141e+06	1.279000e+03	3.182950e+06	1.279000e+03	3.163407e+06	1.279000e+03	3.164709e+06	1.279000e+03	3.175556e+06	1.279000e+03	3.172535e+06	1.279000e+03	3.170242e+06	1.279000e+03	3.169560e+06	1.279000e+03	3.163620e+06	1.279000e+03	3.171432e+06	1.279000e+03	3.169156e+06	1.279000e+03	3.173904e+06	1.279000e+03	3.171298e+06	1.279000e+03	3.169434e+06	1.279000e+03	3.180573e+06	1.279000e+03	3.173770e+06	1.279000e+03	3.171026e+06	1.279000e+03	3.172856e+06	1.279000e+03	3.175823e+06	1.279000e+03	3.180232e+06	1.279000e+03	3.179457e+06	1.279000e+03	3.184191e+06	1.279000e+03	3.182188e+06	1.279000e+03	3.179527e+06	1.279000e+03	3.178248e+06	1.279000e+03	3.164268e+06	1.279000e+03	3.179416e+06	1.279000e+03	3.178579e+06	1.279000e+03	3.185373e+06	1.279000e+03	3.185270e+06	1.279000e+03	3.187721e+06	1.279000e+03	3.189187e+06	1.279000e+03	3.186827e+06	1.279000e+03	3.179952e+06	1.279000e+03	3.175572e+06	1.279000e+03	3.179151e+06	1.279000e+03	3.180343e+06	1.279000e+03	3.186105e+06	1.279000e+03	3.184113e+06	1.279000e+03	3.177785e+06	1.279000e+03	3.175386e+06	1.279000e+03	3.186978e+06	1.279000e+03	3.192903e+06	1.279000e+03	3.199874e+06	1.279000e+03	3.196891e+06	1.279000e+03	3.191541e+06	1.279000e+03	3.205203e+06	1.279000e+03	3.185442e+06	1.279000e+03	3.185649e+06	1.279000e+03	3.191546e+06	1.279000e+03	3.186912e+06	1.279000e+03	3.179209e+06	1.279000e+03	3.189137e+06	1.279000e+03	3.179560e+06	1.279000e+03	3.197794e+06	1.279000e+03	3.187074e+06	1.279000e+03	3.195231e+06	1.279000e+03	3.194963e+06	1.279000e+03	3.189067e+06	1.279000e+03	3.176443e+06	1.279000e+03	3.188440e+06	1.279000e+03	3.198180e+06	1.279000e+03	3.191156e+06	1.279000e+03	3.194265e+06	1.279000e+03	3.185023e+06	1.279000e+03	3.192567e+06	1.279000e+03	3.185780e+06	1.279000e+03	3.189202e+06	1.279000e+03	3.182253e+06	1.279000e+03	3.186849e+06	1.279000e+03	3.188013e+06	1.279000e+03	3.193786e+06	1.279000e+03	3.189640e+06	1.279000e+03	3.190410e+06	1.279000e+03	3.185313e+06	1.279000e+03	3.186952e+06	1.279000e+03	3.198951e+06	1.279000e+03	3.189600e+06	1.279000e+03	3.186002e+06	1.279000e+03	3.188332e+06	1.279000e+03	3.179068e+06	1.279000e+03	3.184151e+06	1.279000e+03	3.189660e+06	1.279000e+03	3.189755e+06	1.279000e+03	3.194659e+06	1.279000e+03	3.187842e+06	1.279000e+03	3.195346e+06	1.279000e+03	3.185128e+06	1.279000e+03	3.183996e+06	1.279000e+03	3.179551e+06	1.279000e+03	3.182585e+06	1.279000e+03	3.194642e+06	1.279000e+03	3.191420e+06	1.279000e+03	3.201408e+06	1.279000e+03	3.202869e+06	1.279000e+03	3.192217e+06	1.279000e+03	3.196979e+06	1.279000e+03	3.187576e+06	1.279000e+03	3.188462e+06	1.279000e+03	3.184026e+06	1.279000e+03	3.187633e+06	1.279000e+03	3.178804e+06	1.279000e+03	3.185718e+06	1.279000e+03	3.184700e+06	1.279000e+03	3.193419e+06	1.279000e+03	3.192205e+06	1.279000e+03	3.198073e+06	1.279000e+03	3.181028e+06	1.279000e+03	3.187110e+06	1.279000e+03	3.201178e+06	1.279000e+03	3.196064e+06	1.279000e+03	3.201123e+06	1.279000e+03	3.198290e+06	1.279000e+03	3.193600e+06	1.279000e+03	3.193743e+06	1.279000e+03	3.202300e+06	1.279000e+03	3.206116e+06	1.279000e+03	3.204125e+06	1.279000e+03	3.200034e+06	1.279000e+03	3.200542e+06	1.279000e+03	3.204968e+06	1.279000e+03	3.198904e+06	1.279000e+03	3.202638e+06	1.279000e+03	3.191440e+06	1.279000e+03	3.202378e+06	1.279000e+03	3.204162e+06	1.279000e+03	3.200660e+06	1.279000e+03	3.205494e+06	1.279000e+03	3.200982e+06	1.279000e+03	3.199864e+06	1.279000e+03	3.211032e+06	1.279000e+03	3.202163e+06	1.279000e+03	3.200091e+06	1.279000e+03	3.208167e+06	1.279000e+03	3.208552e+06	1.279000e+03	3.216192e+06	1.279000e+03	3.204142e+06	1.279000e+03	3.209835e+06	1.279000e+03	3.201169e+06	1.279000e+03	3.213593e+06	1.279000e+03	3.204443e+06	1.279000e+03	3.211877e+06	1.279000e+03	3.210857e+06	1.279000e+03	3.213854e+06	1.279000e+03	3.216027e+06	1.279000e+03	3.212116e+06	1.279000e+03	3.205498e+06	1.279000e+03	3.215101e+06	1.279000e+03	3.217159e+06	1.279000e+03	3.213621e+06
1.280000e+03	3.119866e+06	1.280000e+03	3.123156e+06	1.280000e+03	3.130274e+06	1.280000e+03	3.119992e+06	1.280000e+03	3.129336e+06	1.280000e+03	3.142599e+06	1.280000e+03	3.133698e+06	1.280000e+03	3.134761e+06	1.280000e+03	3.151164e+06	1.280000e+03	3.153228e+06	1.280000e+03	3.160415e+06	1.280000e+03	3.170905e+06	1.280000e+03	3.164409e+06	1.280000e+03	3.176337e+06	1.280000e+03	3.167376e+06	1.280000e+03	3.147300e+06	1.280000e+03	3.153249e+06	1.280000e+03	3.164883e+06	1.280000e+03	3.157602e+06	1.280000e+03	3.170172e+06	1.280000e+03	3.147302e+06	1.280000e+03	3.159025e+06	1.280000e+03	3.149269e+06	1.280000e+03	3.162597e+06	1.280000e+03	3.155642e+06	1.280000e+03	3.160464e+06	1.280000e+03	3.162673e+06	1.280000e+03	3.150600e+06	1.280000e+03	3.176911e+06	1.280000e+03	3.155430e+06	1.280000e+03	3.154543e+06	1.280000e+03	3.153622e+06	1.280000e+03	3.167824e+06	1.280000e+03	3.155637e+06	1.280000e+03	3.158003e+06	1.280000e+03	3.165490e+06	1.280000e+03	3.177305e+06	1.280000e+03	3.154722e+06	1.280000e+03	3.174239e+06	1.280000e+03	3.165511e+06	1.280000e+03	3.166956e+06	1.280000e+03	3.165021e+06	1.280000e+03	3.160670e+06	1.280000e+03	3.161302e+06	1.280000e+03	3.161914e+06	1.280000e+03	3.157111e+06	1.280000e+03	3.158967e+06	1.280000e+03	3.162860e+06	1.280000e+03	3.167329e+06	1.280000e+03	3.165654e+06	1.280000e+03	3.164765e+06	1.280000e+03	3.170044e+06	1.280000e+03	3.171296e+06	1.280000e+03	3.163131e+06	1.280000e+03	3.170152e+06	1.280000e+03	3.168974e+06	1.280000e+03	3.169844e+06	1.280000e+03	3.165428e+06	1.280000e+03	3.181716e+06	1.280000e+03	3.180306e+06	1.280000e+03	3.162281e+06	1.280000e+03	3.167701e+06	1.280000e+03	3.177562e+06	1.280000e+03	3.167031e+06	1.280000e+03	3.166951e+06	1.280000e+03	3.166598e+06	1.280000e+03	3.170368e+06	1.280000e+03	3.165351e+06	1.280000e+03	3.172373e+06	1.280000e+03	3.170872e+06	1.280000e+03	3.170605e+06	1.280000e+03	3.168557e+06	1.280000e+03	3.183350e+06	1.280000e+03	3.177606e+06	1.280000e+03	3.171800e+06	1.280000e+03	3.181340e+06	1.280000e+03	3.181811e+06	1.280000e+03	3.178860e+06	1.280000e+03	3.177986e+06	1.280000e+03	3.185827e+06	1.280000e+03	3.184769e+06	1.280000e+03	3.177382e+06	1.280000e+03	3.173582e+06	1.280000e+03	3.161811e+06	1.280000e+03	3.178351e+06	1.280000e+03	3.175710e+06	1.280000e+03	3.177195e+06	1.280000e+03	3.188346e+06	1.280000e+03	3.184140e+06	1.280000e+03	3.191723e+06	1.280000e+03	3.190782e+06	1.280000e+03	3.179211e+06	1.280000e+03	3.177366e+06	1.280000e+03	3.177035e+06	1.280000e+03	3.182604e+06	1.280000e+03	3.187310e+06	1.280000e+03	3.181892e+06	1.280000e+03	3.176132e+06	1.280000e+03	3.178897e+06	1.280000e+03	3.186042e+06	1.280000e+03	3.193400e+06	1.280000e+03	3.196574e+06	1.280000e+03	3.196311e+06	1.280000e+03	3.195435e+06	1.280000e+03	3.202914e+06	1.280000e+03	3.188813e+06	1.280000e+03	3.187945e+06	1.280000e+03	3.192961e+06	1.280000e+03	3.190165e+06	1.280000e+03	3.182530e+06	1.280000e+03	3.187955e+06	1.280000e+03	3.176999e+06	1.280000e+03	3.197061e+06	1.280000e+03	3.187731e+06	1.280000e+03	3.196372e+06	1.280000e+03	3.194569e+06	1.280000e+03	3.194232e+06	1.280000e+03	3.180442e+06	1.280000e+03	3.184887e+06	1.280000e+03	3.193119e+06	1.280000e+03	3.187164e+06	1.280000e+03	3.197434e+06	1.280000e+03	3.192432e+06	1.280000e+03	3.194907e+06	1.280000e+03	3.183852e+06	1.280000e+03	3.194697e+06	1.280000e+03	3.182274e+06	1.280000e+03	3.185331e+06	1.280000e+03	3.188170e+06	1.280000e+03	3.193481e+06	1.280000e+03	3.188442e+06	1.280000e+03	3.188005e+06	1.280000e+03	3.186255e+06	1.280000e+03	3.191248e+06	1.280000e+03	3.198677e+06	1.280000e+03	3.190655e+06	1.280000e+03	3.188062e+06	1.280000e+03	3.190440e+06	1.280000e+03	3.183195e+06	1.280000e+03	3.183772e+06	1.280000e+03	3.187766e+06	1.280000e+03	3.185888e+06	1.280000e+03	3.192591e+06	1.280000e+03	3.191418e+06	1.280000e+03	3.194122e+06	1.280000e+03	3.182962e+06	1.280000e+03	3.184939e+06	1.280000e+03	3.178850e+06	1.280000e+03	3.179626e+06	1.280000e+03	3.194235e+06	1.280000e+03	3.191958e+06	1.280000e+03	3.199761e+06	1.280000e+03	3.200096e+06	1.280000e+03	3.196581e+06	1.280000e+03	3.196116e+06	1.280000e+03	3.184016e+06	1.280000e+03	3.186426e+06	1.280000e+03	3.189409e+06	1.280000e+03	3.190393e+06	1.280000e+03	3.180989e+06	1.280000e+03	3.182642e+06	1.280000e+03	3.184284e+06	1.280000e+03	3.189414e+06	1.280000e+03	3.191102e+06	1.280000e+03	3.191771e+06	1.280000e+03	3.181968e+06	1.280000e+03	3.183851e+06	1.280000e+03	3.198273e+06	1.280000e+03	3.201394e+06	1.280000e+03	3.198553e+06	1.280000e+03	3.200724e+06	1.280000e+03	3.195354e+06	1.280000e+03	3.197323e+06	1.280000e+03	3.198615e+06	1.280000e+03	3.205648e+06	1.280000e+03	3.207761e+06	1.280000e+03	3.200109e+06	1.280000e+03	3.201441e+06	1.280000e+03	3.204940e+06	1.280000e+03	3.200008e+06	1.280000e+03	3.200079e+06	1.280000e+03	3.191813e+06	1.280000e+03	3.203304e+06	1.280000e+03	3.204261e+06	1.280000e+03	3.200964e+06	1.280000e+03	3.203741e+06	1.280000e+03	3.197277e+06	1.280000e+03	3.204148e+06	1.280000e+03	3.205514e+06	1.280000e+03	3.203276e+06	1.280000e+03	3.203735e+06	1.280000e+03	3.213325e+06	1.280000e+03	3.206727e+06	1.280000e+03	3.214287e+06	1.280000e+03	3.204283e+06	1.280000e+03	3.207263e+06	1.280000e+03	3.198866e+06	1.280000e+03	3.217501e+06	1.280000e+03	3.203620e+06	1.280000e+03	3.215319e+06	1.280000e+03	3.209867e+06	1.280000e+03	3.213199e+06	1.280000e+03	3.216263e+06	1.280000e+03	3.214243e+06	1.280000e+03	3.209844e+06	1.280000e+03	3.214722e+06	1.280000e+03	3.216170e+06	1.280000e+03	3.208268e+06
1.281000e+03	3.118168e+06	1.281000e+03	3.126699e+06	1.281000e+03	3.133759e+06	1.281000e+03	3.127237e+06	1.281000e+03	3.128887e+06	1.281000e+03	3.141644e+06	1.281000e+03	3.136525e+06	1.281000e+03	3.134735e+06	1.281000e+03	3.146489e+06	1.281000e+03	3.155430e+06	1.281000e+03	3.161926e+06	1.281000e+03	3.171034e+06	1.281000e+03	3.163481e+06	1.281000e+03	3.175713e+06	1.281000e+03	3.170834e+06	1.281000e+03	3.144931e+06	1.281000e+03	3.154959e+06	1.281000e+03	3.163591e+06	1.281000e+03	3.156891e+06	1.281000e+03	3.167980e+06	1.281000e+03	3.150093e+06	1.281000e+03	3.159338e+06	1.281000e+03	3.149995e+06	1.281000e+03	3.166871e+06	1.281000e+03	3.159816e+06	1.281000e+03	3.164076e+06	1.281000e+03	3.162378e+06	1.281000e+03	3.147275e+06	1.281000e+03	3.179756e+06	1.281000e+03	3.153946e+06	1.281000e+03	3.154813e+06	1.281000e+03	3.154225e+06	1.281000e+03	3.169683e+06	1.281000e+03	3.150507e+06	1.281000e+03	3.157559e+06	1.281000e+03	3.169007e+06	1.281000e+03	3.173177e+06	1.281000e+03	3.159166e+06	1.281000e+03	3.172389e+06	1.281000e+03	3.161042e+06	1.281000e+03	3.161642e+06	1.281000e+03	3.161998e+06	1.281000e+03	3.148754e+06	1.281000e+03	3.163869e+06	1.281000e+03	3.160912e+06	1.281000e+03	3.157546e+06	1.281000e+03	3.159922e+06	1.281000e+03	3.159396e+06	1.281000e+03	3.164740e+06	1.281000e+03	3.161762e+06	1.281000e+03	3.166175e+06	1.281000e+03	3.172140e+06	1.281000e+03	3.172187e+06	1.281000e+03	3.164146e+06	1.281000e+03	3.174291e+06	1.281000e+03	3.163637e+06	1.281000e+03	3.170390e+06	1.281000e+03	3.171213e+06	1.281000e+03	3.179280e+06	1.281000e+03	3.174091e+06	1.281000e+03	3.162182e+06	1.281000e+03	3.168368e+06	1.281000e+03	3.174509e+06	1.281000e+03	3.170373e+06	1.281000e+03	3.167944e+06	1.281000e+03	3.165250e+06	1.281000e+03	3.170101e+06	1.281000e+03	3.165712e+06	1.281000e+03	3.173756e+06	1.281000e+03	3.172368e+06	1.281000e+03	3.170970e+06	1.281000e+03	3.167837e+06	1.281000e+03	3.181966e+06	1.281000e+03	3.177162e+06	1.281000e+03	3.172362e+06	1.281000e+03	3.182322e+06	1.281000e+03	3.181080e+06	1.281000e+03	3.176001e+06	1.281000e+03	3.179346e+06	1.281000e+03	3.185873e+06	1.281000e+03	3.176955e+06	1.281000e+03	3.176285e+06	1.281000e+03	3.177247e+06	1.281000e+03	3.155139e+06	1.281000e+03	3.174889e+06	1.281000e+03	3.176215e+06	1.281000e+03	3.178591e+06	1.281000e+03	3.190959e+06	1.281000e+03	3.185541e+06	1.281000e+03	3.186555e+06	1.281000e+03	3.187547e+06	1.281000e+03	3.180347e+06	1.281000e+03	3.178079e+06	1.281000e+03	3.176052e+06	1.281000e+03	3.184331e+06	1.281000e+03	3.185821e+06	1.281000e+03	3.184548e+06	1.281000e+03	3.180107e+06	1.281000e+03	3.177097e+06	1.281000e+03	3.188006e+06	1.281000e+03	3.189808e+06	1.281000e+03	3.198121e+06	1.281000e+03	3.194467e+06	1.281000e+03	3.193331e+06	1.281000e+03	3.196682e+06	1.281000e+03	3.190258e+06	1.281000e+03	3.186516e+06	1.281000e+03	3.191378e+06	1.281000e+03	3.186830e+06	1.281000e+03	3.185349e+06	1.281000e+03	3.185703e+06	1.281000e+03	3.181057e+06	1.281000e+03	3.194196e+06	1.281000e+03	3.186979e+06	1.281000e+03	3.196168e+06	1.281000e+03	3.193703e+06	1.281000e+03	3.195256e+06	1.281000e+03	3.177162e+06	1.281000e+03	3.192211e+06	1.281000e+03	3.189988e+06	1.281000e+03	3.191536e+06	1.281000e+03	3.198115e+06	1.281000e+03	3.192442e+06	1.281000e+03	3.193871e+06	1.281000e+03	3.185217e+06	1.281000e+03	3.196160e+06	1.281000e+03	3.177683e+06	1.281000e+03	3.186408e+06	1.281000e+03	3.185834e+06	1.281000e+03	3.189389e+06	1.281000e+03	3.188411e+06	1.281000e+03	3.189280e+06	1.281000e+03	3.185246e+06	1.281000e+03	3.188372e+06	1.281000e+03	3.197795e+06	1.281000e+03	3.194216e+06	1.281000e+03	3.187629e+06	1.281000e+03	3.189423e+06	1.281000e+03	3.182089e+06	1.281000e+03	3.185619e+06	1.281000e+03	3.185800e+06	1.281000e+03	3.186106e+06	1.281000e+03	3.195843e+06	1.281000e+03	3.188644e+06	1.281000e+03	3.196232e+06	1.281000e+03	3.182352e+06	1.281000e+03	3.186382e+06	1.281000e+03	3.181259e+06	1.281000e+03	3.180492e+06	1.281000e+03	3.192016e+06	1.281000e+03	3.189948e+06	1.281000e+03	3.200035e+06	1.281000e+03	3.203767e+06	1.281000e+03	3.195221e+06	1.281000e+03	3.191288e+06	1.281000e+03	3.186759e+06	1.281000e+03	3.185229e+06	1.281000e+03	3.183875e+06	1.281000e+03	3.185082e+06	1.281000e+03	3.181133e+06	1.281000e+03	3.183457e+06	1.281000e+03	3.182620e+06	1.281000e+03	3.186530e+06	1.281000e+03	3.191036e+06	1.281000e+03	3.188264e+06	1.281000e+03	3.181640e+06	1.281000e+03	3.184263e+06	1.281000e+03	3.202001e+06	1.281000e+03	3.197579e+06	1.281000e+03	3.203592e+06	1.281000e+03	3.199841e+06	1.281000e+03	3.195600e+06	1.281000e+03	3.196263e+06	1.281000e+03	3.196127e+06	1.281000e+03	3.203377e+06	1.281000e+03	3.204962e+06	1.281000e+03	3.200878e+06	1.281000e+03	3.204291e+06	1.281000e+03	3.201957e+06	1.281000e+03	3.199179e+06	1.281000e+03	3.201085e+06	1.281000e+03	3.191812e+06	1.281000e+03	3.200264e+06	1.281000e+03	3.199849e+06	1.281000e+03	3.196961e+06	1.281000e+03	3.203502e+06	1.281000e+03	3.198426e+06	1.281000e+03	3.201530e+06	1.281000e+03	3.205095e+06	1.281000e+03	3.202493e+06	1.281000e+03	3.207626e+06	1.281000e+03	3.209004e+06	1.281000e+03	3.209533e+06	1.281000e+03	3.211815e+06	1.281000e+03	3.203920e+06	1.281000e+03	3.206957e+06	1.281000e+03	3.200975e+06	1.281000e+03	3.216777e+06	1.281000e+03	3.203672e+06	1.281000e+03	3.211832e+06	1.281000e+03	3.212365e+06	1.281000e+03	3.210181e+06	1.281000e+03	3.212907e+06	1.281000e+03	3.210460e+06	1.281000e+03	3.210600e+06	1.281000e+03	3.211170e+06	1.281000e+03	3.218984e+06	1.281000e+03	3.210227e+06
1.282000e+03	3.121426e+06	1.282000e+03	3.125218e+06	1.282000e+03	3.129008e+06	1.282000e+03	3.121407e+06	1.282000e+03	3.130692e+06	1.282000e+03	3.138200e+06	1.282000e+03	3.133617e+06	1.282000e+03	3.130215e+06	1.282000e+03	3.142976e+06	1.282000e+03	3.156159e+06	1.282000e+03	3.165802e+06	1.282000e+03	3.168699e+06	1.282000e+03	3.161166e+06	1.282000e+03	3.169337e+06	1.282000e+03	3.170240e+06	1.282000e+03	3.148981e+06	1.282000e+03	3.151653e+06	1.282000e+03	3.159785e+06	1.282000e+03	3.154592e+06	1.282000e+03	3.168756e+06	1.282000e+03	3.152734e+06	1.282000e+03	3.156094e+06	1.282000e+03	3.148728e+06	1.282000e+03	3.164252e+06	1.282000e+03	3.163667e+06	1.282000e+03	3.163285e+06	1.282000e+03	3.160922e+06	1.282000e+03	3.147746e+06	1.282000e+03	3.182302e+06	1.282000e+03	3.155700e+06	1.282000e+03	3.156466e+06	1.282000e+03	3.155961e+06	1.282000e+03	3.160717e+06	1.282000e+03	3.150770e+06	1.282000e+03	3.156239e+06	1.282000e+03	3.174569e+06	1.282000e+03	3.169457e+06	1.282000e+03	3.162246e+06	1.282000e+03	3.169890e+06	1.282000e+03	3.162239e+06	1.282000e+03	3.158428e+06	1.282000e+03	3.164078e+06	1.282000e+03	3.152773e+06	1.282000e+03	3.164251e+06	1.282000e+03	3.158391e+06	1.282000e+03	3.157020e+06	1.282000e+03	3.158242e+06	1.282000e+03	3.160432e+06	1.282000e+03	3.161996e+06	1.282000e+03	3.163281e+06	1.282000e+03	3.167364e+06	1.282000e+03	3.174231e+06	1.282000e+03	3.169916e+06	1.282000e+03	3.164418e+06	1.282000e+03	3.173639e+06	1.282000e+03	3.166059e+06	1.282000e+03	3.170490e+06	1.282000e+03	3.171762e+06	1.282000e+03	3.179885e+06	1.282000e+03	3.172840e+06	1.282000e+03	3.164726e+06	1.282000e+03	3.167323e+06	1.282000e+03	3.173885e+06	1.282000e+03	3.172820e+06	1.282000e+03	3.177603e+06	1.282000e+03	3.166200e+06	1.282000e+03	3.165749e+06	1.282000e+03	3.170485e+06	1.282000e+03	3.169060e+06	1.282000e+03	3.173915e+06	1.282000e+03	3.173314e+06	1.282000e+03	3.170767e+06	1.282000e+03	3.178151e+06	1.282000e+03	3.174855e+06	1.282000e+03	3.167780e+06	1.282000e+03	3.174535e+06	1.282000e+03	3.181941e+06	1.282000e+03	3.182218e+06	1.282000e+03	3.173733e+06	1.282000e+03	3.182363e+06	1.282000e+03	3.180892e+06	1.282000e+03	3.175605e+06	1.282000e+03	3.178022e+06	1.282000e+03	3.163814e+06	1.282000e+03	3.163544e+06	1.282000e+03	3.178154e+06	1.282000e+03	3.179096e+06	1.282000e+03	3.186054e+06	1.282000e+03	3.184937e+06	1.282000e+03	3.185646e+06	1.282000e+03	3.187163e+06	1.282000e+03	3.180082e+06	1.282000e+03	3.180797e+06	1.282000e+03	3.175690e+06	1.282000e+03	3.185989e+06	1.282000e+03	3.185172e+06	1.282000e+03	3.185025e+06	1.282000e+03	3.181336e+06	1.282000e+03	3.176574e+06	1.282000e+03	3.192264e+06	1.282000e+03	3.189748e+06	1.282000e+03	3.196277e+06	1.282000e+03	3.190660e+06	1.282000e+03	3.190692e+06	1.282000e+03	3.194729e+06	1.282000e+03	3.190125e+06	1.282000e+03	3.187586e+06	1.282000e+03	3.193687e+06	1.282000e+03	3.188208e+06	1.282000e+03	3.182711e+06	1.282000e+03	3.182670e+06	1.282000e+03	3.179965e+06	1.282000e+03	3.191386e+06	1.282000e+03	3.189039e+06	1.282000e+03	3.193938e+06	1.282000e+03	3.193415e+06	1.282000e+03	3.189335e+06	1.282000e+03	3.181469e+06	1.282000e+03	3.187630e+06	1.282000e+03	3.192053e+06	1.282000e+03	3.190685e+06	1.282000e+03	3.197474e+06	1.282000e+03	3.196225e+06	1.282000e+03	3.196161e+06	1.282000e+03	3.183451e+06	1.282000e+03	3.200111e+06	1.282000e+03	3.177421e+06	1.282000e+03	3.188100e+06	1.282000e+03	3.189436e+06	1.282000e+03	3.190143e+06	1.282000e+03	3.186364e+06	1.282000e+03	3.181860e+06	1.282000e+03	3.183579e+06	1.282000e+03	3.189430e+06	1.282000e+03	3.201079e+06	1.282000e+03	3.191726e+06	1.282000e+03	3.188194e+06	1.282000e+03	3.186544e+06	1.282000e+03	3.182610e+06	1.282000e+03	3.182418e+06	1.282000e+03	3.183988e+06	1.282000e+03	3.193921e+06	1.282000e+03	3.195133e+06	1.282000e+03	3.188809e+06	1.282000e+03	3.197528e+06	1.282000e+03	3.187309e+06	1.282000e+03	3.189183e+06	1.282000e+03	3.181549e+06	1.282000e+03	3.180327e+06	1.282000e+03	3.190506e+06	1.282000e+03	3.188162e+06	1.282000e+03	3.200263e+06	1.282000e+03	3.201059e+06	1.282000e+03	3.199554e+06	1.282000e+03	3.191592e+06	1.282000e+03	3.188187e+06	1.282000e+03	3.190147e+06	1.282000e+03	3.182825e+06	1.282000e+03	3.188220e+06	1.282000e+03	3.184317e+06	1.282000e+03	3.187837e+06	1.282000e+03	3.185257e+06	1.282000e+03	3.187229e+06	1.282000e+03	3.191040e+06	1.282000e+03	3.190812e+06	1.282000e+03	3.183173e+06	1.282000e+03	3.181372e+06	1.282000e+03	3.192638e+06	1.282000e+03	3.195561e+06	1.282000e+03	3.199591e+06	1.282000e+03	3.198617e+06	1.282000e+03	3.192332e+06	1.282000e+03	3.197716e+06	1.282000e+03	3.202544e+06	1.282000e+03	3.202937e+06	1.282000e+03	3.204776e+06	1.282000e+03	3.201421e+06	1.282000e+03	3.206227e+06	1.282000e+03	3.203531e+06	1.282000e+03	3.202140e+06	1.282000e+03	3.196780e+06	1.282000e+03	3.188100e+06	1.282000e+03	3.199918e+06	1.282000e+03	3.202691e+06	1.282000e+03	3.201019e+06	1.282000e+03	3.204089e+06	1.282000e+03	3.197739e+06	1.282000e+03	3.202358e+06	1.282000e+03	3.204284e+06	1.282000e+03	3.205010e+06	1.282000e+03	3.204992e+06	1.282000e+03	3.208580e+06	1.282000e+03	3.208442e+06	1.282000e+03	3.211701e+06	1.282000e+03	3.203126e+06	1.282000e+03	3.205966e+06	1.282000e+03	3.199512e+06	1.282000e+03	3.215689e+06	1.282000e+03	3.206691e+06	1.282000e+03	3.215232e+06	1.282000e+03	3.211329e+06	1.282000e+03	3.208586e+06	1.282000e+03	3.213419e+06	1.282000e+03	3.213326e+06	1.282000e+03	3.211197e+06	1.282000e+03	3.212337e+06	1.282000e+03	3.216102e+06	1.282000e+03	3.212872e+06
1.283000e+03	3.120439e+06	1.283000e+03	3.126112e+06	1.283000e+03	3.123151e+06	1.283000e+03	3.123068e+06	1.283000e+03	3.128110e+06	1.283000e+03	3.140185e+06	1.283000e+03	3.134619e+06	1.283000e+03	3.130034e+06	1.283000e+03	3.150747e+06	1.283000e+03	3.153635e+06	1.283000e+03	3.162260e+06	1.283000e+03	3.163765e+06	1.283000e+03	3.163263e+06	1.283000e+03	3.169721e+06	1.283000e+03	3.172701e+06	1.283000e+03	3.149327e+06	1.283000e+03	3.152698e+06	1.283000e+03	3.158848e+06	1.283000e+03	3.159184e+06	1.283000e+03	3.167093e+06	1.283000e+03	3.151461e+06	1.283000e+03	3.159374e+06	1.283000e+03	3.147651e+06	1.283000e+03	3.163636e+06	1.283000e+03	3.161791e+06	1.283000e+03	3.160853e+06	1.283000e+03	3.160131e+06	1.283000e+03	3.145825e+06	1.283000e+03	3.185486e+06	1.283000e+03	3.158403e+06	1.283000e+03	3.156225e+06	1.283000e+03	3.152820e+06	1.283000e+03	3.155960e+06	1.283000e+03	3.152584e+06	1.283000e+03	3.161023e+06	1.283000e+03	3.169028e+06	1.283000e+03	3.172164e+06	1.283000e+03	3.159880e+06	1.283000e+03	3.173948e+06	1.283000e+03	3.161277e+06	1.283000e+03	3.156448e+06	1.283000e+03	3.167382e+06	1.283000e+03	3.147225e+06	1.283000e+03	3.163051e+06	1.283000e+03	3.162774e+06	1.283000e+03	3.154025e+06	1.283000e+03	3.158364e+06	1.283000e+03	3.158299e+06	1.283000e+03	3.159150e+06	1.283000e+03	3.164151e+06	1.283000e+03	3.164612e+06	1.283000e+03	3.175502e+06	1.283000e+03	3.171742e+06	1.283000e+03	3.162828e+06	1.283000e+03	3.175417e+06	1.283000e+03	3.163792e+06	1.283000e+03	3.173132e+06	1.283000e+03	3.173073e+06	1.283000e+03	3.179399e+06	1.283000e+03	3.175725e+06	1.283000e+03	3.164870e+06	1.283000e+03	3.168655e+06	1.283000e+03	3.172321e+06	1.283000e+03	3.163915e+06	1.283000e+03	3.175216e+06	1.283000e+03	3.166252e+06	1.283000e+03	3.166525e+06	1.283000e+03	3.171131e+06	1.283000e+03	3.165437e+06	1.283000e+03	3.172444e+06	1.283000e+03	3.172483e+06	1.283000e+03	3.168443e+06	1.283000e+03	3.179991e+06	1.283000e+03	3.173702e+06	1.283000e+03	3.167779e+06	1.283000e+03	3.173757e+06	1.283000e+03	3.183085e+06	1.283000e+03	3.180681e+06	1.283000e+03	3.172456e+06	1.283000e+03	3.188046e+06	1.283000e+03	3.184729e+06	1.283000e+03	3.180758e+06	1.283000e+03	3.175697e+06	1.283000e+03	3.164699e+06	1.283000e+03	3.156653e+06	1.283000e+03	3.175370e+06	1.283000e+03	3.179557e+06	1.283000e+03	3.189818e+06	1.283000e+03	3.184435e+06	1.283000e+03	3.187558e+06	1.283000e+03	3.190221e+06	1.283000e+03	3.180770e+06	1.283000e+03	3.181266e+06	1.283000e+03	3.183315e+06	1.283000e+03	3.187355e+06	1.283000e+03	3.187433e+06	1.283000e+03	3.182488e+06	1.283000e+03	3.180431e+06	1.283000e+03	3.176741e+06	1.283000e+03	3.187701e+06	1.283000e+03	3.191982e+06	1.283000e+03	3.198440e+06	1.283000e+03	3.190651e+06	1.283000e+03	3.190262e+06	1.283000e+03	3.199865e+06	1.283000e+03	3.189535e+06	1.283000e+03	3.187605e+06	1.283000e+03	3.193303e+06	1.283000e+03	3.186675e+06	1.283000e+03	3.185902e+06	1.283000e+03	3.186156e+06	1.283000e+03	3.182368e+06	1.283000e+03	3.191876e+06	1.283000e+03	3.187460e+06	1.283000e+03	3.191962e+06	1.283000e+03	3.193828e+06	1.283000e+03	3.184614e+06	1.283000e+03	3.177612e+06	1.283000e+03	3.184534e+06	1.283000e+03	3.194079e+06	1.283000e+03	3.189972e+06	1.283000e+03	3.196950e+06	1.283000e+03	3.188470e+06	1.283000e+03	3.194810e+06	1.283000e+03	3.184307e+06	1.283000e+03	3.196692e+06	1.283000e+03	3.181055e+06	1.283000e+03	3.188519e+06	1.283000e+03	3.185832e+06	1.283000e+03	3.187535e+06	1.283000e+03	3.187760e+06	1.283000e+03	3.185815e+06	1.283000e+03	3.183871e+06	1.283000e+03	3.189245e+06	1.283000e+03	3.199229e+06	1.283000e+03	3.190560e+06	1.283000e+03	3.187763e+06	1.283000e+03	3.191206e+06	1.283000e+03	3.183833e+06	1.283000e+03	3.178511e+06	1.283000e+03	3.187586e+06	1.283000e+03	3.190867e+06	1.283000e+03	3.188863e+06	1.283000e+03	3.190043e+06	1.283000e+03	3.199923e+06	1.283000e+03	3.185536e+06	1.283000e+03	3.184834e+06	1.283000e+03	3.178727e+06	1.283000e+03	3.178175e+06	1.283000e+03	3.195099e+06	1.283000e+03	3.185914e+06	1.283000e+03	3.195426e+06	1.283000e+03	3.199447e+06	1.283000e+03	3.197809e+06	1.283000e+03	3.195254e+06	1.283000e+03	3.186840e+06	1.283000e+03	3.186630e+06	1.283000e+03	3.183494e+06	1.283000e+03	3.185838e+06	1.283000e+03	3.177879e+06	1.283000e+03	3.184688e+06	1.283000e+03	3.186089e+06	1.283000e+03	3.184753e+06	1.283000e+03	3.194060e+06	1.283000e+03	3.190762e+06	1.283000e+03	3.186466e+06	1.283000e+03	3.179447e+06	1.283000e+03	3.194853e+06	1.283000e+03	3.192074e+06	1.283000e+03	3.199596e+06	1.283000e+03	3.203517e+06	1.283000e+03	3.195887e+06	1.283000e+03	3.194590e+06	1.283000e+03	3.194632e+06	1.283000e+03	3.201230e+06	1.283000e+03	3.204734e+06	1.283000e+03	3.202846e+06	1.283000e+03	3.206957e+06	1.283000e+03	3.204814e+06	1.283000e+03	3.201141e+06	1.283000e+03	3.200584e+06	1.283000e+03	3.188673e+06	1.283000e+03	3.204897e+06	1.283000e+03	3.203275e+06	1.283000e+03	3.200888e+06	1.283000e+03	3.203571e+06	1.283000e+03	3.198036e+06	1.283000e+03	3.205216e+06	1.283000e+03	3.203150e+06	1.283000e+03	3.205104e+06	1.283000e+03	3.205159e+06	1.283000e+03	3.210346e+06	1.283000e+03	3.207272e+06	1.283000e+03	3.213293e+06	1.283000e+03	3.207513e+06	1.283000e+03	3.204030e+06	1.283000e+03	3.195450e+06	1.283000e+03	3.214890e+06	1.283000e+03	3.206110e+06	1.283000e+03	3.214531e+06	1.283000e+03	3.215786e+06	1.283000e+03	3.210965e+06	1.283000e+03	3.212015e+06	1.283000e+03	3.215170e+06	1.283000e+03	3.212515e+06	1.283000e+03	3.213929e+06	1.283000e+03	3.216511e+06	1.283000e+03	3.210367e+06
1.284000e+03	3.120726e+06	1.284000e+03	3.125210e+06	1.284000e+03	3.125944e+06	1.284000e+03	3.116823e+06	1.284000e+03	3.130574e+06	1.284000e+03	3.130633e+06	1.284000e+03	3.139105e+06	1.284000e+03	3.135815e+06	1.284000e+03	3.149934e+06	1.284000e+03	3.154358e+06	1.284000e+03	3.165541e+06	1.284000e+03	3.167122e+06	1.284000e+03	3.172925e+06	1.284000e+03	3.180033e+06	1.284000e+03	3.154744e+06	1.284000e+03	3.151452e+06	1.284000e+03	3.150649e+06	1.284000e+03	3.152546e+06	1.284000e+03	3.160078e+06	1.284000e+03	3.168562e+06	1.284000e+03	3.154777e+06	1.284000e+03	3.161052e+06	1.284000e+03	3.146918e+06	1.284000e+03	3.162414e+06	1.284000e+03	3.161915e+06	1.284000e+03	3.162482e+06	1.284000e+03	3.162243e+06	1.284000e+03	3.144262e+06	1.284000e+03	3.180462e+06	1.284000e+03	3.157794e+06	1.284000e+03	3.159583e+06	1.284000e+03	3.154264e+06	1.284000e+03	3.156157e+06	1.284000e+03	3.152156e+06	1.284000e+03	3.159156e+06	1.284000e+03	3.167964e+06	1.284000e+03	3.173735e+06	1.284000e+03	3.160485e+06	1.284000e+03	3.172504e+06	1.284000e+03	3.165197e+06	1.284000e+03	3.157241e+06	1.284000e+03	3.165807e+06	1.284000e+03	3.152302e+06	1.284000e+03	3.164936e+06	1.284000e+03	3.161685e+06	1.284000e+03	3.155988e+06	1.284000e+03	3.154854e+06	1.284000e+03	3.155091e+06	1.284000e+03	3.166078e+06	1.284000e+03	3.162983e+06	1.284000e+03	3.165283e+06	1.284000e+03	3.170620e+06	1.284000e+03	3.171005e+06	1.284000e+03	3.171074e+06	1.284000e+03	3.174312e+06	1.284000e+03	3.160340e+06	1.284000e+03	3.172842e+06	1.284000e+03	3.172193e+06	1.284000e+03	3.176331e+06	1.284000e+03	3.172809e+06	1.284000e+03	3.164058e+06	1.284000e+03	3.169455e+06	1.284000e+03	3.166476e+06	1.284000e+03	3.163382e+06	1.284000e+03	3.171910e+06	1.284000e+03	3.171893e+06	1.284000e+03	3.170466e+06	1.284000e+03	3.169511e+06	1.284000e+03	3.163966e+06	1.284000e+03	3.162505e+06	1.284000e+03	3.172386e+06	1.284000e+03	3.167703e+06	1.284000e+03	3.177995e+06	1.284000e+03	3.176924e+06	1.284000e+03	3.171679e+06	1.284000e+03	3.172999e+06	1.284000e+03	3.184850e+06	1.284000e+03	3.181531e+06	1.284000e+03	3.175507e+06	1.284000e+03	3.183413e+06	1.284000e+03	3.182878e+06	1.284000e+03	3.181501e+06	1.284000e+03	3.176513e+06	1.284000e+03	3.165699e+06	1.284000e+03	3.174149e+06	1.284000e+03	3.176251e+06	1.284000e+03	3.180790e+06	1.284000e+03	3.189381e+06	1.284000e+03	3.184047e+06	1.284000e+03	3.187915e+06	1.284000e+03	3.188986e+06	1.284000e+03	3.180206e+06	1.284000e+03	3.187674e+06	1.284000e+03	3.181175e+06	1.284000e+03	3.189085e+06	1.284000e+03	3.181058e+06	1.284000e+03	3.184090e+06	1.284000e+03	3.177810e+06	1.284000e+03	3.176943e+06	1.284000e+03	3.187010e+06	1.284000e+03	3.188270e+06	1.284000e+03	3.203748e+06	1.284000e+03	3.191645e+06	1.284000e+03	3.189655e+06	1.284000e+03	3.200864e+06	1.284000e+03	3.190788e+06	1.284000e+03	3.186909e+06	1.284000e+03	3.193745e+06	1.284000e+03	3.188451e+06	1.284000e+03	3.189179e+06	1.284000e+03	3.191211e+06	1.284000e+03	3.180924e+06	1.284000e+03	3.193274e+06	1.284000e+03	3.185899e+06	1.284000e+03	3.190986e+06	1.284000e+03	3.195935e+06	1.284000e+03	3.187544e+06	1.284000e+03	3.179843e+06	1.284000e+03	3.186352e+06	1.284000e+03	3.192673e+06	1.284000e+03	3.195047e+06	1.284000e+03	3.192064e+06	1.284000e+03	3.192803e+06	1.284000e+03	3.191936e+06	1.284000e+03	3.185126e+06	1.284000e+03	3.197617e+06	1.284000e+03	3.181962e+06	1.284000e+03	3.184203e+06	1.284000e+03	3.183121e+06	1.284000e+03	3.186716e+06	1.284000e+03	3.192584e+06	1.284000e+03	3.182034e+06	1.284000e+03	3.186047e+06	1.284000e+03	3.189207e+06	1.284000e+03	3.201789e+06	1.284000e+03	3.191323e+06	1.284000e+03	3.188205e+06	1.284000e+03	3.187201e+06	1.284000e+03	3.184348e+06	1.284000e+03	3.182345e+06	1.284000e+03	3.187462e+06	1.284000e+03	3.193055e+06	1.284000e+03	3.192285e+06	1.284000e+03	3.194075e+06	1.284000e+03	3.197029e+06	1.284000e+03	3.185651e+06	1.284000e+03	3.190272e+06	1.284000e+03	3.178515e+06	1.284000e+03	3.179856e+06	1.284000e+03	3.196104e+06	1.284000e+03	3.187140e+06	1.284000e+03	3.195778e+06	1.284000e+03	3.198407e+06	1.284000e+03	3.196739e+06	1.284000e+03	3.194929e+06	1.284000e+03	3.185771e+06	1.284000e+03	3.188760e+06	1.284000e+03	3.185967e+06	1.284000e+03	3.184978e+06	1.284000e+03	3.182104e+06	1.284000e+03	3.188274e+06	1.284000e+03	3.185150e+06	1.284000e+03	3.186646e+06	1.284000e+03	3.198147e+06	1.284000e+03	3.192288e+06	1.284000e+03	3.186300e+06	1.284000e+03	3.181868e+06	1.284000e+03	3.195659e+06	1.284000e+03	3.193173e+06	1.284000e+03	3.199934e+06	1.284000e+03	3.196716e+06	1.284000e+03	3.199014e+06	1.284000e+03	3.192801e+06	1.284000e+03	3.199345e+06	1.284000e+03	3.201394e+06	1.284000e+03	3.204389e+06	1.284000e+03	3.199725e+06	1.284000e+03	3.202712e+06	1.284000e+03	3.208575e+06	1.284000e+03	3.200899e+06	1.284000e+03	3.200122e+06	1.284000e+03	3.187928e+06	1.284000e+03	3.203226e+06	1.284000e+03	3.204083e+06	1.284000e+03	3.202415e+06	1.284000e+03	3.202263e+06	1.284000e+03	3.196675e+06	1.284000e+03	3.201774e+06	1.284000e+03	3.205461e+06	1.284000e+03	3.204550e+06	1.284000e+03	3.202158e+06	1.284000e+03	3.212142e+06	1.284000e+03	3.208906e+06	1.284000e+03	3.215635e+06	1.284000e+03	3.201213e+06	1.284000e+03	3.206906e+06	1.284000e+03	3.196640e+06	1.284000e+03	3.215983e+06	1.284000e+03	3.204522e+06	1.284000e+03	3.213943e+06	1.284000e+03	3.212734e+06	1.284000e+03	3.210749e+06	1.284000e+03	3.213240e+06	1.284000e+03	3.214666e+06	1.284000e+03	3.215695e+06	1.284000e+03	3.209757e+06	1.284000e+03	3.212471e+06	1.284000e+03	3.209075e+06
1.285000e+03	3.116128e+06	1.285000e+03	3.123461e+06	1.285000e+03	3.130422e+06	1.285000e+03	3.118837e+06	1.285000e+03	3.130304e+06	1.285000e+03	3.131536e+06	1.285000e+03	3.145780e+06	1.285000e+03	3.137153e+06	1.285000e+03	3.147753e+06	1.285000e+03	3.152674e+06	1.285000e+03	3.166048e+06	1.285000e+03	3.166121e+06	1.285000e+03	3.164075e+06	1.285000e+03	3.174218e+06	1.285000e+03	3.157199e+06	1.285000e+03	3.158877e+06	1.285000e+03	3.151700e+06	1.285000e+03	3.154714e+06	1.285000e+03	3.159277e+06	1.285000e+03	3.166426e+06	1.285000e+03	3.153434e+06	1.285000e+03	3.158821e+06	1.285000e+03	3.151116e+06	1.285000e+03	3.162768e+06	1.285000e+03	3.161698e+06	1.285000e+03	3.165654e+06	1.285000e+03	3.159499e+06	1.285000e+03	3.146696e+06	1.285000e+03	3.178869e+06	1.285000e+03	3.156121e+06	1.285000e+03	3.158347e+06	1.285000e+03	3.152693e+06	1.285000e+03	3.153105e+06	1.285000e+03	3.159828e+06	1.285000e+03	3.163831e+06	1.285000e+03	3.164849e+06	1.285000e+03	3.173010e+06	1.285000e+03	3.162922e+06	1.285000e+03	3.175332e+06	1.285000e+03	3.166590e+06	1.285000e+03	3.160521e+06	1.285000e+03	3.170725e+06	1.285000e+03	3.154420e+06	1.285000e+03	3.168274e+06	1.285000e+03	3.158162e+06	1.285000e+03	3.155727e+06	1.285000e+03	3.164682e+06	1.285000e+03	3.158039e+06	1.285000e+03	3.163785e+06	1.285000e+03	3.164506e+06	1.285000e+03	3.163984e+06	1.285000e+03	3.171064e+06	1.285000e+03	3.170435e+06	1.285000e+03	3.166220e+06	1.285000e+03	3.176525e+06	1.285000e+03	3.163317e+06	1.285000e+03	3.168429e+06	1.285000e+03	3.175296e+06	1.285000e+03	3.178508e+06	1.285000e+03	3.173537e+06	1.285000e+03	3.161635e+06	1.285000e+03	3.175399e+06	1.285000e+03	3.167015e+06	1.285000e+03	3.166635e+06	1.285000e+03	3.172482e+06	1.285000e+03	3.170530e+06	1.285000e+03	3.170382e+06	1.285000e+03	3.172920e+06	1.285000e+03	3.164532e+06	1.285000e+03	3.162404e+06	1.285000e+03	3.172027e+06	1.285000e+03	3.166561e+06	1.285000e+03	3.178236e+06	1.285000e+03	3.173974e+06	1.285000e+03	3.172797e+06	1.285000e+03	3.170528e+06	1.285000e+03	3.180778e+06	1.285000e+03	3.185336e+06	1.285000e+03	3.176143e+06	1.285000e+03	3.182758e+06	1.285000e+03	3.184862e+06	1.285000e+03	3.177283e+06	1.285000e+03	3.178126e+06	1.285000e+03	3.163815e+06	1.285000e+03	3.176213e+06	1.285000e+03	3.178008e+06	1.285000e+03	3.182201e+06	1.285000e+03	3.183125e+06	1.285000e+03	3.180304e+06	1.285000e+03	3.185309e+06	1.285000e+03	3.186962e+06	1.285000e+03	3.179771e+06	1.285000e+03	3.190451e+06	1.285000e+03	3.178410e+06	1.285000e+03	3.188334e+06	1.285000e+03	3.180038e+06	1.285000e+03	3.179876e+06	1.285000e+03	3.175268e+06	1.285000e+03	3.176635e+06	1.285000e+03	3.189199e+06	1.285000e+03	3.190425e+06	1.285000e+03	3.199025e+06	1.285000e+03	3.193262e+06	1.285000e+03	3.191655e+06	1.285000e+03	3.194624e+06	1.285000e+03	3.188572e+06	1.285000e+03	3.189534e+06	1.285000e+03	3.191354e+06	1.285000e+03	3.186870e+06	1.285000e+03	3.182530e+06	1.285000e+03	3.190438e+06	1.285000e+03	3.185033e+06	1.285000e+03	3.189103e+06	1.285000e+03	3.189627e+06	1.285000e+03	3.188689e+06	1.285000e+03	3.194111e+06	1.285000e+03	3.185630e+06	1.285000e+03	3.178462e+06	1.285000e+03	3.186648e+06	1.285000e+03	3.193221e+06	1.285000e+03	3.192227e+06	1.285000e+03	3.185585e+06	1.285000e+03	3.191704e+06	1.285000e+03	3.189576e+06	1.285000e+03	3.184340e+06	1.285000e+03	3.191390e+06	1.285000e+03	3.184002e+06	1.285000e+03	3.186927e+06	1.285000e+03	3.185596e+06	1.285000e+03	3.187118e+06	1.285000e+03	3.187699e+06	1.285000e+03	3.179224e+06	1.285000e+03	3.192533e+06	1.285000e+03	3.187262e+06	1.285000e+03	3.202973e+06	1.285000e+03	3.187437e+06	1.285000e+03	3.186646e+06	1.285000e+03	3.187946e+06	1.285000e+03	3.185349e+06	1.285000e+03	3.190589e+06	1.285000e+03	3.185205e+06	1.285000e+03	3.189682e+06	1.285000e+03	3.191649e+06	1.285000e+03	3.192129e+06	1.285000e+03	3.196223e+06	1.285000e+03	3.188186e+06	1.285000e+03	3.191656e+06	1.285000e+03	3.178620e+06	1.285000e+03	3.179297e+06	1.285000e+03	3.194413e+06	1.285000e+03	3.186505e+06	1.285000e+03	3.194644e+06	1.285000e+03	3.202824e+06	1.285000e+03	3.197335e+06	1.285000e+03	3.195507e+06	1.285000e+03	3.187476e+06	1.285000e+03	3.189326e+06	1.285000e+03	3.183254e+06	1.285000e+03	3.191292e+06	1.285000e+03	3.184737e+06	1.285000e+03	3.188150e+06	1.285000e+03	3.188693e+06	1.285000e+03	3.186967e+06	1.285000e+03	3.197816e+06	1.285000e+03	3.188280e+06	1.285000e+03	3.184965e+06	1.285000e+03	3.181332e+06	1.285000e+03	3.194283e+06	1.285000e+03	3.195775e+06	1.285000e+03	3.198717e+06	1.285000e+03	3.197527e+06	1.285000e+03	3.196026e+06	1.285000e+03	3.194140e+06	1.285000e+03	3.199003e+06	1.285000e+03	3.203475e+06	1.285000e+03	3.204359e+06	1.285000e+03	3.198703e+06	1.285000e+03	3.205659e+06	1.285000e+03	3.210916e+06	1.285000e+03	3.201866e+06	1.285000e+03	3.196473e+06	1.285000e+03	3.188883e+06	1.285000e+03	3.200244e+06	1.285000e+03	3.204953e+06	1.285000e+03	3.198854e+06	1.285000e+03	3.202249e+06	1.285000e+03	3.196201e+06	1.285000e+03	3.201512e+06	1.285000e+03	3.207644e+06	1.285000e+03	3.204081e+06	1.285000e+03	3.203636e+06	1.285000e+03	3.210869e+06	1.285000e+03	3.207418e+06	1.285000e+03	3.217425e+06	1.285000e+03	3.204898e+06	1.285000e+03	3.204274e+06	1.285000e+03	3.198366e+06	1.285000e+03	3.213601e+06	1.285000e+03	3.205099e+06	1.285000e+03	3.210074e+06	1.285000e+03	3.217908e+06	1.285000e+03	3.211484e+06	1.285000e+03	3.211912e+06	1.285000e+03	3.217637e+06	1.285000e+03	3.215777e+06	1.285000e+03	3.212152e+06	1.285000e+03	3.217595e+06	1.285000e+03	3.210182e+06
1.286000e+03	3.117018e+06	1.286000e+03	3.124736e+06	1.286000e+03	3.124153e+06	1.286000e+03	3.125784e+06	1.286000e+03	3.127441e+06	1.286000e+03	3.132557e+06	1.286000e+03	3.142431e+06	1.286000e+03	3.132778e+06	1.286000e+03	3.155814e+06	1.286000e+03	3.150853e+06	1.286000e+03	3.169153e+06	1.286000e+03	3.168199e+06	1.286000e+03	3.165874e+06	1.286000e+03	3.173327e+06	1.286000e+03	3.159792e+06	1.286000e+03	3.154568e+06	1.286000e+03	3.152958e+06	1.286000e+03	3.160169e+06	1.286000e+03	3.161253e+06	1.286000e+03	3.165003e+06	1.286000e+03	3.160533e+06	1.286000e+03	3.159179e+06	1.286000e+03	3.148041e+06	1.286000e+03	3.162542e+06	1.286000e+03	3.160906e+06	1.286000e+03	3.165512e+06	1.286000e+03	3.164673e+06	1.286000e+03	3.144222e+06	1.286000e+03	3.179529e+06	1.286000e+03	3.158044e+06	1.286000e+03	3.155218e+06	1.286000e+03	3.152836e+06	1.286000e+03	3.153058e+06	1.286000e+03	3.159623e+06	1.286000e+03	3.160261e+06	1.286000e+03	3.169436e+06	1.286000e+03	3.171717e+06	1.286000e+03	3.162142e+06	1.286000e+03	3.174538e+06	1.286000e+03	3.160585e+06	1.286000e+03	3.170313e+06	1.286000e+03	3.167292e+06	1.286000e+03	3.154180e+06	1.286000e+03	3.168677e+06	1.286000e+03	3.165977e+06	1.286000e+03	3.154149e+06	1.286000e+03	3.158731e+06	1.286000e+03	3.159928e+06	1.286000e+03	3.160655e+06	1.286000e+03	3.166155e+06	1.286000e+03	3.169047e+06	1.286000e+03	3.173843e+06	1.286000e+03	3.171389e+06	1.286000e+03	3.171881e+06	1.286000e+03	3.182060e+06	1.286000e+03	3.166963e+06	1.286000e+03	3.165481e+06	1.286000e+03	3.172632e+06	1.286000e+03	3.175339e+06	1.286000e+03	3.169278e+06	1.286000e+03	3.171983e+06	1.286000e+03	3.171552e+06	1.286000e+03	3.166788e+06	1.286000e+03	3.168470e+06	1.286000e+03	3.173101e+06	1.286000e+03	3.171598e+06	1.286000e+03	3.171682e+06	1.286000e+03	3.174168e+06	1.286000e+03	3.168333e+06	1.286000e+03	3.161170e+06	1.286000e+03	3.165794e+06	1.286000e+03	3.163957e+06	1.286000e+03	3.180023e+06	1.286000e+03	3.172231e+06	1.286000e+03	3.171386e+06	1.286000e+03	3.176452e+06	1.286000e+03	3.179417e+06	1.286000e+03	3.188025e+06	1.286000e+03	3.178272e+06	1.286000e+03	3.186201e+06	1.286000e+03	3.185162e+06	1.286000e+03	3.176626e+06	1.286000e+03	3.186947e+06	1.286000e+03	3.165380e+06	1.286000e+03	3.180451e+06	1.286000e+03	3.174248e+06	1.286000e+03	3.187962e+06	1.286000e+03	3.186718e+06	1.286000e+03	3.187420e+06	1.286000e+03	3.190706e+06	1.286000e+03	3.187719e+06	1.286000e+03	3.181405e+06	1.286000e+03	3.188764e+06	1.286000e+03	3.181133e+06	1.286000e+03	3.186875e+06	1.286000e+03	3.181116e+06	1.286000e+03	3.183548e+06	1.286000e+03	3.174455e+06	1.286000e+03	3.176644e+06	1.286000e+03	3.189380e+06	1.286000e+03	3.192699e+06	1.286000e+03	3.200146e+06	1.286000e+03	3.191780e+06	1.286000e+03	3.190890e+06	1.286000e+03	3.196485e+06	1.286000e+03	3.186178e+06	1.286000e+03	3.188230e+06	1.286000e+03	3.189285e+06	1.286000e+03	3.190036e+06	1.286000e+03	3.179259e+06	1.286000e+03	3.188175e+06	1.286000e+03	3.187121e+06	1.286000e+03	3.192034e+06	1.286000e+03	3.190040e+06	1.286000e+03	3.189385e+06	1.286000e+03	3.194018e+06	1.286000e+03	3.188776e+06	1.286000e+03	3.179269e+06	1.286000e+03	3.185920e+06	1.286000e+03	3.192225e+06	1.286000e+03	3.191833e+06	1.286000e+03	3.186108e+06	1.286000e+03	3.193173e+06	1.286000e+03	3.192304e+06	1.286000e+03	3.180894e+06	1.286000e+03	3.195207e+06	1.286000e+03	3.186248e+06	1.286000e+03	3.188106e+06	1.286000e+03	3.184125e+06	1.286000e+03	3.191911e+06	1.286000e+03	3.188797e+06	1.286000e+03	3.184615e+06	1.286000e+03	3.187917e+06	1.286000e+03	3.183946e+06	1.286000e+03	3.197985e+06	1.286000e+03	3.190434e+06	1.286000e+03	3.187837e+06	1.286000e+03	3.184192e+06	1.286000e+03	3.179381e+06	1.286000e+03	3.186330e+06	1.286000e+03	3.185731e+06	1.286000e+03	3.190941e+06	1.286000e+03	3.192338e+06	1.286000e+03	3.193304e+06	1.286000e+03	3.195953e+06	1.286000e+03	3.185140e+06	1.286000e+03	3.193862e+06	1.286000e+03	3.177872e+06	1.286000e+03	3.180615e+06	1.286000e+03	3.188288e+06	1.286000e+03	3.187371e+06	1.286000e+03	3.196768e+06	1.286000e+03	3.200111e+06	1.286000e+03	3.200316e+06	1.286000e+03	3.195747e+06	1.286000e+03	3.184764e+06	1.286000e+03	3.184646e+06	1.286000e+03	3.184535e+06	1.286000e+03	3.186686e+06	1.286000e+03	3.188496e+06	1.286000e+03	3.182598e+06	1.286000e+03	3.189666e+06	1.286000e+03	3.185239e+06	1.286000e+03	3.197702e+06	1.286000e+03	3.190823e+06	1.286000e+03	3.183855e+06	1.286000e+03	3.182391e+06	1.286000e+03	3.191700e+06	1.286000e+03	3.196500e+06	1.286000e+03	3.197611e+06	1.286000e+03	3.198622e+06	1.286000e+03	3.200463e+06	1.286000e+03	3.192264e+06	1.286000e+03	3.202965e+06	1.286000e+03	3.198527e+06	1.286000e+03	3.206058e+06	1.286000e+03	3.201365e+06	1.286000e+03	3.206492e+06	1.286000e+03	3.212208e+06	1.286000e+03	3.197368e+06	1.286000e+03	3.197028e+06	1.286000e+03	3.188944e+06	1.286000e+03	3.201120e+06	1.286000e+03	3.204082e+06	1.286000e+03	3.204029e+06	1.286000e+03	3.204022e+06	1.286000e+03	3.195476e+06	1.286000e+03	3.200145e+06	1.286000e+03	3.207353e+06	1.286000e+03	3.204586e+06	1.286000e+03	3.207721e+06	1.286000e+03	3.210068e+06	1.286000e+03	3.207449e+06	1.286000e+03	3.216592e+06	1.286000e+03	3.209202e+06	1.286000e+03	3.208469e+06	1.286000e+03	3.199949e+06	1.286000e+03	3.212840e+06	1.286000e+03	3.203815e+06	1.286000e+03	3.211624e+06	1.286000e+03	3.218439e+06	1.286000e+03	3.205416e+06	1.286000e+03	3.208372e+06	1.286000e+03	3.215397e+06	1.286000e+03	3.214132e+06	1.286000e+03	3.210985e+06	1.286000e+03	3.214745e+06	1.286000e+03	3.208044e+06
1.287000e+03	3.115449e+06	1.287000e+03	3.126032e+06	1.287000e+03	3.120290e+06	1.287000e+03	3.124198e+06	1.287000e+03	3.131858e+06	1.287000e+03	3.134589e+06	1.287000e+03	3.139585e+06	1.287000e+03	3.134725e+06	1.287000e+03	3.156882e+06	1.287000e+03	3.152278e+06	1.287000e+03	3.166619e+06	1.287000e+03	3.169587e+06	1.287000e+03	3.162960e+06	1.287000e+03	3.171624e+06	1.287000e+03	3.157602e+06	1.287000e+03	3.148419e+06	1.287000e+03	3.149361e+06	1.287000e+03	3.158818e+06	1.287000e+03	3.162192e+06	1.287000e+03	3.169022e+06	1.287000e+03	3.161881e+06	1.287000e+03	3.157209e+06	1.287000e+03	3.151102e+06	1.287000e+03	3.166596e+06	1.287000e+03	3.157016e+06	1.287000e+03	3.162292e+06	1.287000e+03	3.164264e+06	1.287000e+03	3.146816e+06	1.287000e+03	3.177407e+06	1.287000e+03	3.158901e+06	1.287000e+03	3.161019e+06	1.287000e+03	3.151497e+06	1.287000e+03	3.151325e+06	1.287000e+03	3.158058e+06	1.287000e+03	3.154990e+06	1.287000e+03	3.165989e+06	1.287000e+03	3.177047e+06	1.287000e+03	3.165380e+06	1.287000e+03	3.174987e+06	1.287000e+03	3.155497e+06	1.287000e+03	3.164622e+06	1.287000e+03	3.164782e+06	1.287000e+03	3.155671e+06	1.287000e+03	3.167844e+06	1.287000e+03	3.158601e+06	1.287000e+03	3.154839e+06	1.287000e+03	3.156685e+06	1.287000e+03	3.161140e+06	1.287000e+03	3.165798e+06	1.287000e+03	3.163095e+06	1.287000e+03	3.168312e+06	1.287000e+03	3.175022e+06	1.287000e+03	3.170620e+06	1.287000e+03	3.170468e+06	1.287000e+03	3.177783e+06	1.287000e+03	3.163249e+06	1.287000e+03	3.163799e+06	1.287000e+03	3.173623e+06	1.287000e+03	3.180062e+06	1.287000e+03	3.170565e+06	1.287000e+03	3.164182e+06	1.287000e+03	3.173507e+06	1.287000e+03	3.169800e+06	1.287000e+03	3.161949e+06	1.287000e+03	3.172360e+06	1.287000e+03	3.176303e+06	1.287000e+03	3.170787e+06	1.287000e+03	3.176384e+06	1.287000e+03	3.170025e+06	1.287000e+03	3.161764e+06	1.287000e+03	3.167103e+06	1.287000e+03	3.166226e+06	1.287000e+03	3.181587e+06	1.287000e+03	3.171353e+06	1.287000e+03	3.169882e+06	1.287000e+03	3.173464e+06	1.287000e+03	3.181097e+06	1.287000e+03	3.185527e+06	1.287000e+03	3.174926e+06	1.287000e+03	3.190259e+06	1.287000e+03	3.182284e+06	1.287000e+03	3.171441e+06	1.287000e+03	3.180461e+06	1.287000e+03	3.164371e+06	1.287000e+03	3.176881e+06	1.287000e+03	3.176218e+06	1.287000e+03	3.186751e+06	1.287000e+03	3.188931e+06	1.287000e+03	3.186097e+06	1.287000e+03	3.189691e+06	1.287000e+03	3.183029e+06	1.287000e+03	3.182527e+06	1.287000e+03	3.178820e+06	1.287000e+03	3.179906e+06	1.287000e+03	3.187754e+06	1.287000e+03	3.182624e+06	1.287000e+03	3.185718e+06	1.287000e+03	3.173996e+06	1.287000e+03	3.179603e+06	1.287000e+03	3.189187e+06	1.287000e+03	3.199498e+06	1.287000e+03	3.199977e+06	1.287000e+03	3.190931e+06	1.287000e+03	3.190261e+06	1.287000e+03	3.194996e+06	1.287000e+03	3.188215e+06	1.287000e+03	3.190553e+06	1.287000e+03	3.192539e+06	1.287000e+03	3.192852e+06	1.287000e+03	3.183015e+06	1.287000e+03	3.188817e+06	1.287000e+03	3.185509e+06	1.287000e+03	3.188813e+06	1.287000e+03	3.188772e+06	1.287000e+03	3.191655e+06	1.287000e+03	3.192767e+06	1.287000e+03	3.189290e+06	1.287000e+03	3.181822e+06	1.287000e+03	3.187759e+06	1.287000e+03	3.189019e+06	1.287000e+03	3.189178e+06	1.287000e+03	3.187016e+06	1.287000e+03	3.190292e+06	1.287000e+03	3.197770e+06	1.287000e+03	3.186818e+06	1.287000e+03	3.195926e+06	1.287000e+03	3.183435e+06	1.287000e+03	3.187952e+06	1.287000e+03	3.185462e+06	1.287000e+03	3.189584e+06	1.287000e+03	3.189438e+06	1.287000e+03	3.187499e+06	1.287000e+03	3.184817e+06	1.287000e+03	3.182977e+06	1.287000e+03	3.198776e+06	1.287000e+03	3.186732e+06	1.287000e+03	3.187485e+06	1.287000e+03	3.185747e+06	1.287000e+03	3.178271e+06	1.287000e+03	3.186514e+06	1.287000e+03	3.188526e+06	1.287000e+03	3.188398e+06	1.287000e+03	3.192234e+06	1.287000e+03	3.189101e+06	1.287000e+03	3.197362e+06	1.287000e+03	3.188298e+06	1.287000e+03	3.184754e+06	1.287000e+03	3.179248e+06	1.287000e+03	3.182015e+06	1.287000e+03	3.194819e+06	1.287000e+03	3.188525e+06	1.287000e+03	3.196020e+06	1.287000e+03	3.197659e+06	1.287000e+03	3.199812e+06	1.287000e+03	3.198649e+06	1.287000e+03	3.184203e+06	1.287000e+03	3.185394e+06	1.287000e+03	3.184895e+06	1.287000e+03	3.187688e+06	1.287000e+03	3.187164e+06	1.287000e+03	3.182445e+06	1.287000e+03	3.186834e+06	1.287000e+03	3.186131e+06	1.287000e+03	3.201697e+06	1.287000e+03	3.188441e+06	1.287000e+03	3.182353e+06	1.287000e+03	3.183616e+06	1.287000e+03	3.196375e+06	1.287000e+03	3.196405e+06	1.287000e+03	3.200948e+06	1.287000e+03	3.193893e+06	1.287000e+03	3.195324e+06	1.287000e+03	3.193347e+06	1.287000e+03	3.194614e+06	1.287000e+03	3.201264e+06	1.287000e+03	3.205751e+06	1.287000e+03	3.207076e+06	1.287000e+03	3.203693e+06	1.287000e+03	3.208449e+06	1.287000e+03	3.201861e+06	1.287000e+03	3.196047e+06	1.287000e+03	3.191372e+06	1.287000e+03	3.202034e+06	1.287000e+03	3.207392e+06	1.287000e+03	3.203706e+06	1.287000e+03	3.201062e+06	1.287000e+03	3.199002e+06	1.287000e+03	3.199578e+06	1.287000e+03	3.207047e+06	1.287000e+03	3.206618e+06	1.287000e+03	3.208019e+06	1.287000e+03	3.210173e+06	1.287000e+03	3.207780e+06	1.287000e+03	3.214726e+06	1.287000e+03	3.209204e+06	1.287000e+03	3.207737e+06	1.287000e+03	3.199593e+06	1.287000e+03	3.214949e+06	1.287000e+03	3.208957e+06	1.287000e+03	3.217250e+06	1.287000e+03	3.217571e+06	1.287000e+03	3.210386e+06	1.287000e+03	3.209517e+06	1.287000e+03	3.217396e+06	1.287000e+03	3.210867e+06	1.287000e+03	3.210235e+06	1.287000e+03	3.216256e+06	1.287000e+03	3.214163e+06
1.288000e+03	3.115703e+06	1.288000e+03	3.124525e+06	1.288000e+03	3.121335e+06	1.288000e+03	3.120765e+06	1.288000e+03	3.138093e+06	1.288000e+03	3.130362e+06	1.288000e+03	3.145107e+06	1.288000e+03	3.136786e+06	1.288000e+03	3.154278e+06	1.288000e+03	3.148125e+06	1.288000e+03	3.167251e+06	1.288000e+03	3.168847e+06	1.288000e+03	3.163113e+06	1.288000e+03	3.170502e+06	1.288000e+03	3.157267e+06	1.288000e+03	3.152517e+06	1.288000e+03	3.153660e+06	1.288000e+03	3.159033e+06	1.288000e+03	3.163700e+06	1.288000e+03	3.168098e+06	1.288000e+03	3.158446e+06	1.288000e+03	3.160354e+06	1.288000e+03	3.149713e+06	1.288000e+03	3.168591e+06	1.288000e+03	3.159341e+06	1.288000e+03	3.160505e+06	1.288000e+03	3.163465e+06	1.288000e+03	3.153280e+06	1.288000e+03	3.178404e+06	1.288000e+03	3.156128e+06	1.288000e+03	3.160344e+06	1.288000e+03	3.146787e+06	1.288000e+03	3.147308e+06	1.288000e+03	3.160767e+06	1.288000e+03	3.160946e+06	1.288000e+03	3.171667e+06	1.288000e+03	3.173985e+06	1.288000e+03	3.163769e+06	1.288000e+03	3.174529e+06	1.288000e+03	3.156003e+06	1.288000e+03	3.164896e+06	1.288000e+03	3.166981e+06	1.288000e+03	3.155609e+06	1.288000e+03	3.166985e+06	1.288000e+03	3.155737e+06	1.288000e+03	3.153708e+06	1.288000e+03	3.159288e+06	1.288000e+03	3.159386e+06	1.288000e+03	3.161665e+06	1.288000e+03	3.164076e+06	1.288000e+03	3.167254e+06	1.288000e+03	3.177690e+06	1.288000e+03	3.171171e+06	1.288000e+03	3.168036e+06	1.288000e+03	3.178159e+06	1.288000e+03	3.161012e+06	1.288000e+03	3.165634e+06	1.288000e+03	3.173158e+06	1.288000e+03	3.181878e+06	1.288000e+03	3.165340e+06	1.288000e+03	3.163948e+06	1.288000e+03	3.170629e+06	1.288000e+03	3.165306e+06	1.288000e+03	3.164134e+06	1.288000e+03	3.173771e+06	1.288000e+03	3.178011e+06	1.288000e+03	3.176959e+06	1.288000e+03	3.180349e+06	1.288000e+03	3.168447e+06	1.288000e+03	3.166572e+06	1.288000e+03	3.172078e+06	1.288000e+03	3.165168e+06	1.288000e+03	3.180984e+06	1.288000e+03	3.170260e+06	1.288000e+03	3.166433e+06	1.288000e+03	3.171930e+06	1.288000e+03	3.183977e+06	1.288000e+03	3.176100e+06	1.288000e+03	3.178179e+06	1.288000e+03	3.183400e+06	1.288000e+03	3.178463e+06	1.288000e+03	3.182472e+06	1.288000e+03	3.183859e+06	1.288000e+03	3.165883e+06	1.288000e+03	3.175581e+06	1.288000e+03	3.179425e+06	1.288000e+03	3.182440e+06	1.288000e+03	3.183874e+06	1.288000e+03	3.186313e+06	1.288000e+03	3.186870e+06	1.288000e+03	3.182494e+06	1.288000e+03	3.182794e+06	1.288000e+03	3.180801e+06	1.288000e+03	3.182332e+06	1.288000e+03	3.185053e+06	1.288000e+03	3.184661e+06	1.288000e+03	3.188116e+06	1.288000e+03	3.168324e+06	1.288000e+03	3.178868e+06	1.288000e+03	3.186604e+06	1.288000e+03	3.193364e+06	1.288000e+03	3.202239e+06	1.288000e+03	3.191025e+06	1.288000e+03	3.188179e+06	1.288000e+03	3.194018e+06	1.288000e+03	3.190142e+06	1.288000e+03	3.193259e+06	1.288000e+03	3.191843e+06	1.288000e+03	3.188413e+06	1.288000e+03	3.183946e+06	1.288000e+03	3.189902e+06	1.288000e+03	3.188446e+06	1.288000e+03	3.189997e+06	1.288000e+03	3.188883e+06	1.288000e+03	3.186686e+06	1.288000e+03	3.193431e+06	1.288000e+03	3.188316e+06	1.288000e+03	3.184090e+06	1.288000e+03	3.184375e+06	1.288000e+03	3.193467e+06	1.288000e+03	3.190497e+06	1.288000e+03	3.188932e+06	1.288000e+03	3.190505e+06	1.288000e+03	3.196298e+06	1.288000e+03	3.187619e+06	1.288000e+03	3.200501e+06	1.288000e+03	3.184246e+06	1.288000e+03	3.186044e+06	1.288000e+03	3.185224e+06	1.288000e+03	3.188789e+06	1.288000e+03	3.187817e+06	1.288000e+03	3.185036e+06	1.288000e+03	3.186503e+06	1.288000e+03	3.183658e+06	1.288000e+03	3.198350e+06	1.288000e+03	3.186612e+06	1.288000e+03	3.188908e+06	1.288000e+03	3.187371e+06	1.288000e+03	3.180742e+06	1.288000e+03	3.182760e+06	1.288000e+03	3.188241e+06	1.288000e+03	3.186537e+06	1.288000e+03	3.193981e+06	1.288000e+03	3.187317e+06	1.288000e+03	3.192418e+06	1.288000e+03	3.189198e+06	1.288000e+03	3.186893e+06	1.288000e+03	3.177619e+06	1.288000e+03	3.180053e+06	1.288000e+03	3.194267e+06	1.288000e+03	3.183925e+06	1.288000e+03	3.196449e+06	1.288000e+03	3.197640e+06	1.288000e+03	3.193358e+06	1.288000e+03	3.196602e+06	1.288000e+03	3.184461e+06	1.288000e+03	3.188062e+06	1.288000e+03	3.183732e+06	1.288000e+03	3.187336e+06	1.288000e+03	3.184324e+06	1.288000e+03	3.182312e+06	1.288000e+03	3.189187e+06	1.288000e+03	3.186856e+06	1.288000e+03	3.198345e+06	1.288000e+03	3.192085e+06	1.288000e+03	3.184892e+06	1.288000e+03	3.185281e+06	1.288000e+03	3.197807e+06	1.288000e+03	3.196377e+06	1.288000e+03	3.199132e+06	1.288000e+03	3.195357e+06	1.288000e+03	3.195353e+06	1.288000e+03	3.195929e+06	1.288000e+03	3.199203e+06	1.288000e+03	3.201505e+06	1.288000e+03	3.200212e+06	1.288000e+03	3.207910e+06	1.288000e+03	3.202204e+06	1.288000e+03	3.206231e+06	1.288000e+03	3.199328e+06	1.288000e+03	3.195382e+06	1.288000e+03	3.185414e+06	1.288000e+03	3.200596e+06	1.288000e+03	3.206976e+06	1.288000e+03	3.200105e+06	1.288000e+03	3.201271e+06	1.288000e+03	3.200744e+06	1.288000e+03	3.196601e+06	1.288000e+03	3.210783e+06	1.288000e+03	3.202959e+06	1.288000e+03	3.203879e+06	1.288000e+03	3.212328e+06	1.288000e+03	3.205981e+06	1.288000e+03	3.214102e+06	1.288000e+03	3.206501e+06	1.288000e+03	3.203973e+06	1.288000e+03	3.196991e+06	1.288000e+03	3.218071e+06	1.288000e+03	3.208259e+06	1.288000e+03	3.217990e+06	1.288000e+03	3.216848e+06	1.288000e+03	3.214374e+06	1.288000e+03	3.212310e+06	1.288000e+03	3.210932e+06	1.288000e+03	3.211978e+06	1.288000e+03	3.211748e+06	1.288000e+03	3.218743e+06	1.288000e+03	3.211035e+06
1.289000e+03	3.114882e+06	1.289000e+03	3.124918e+06	1.289000e+03	3.126938e+06	1.289000e+03	3.122639e+06	1.289000e+03	3.133450e+06	1.289000e+03	3.137303e+06	1.289000e+03	3.142761e+06	1.289000e+03	3.132627e+06	1.289000e+03	3.149867e+06	1.289000e+03	3.149728e+06	1.289000e+03	3.171215e+06	1.289000e+03	3.169175e+06	1.289000e+03	3.161488e+06	1.289000e+03	3.172863e+06	1.289000e+03	3.150449e+06	1.289000e+03	3.148853e+06	1.289000e+03	3.150360e+06	1.289000e+03	3.157363e+06	1.289000e+03	3.161880e+06	1.289000e+03	3.163616e+06	1.289000e+03	3.163312e+06	1.289000e+03	3.160366e+06	1.289000e+03	3.148211e+06	1.289000e+03	3.168163e+06	1.289000e+03	3.158216e+06	1.289000e+03	3.162307e+06	1.289000e+03	3.159295e+06	1.289000e+03	3.154787e+06	1.289000e+03	3.167738e+06	1.289000e+03	3.159040e+06	1.289000e+03	3.158870e+06	1.289000e+03	3.151890e+06	1.289000e+03	3.150679e+06	1.289000e+03	3.160060e+06	1.289000e+03	3.162946e+06	1.289000e+03	3.175841e+06	1.289000e+03	3.173992e+06	1.289000e+03	3.169657e+06	1.289000e+03	3.172934e+06	1.289000e+03	3.158762e+06	1.289000e+03	3.166399e+06	1.289000e+03	3.163294e+06	1.289000e+03	3.156010e+06	1.289000e+03	3.169959e+06	1.289000e+03	3.159987e+06	1.289000e+03	3.153675e+06	1.289000e+03	3.159034e+06	1.289000e+03	3.160390e+06	1.289000e+03	3.164672e+06	1.289000e+03	3.165252e+06	1.289000e+03	3.164200e+06	1.289000e+03	3.179899e+06	1.289000e+03	3.169410e+06	1.289000e+03	3.168445e+06	1.289000e+03	3.177131e+06	1.289000e+03	3.162819e+06	1.289000e+03	3.164053e+06	1.289000e+03	3.172698e+06	1.289000e+03	3.182657e+06	1.289000e+03	3.162631e+06	1.289000e+03	3.167352e+06	1.289000e+03	3.169653e+06	1.289000e+03	3.169297e+06	1.289000e+03	3.161851e+06	1.289000e+03	3.177266e+06	1.289000e+03	3.179269e+06	1.289000e+03	3.179598e+06	1.289000e+03	3.178583e+06	1.289000e+03	3.166480e+06	1.289000e+03	3.168082e+06	1.289000e+03	3.174522e+06	1.289000e+03	3.169196e+06	1.289000e+03	3.184693e+06	1.289000e+03	3.172780e+06	1.289000e+03	3.168170e+06	1.289000e+03	3.170832e+06	1.289000e+03	3.182473e+06	1.289000e+03	3.180249e+06	1.289000e+03	3.178521e+06	1.289000e+03	3.180155e+06	1.289000e+03	3.181020e+06	1.289000e+03	3.186974e+06	1.289000e+03	3.180953e+06	1.289000e+03	3.167360e+06	1.289000e+03	3.173061e+06	1.289000e+03	3.176423e+06	1.289000e+03	3.180838e+06	1.289000e+03	3.183688e+06	1.289000e+03	3.189515e+06	1.289000e+03	3.184283e+06	1.289000e+03	3.180764e+06	1.289000e+03	3.180262e+06	1.289000e+03	3.179924e+06	1.289000e+03	3.184689e+06	1.289000e+03	3.184840e+06	1.289000e+03	3.182452e+06	1.289000e+03	3.187060e+06	1.289000e+03	3.170742e+06	1.289000e+03	3.179549e+06	1.289000e+03	3.187514e+06	1.289000e+03	3.191240e+06	1.289000e+03	3.199673e+06	1.289000e+03	3.191393e+06	1.289000e+03	3.191395e+06	1.289000e+03	3.196067e+06	1.289000e+03	3.186563e+06	1.289000e+03	3.194891e+06	1.289000e+03	3.189802e+06	1.289000e+03	3.185969e+06	1.289000e+03	3.180269e+06	1.289000e+03	3.191640e+06	1.289000e+03	3.186168e+06	1.289000e+03	3.191093e+06	1.289000e+03	3.185378e+06	1.289000e+03	3.182551e+06	1.289000e+03	3.194456e+06	1.289000e+03	3.195577e+06	1.289000e+03	3.180008e+06	1.289000e+03	3.185819e+06	1.289000e+03	3.195488e+06	1.289000e+03	3.189586e+06	1.289000e+03	3.188182e+06	1.289000e+03	3.190465e+06	1.289000e+03	3.195651e+06	1.289000e+03	3.186080e+06	1.289000e+03	3.197560e+06	1.289000e+03	3.183542e+06	1.289000e+03	3.182873e+06	1.289000e+03	3.184375e+06	1.289000e+03	3.187969e+06	1.289000e+03	3.191984e+06	1.289000e+03	3.183218e+06	1.289000e+03	3.184787e+06	1.289000e+03	3.182548e+06	1.289000e+03	3.193909e+06	1.289000e+03	3.186564e+06	1.289000e+03	3.189785e+06	1.289000e+03	3.187419e+06	1.289000e+03	3.181333e+06	1.289000e+03	3.185927e+06	1.289000e+03	3.186282e+06	1.289000e+03	3.189980e+06	1.289000e+03	3.193736e+06	1.289000e+03	3.187049e+06	1.289000e+03	3.193474e+06	1.289000e+03	3.190727e+06	1.289000e+03	3.188414e+06	1.289000e+03	3.178423e+06	1.289000e+03	3.184450e+06	1.289000e+03	3.193161e+06	1.289000e+03	3.184184e+06	1.289000e+03	3.200565e+06	1.289000e+03	3.195256e+06	1.289000e+03	3.191700e+06	1.289000e+03	3.196331e+06	1.289000e+03	3.184224e+06	1.289000e+03	3.184892e+06	1.289000e+03	3.183308e+06	1.289000e+03	3.186609e+06	1.289000e+03	3.182518e+06	1.289000e+03	3.184280e+06	1.289000e+03	3.193965e+06	1.289000e+03	3.187208e+06	1.289000e+03	3.196616e+06	1.289000e+03	3.190241e+06	1.289000e+03	3.186421e+06	1.289000e+03	3.186454e+06	1.289000e+03	3.195601e+06	1.289000e+03	3.197165e+06	1.289000e+03	3.196834e+06	1.289000e+03	3.192242e+06	1.289000e+03	3.197404e+06	1.289000e+03	3.194475e+06	1.289000e+03	3.196988e+06	1.289000e+03	3.202325e+06	1.289000e+03	3.202372e+06	1.289000e+03	3.203718e+06	1.289000e+03	3.206401e+06	1.289000e+03	3.205671e+06	1.289000e+03	3.199625e+06	1.289000e+03	3.198435e+06	1.289000e+03	3.185539e+06	1.289000e+03	3.199408e+06	1.289000e+03	3.206136e+06	1.289000e+03	3.204692e+06	1.289000e+03	3.202416e+06	1.289000e+03	3.201950e+06	1.289000e+03	3.199831e+06	1.289000e+03	3.207864e+06	1.289000e+03	3.203684e+06	1.289000e+03	3.210050e+06	1.289000e+03	3.210385e+06	1.289000e+03	3.203192e+06	1.289000e+03	3.214688e+06	1.289000e+03	3.204004e+06	1.289000e+03	3.202165e+06	1.289000e+03	3.201506e+06	1.289000e+03	3.217502e+06	1.289000e+03	3.206808e+06	1.289000e+03	3.221175e+06	1.289000e+03	3.217916e+06	1.289000e+03	3.208439e+06	1.289000e+03	3.210358e+06	1.289000e+03	3.214883e+06	1.289000e+03	3.212214e+06	1.289000e+03	3.209129e+06	1.289000e+03	3.215371e+06	1.289000e+03	3.208435e+06
1.290000e+03	3.116615e+06	1.290000e+03	3.123664e+06	1.290000e+03	3.128065e+06	1.290000e+03	3.125026e+06	1.290000e+03	3.133771e+06	1.290000e+03	3.132903e+06	1.290000e+03	3.141421e+06	1.290000e+03	3.133293e+06	1.290000e+03	3.150534e+06	1.290000e+03	3.147054e+06	1.290000e+03	3.171921e+06	1.290000e+03	3.167895e+06	1.290000e+03	3.163095e+06	1.290000e+03	3.182113e+06	1.290000e+03	3.159662e+06	1.290000e+03	3.149033e+06	1.290000e+03	3.155616e+06	1.290000e+03	3.157581e+06	1.290000e+03	3.162996e+06	1.290000e+03	3.160859e+06	1.290000e+03	3.160343e+06	1.290000e+03	3.159365e+06	1.290000e+03	3.148296e+06	1.290000e+03	3.168809e+06	1.290000e+03	3.158744e+06	1.290000e+03	3.160540e+06	1.290000e+03	3.156990e+06	1.290000e+03	3.148982e+06	1.290000e+03	3.162143e+06	1.290000e+03	3.162842e+06	1.290000e+03	3.157863e+06	1.290000e+03	3.154082e+06	1.290000e+03	3.155667e+06	1.290000e+03	3.162299e+06	1.290000e+03	3.162160e+06	1.290000e+03	3.171741e+06	1.290000e+03	3.179023e+06	1.290000e+03	3.169945e+06	1.290000e+03	3.172332e+06	1.290000e+03	3.161159e+06	1.290000e+03	3.166021e+06	1.290000e+03	3.164554e+06	1.290000e+03	3.157223e+06	1.290000e+03	3.160905e+06	1.290000e+03	3.160622e+06	1.290000e+03	3.154650e+06	1.290000e+03	3.157842e+06	1.290000e+03	3.164068e+06	1.290000e+03	3.164071e+06	1.290000e+03	3.164629e+06	1.290000e+03	3.163923e+06	1.290000e+03	3.178968e+06	1.290000e+03	3.171445e+06	1.290000e+03	3.169886e+06	1.290000e+03	3.178181e+06	1.290000e+03	3.159184e+06	1.290000e+03	3.162127e+06	1.290000e+03	3.173802e+06	1.290000e+03	3.183651e+06	1.290000e+03	3.158374e+06	1.290000e+03	3.171927e+06	1.290000e+03	3.169961e+06	1.290000e+03	3.165424e+06	1.290000e+03	3.164229e+06	1.290000e+03	3.175562e+06	1.290000e+03	3.175109e+06	1.290000e+03	3.175869e+06	1.290000e+03	3.177457e+06	1.290000e+03	3.166809e+06	1.290000e+03	3.161960e+06	1.290000e+03	3.172622e+06	1.290000e+03	3.169089e+06	1.290000e+03	3.180844e+06	1.290000e+03	3.170887e+06	1.290000e+03	3.164625e+06	1.290000e+03	3.174701e+06	1.290000e+03	3.185586e+06	1.290000e+03	3.183308e+06	1.290000e+03	3.180232e+06	1.290000e+03	3.184959e+06	1.290000e+03	3.180231e+06	1.290000e+03	3.183381e+06	1.290000e+03	3.185578e+06	1.290000e+03	3.165768e+06	1.290000e+03	3.174690e+06	1.290000e+03	3.180788e+06	1.290000e+03	3.179482e+06	1.290000e+03	3.180406e+06	1.290000e+03	3.185782e+06	1.290000e+03	3.182392e+06	1.290000e+03	3.187115e+06	1.290000e+03	3.175853e+06	1.290000e+03	3.181455e+06	1.290000e+03	3.189083e+06	1.290000e+03	3.186490e+06	1.290000e+03	3.182017e+06	1.290000e+03	3.180047e+06	1.290000e+03	3.169382e+06	1.290000e+03	3.177149e+06	1.290000e+03	3.189849e+06	1.290000e+03	3.194875e+06	1.290000e+03	3.202064e+06	1.290000e+03	3.193715e+06	1.290000e+03	3.188369e+06	1.290000e+03	3.195264e+06	1.290000e+03	3.187335e+06	1.290000e+03	3.195355e+06	1.290000e+03	3.193511e+06	1.290000e+03	3.180470e+06	1.290000e+03	3.183707e+06	1.290000e+03	3.194333e+06	1.290000e+03	3.184889e+06	1.290000e+03	3.192494e+06	1.290000e+03	3.187668e+06	1.290000e+03	3.186527e+06	1.290000e+03	3.194873e+06	1.290000e+03	3.190403e+06	1.290000e+03	3.175852e+06	1.290000e+03	3.186608e+06	1.290000e+03	3.191503e+06	1.290000e+03	3.193330e+06	1.290000e+03	3.190999e+06	1.290000e+03	3.188132e+06	1.290000e+03	3.192741e+06	1.290000e+03	3.185524e+06	1.290000e+03	3.199677e+06	1.290000e+03	3.184447e+06	1.290000e+03	3.185677e+06	1.290000e+03	3.183138e+06	1.290000e+03	3.189638e+06	1.290000e+03	3.185495e+06	1.290000e+03	3.182259e+06	1.290000e+03	3.188883e+06	1.290000e+03	3.183467e+06	1.290000e+03	3.198846e+06	1.290000e+03	3.186304e+06	1.290000e+03	3.186694e+06	1.290000e+03	3.187206e+06	1.290000e+03	3.179706e+06	1.290000e+03	3.188137e+06	1.290000e+03	3.186623e+06	1.290000e+03	3.188578e+06	1.290000e+03	3.195330e+06	1.290000e+03	3.188908e+06	1.290000e+03	3.195564e+06	1.290000e+03	3.191671e+06	1.290000e+03	3.194295e+06	1.290000e+03	3.185111e+06	1.290000e+03	3.187270e+06	1.290000e+03	3.193565e+06	1.290000e+03	3.187349e+06	1.290000e+03	3.197670e+06	1.290000e+03	3.196059e+06	1.290000e+03	3.195781e+06	1.290000e+03	3.196976e+06	1.290000e+03	3.187873e+06	1.290000e+03	3.189464e+06	1.290000e+03	3.180954e+06	1.290000e+03	3.186810e+06	1.290000e+03	3.183219e+06	1.290000e+03	3.181368e+06	1.290000e+03	3.188690e+06	1.290000e+03	3.184602e+06	1.290000e+03	3.200573e+06	1.290000e+03	3.191812e+06	1.290000e+03	3.187566e+06	1.290000e+03	3.187968e+06	1.290000e+03	3.194589e+06	1.290000e+03	3.192560e+06	1.290000e+03	3.195781e+06	1.290000e+03	3.197268e+06	1.290000e+03	3.197473e+06	1.290000e+03	3.193388e+06	1.290000e+03	3.197835e+06	1.290000e+03	3.201399e+06	1.290000e+03	3.199808e+06	1.290000e+03	3.196799e+06	1.290000e+03	3.205160e+06	1.290000e+03	3.206444e+06	1.290000e+03	3.198791e+06	1.290000e+03	3.201765e+06	1.290000e+03	3.187035e+06	1.290000e+03	3.202038e+06	1.290000e+03	3.207703e+06	1.290000e+03	3.206928e+06	1.290000e+03	3.199972e+06	1.290000e+03	3.201974e+06	1.290000e+03	3.199623e+06	1.290000e+03	3.210399e+06	1.290000e+03	3.203545e+06	1.290000e+03	3.206123e+06	1.290000e+03	3.211205e+06	1.290000e+03	3.210297e+06	1.290000e+03	3.212763e+06	1.290000e+03	3.205761e+06	1.290000e+03	3.207838e+06	1.290000e+03	3.202880e+06	1.290000e+03	3.216679e+06	1.290000e+03	3.203443e+06	1.290000e+03	3.214569e+06	1.290000e+03	3.217954e+06	1.290000e+03	3.205159e+06	1.290000e+03	3.211381e+06	1.290000e+03	3.218890e+06	1.290000e+03	3.212054e+06	1.290000e+03	3.208833e+06	1.290000e+03	3.211725e+06	1.290000e+03	3.206492e+06
1.291000e+03	3.114352e+06	1.291000e+03	3.128082e+06	1.291000e+03	3.123448e+06	1.291000e+03	3.129065e+06	1.291000e+03	3.134888e+06	1.291000e+03	3.131782e+06	1.291000e+03	3.142654e+06	1.291000e+03	3.131957e+06	1.291000e+03	3.152106e+06	1.291000e+03	3.147859e+06	1.291000e+03	3.169870e+06	1.291000e+03	3.165716e+06	1.291000e+03	3.163358e+06	1.291000e+03	3.183092e+06	1.291000e+03	3.160301e+06	1.291000e+03	3.151604e+06	1.291000e+03	3.161107e+06	1.291000e+03	3.157962e+06	1.291000e+03	3.157002e+06	1.291000e+03	3.164860e+06	1.291000e+03	3.158787e+06	1.291000e+03	3.158547e+06	1.291000e+03	3.152775e+06	1.291000e+03	3.173149e+06	1.291000e+03	3.160608e+06	1.291000e+03	3.163309e+06	1.291000e+03	3.158183e+06	1.291000e+03	3.148169e+06	1.291000e+03	3.163172e+06	1.291000e+03	3.164418e+06	1.291000e+03	3.157679e+06	1.291000e+03	3.157500e+06	1.291000e+03	3.153445e+06	1.291000e+03	3.161543e+06	1.291000e+03	3.168567e+06	1.291000e+03	3.176405e+06	1.291000e+03	3.171671e+06	1.291000e+03	3.169790e+06	1.291000e+03	3.175012e+06	1.291000e+03	3.160565e+06	1.291000e+03	3.165365e+06	1.291000e+03	3.166969e+06	1.291000e+03	3.159325e+06	1.291000e+03	3.159504e+06	1.291000e+03	3.156653e+06	1.291000e+03	3.153428e+06	1.291000e+03	3.158530e+06	1.291000e+03	3.166181e+06	1.291000e+03	3.164998e+06	1.291000e+03	3.165545e+06	1.291000e+03	3.165533e+06	1.291000e+03	3.170850e+06	1.291000e+03	3.166985e+06	1.291000e+03	3.167480e+06	1.291000e+03	3.178085e+06	1.291000e+03	3.160691e+06	1.291000e+03	3.164524e+06	1.291000e+03	3.173071e+06	1.291000e+03	3.182492e+06	1.291000e+03	3.160266e+06	1.291000e+03	3.171340e+06	1.291000e+03	3.175277e+06	1.291000e+03	3.169582e+06	1.291000e+03	3.159464e+06	1.291000e+03	3.169541e+06	1.291000e+03	3.175219e+06	1.291000e+03	3.180871e+06	1.291000e+03	3.179905e+06	1.291000e+03	3.166756e+06	1.291000e+03	3.161434e+06	1.291000e+03	3.183606e+06	1.291000e+03	3.166126e+06	1.291000e+03	3.183793e+06	1.291000e+03	3.167933e+06	1.291000e+03	3.165385e+06	1.291000e+03	3.172822e+06	1.291000e+03	3.181848e+06	1.291000e+03	3.182694e+06	1.291000e+03	3.181014e+06	1.291000e+03	3.185944e+06	1.291000e+03	3.176912e+06	1.291000e+03	3.182914e+06	1.291000e+03	3.179825e+06	1.291000e+03	3.161924e+06	1.291000e+03	3.171592e+06	1.291000e+03	3.179408e+06	1.291000e+03	3.178020e+06	1.291000e+03	3.185295e+06	1.291000e+03	3.188298e+06	1.291000e+03	3.186493e+06	1.291000e+03	3.189728e+06	1.291000e+03	3.178541e+06	1.291000e+03	3.179898e+06	1.291000e+03	3.185789e+06	1.291000e+03	3.185453e+06	1.291000e+03	3.183837e+06	1.291000e+03	3.181936e+06	1.291000e+03	3.170156e+06	1.291000e+03	3.182042e+06	1.291000e+03	3.187743e+06	1.291000e+03	3.193615e+06	1.291000e+03	3.199623e+06	1.291000e+03	3.190384e+06	1.291000e+03	3.188158e+06	1.291000e+03	3.196842e+06	1.291000e+03	3.186452e+06	1.291000e+03	3.193347e+06	1.291000e+03	3.195235e+06	1.291000e+03	3.185281e+06	1.291000e+03	3.186051e+06	1.291000e+03	3.190048e+06	1.291000e+03	3.186803e+06	1.291000e+03	3.194243e+06	1.291000e+03	3.187744e+06	1.291000e+03	3.187883e+06	1.291000e+03	3.191679e+06	1.291000e+03	3.190864e+06	1.291000e+03	3.181290e+06	1.291000e+03	3.187091e+06	1.291000e+03	3.193501e+06	1.291000e+03	3.191541e+06	1.291000e+03	3.186315e+06	1.291000e+03	3.187463e+06	1.291000e+03	3.196497e+06	1.291000e+03	3.184345e+06	1.291000e+03	3.199843e+06	1.291000e+03	3.183128e+06	1.291000e+03	3.184294e+06	1.291000e+03	3.185111e+06	1.291000e+03	3.187325e+06	1.291000e+03	3.186133e+06	1.291000e+03	3.186340e+06	1.291000e+03	3.186932e+06	1.291000e+03	3.181225e+06	1.291000e+03	3.202877e+06	1.291000e+03	3.190073e+06	1.291000e+03	3.184690e+06	1.291000e+03	3.186136e+06	1.291000e+03	3.178592e+06	1.291000e+03	3.182070e+06	1.291000e+03	3.187129e+06	1.291000e+03	3.190176e+06	1.291000e+03	3.193866e+06	1.291000e+03	3.186304e+06	1.291000e+03	3.198044e+06	1.291000e+03	3.192050e+06	1.291000e+03	3.190570e+06	1.291000e+03	3.186003e+06	1.291000e+03	3.185322e+06	1.291000e+03	3.191583e+06	1.291000e+03	3.188350e+06	1.291000e+03	3.196682e+06	1.291000e+03	3.193315e+06	1.291000e+03	3.189823e+06	1.291000e+03	3.195606e+06	1.291000e+03	3.193155e+06	1.291000e+03	3.191759e+06	1.291000e+03	3.183918e+06	1.291000e+03	3.189228e+06	1.291000e+03	3.183517e+06	1.291000e+03	3.184958e+06	1.291000e+03	3.190444e+06	1.291000e+03	3.184851e+06	1.291000e+03	3.200839e+06	1.291000e+03	3.186741e+06	1.291000e+03	3.190832e+06	1.291000e+03	3.189125e+06	1.291000e+03	3.194288e+06	1.291000e+03	3.193525e+06	1.291000e+03	3.193785e+06	1.291000e+03	3.198025e+06	1.291000e+03	3.196565e+06	1.291000e+03	3.191007e+06	1.291000e+03	3.193612e+06	1.291000e+03	3.197025e+06	1.291000e+03	3.199120e+06	1.291000e+03	3.194821e+06	1.291000e+03	3.204324e+06	1.291000e+03	3.204952e+06	1.291000e+03	3.196940e+06	1.291000e+03	3.198937e+06	1.291000e+03	3.182572e+06	1.291000e+03	3.200046e+06	1.291000e+03	3.205534e+06	1.291000e+03	3.200872e+06	1.291000e+03	3.204491e+06	1.291000e+03	3.203183e+06	1.291000e+03	3.196911e+06	1.291000e+03	3.207207e+06	1.291000e+03	3.204014e+06	1.291000e+03	3.206306e+06	1.291000e+03	3.210136e+06	1.291000e+03	3.210197e+06	1.291000e+03	3.212231e+06	1.291000e+03	3.207051e+06	1.291000e+03	3.213724e+06	1.291000e+03	3.203539e+06	1.291000e+03	3.215344e+06	1.291000e+03	3.205902e+06	1.291000e+03	3.212448e+06	1.291000e+03	3.208215e+06	1.291000e+03	3.207387e+06	1.291000e+03	3.216980e+06	1.291000e+03	3.213845e+06	1.291000e+03	3.206285e+06	1.291000e+03	3.207926e+06	1.291000e+03	3.216554e+06	1.291000e+03	3.208251e+06
1.292000e+03	3.117104e+06	1.292000e+03	3.125116e+06	1.292000e+03	3.125394e+06	1.292000e+03	3.120682e+06	1.292000e+03	3.132115e+06	1.292000e+03	3.133639e+06	1.292000e+03	3.141278e+06	1.292000e+03	3.137749e+06	1.292000e+03	3.146019e+06	1.292000e+03	3.146760e+06	1.292000e+03	3.173557e+06	1.292000e+03	3.168006e+06	1.292000e+03	3.163436e+06	1.292000e+03	3.179023e+06	1.292000e+03	3.165243e+06	1.292000e+03	3.150179e+06	1.292000e+03	3.159210e+06	1.292000e+03	3.159020e+06	1.292000e+03	3.160809e+06	1.292000e+03	3.163169e+06	1.292000e+03	3.161680e+06	1.292000e+03	3.158871e+06	1.292000e+03	3.147703e+06	1.292000e+03	3.170670e+06	1.292000e+03	3.158725e+06	1.292000e+03	3.157743e+06	1.292000e+03	3.157552e+06	1.292000e+03	3.147135e+06	1.292000e+03	3.160981e+06	1.292000e+03	3.160108e+06	1.292000e+03	3.158976e+06	1.292000e+03	3.152162e+06	1.292000e+03	3.157297e+06	1.292000e+03	3.163490e+06	1.292000e+03	3.161006e+06	1.292000e+03	3.180077e+06	1.292000e+03	3.169864e+06	1.292000e+03	3.171533e+06	1.292000e+03	3.176984e+06	1.292000e+03	3.156987e+06	1.292000e+03	3.161412e+06	1.292000e+03	3.167867e+06	1.292000e+03	3.157164e+06	1.292000e+03	3.157981e+06	1.292000e+03	3.155889e+06	1.292000e+03	3.155530e+06	1.292000e+03	3.156558e+06	1.292000e+03	3.165949e+06	1.292000e+03	3.167555e+06	1.292000e+03	3.167063e+06	1.292000e+03	3.165466e+06	1.292000e+03	3.171504e+06	1.292000e+03	3.168799e+06	1.292000e+03	3.168915e+06	1.292000e+03	3.175899e+06	1.292000e+03	3.164119e+06	1.292000e+03	3.164210e+06	1.292000e+03	3.178946e+06	1.292000e+03	3.178638e+06	1.292000e+03	3.162070e+06	1.292000e+03	3.167285e+06	1.292000e+03	3.170594e+06	1.292000e+03	3.170533e+06	1.292000e+03	3.161750e+06	1.292000e+03	3.171329e+06	1.292000e+03	3.167237e+06	1.292000e+03	3.178318e+06	1.292000e+03	3.177507e+06	1.292000e+03	3.167667e+06	1.292000e+03	3.163202e+06	1.292000e+03	3.175846e+06	1.292000e+03	3.173324e+06	1.292000e+03	3.184363e+06	1.292000e+03	3.172774e+06	1.292000e+03	3.163772e+06	1.292000e+03	3.174317e+06	1.292000e+03	3.181534e+06	1.292000e+03	3.178155e+06	1.292000e+03	3.182463e+06	1.292000e+03	3.191652e+06	1.292000e+03	3.177201e+06	1.292000e+03	3.183075e+06	1.292000e+03	3.184213e+06	1.292000e+03	3.162812e+06	1.292000e+03	3.173032e+06	1.292000e+03	3.176686e+06	1.292000e+03	3.179625e+06	1.292000e+03	3.185617e+06	1.292000e+03	3.187020e+06	1.292000e+03	3.186697e+06	1.292000e+03	3.181308e+06	1.292000e+03	3.176278e+06	1.292000e+03	3.180787e+06	1.292000e+03	3.187833e+06	1.292000e+03	3.182744e+06	1.292000e+03	3.184184e+06	1.292000e+03	3.182151e+06	1.292000e+03	3.175093e+06	1.292000e+03	3.184845e+06	1.292000e+03	3.193705e+06	1.292000e+03	3.196037e+06	1.292000e+03	3.203257e+06	1.292000e+03	3.191557e+06	1.292000e+03	3.187721e+06	1.292000e+03	3.195471e+06	1.292000e+03	3.188862e+06	1.292000e+03	3.193347e+06	1.292000e+03	3.193995e+06	1.292000e+03	3.185205e+06	1.292000e+03	3.182194e+06	1.292000e+03	3.186702e+06	1.292000e+03	3.190335e+06	1.292000e+03	3.196915e+06	1.292000e+03	3.189435e+06	1.292000e+03	3.186765e+06	1.292000e+03	3.193760e+06	1.292000e+03	3.189569e+06	1.292000e+03	3.182171e+06	1.292000e+03	3.186890e+06	1.292000e+03	3.188297e+06	1.292000e+03	3.188157e+06	1.292000e+03	3.185870e+06	1.292000e+03	3.187687e+06	1.292000e+03	3.191945e+06	1.292000e+03	3.183990e+06	1.292000e+03	3.198041e+06	1.292000e+03	3.182141e+06	1.292000e+03	3.186441e+06	1.292000e+03	3.189896e+06	1.292000e+03	3.191441e+06	1.292000e+03	3.190801e+06	1.292000e+03	3.183760e+06	1.292000e+03	3.189197e+06	1.292000e+03	3.181127e+06	1.292000e+03	3.194703e+06	1.292000e+03	3.185254e+06	1.292000e+03	3.186265e+06	1.292000e+03	3.182464e+06	1.292000e+03	3.183035e+06	1.292000e+03	3.185124e+06	1.292000e+03	3.186207e+06	1.292000e+03	3.190675e+06	1.292000e+03	3.193429e+06	1.292000e+03	3.185823e+06	1.292000e+03	3.191927e+06	1.292000e+03	3.192943e+06	1.292000e+03	3.186458e+06	1.292000e+03	3.182545e+06	1.292000e+03	3.181841e+06	1.292000e+03	3.190626e+06	1.292000e+03	3.189964e+06	1.292000e+03	3.195381e+06	1.292000e+03	3.188697e+06	1.292000e+03	3.188669e+06	1.292000e+03	3.199064e+06	1.292000e+03	3.189183e+06	1.292000e+03	3.191402e+06	1.292000e+03	3.185093e+06	1.292000e+03	3.187006e+06	1.292000e+03	3.189262e+06	1.292000e+03	3.185471e+06	1.292000e+03	3.190196e+06	1.292000e+03	3.183134e+06	1.292000e+03	3.198590e+06	1.292000e+03	3.189177e+06	1.292000e+03	3.188001e+06	1.292000e+03	3.186550e+06	1.292000e+03	3.193757e+06	1.292000e+03	3.196722e+06	1.292000e+03	3.196637e+06	1.292000e+03	3.197536e+06	1.292000e+03	3.200449e+06	1.292000e+03	3.193802e+06	1.292000e+03	3.197330e+06	1.292000e+03	3.200955e+06	1.292000e+03	3.197940e+06	1.292000e+03	3.196555e+06	1.292000e+03	3.204915e+06	1.292000e+03	3.205250e+06	1.292000e+03	3.199263e+06	1.292000e+03	3.198974e+06	1.292000e+03	3.182969e+06	1.292000e+03	3.203607e+06	1.292000e+03	3.203873e+06	1.292000e+03	3.202428e+06	1.292000e+03	3.203836e+06	1.292000e+03	3.198813e+06	1.292000e+03	3.198158e+06	1.292000e+03	3.204686e+06	1.292000e+03	3.204323e+06	1.292000e+03	3.206074e+06	1.292000e+03	3.208318e+06	1.292000e+03	3.211777e+06	1.292000e+03	3.211655e+06	1.292000e+03	3.208695e+06	1.292000e+03	3.208597e+06	1.292000e+03	3.203790e+06	1.292000e+03	3.215743e+06	1.292000e+03	3.213356e+06	1.292000e+03	3.211021e+06	1.292000e+03	3.209904e+06	1.292000e+03	3.207565e+06	1.292000e+03	3.213897e+06	1.292000e+03	3.214548e+06	1.292000e+03	3.210385e+06	1.292000e+03	3.212029e+06	1.292000e+03	3.213127e+06	1.292000e+03	3.207187e+06
1.293000e+03	3.117453e+06	1.293000e+03	3.131563e+06	1.293000e+03	3.126039e+06	1.293000e+03	3.122740e+06	1.293000e+03	3.132562e+06	1.293000e+03	3.135499e+06	1.293000e+03	3.140465e+06	1.293000e+03	3.133403e+06	1.293000e+03	3.152769e+06	1.293000e+03	3.147743e+06	1.293000e+03	3.174043e+06	1.293000e+03	3.170017e+06	1.293000e+03	3.166170e+06	1.293000e+03	3.180434e+06	1.293000e+03	3.160630e+06	1.293000e+03	3.145623e+06	1.293000e+03	3.159522e+06	1.293000e+03	3.161709e+06	1.293000e+03	3.164497e+06	1.293000e+03	3.158375e+06	1.293000e+03	3.156446e+06	1.293000e+03	3.161434e+06	1.293000e+03	3.149976e+06	1.293000e+03	3.172362e+06	1.293000e+03	3.159668e+06	1.293000e+03	3.161970e+06	1.293000e+03	3.155750e+06	1.293000e+03	3.146317e+06	1.293000e+03	3.164416e+06	1.293000e+03	3.165292e+06	1.293000e+03	3.159850e+06	1.293000e+03	3.152273e+06	1.293000e+03	3.155383e+06	1.293000e+03	3.160286e+06	1.293000e+03	3.161670e+06	1.293000e+03	3.172379e+06	1.293000e+03	3.167326e+06	1.293000e+03	3.174347e+06	1.293000e+03	3.172279e+06	1.293000e+03	3.154294e+06	1.293000e+03	3.159558e+06	1.293000e+03	3.166736e+06	1.293000e+03	3.159300e+06	1.293000e+03	3.160147e+06	1.293000e+03	3.157916e+06	1.293000e+03	3.157778e+06	1.293000e+03	3.155673e+06	1.293000e+03	3.166612e+06	1.293000e+03	3.168438e+06	1.293000e+03	3.170301e+06	1.293000e+03	3.170981e+06	1.293000e+03	3.170157e+06	1.293000e+03	3.170502e+06	1.293000e+03	3.167141e+06	1.293000e+03	3.171978e+06	1.293000e+03	3.155190e+06	1.293000e+03	3.163556e+06	1.293000e+03	3.177520e+06	1.293000e+03	3.181317e+06	1.293000e+03	3.165873e+06	1.293000e+03	3.171656e+06	1.293000e+03	3.175111e+06	1.293000e+03	3.173912e+06	1.293000e+03	3.164929e+06	1.293000e+03	3.163240e+06	1.293000e+03	3.170011e+06	1.293000e+03	3.176645e+06	1.293000e+03	3.181596e+06	1.293000e+03	3.165386e+06	1.293000e+03	3.162277e+06	1.293000e+03	3.177086e+06	1.293000e+03	3.168278e+06	1.293000e+03	3.186029e+06	1.293000e+03	3.172687e+06	1.293000e+03	3.164257e+06	1.293000e+03	3.171843e+06	1.293000e+03	3.183195e+06	1.293000e+03	3.181643e+06	1.293000e+03	3.177590e+06	1.293000e+03	3.189960e+06	1.293000e+03	3.180773e+06	1.293000e+03	3.178479e+06	1.293000e+03	3.181715e+06	1.293000e+03	3.168555e+06	1.293000e+03	3.179127e+06	1.293000e+03	3.177065e+06	1.293000e+03	3.182531e+06	1.293000e+03	3.187873e+06	1.293000e+03	3.186773e+06	1.293000e+03	3.184485e+06	1.293000e+03	3.182123e+06	1.293000e+03	3.175051e+06	1.293000e+03	3.187460e+06	1.293000e+03	3.185491e+06	1.293000e+03	3.184837e+06	1.293000e+03	3.179166e+06	1.293000e+03	3.185587e+06	1.293000e+03	3.177153e+06	1.293000e+03	3.183112e+06	1.293000e+03	3.194205e+06	1.293000e+03	3.192535e+06	1.293000e+03	3.201835e+06	1.293000e+03	3.189594e+06	1.293000e+03	3.187357e+06	1.293000e+03	3.194853e+06	1.293000e+03	3.185578e+06	1.293000e+03	3.194851e+06	1.293000e+03	3.197293e+06	1.293000e+03	3.184540e+06	1.293000e+03	3.182411e+06	1.293000e+03	3.187968e+06	1.293000e+03	3.190813e+06	1.293000e+03	3.191453e+06	1.293000e+03	3.190282e+06	1.293000e+03	3.187451e+06	1.293000e+03	3.193911e+06	1.293000e+03	3.191555e+06	1.293000e+03	3.180651e+06	1.293000e+03	3.193588e+06	1.293000e+03	3.188041e+06	1.293000e+03	3.191453e+06	1.293000e+03	3.184016e+06	1.293000e+03	3.191520e+06	1.293000e+03	3.187651e+06	1.293000e+03	3.182316e+06	1.293000e+03	3.195972e+06	1.293000e+03	3.187223e+06	1.293000e+03	3.186170e+06	1.293000e+03	3.187227e+06	1.293000e+03	3.193789e+06	1.293000e+03	3.195506e+06	1.293000e+03	3.181105e+06	1.293000e+03	3.188550e+06	1.293000e+03	3.186531e+06	1.293000e+03	3.195440e+06	1.293000e+03	3.182698e+06	1.293000e+03	3.184171e+06	1.293000e+03	3.185078e+06	1.293000e+03	3.179050e+06	1.293000e+03	3.185271e+06	1.293000e+03	3.185951e+06	1.293000e+03	3.187888e+06	1.293000e+03	3.195130e+06	1.293000e+03	3.188435e+06	1.293000e+03	3.192185e+06	1.293000e+03	3.192349e+06	1.293000e+03	3.187116e+06	1.293000e+03	3.185991e+06	1.293000e+03	3.180897e+06	1.293000e+03	3.192119e+06	1.293000e+03	3.184923e+06	1.293000e+03	3.191843e+06	1.293000e+03	3.192753e+06	1.293000e+03	3.191257e+06	1.293000e+03	3.198807e+06	1.293000e+03	3.187884e+06	1.293000e+03	3.187448e+06	1.293000e+03	3.184307e+06	1.293000e+03	3.189116e+06	1.293000e+03	3.184996e+06	1.293000e+03	3.185091e+06	1.293000e+03	3.189362e+06	1.293000e+03	3.184921e+06	1.293000e+03	3.196149e+06	1.293000e+03	3.188492e+06	1.293000e+03	3.188589e+06	1.293000e+03	3.186520e+06	1.293000e+03	3.194543e+06	1.293000e+03	3.190539e+06	1.293000e+03	3.194829e+06	1.293000e+03	3.196037e+06	1.293000e+03	3.194833e+06	1.293000e+03	3.192078e+06	1.293000e+03	3.192558e+06	1.293000e+03	3.202347e+06	1.293000e+03	3.197811e+06	1.293000e+03	3.197817e+06	1.293000e+03	3.203150e+06	1.293000e+03	3.205777e+06	1.293000e+03	3.196535e+06	1.293000e+03	3.203123e+06	1.293000e+03	3.184321e+06	1.293000e+03	3.200757e+06	1.293000e+03	3.202636e+06	1.293000e+03	3.204973e+06	1.293000e+03	3.205884e+06	1.293000e+03	3.200311e+06	1.293000e+03	3.202993e+06	1.293000e+03	3.208112e+06	1.293000e+03	3.199879e+06	1.293000e+03	3.205556e+06	1.293000e+03	3.216943e+06	1.293000e+03	3.205857e+06	1.293000e+03	3.209481e+06	1.293000e+03	3.205347e+06	1.293000e+03	3.208308e+06	1.293000e+03	3.201239e+06	1.293000e+03	3.214764e+06	1.293000e+03	3.209050e+06	1.293000e+03	3.211904e+06	1.293000e+03	3.209051e+06	1.293000e+03	3.210979e+06	1.293000e+03	3.215823e+06	1.293000e+03	3.214250e+06	1.293000e+03	3.209330e+06	1.293000e+03	3.209177e+06	1.293000e+03	3.212735e+06	1.293000e+03	3.207501e+06
1.294000e+03	3.117859e+06	1.294000e+03	3.131117e+06	1.294000e+03	3.126907e+06	1.294000e+03	3.120927e+06	1.294000e+03	3.134738e+06	1.294000e+03	3.134522e+06	1.294000e+03	3.138495e+06	1.294000e+03	3.135751e+06	1.294000e+03	3.147034e+06	1.294000e+03	3.152996e+06	1.294000e+03	3.181017e+06	1.294000e+03	3.166649e+06	1.294000e+03	3.154092e+06	1.294000e+03	3.179263e+06	1.294000e+03	3.159601e+06	1.294000e+03	3.143879e+06	1.294000e+03	3.157668e+06	1.294000e+03	3.157082e+06	1.294000e+03	3.164736e+06	1.294000e+03	3.156989e+06	1.294000e+03	3.160287e+06	1.294000e+03	3.159422e+06	1.294000e+03	3.148953e+06	1.294000e+03	3.174198e+06	1.294000e+03	3.161978e+06	1.294000e+03	3.160785e+06	1.294000e+03	3.159634e+06	1.294000e+03	3.148263e+06	1.294000e+03	3.161028e+06	1.294000e+03	3.156976e+06	1.294000e+03	3.156959e+06	1.294000e+03	3.154213e+06	1.294000e+03	3.156365e+06	1.294000e+03	3.159851e+06	1.294000e+03	3.155016e+06	1.294000e+03	3.179406e+06	1.294000e+03	3.167088e+06	1.294000e+03	3.176543e+06	1.294000e+03	3.169281e+06	1.294000e+03	3.150284e+06	1.294000e+03	3.164989e+06	1.294000e+03	3.164471e+06	1.294000e+03	3.160831e+06	1.294000e+03	3.162830e+06	1.294000e+03	3.154735e+06	1.294000e+03	3.158259e+06	1.294000e+03	3.152991e+06	1.294000e+03	3.163300e+06	1.294000e+03	3.169390e+06	1.294000e+03	3.175660e+06	1.294000e+03	3.166105e+06	1.294000e+03	3.168626e+06	1.294000e+03	3.170336e+06	1.294000e+03	3.167146e+06	1.294000e+03	3.173546e+06	1.294000e+03	3.159464e+06	1.294000e+03	3.163672e+06	1.294000e+03	3.177702e+06	1.294000e+03	3.180853e+06	1.294000e+03	3.157048e+06	1.294000e+03	3.174436e+06	1.294000e+03	3.175228e+06	1.294000e+03	3.174260e+06	1.294000e+03	3.166908e+06	1.294000e+03	3.164828e+06	1.294000e+03	3.175674e+06	1.294000e+03	3.178328e+06	1.294000e+03	3.177562e+06	1.294000e+03	3.168204e+06	1.294000e+03	3.159111e+06	1.294000e+03	3.177135e+06	1.294000e+03	3.164185e+06	1.294000e+03	3.188199e+06	1.294000e+03	3.169686e+06	1.294000e+03	3.165329e+06	1.294000e+03	3.173811e+06	1.294000e+03	3.182109e+06	1.294000e+03	3.185658e+06	1.294000e+03	3.187290e+06	1.294000e+03	3.192364e+06	1.294000e+03	3.182546e+06	1.294000e+03	3.181436e+06	1.294000e+03	3.185565e+06	1.294000e+03	3.165325e+06	1.294000e+03	3.176200e+06	1.294000e+03	3.176128e+06	1.294000e+03	3.182599e+06	1.294000e+03	3.182119e+06	1.294000e+03	3.190036e+06	1.294000e+03	3.180669e+06	1.294000e+03	3.184919e+06	1.294000e+03	3.176326e+06	1.294000e+03	3.181838e+06	1.294000e+03	3.185685e+06	1.294000e+03	3.185734e+06	1.294000e+03	3.182322e+06	1.294000e+03	3.184067e+06	1.294000e+03	3.179260e+06	1.294000e+03	3.184592e+06	1.294000e+03	3.193534e+06	1.294000e+03	3.189536e+06	1.294000e+03	3.200693e+06	1.294000e+03	3.193626e+06	1.294000e+03	3.189726e+06	1.294000e+03	3.197379e+06	1.294000e+03	3.187355e+06	1.294000e+03	3.194543e+06	1.294000e+03	3.194601e+06	1.294000e+03	3.184252e+06	1.294000e+03	3.182526e+06	1.294000e+03	3.186928e+06	1.294000e+03	3.185853e+06	1.294000e+03	3.189893e+06	1.294000e+03	3.192396e+06	1.294000e+03	3.186469e+06	1.294000e+03	3.190802e+06	1.294000e+03	3.192158e+06	1.294000e+03	3.178675e+06	1.294000e+03	3.189324e+06	1.294000e+03	3.187912e+06	1.294000e+03	3.192695e+06	1.294000e+03	3.182509e+06	1.294000e+03	3.186360e+06	1.294000e+03	3.189096e+06	1.294000e+03	3.183297e+06	1.294000e+03	3.189970e+06	1.294000e+03	3.187027e+06	1.294000e+03	3.188794e+06	1.294000e+03	3.185668e+06	1.294000e+03	3.190614e+06	1.294000e+03	3.193646e+06	1.294000e+03	3.180476e+06	1.294000e+03	3.186767e+06	1.294000e+03	3.184643e+06	1.294000e+03	3.198743e+06	1.294000e+03	3.183728e+06	1.294000e+03	3.183621e+06	1.294000e+03	3.183002e+06	1.294000e+03	3.177289e+06	1.294000e+03	3.185830e+06	1.294000e+03	3.189687e+06	1.294000e+03	3.194276e+06	1.294000e+03	3.191463e+06	1.294000e+03	3.186598e+06	1.294000e+03	3.191460e+06	1.294000e+03	3.193900e+06	1.294000e+03	3.187447e+06	1.294000e+03	3.181313e+06	1.294000e+03	3.182938e+06	1.294000e+03	3.193795e+06	1.294000e+03	3.185215e+06	1.294000e+03	3.194025e+06	1.294000e+03	3.192395e+06	1.294000e+03	3.188314e+06	1.294000e+03	3.198870e+06	1.294000e+03	3.188551e+06	1.294000e+03	3.191187e+06	1.294000e+03	3.188334e+06	1.294000e+03	3.187788e+06	1.294000e+03	3.183140e+06	1.294000e+03	3.182736e+06	1.294000e+03	3.189985e+06	1.294000e+03	3.185301e+06	1.294000e+03	3.194885e+06	1.294000e+03	3.188446e+06	1.294000e+03	3.186695e+06	1.294000e+03	3.187551e+06	1.294000e+03	3.192027e+06	1.294000e+03	3.194829e+06	1.294000e+03	3.196209e+06	1.294000e+03	3.196459e+06	1.294000e+03	3.197069e+06	1.294000e+03	3.197602e+06	1.294000e+03	3.195495e+06	1.294000e+03	3.202368e+06	1.294000e+03	3.195528e+06	1.294000e+03	3.195990e+06	1.294000e+03	3.202811e+06	1.294000e+03	3.206170e+06	1.294000e+03	3.196372e+06	1.294000e+03	3.203701e+06	1.294000e+03	3.186224e+06	1.294000e+03	3.202607e+06	1.294000e+03	3.203472e+06	1.294000e+03	3.203505e+06	1.294000e+03	3.203671e+06	1.294000e+03	3.195844e+06	1.294000e+03	3.201685e+06	1.294000e+03	3.209451e+06	1.294000e+03	3.197722e+06	1.294000e+03	3.203300e+06	1.294000e+03	3.217857e+06	1.294000e+03	3.205140e+06	1.294000e+03	3.209787e+06	1.294000e+03	3.206418e+06	1.294000e+03	3.206329e+06	1.294000e+03	3.199952e+06	1.294000e+03	3.215060e+06	1.294000e+03	3.209476e+06	1.294000e+03	3.217226e+06	1.294000e+03	3.210141e+06	1.294000e+03	3.207637e+06	1.294000e+03	3.216102e+06	1.294000e+03	3.212951e+06	1.294000e+03	3.209440e+06	1.294000e+03	3.207967e+06	1.294000e+03	3.209912e+06	1.294000e+03	3.205987e+06
1.295000e+03	3.116977e+06	1.295000e+03	3.128829e+06	1.295000e+03	3.128204e+06	1.295000e+03	3.126149e+06	1.295000e+03	3.133580e+06	1.295000e+03	3.137271e+06	1.295000e+03	3.138207e+06	1.295000e+03	3.136640e+06	1.295000e+03	3.147083e+06	1.295000e+03	3.151901e+06	1.295000e+03	3.179741e+06	1.295000e+03	3.168067e+06	1.295000e+03	3.159607e+06	1.295000e+03	3.177993e+06	1.295000e+03	3.157869e+06	1.295000e+03	3.152545e+06	1.295000e+03	3.157825e+06	1.295000e+03	3.152089e+06	1.295000e+03	3.162917e+06	1.295000e+03	3.155394e+06	1.295000e+03	3.158688e+06	1.295000e+03	3.153531e+06	1.295000e+03	3.152237e+06	1.295000e+03	3.175972e+06	1.295000e+03	3.160330e+06	1.295000e+03	3.163478e+06	1.295000e+03	3.162030e+06	1.295000e+03	3.147257e+06	1.295000e+03	3.158869e+06	1.295000e+03	3.160935e+06	1.295000e+03	3.160903e+06	1.295000e+03	3.152895e+06	1.295000e+03	3.152866e+06	1.295000e+03	3.164762e+06	1.295000e+03	3.161437e+06	1.295000e+03	3.177674e+06	1.295000e+03	3.168728e+06	1.295000e+03	3.167999e+06	1.295000e+03	3.172378e+06	1.295000e+03	3.153772e+06	1.295000e+03	3.166859e+06	1.295000e+03	3.165707e+06	1.295000e+03	3.156838e+06	1.295000e+03	3.163001e+06	1.295000e+03	3.157204e+06	1.295000e+03	3.156670e+06	1.295000e+03	3.154227e+06	1.295000e+03	3.161683e+06	1.295000e+03	3.164399e+06	1.295000e+03	3.171594e+06	1.295000e+03	3.163865e+06	1.295000e+03	3.167845e+06	1.295000e+03	3.171300e+06	1.295000e+03	3.163974e+06	1.295000e+03	3.169673e+06	1.295000e+03	3.156269e+06	1.295000e+03	3.165437e+06	1.295000e+03	3.179542e+06	1.295000e+03	3.176788e+06	1.295000e+03	3.158128e+06	1.295000e+03	3.170578e+06	1.295000e+03	3.175658e+06	1.295000e+03	3.168068e+06	1.295000e+03	3.167712e+06	1.295000e+03	3.169255e+06	1.295000e+03	3.172309e+06	1.295000e+03	3.179145e+06	1.295000e+03	3.179778e+06	1.295000e+03	3.167323e+06	1.295000e+03	3.161732e+06	1.295000e+03	3.174597e+06	1.295000e+03	3.169018e+06	1.295000e+03	3.189053e+06	1.295000e+03	3.170101e+06	1.295000e+03	3.173150e+06	1.295000e+03	3.169246e+06	1.295000e+03	3.182207e+06	1.295000e+03	3.182549e+06	1.295000e+03	3.185712e+06	1.295000e+03	3.189976e+06	1.295000e+03	3.185711e+06	1.295000e+03	3.183143e+06	1.295000e+03	3.189422e+06	1.295000e+03	3.166669e+06	1.295000e+03	3.157072e+06	1.295000e+03	3.176100e+06	1.295000e+03	3.186029e+06	1.295000e+03	3.179052e+06	1.295000e+03	3.189285e+06	1.295000e+03	3.185970e+06	1.295000e+03	3.186804e+06	1.295000e+03	3.180350e+06	1.295000e+03	3.177821e+06	1.295000e+03	3.187422e+06	1.295000e+03	3.191822e+06	1.295000e+03	3.181507e+06	1.295000e+03	3.182697e+06	1.295000e+03	3.180844e+06	1.295000e+03	3.186266e+06	1.295000e+03	3.191124e+06	1.295000e+03	3.191192e+06	1.295000e+03	3.200276e+06	1.295000e+03	3.192297e+06	1.295000e+03	3.185884e+06	1.295000e+03	3.193923e+06	1.295000e+03	3.185119e+06	1.295000e+03	3.192259e+06	1.295000e+03	3.198896e+06	1.295000e+03	3.186872e+06	1.295000e+03	3.180477e+06	1.295000e+03	3.186032e+06	1.295000e+03	3.192619e+06	1.295000e+03	3.189566e+06	1.295000e+03	3.189868e+06	1.295000e+03	3.187715e+06	1.295000e+03	3.192268e+06	1.295000e+03	3.192646e+06	1.295000e+03	3.176659e+06	1.295000e+03	3.186823e+06	1.295000e+03	3.185942e+06	1.295000e+03	3.187463e+06	1.295000e+03	3.185770e+06	1.295000e+03	3.191393e+06	1.295000e+03	3.185377e+06	1.295000e+03	3.182140e+06	1.295000e+03	3.194409e+06	1.295000e+03	3.188395e+06	1.295000e+03	3.193766e+06	1.295000e+03	3.184863e+06	1.295000e+03	3.188287e+06	1.295000e+03	3.191670e+06	1.295000e+03	3.177687e+06	1.295000e+03	3.190047e+06	1.295000e+03	3.185494e+06	1.295000e+03	3.200519e+06	1.295000e+03	3.182994e+06	1.295000e+03	3.186475e+06	1.295000e+03	3.180677e+06	1.295000e+03	3.176123e+06	1.295000e+03	3.184350e+06	1.295000e+03	3.185916e+06	1.295000e+03	3.191174e+06	1.295000e+03	3.191084e+06	1.295000e+03	3.190494e+06	1.295000e+03	3.197516e+06	1.295000e+03	3.189130e+06	1.295000e+03	3.186915e+06	1.295000e+03	3.178961e+06	1.295000e+03	3.183784e+06	1.295000e+03	3.189983e+06	1.295000e+03	3.188896e+06	1.295000e+03	3.197433e+06	1.295000e+03	3.196965e+06	1.295000e+03	3.191608e+06	1.295000e+03	3.194441e+06	1.295000e+03	3.188396e+06	1.295000e+03	3.188888e+06	1.295000e+03	3.184562e+06	1.295000e+03	3.190304e+06	1.295000e+03	3.181722e+06	1.295000e+03	3.182946e+06	1.295000e+03	3.192362e+06	1.295000e+03	3.186933e+06	1.295000e+03	3.195266e+06	1.295000e+03	3.187901e+06	1.295000e+03	3.188110e+06	1.295000e+03	3.185044e+06	1.295000e+03	3.194912e+06	1.295000e+03	3.194804e+06	1.295000e+03	3.194765e+06	1.295000e+03	3.198889e+06	1.295000e+03	3.197913e+06	1.295000e+03	3.194762e+06	1.295000e+03	3.200651e+06	1.295000e+03	3.205862e+06	1.295000e+03	3.200237e+06	1.295000e+03	3.199279e+06	1.295000e+03	3.204858e+06	1.295000e+03	3.204683e+06	1.295000e+03	3.198740e+06	1.295000e+03	3.204327e+06	1.295000e+03	3.185015e+06	1.295000e+03	3.200549e+06	1.295000e+03	3.206379e+06	1.295000e+03	3.200910e+06	1.295000e+03	3.206195e+06	1.295000e+03	3.199742e+06	1.295000e+03	3.200378e+06	1.295000e+03	3.210958e+06	1.295000e+03	3.197687e+06	1.295000e+03	3.204034e+06	1.295000e+03	3.217696e+06	1.295000e+03	3.207640e+06	1.295000e+03	3.210399e+06	1.295000e+03	3.206632e+06	1.295000e+03	3.206136e+06	1.295000e+03	3.203503e+06	1.295000e+03	3.215698e+06	1.295000e+03	3.208446e+06	1.295000e+03	3.209433e+06	1.295000e+03	3.209998e+06	1.295000e+03	3.209050e+06	1.295000e+03	3.215969e+06	1.295000e+03	3.211515e+06	1.295000e+03	3.209159e+06	1.295000e+03	3.206774e+06	1.295000e+03	3.211140e+06	1.295000e+03	3.211472e+06
1.296000e+03	3.114526e+06	1.296000e+03	3.128811e+06	1.296000e+03	3.124080e+06	1.296000e+03	3.122568e+06	1.296000e+03	3.134173e+06	1.296000e+03	3.136960e+06	1.296000e+03	3.140269e+06	1.296000e+03	3.130657e+06	1.296000e+03	3.148234e+06	1.296000e+03	3.153006e+06	1.296000e+03	3.176406e+06	1.296000e+03	3.170023e+06	1.296000e+03	3.162305e+06	1.296000e+03	3.183150e+06	1.296000e+03	3.159768e+06	1.296000e+03	3.152425e+06	1.296000e+03	3.157066e+06	1.296000e+03	3.154047e+06	1.296000e+03	3.164089e+06	1.296000e+03	3.158012e+06	1.296000e+03	3.157535e+06	1.296000e+03	3.149102e+06	1.296000e+03	3.153741e+06	1.296000e+03	3.177946e+06	1.296000e+03	3.163802e+06	1.296000e+03	3.160464e+06	1.296000e+03	3.155201e+06	1.296000e+03	3.148087e+06	1.296000e+03	3.158833e+06	1.296000e+03	3.158434e+06	1.296000e+03	3.155726e+06	1.296000e+03	3.154728e+06	1.296000e+03	3.154494e+06	1.296000e+03	3.158418e+06	1.296000e+03	3.159931e+06	1.296000e+03	3.181850e+06	1.296000e+03	3.174413e+06	1.296000e+03	3.169402e+06	1.296000e+03	3.167715e+06	1.296000e+03	3.150265e+06	1.296000e+03	3.169230e+06	1.296000e+03	3.167128e+06	1.296000e+03	3.156416e+06	1.296000e+03	3.162714e+06	1.296000e+03	3.161995e+06	1.296000e+03	3.159542e+06	1.296000e+03	3.158967e+06	1.296000e+03	3.160865e+06	1.296000e+03	3.165530e+06	1.296000e+03	3.170325e+06	1.296000e+03	3.163808e+06	1.296000e+03	3.165357e+06	1.296000e+03	3.172283e+06	1.296000e+03	3.165475e+06	1.296000e+03	3.169884e+06	1.296000e+03	3.157693e+06	1.296000e+03	3.166784e+06	1.296000e+03	3.177159e+06	1.296000e+03	3.176651e+06	1.296000e+03	3.156158e+06	1.296000e+03	3.164307e+06	1.296000e+03	3.177154e+06	1.296000e+03	3.167433e+06	1.296000e+03	3.166984e+06	1.296000e+03	3.175662e+06	1.296000e+03	3.174394e+06	1.296000e+03	3.176398e+06	1.296000e+03	3.186646e+06	1.296000e+03	3.168987e+06	1.296000e+03	3.159378e+06	1.296000e+03	3.176568e+06	1.296000e+03	3.169278e+06	1.296000e+03	3.181982e+06	1.296000e+03	3.174880e+06	1.296000e+03	3.167331e+06	1.296000e+03	3.171343e+06	1.296000e+03	3.180443e+06	1.296000e+03	3.182210e+06	1.296000e+03	3.183340e+06	1.296000e+03	3.184559e+06	1.296000e+03	3.185105e+06	1.296000e+03	3.180479e+06	1.296000e+03	3.185503e+06	1.296000e+03	3.167451e+06	1.296000e+03	3.157200e+06	1.296000e+03	3.176725e+06	1.296000e+03	3.186496e+06	1.296000e+03	3.184733e+06	1.296000e+03	3.187770e+06	1.296000e+03	3.185558e+06	1.296000e+03	3.186777e+06	1.296000e+03	3.179789e+06	1.296000e+03	3.178849e+06	1.296000e+03	3.189933e+06	1.296000e+03	3.185850e+06	1.296000e+03	3.184409e+06	1.296000e+03	3.184690e+06	1.296000e+03	3.182295e+06	1.296000e+03	3.184480e+06	1.296000e+03	3.192317e+06	1.296000e+03	3.193181e+06	1.296000e+03	3.199416e+06	1.296000e+03	3.191258e+06	1.296000e+03	3.188216e+06	1.296000e+03	3.193047e+06	1.296000e+03	3.187478e+06	1.296000e+03	3.188079e+06	1.296000e+03	3.195708e+06	1.296000e+03	3.193511e+06	1.296000e+03	3.179712e+06	1.296000e+03	3.189582e+06	1.296000e+03	3.189004e+06	1.296000e+03	3.193083e+06	1.296000e+03	3.193722e+06	1.296000e+03	3.186195e+06	1.296000e+03	3.196633e+06	1.296000e+03	3.195551e+06	1.296000e+03	3.176560e+06	1.296000e+03	3.184722e+06	1.296000e+03	3.188621e+06	1.296000e+03	3.194074e+06	1.296000e+03	3.181150e+06	1.296000e+03	3.185874e+06	1.296000e+03	3.184042e+06	1.296000e+03	3.185640e+06	1.296000e+03	3.201299e+06	1.296000e+03	3.186259e+06	1.296000e+03	3.195937e+06	1.296000e+03	3.181632e+06	1.296000e+03	3.191468e+06	1.296000e+03	3.189429e+06	1.296000e+03	3.174231e+06	1.296000e+03	3.187755e+06	1.296000e+03	3.186552e+06	1.296000e+03	3.198244e+06	1.296000e+03	3.187521e+06	1.296000e+03	3.186297e+06	1.296000e+03	3.185320e+06	1.296000e+03	3.172909e+06	1.296000e+03	3.186163e+06	1.296000e+03	3.182534e+06	1.296000e+03	3.194246e+06	1.296000e+03	3.191599e+06	1.296000e+03	3.189351e+06	1.296000e+03	3.194733e+06	1.296000e+03	3.187361e+06	1.296000e+03	3.187874e+06	1.296000e+03	3.180785e+06	1.296000e+03	3.185512e+06	1.296000e+03	3.188781e+06	1.296000e+03	3.186128e+06	1.296000e+03	3.194523e+06	1.296000e+03	3.195213e+06	1.296000e+03	3.192241e+06	1.296000e+03	3.192059e+06	1.296000e+03	3.181865e+06	1.296000e+03	3.185241e+06	1.296000e+03	3.186080e+06	1.296000e+03	3.187904e+06	1.296000e+03	3.183689e+06	1.296000e+03	3.187168e+06	1.296000e+03	3.189006e+06	1.296000e+03	3.184229e+06	1.296000e+03	3.190487e+06	1.296000e+03	3.185773e+06	1.296000e+03	3.188579e+06	1.296000e+03	3.184341e+06	1.296000e+03	3.193051e+06	1.296000e+03	3.193776e+06	1.296000e+03	3.198150e+06	1.296000e+03	3.199774e+06	1.296000e+03	3.197388e+06	1.296000e+03	3.194470e+06	1.296000e+03	3.197453e+06	1.296000e+03	3.202092e+06	1.296000e+03	3.197363e+06	1.296000e+03	3.196852e+06	1.296000e+03	3.203556e+06	1.296000e+03	3.206880e+06	1.296000e+03	3.198991e+06	1.296000e+03	3.206118e+06	1.296000e+03	3.185946e+06	1.296000e+03	3.201293e+06	1.296000e+03	3.207136e+06	1.296000e+03	3.203280e+06	1.296000e+03	3.207292e+06	1.296000e+03	3.201562e+06	1.296000e+03	3.199342e+06	1.296000e+03	3.207746e+06	1.296000e+03	3.197028e+06	1.296000e+03	3.206295e+06	1.296000e+03	3.217019e+06	1.296000e+03	3.208637e+06	1.296000e+03	3.211763e+06	1.296000e+03	3.206468e+06	1.296000e+03	3.208728e+06	1.296000e+03	3.197469e+06	1.296000e+03	3.214297e+06	1.296000e+03	3.206859e+06	1.296000e+03	3.211516e+06	1.296000e+03	3.211886e+06	1.296000e+03	3.210056e+06	1.296000e+03	3.221391e+06	1.296000e+03	3.209347e+06	1.296000e+03	3.209537e+06	1.296000e+03	3.205866e+06	1.296000e+03	3.210290e+06	1.296000e+03	3.213750e+06
1.297000e+03	3.112138e+06	1.297000e+03	3.129458e+06	1.297000e+03	3.128036e+06	1.297000e+03	3.120601e+06	1.297000e+03	3.131961e+06	1.297000e+03	3.139980e+06	1.297000e+03	3.141075e+06	1.297000e+03	3.135308e+06	1.297000e+03	3.148857e+06	1.297000e+03	3.149798e+06	1.297000e+03	3.180942e+06	1.297000e+03	3.166658e+06	1.297000e+03	3.158380e+06	1.297000e+03	3.184333e+06	1.297000e+03	3.160667e+06	1.297000e+03	3.154593e+06	1.297000e+03	3.158699e+06	1.297000e+03	3.158578e+06	1.297000e+03	3.166024e+06	1.297000e+03	3.159020e+06	1.297000e+03	3.158709e+06	1.297000e+03	3.145091e+06	1.297000e+03	3.155966e+06	1.297000e+03	3.178047e+06	1.297000e+03	3.162007e+06	1.297000e+03	3.161581e+06	1.297000e+03	3.159413e+06	1.297000e+03	3.146431e+06	1.297000e+03	3.157476e+06	1.297000e+03	3.161367e+06	1.297000e+03	3.156553e+06	1.297000e+03	3.154331e+06	1.297000e+03	3.157697e+06	1.297000e+03	3.158338e+06	1.297000e+03	3.159495e+06	1.297000e+03	3.182833e+06	1.297000e+03	3.171759e+06	1.297000e+03	3.170848e+06	1.297000e+03	3.172926e+06	1.297000e+03	3.159088e+06	1.297000e+03	3.169072e+06	1.297000e+03	3.164886e+06	1.297000e+03	3.155299e+06	1.297000e+03	3.163926e+06	1.297000e+03	3.161912e+06	1.297000e+03	3.162593e+06	1.297000e+03	3.157654e+06	1.297000e+03	3.165215e+06	1.297000e+03	3.163531e+06	1.297000e+03	3.169087e+06	1.297000e+03	3.162447e+06	1.297000e+03	3.165344e+06	1.297000e+03	3.172427e+06	1.297000e+03	3.163893e+06	1.297000e+03	3.171581e+06	1.297000e+03	3.158727e+06	1.297000e+03	3.167739e+06	1.297000e+03	3.173646e+06	1.297000e+03	3.179909e+06	1.297000e+03	3.153270e+06	1.297000e+03	3.165823e+06	1.297000e+03	3.177317e+06	1.297000e+03	3.170587e+06	1.297000e+03	3.167123e+06	1.297000e+03	3.175684e+06	1.297000e+03	3.177108e+06	1.297000e+03	3.176418e+06	1.297000e+03	3.189661e+06	1.297000e+03	3.170971e+06	1.297000e+03	3.163169e+06	1.297000e+03	3.171263e+06	1.297000e+03	3.169754e+06	1.297000e+03	3.183529e+06	1.297000e+03	3.174571e+06	1.297000e+03	3.165116e+06	1.297000e+03	3.171340e+06	1.297000e+03	3.182006e+06	1.297000e+03	3.185224e+06	1.297000e+03	3.183287e+06	1.297000e+03	3.193101e+06	1.297000e+03	3.182952e+06	1.297000e+03	3.186652e+06	1.297000e+03	3.186800e+06	1.297000e+03	3.167766e+06	1.297000e+03	3.170705e+06	1.297000e+03	3.177776e+06	1.297000e+03	3.182662e+06	1.297000e+03	3.185349e+06	1.297000e+03	3.191613e+06	1.297000e+03	3.188034e+06	1.297000e+03	3.184757e+06	1.297000e+03	3.175739e+06	1.297000e+03	3.178291e+06	1.297000e+03	3.185254e+06	1.297000e+03	3.185836e+06	1.297000e+03	3.181226e+06	1.297000e+03	3.185647e+06	1.297000e+03	3.184611e+06	1.297000e+03	3.182383e+06	1.297000e+03	3.188477e+06	1.297000e+03	3.190842e+06	1.297000e+03	3.202887e+06	1.297000e+03	3.189646e+06	1.297000e+03	3.189426e+06	1.297000e+03	3.189975e+06	1.297000e+03	3.184389e+06	1.297000e+03	3.187754e+06	1.297000e+03	3.195480e+06	1.297000e+03	3.197105e+06	1.297000e+03	3.183041e+06	1.297000e+03	3.187741e+06	1.297000e+03	3.188728e+06	1.297000e+03	3.189352e+06	1.297000e+03	3.191448e+06	1.297000e+03	3.180801e+06	1.297000e+03	3.192983e+06	1.297000e+03	3.192923e+06	1.297000e+03	3.177842e+06	1.297000e+03	3.185376e+06	1.297000e+03	3.185243e+06	1.297000e+03	3.189882e+06	1.297000e+03	3.184819e+06	1.297000e+03	3.187349e+06	1.297000e+03	3.188180e+06	1.297000e+03	3.182959e+06	1.297000e+03	3.202548e+06	1.297000e+03	3.186966e+06	1.297000e+03	3.194098e+06	1.297000e+03	3.185161e+06	1.297000e+03	3.188312e+06	1.297000e+03	3.191129e+06	1.297000e+03	3.173638e+06	1.297000e+03	3.192663e+06	1.297000e+03	3.186751e+06	1.297000e+03	3.197320e+06	1.297000e+03	3.191890e+06	1.297000e+03	3.186513e+06	1.297000e+03	3.184062e+06	1.297000e+03	3.176774e+06	1.297000e+03	3.188891e+06	1.297000e+03	3.178709e+06	1.297000e+03	3.193128e+06	1.297000e+03	3.190650e+06	1.297000e+03	3.191454e+06	1.297000e+03	3.198494e+06	1.297000e+03	3.189272e+06	1.297000e+03	3.187049e+06	1.297000e+03	3.187133e+06	1.297000e+03	3.185306e+06	1.297000e+03	3.189708e+06	1.297000e+03	3.183624e+06	1.297000e+03	3.198791e+06	1.297000e+03	3.194525e+06	1.297000e+03	3.193982e+06	1.297000e+03	3.197702e+06	1.297000e+03	3.182481e+06	1.297000e+03	3.184381e+06	1.297000e+03	3.181996e+06	1.297000e+03	3.187037e+06	1.297000e+03	3.183319e+06	1.297000e+03	3.186755e+06	1.297000e+03	3.191786e+06	1.297000e+03	3.189122e+06	1.297000e+03	3.191176e+06	1.297000e+03	3.193116e+06	1.297000e+03	3.195043e+06	1.297000e+03	3.185899e+06	1.297000e+03	3.191904e+06	1.297000e+03	3.196252e+06	1.297000e+03	3.199681e+06	1.297000e+03	3.199413e+06	1.297000e+03	3.196656e+06	1.297000e+03	3.196549e+06	1.297000e+03	3.199776e+06	1.297000e+03	3.199675e+06	1.297000e+03	3.195422e+06	1.297000e+03	3.200740e+06	1.297000e+03	3.199895e+06	1.297000e+03	3.204594e+06	1.297000e+03	3.197555e+06	1.297000e+03	3.208360e+06	1.297000e+03	3.185505e+06	1.297000e+03	3.202334e+06	1.297000e+03	3.206075e+06	1.297000e+03	3.204137e+06	1.297000e+03	3.206666e+06	1.297000e+03	3.199451e+06	1.297000e+03	3.198925e+06	1.297000e+03	3.206241e+06	1.297000e+03	3.196772e+06	1.297000e+03	3.204993e+06	1.297000e+03	3.213856e+06	1.297000e+03	3.206708e+06	1.297000e+03	3.208043e+06	1.297000e+03	3.209007e+06	1.297000e+03	3.208979e+06	1.297000e+03	3.194757e+06	1.297000e+03	3.212297e+06	1.297000e+03	3.208540e+06	1.297000e+03	3.207535e+06	1.297000e+03	3.215424e+06	1.297000e+03	3.204552e+06	1.297000e+03	3.218461e+06	1.297000e+03	3.212708e+06	1.297000e+03	3.207323e+06	1.297000e+03	3.212674e+06	1.297000e+03	3.209037e+06	1.297000e+03	3.215035e+06
1.298000e+03	3.086929e+06	1.298000e+03	3.136801e+06	1.298000e+03	3.126263e+06	1.298000e+03	3.115041e+06	1.298000e+03	3.136421e+06	1.298000e+03	3.138075e+06	1.298000e+03	3.138568e+06	1.298000e+03	3.138490e+06	1.298000e+03	3.148232e+06	1.298000e+03	3.152480e+06	1.298000e+03	3.181240e+06	1.298000e+03	3.167244e+06	1.298000e+03	3.158189e+06	1.298000e+03	3.179099e+06	1.298000e+03	3.161231e+06	1.298000e+03	3.153673e+06	1.298000e+03	3.156341e+06	1.298000e+03	3.163935e+06	1.298000e+03	3.167833e+06	1.298000e+03	3.158895e+06	1.298000e+03	3.159713e+06	1.298000e+03	3.151604e+06	1.298000e+03	3.156804e+06	1.298000e+03	3.174421e+06	1.298000e+03	3.160663e+06	1.298000e+03	3.163014e+06	1.298000e+03	3.157439e+06	1.298000e+03	3.150863e+06	1.298000e+03	3.154049e+06	1.298000e+03	3.165492e+06	1.298000e+03	3.155759e+06	1.298000e+03	3.154279e+06	1.298000e+03	3.155845e+06	1.298000e+03	3.161508e+06	1.298000e+03	3.164500e+06	1.298000e+03	3.180089e+06	1.298000e+03	3.168474e+06	1.298000e+03	3.168605e+06	1.298000e+03	3.183772e+06	1.298000e+03	3.154238e+06	1.298000e+03	3.165804e+06	1.298000e+03	3.165261e+06	1.298000e+03	3.156889e+06	1.298000e+03	3.160135e+06	1.298000e+03	3.157404e+06	1.298000e+03	3.160869e+06	1.298000e+03	3.154824e+06	1.298000e+03	3.161956e+06	1.298000e+03	3.164179e+06	1.298000e+03	3.168601e+06	1.298000e+03	3.161610e+06	1.298000e+03	3.167427e+06	1.298000e+03	3.171225e+06	1.298000e+03	3.164529e+06	1.298000e+03	3.171847e+06	1.298000e+03	3.157673e+06	1.298000e+03	3.164933e+06	1.298000e+03	3.177044e+06	1.298000e+03	3.180203e+06	1.298000e+03	3.155095e+06	1.298000e+03	3.162362e+06	1.298000e+03	3.178715e+06	1.298000e+03	3.171578e+06	1.298000e+03	3.163459e+06	1.298000e+03	3.176311e+06	1.298000e+03	3.177523e+06	1.298000e+03	3.180398e+06	1.298000e+03	3.190109e+06	1.298000e+03	3.167452e+06	1.298000e+03	3.166181e+06	1.298000e+03	3.172957e+06	1.298000e+03	3.168775e+06	1.298000e+03	3.181969e+06	1.298000e+03	3.176121e+06	1.298000e+03	3.168056e+06	1.298000e+03	3.172067e+06	1.298000e+03	3.183467e+06	1.298000e+03	3.188930e+06	1.298000e+03	3.182450e+06	1.298000e+03	3.190612e+06	1.298000e+03	3.184140e+06	1.298000e+03	3.186098e+06	1.298000e+03	3.186669e+06	1.298000e+03	3.170658e+06	1.298000e+03	3.186365e+06	1.298000e+03	3.177505e+06	1.298000e+03	3.187805e+06	1.298000e+03	3.180941e+06	1.298000e+03	3.191721e+06	1.298000e+03	3.186311e+06	1.298000e+03	3.189212e+06	1.298000e+03	3.181406e+06	1.298000e+03	3.178629e+06	1.298000e+03	3.187130e+06	1.298000e+03	3.189404e+06	1.298000e+03	3.181940e+06	1.298000e+03	3.183417e+06	1.298000e+03	3.178629e+06	1.298000e+03	3.184226e+06	1.298000e+03	3.188682e+06	1.298000e+03	3.191927e+06	1.298000e+03	3.201564e+06	1.298000e+03	3.185506e+06	1.298000e+03	3.190377e+06	1.298000e+03	3.190880e+06	1.298000e+03	3.184771e+06	1.298000e+03	3.192319e+06	1.298000e+03	3.194889e+06	1.298000e+03	3.197546e+06	1.298000e+03	3.183830e+06	1.298000e+03	3.189115e+06	1.298000e+03	3.191424e+06	1.298000e+03	3.184713e+06	1.298000e+03	3.193405e+06	1.298000e+03	3.187429e+06	1.298000e+03	3.197645e+06	1.298000e+03	3.191038e+06	1.298000e+03	3.180983e+06	1.298000e+03	3.190031e+06	1.298000e+03	3.189903e+06	1.298000e+03	3.191957e+06	1.298000e+03	3.180883e+06	1.298000e+03	3.187936e+06	1.298000e+03	3.188784e+06	1.298000e+03	3.182765e+06	1.298000e+03	3.201238e+06	1.298000e+03	3.181511e+06	1.298000e+03	3.187333e+06	1.298000e+03	3.185034e+06	1.298000e+03	3.190410e+06	1.298000e+03	3.193390e+06	1.298000e+03	3.174986e+06	1.298000e+03	3.188872e+06	1.298000e+03	3.185690e+06	1.298000e+03	3.196410e+06	1.298000e+03	3.189706e+06	1.298000e+03	3.190283e+06	1.298000e+03	3.190885e+06	1.298000e+03	3.177760e+06	1.298000e+03	3.187687e+06	1.298000e+03	3.183202e+06	1.298000e+03	3.190672e+06	1.298000e+03	3.192309e+06	1.298000e+03	3.187726e+06	1.298000e+03	3.201242e+06	1.298000e+03	3.193001e+06	1.298000e+03	3.185726e+06	1.298000e+03	3.188147e+06	1.298000e+03	3.188072e+06	1.298000e+03	3.191190e+06	1.298000e+03	3.182063e+06	1.298000e+03	3.195053e+06	1.298000e+03	3.196982e+06	1.298000e+03	3.196229e+06	1.298000e+03	3.191001e+06	1.298000e+03	3.179408e+06	1.298000e+03	3.187906e+06	1.298000e+03	3.184207e+06	1.298000e+03	3.181740e+06	1.298000e+03	3.182164e+06	1.298000e+03	3.185276e+06	1.298000e+03	3.185406e+06	1.298000e+03	3.186996e+06	1.298000e+03	3.189366e+06	1.298000e+03	3.191964e+06	1.298000e+03	3.190309e+06	1.298000e+03	3.188357e+06	1.298000e+03	3.193164e+06	1.298000e+03	3.195668e+06	1.298000e+03	3.199560e+06	1.298000e+03	3.200347e+06	1.298000e+03	3.192126e+06	1.298000e+03	3.191479e+06	1.298000e+03	3.198894e+06	1.298000e+03	3.197406e+06	1.298000e+03	3.197571e+06	1.298000e+03	3.200258e+06	1.298000e+03	3.204168e+06	1.298000e+03	3.210823e+06	1.298000e+03	3.198001e+06	1.298000e+03	3.208667e+06	1.298000e+03	3.183604e+06	1.298000e+03	3.205464e+06	1.298000e+03	3.209578e+06	1.298000e+03	3.205132e+06	1.298000e+03	3.210568e+06	1.298000e+03	3.200692e+06	1.298000e+03	3.199782e+06	1.298000e+03	3.207706e+06	1.298000e+03	3.196952e+06	1.298000e+03	3.201892e+06	1.298000e+03	3.208856e+06	1.298000e+03	3.207894e+06	1.298000e+03	3.208730e+06	1.298000e+03	3.207625e+06	1.298000e+03	3.207943e+06	1.298000e+03	3.196571e+06	1.298000e+03	3.213744e+06	1.298000e+03	3.206246e+06	1.298000e+03	3.209684e+06	1.298000e+03	3.215708e+06	1.298000e+03	3.204835e+06	1.298000e+03	3.212382e+06	1.298000e+03	3.206680e+06	1.298000e+03	3.206407e+06	1.298000e+03	3.211364e+06	1.298000e+03	3.211303e+06	1.298000e+03	3.214332e+06
1.299000e+03	3.093428e+06	1.299000e+03	3.131225e+06	1.299000e+03	3.118850e+06	1.299000e+03	3.121603e+06	1.299000e+03	3.134695e+06	1.299000e+03	3.136879e+06	1.299000e+03	3.139691e+06	1.299000e+03	3.135681e+06	1.299000e+03	3.146611e+06	1.299000e+03	3.149862e+06	1.299000e+03	3.180631e+06	1.299000e+03	3.167138e+06	1.299000e+03	3.155966e+06	1.299000e+03	3.178944e+06	1.299000e+03	3.165317e+06	1.299000e+03	3.157680e+06	1.299000e+03	3.154990e+06	1.299000e+03	3.166121e+06	1.299000e+03	3.168280e+06	1.299000e+03	3.158931e+06	1.299000e+03	3.155644e+06	1.299000e+03	3.153935e+06	1.299000e+03	3.155076e+06	1.299000e+03	3.173887e+06	1.299000e+03	3.158096e+06	1.299000e+03	3.166434e+06	1.299000e+03	3.158781e+06	1.299000e+03	3.152342e+06	1.299000e+03	3.155292e+06	1.299000e+03	3.165450e+06	1.299000e+03	3.160468e+06	1.299000e+03	3.147644e+06	1.299000e+03	3.157144e+06	1.299000e+03	3.156591e+06	1.299000e+03	3.163257e+06	1.299000e+03	3.180268e+06	1.299000e+03	3.170357e+06	1.299000e+03	3.165316e+06	1.299000e+03	3.173929e+06	1.299000e+03	3.157623e+06	1.299000e+03	3.163649e+06	1.299000e+03	3.167293e+06	1.299000e+03	3.157588e+06	1.299000e+03	3.163615e+06	1.299000e+03	3.158394e+06	1.299000e+03	3.160610e+06	1.299000e+03	3.156330e+06	1.299000e+03	3.158791e+06	1.299000e+03	3.161648e+06	1.299000e+03	3.167779e+06	1.299000e+03	3.164144e+06	1.299000e+03	3.171244e+06	1.299000e+03	3.173179e+06	1.299000e+03	3.167232e+06	1.299000e+03	3.171592e+06	1.299000e+03	3.159499e+06	1.299000e+03	3.162212e+06	1.299000e+03	3.174513e+06	1.299000e+03	3.180735e+06	1.299000e+03	3.157251e+06	1.299000e+03	3.162488e+06	1.299000e+03	3.185627e+06	1.299000e+03	3.169927e+06	1.299000e+03	3.163155e+06	1.299000e+03	3.177442e+06	1.299000e+03	3.175397e+06	1.299000e+03	3.173125e+06	1.299000e+03	3.185201e+06	1.299000e+03	3.178414e+06	1.299000e+03	3.161483e+06	1.299000e+03	3.172993e+06	1.299000e+03	3.167256e+06	1.299000e+03	3.178368e+06	1.299000e+03	3.170109e+06	1.299000e+03	3.171639e+06	1.299000e+03	3.172188e+06	1.299000e+03	3.185611e+06	1.299000e+03	3.187028e+06	1.299000e+03	3.185469e+06	1.299000e+03	3.189257e+06	1.299000e+03	3.185472e+06	1.299000e+03	3.186860e+06	1.299000e+03	3.183656e+06	1.299000e+03	3.166610e+06	1.299000e+03	3.184738e+06	1.299000e+03	3.177776e+06	1.299000e+03	3.187916e+06	1.299000e+03	3.182420e+06	1.299000e+03	3.189384e+06	1.299000e+03	3.187571e+06	1.299000e+03	3.188192e+06	1.299000e+03	3.181517e+06	1.299000e+03	3.180984e+06	1.299000e+03	3.182131e+06	1.299000e+03	3.189687e+06	1.299000e+03	3.182099e+06	1.299000e+03	3.182021e+06	1.299000e+03	3.177731e+06	1.299000e+03	3.181752e+06	1.299000e+03	3.188272e+06	1.299000e+03	3.193833e+06	1.299000e+03	3.200845e+06	1.299000e+03	3.185759e+06	1.299000e+03	3.190299e+06	1.299000e+03	3.193855e+06	1.299000e+03	3.187462e+06	1.299000e+03	3.192948e+06	1.299000e+03	3.191229e+06	1.299000e+03	3.199024e+06	1.299000e+03	3.189117e+06	1.299000e+03	3.187359e+06	1.299000e+03	3.194332e+06	1.299000e+03	3.186713e+06	1.299000e+03	3.189346e+06	1.299000e+03	3.187798e+06	1.299000e+03	3.194307e+06	1.299000e+03	3.188737e+06	1.299000e+03	3.178048e+06	1.299000e+03	3.190173e+06	1.299000e+03	3.192326e+06	1.299000e+03	3.190300e+06	1.299000e+03	3.185333e+06	1.299000e+03	3.189822e+06	1.299000e+03	3.187955e+06	1.299000e+03	3.185099e+06	1.299000e+03	3.202675e+06	1.299000e+03	3.185461e+06	1.299000e+03	3.189470e+06	1.299000e+03	3.186450e+06	1.299000e+03	3.192084e+06	1.299000e+03	3.189404e+06	1.299000e+03	3.174944e+06	1.299000e+03	3.186161e+06	1.299000e+03	3.188386e+06	1.299000e+03	3.200710e+06	1.299000e+03	3.191174e+06	1.299000e+03	3.189742e+06	1.299000e+03	3.190361e+06	1.299000e+03	3.177850e+06	1.299000e+03	3.192559e+06	1.299000e+03	3.185613e+06	1.299000e+03	3.189806e+06	1.299000e+03	3.188401e+06	1.299000e+03	3.187509e+06	1.299000e+03	3.200794e+06	1.299000e+03	3.191480e+06	1.299000e+03	3.186849e+06	1.299000e+03	3.191661e+06	1.299000e+03	3.186260e+06	1.299000e+03	3.192348e+06	1.299000e+03	3.185691e+06	1.299000e+03	3.188011e+06	1.299000e+03	3.194155e+06	1.299000e+03	3.194216e+06	1.299000e+03	3.194532e+06	1.299000e+03	3.182378e+06	1.299000e+03	3.190902e+06	1.299000e+03	3.184733e+06	1.299000e+03	3.188053e+06	1.299000e+03	3.182336e+06	1.299000e+03	3.187954e+06	1.299000e+03	3.186611e+06	1.299000e+03	3.191502e+06	1.299000e+03	3.192183e+06	1.299000e+03	3.190651e+06	1.299000e+03	3.191681e+06	1.299000e+03	3.188497e+06	1.299000e+03	3.196153e+06	1.299000e+03	3.194306e+06	1.299000e+03	3.200744e+06	1.299000e+03	3.197371e+06	1.299000e+03	3.197785e+06	1.299000e+03	3.193561e+06	1.299000e+03	3.196896e+06	1.299000e+03	3.199000e+06	1.299000e+03	3.199183e+06	1.299000e+03	3.200315e+06	1.299000e+03	3.204244e+06	1.299000e+03	3.207759e+06	1.299000e+03	3.196626e+06	1.299000e+03	3.210050e+06	1.299000e+03	3.184103e+06	1.299000e+03	3.204131e+06	1.299000e+03	3.203894e+06	1.299000e+03	3.207171e+06	1.299000e+03	3.206952e+06	1.299000e+03	3.199533e+06	1.299000e+03	3.200243e+06	1.299000e+03	3.205756e+06	1.299000e+03	3.199448e+06	1.299000e+03	3.202773e+06	1.299000e+03	3.205205e+06	1.299000e+03	3.205054e+06	1.299000e+03	3.208479e+06	1.299000e+03	3.205740e+06	1.299000e+03	3.206871e+06	1.299000e+03	3.198660e+06	1.299000e+03	3.214821e+06	1.299000e+03	3.205792e+06	1.299000e+03	3.210281e+06	1.299000e+03	3.212186e+06	1.299000e+03	3.213138e+06	1.299000e+03	3.213824e+06	1.299000e+03	3.210774e+06	1.299000e+03	3.210754e+06	1.299000e+03	3.211207e+06	1.299000e+03	3.209093e+06	1.299000e+03	3.212010e+06
1.300000e+03	3.090471e+06	1.300000e+03	3.133465e+06	1.300000e+03	3.124655e+06	1.300000e+03	3.120825e+06	1.300000e+03	3.130818e+06	1.300000e+03	3.137582e+06	1.300000e+03	3.141081e+06	1.300000e+03	3.137238e+06	1.300000e+03	3.147838e+06	1.300000e+03	3.149810e+06	1.300000e+03	3.179656e+06	1.300000e+03	3.168559e+06	1.300000e+03	3.160825e+06	1.300000e+03	3.179262e+06	1.300000e+03	3.164957e+06	1.300000e+03	3.148592e+06	1.300000e+03	3.155618e+06	1.300000e+03	3.168245e+06	1.300000e+03	3.164788e+06	1.300000e+03	3.158313e+06	1.300000e+03	3.155973e+06	1.300000e+03	3.148264e+06	1.300000e+03	3.157508e+06	1.300000e+03	3.172710e+06	1.300000e+03	3.158476e+06	1.300000e+03	3.163763e+06	1.300000e+03	3.157286e+06	1.300000e+03	3.150281e+06	1.300000e+03	3.153857e+06	1.300000e+03	3.161002e+06	1.300000e+03	3.156774e+06	1.300000e+03	3.151152e+06	1.300000e+03	3.160539e+06	1.300000e+03	3.157417e+06	1.300000e+03	3.167321e+06	1.300000e+03	3.182895e+06	1.300000e+03	3.169124e+06	1.300000e+03	3.164653e+06	1.300000e+03	3.173703e+06	1.300000e+03	3.154435e+06	1.300000e+03	3.166568e+06	1.300000e+03	3.169074e+06	1.300000e+03	3.157535e+06	1.300000e+03	3.158233e+06	1.300000e+03	3.153825e+06	1.300000e+03	3.160754e+06	1.300000e+03	3.154682e+06	1.300000e+03	3.158564e+06	1.300000e+03	3.167062e+06	1.300000e+03	3.165925e+06	1.300000e+03	3.160308e+06	1.300000e+03	3.169263e+06	1.300000e+03	3.174243e+06	1.300000e+03	3.166832e+06	1.300000e+03	3.169420e+06	1.300000e+03	3.157840e+06	1.300000e+03	3.160218e+06	1.300000e+03	3.176976e+06	1.300000e+03	3.183923e+06	1.300000e+03	3.160466e+06	1.300000e+03	3.168060e+06	1.300000e+03	3.179739e+06	1.300000e+03	3.173077e+06	1.300000e+03	3.166683e+06	1.300000e+03	3.171101e+06	1.300000e+03	3.174631e+06	1.300000e+03	3.173799e+06	1.300000e+03	3.181163e+06	1.300000e+03	3.175677e+06	1.300000e+03	3.161829e+06	1.300000e+03	3.172925e+06	1.300000e+03	3.169435e+06	1.300000e+03	3.182110e+06	1.300000e+03	3.170685e+06	1.300000e+03	3.169647e+06	1.300000e+03	3.170515e+06	1.300000e+03	3.181786e+06	1.300000e+03	3.188821e+06	1.300000e+03	3.183954e+06	1.300000e+03	3.191254e+06	1.300000e+03	3.180882e+06	1.300000e+03	3.186593e+06	1.300000e+03	3.180590e+06	1.300000e+03	3.168051e+06	1.300000e+03	3.178403e+06	1.300000e+03	3.179849e+06	1.300000e+03	3.181268e+06	1.300000e+03	3.179143e+06	1.300000e+03	3.193114e+06	1.300000e+03	3.191819e+06	1.300000e+03	3.185963e+06	1.300000e+03	3.178311e+06	1.300000e+03	3.176869e+06	1.300000e+03	3.181213e+06	1.300000e+03	3.186758e+06	1.300000e+03	3.180184e+06	1.300000e+03	3.183021e+06	1.300000e+03	3.179881e+06	1.300000e+03	3.182995e+06	1.300000e+03	3.187245e+06	1.300000e+03	3.199787e+06	1.300000e+03	3.202290e+06	1.300000e+03	3.181653e+06	1.300000e+03	3.188729e+06	1.300000e+03	3.194743e+06	1.300000e+03	3.182530e+06	1.300000e+03	3.189370e+06	1.300000e+03	3.194071e+06	1.300000e+03	3.198929e+06	1.300000e+03	3.192350e+06	1.300000e+03	3.188393e+06	1.300000e+03	3.184563e+06	1.300000e+03	3.189723e+06	1.300000e+03	3.189166e+06	1.300000e+03	3.186316e+06	1.300000e+03	3.191035e+06	1.300000e+03	3.189088e+06	1.300000e+03	3.179589e+06	1.300000e+03	3.190784e+06	1.300000e+03	3.188321e+06	1.300000e+03	3.192444e+06	1.300000e+03	3.183559e+06	1.300000e+03	3.190326e+06	1.300000e+03	3.188287e+06	1.300000e+03	3.181476e+06	1.300000e+03	3.196732e+06	1.300000e+03	3.189478e+06	1.300000e+03	3.187743e+06	1.300000e+03	3.185916e+06	1.300000e+03	3.189845e+06	1.300000e+03	3.188232e+06	1.300000e+03	3.176769e+06	1.300000e+03	3.191593e+06	1.300000e+03	3.184313e+06	1.300000e+03	3.200954e+06	1.300000e+03	3.186041e+06	1.300000e+03	3.188905e+06	1.300000e+03	3.186530e+06	1.300000e+03	3.176818e+06	1.300000e+03	3.187227e+06	1.300000e+03	3.179274e+06	1.300000e+03	3.191046e+06	1.300000e+03	3.185644e+06	1.300000e+03	3.187313e+06	1.300000e+03	3.203332e+06	1.300000e+03	3.193255e+06	1.300000e+03	3.186481e+06	1.300000e+03	3.184470e+06	1.300000e+03	3.188030e+06	1.300000e+03	3.194099e+06	1.300000e+03	3.183904e+06	1.300000e+03	3.188342e+06	1.300000e+03	3.197135e+06	1.300000e+03	3.191386e+06	1.300000e+03	3.194496e+06	1.300000e+03	3.181589e+06	1.300000e+03	3.190863e+06	1.300000e+03	3.185472e+06	1.300000e+03	3.192385e+06	1.300000e+03	3.182019e+06	1.300000e+03	3.184216e+06	1.300000e+03	3.188023e+06	1.300000e+03	3.189210e+06	1.300000e+03	3.193683e+06	1.300000e+03	3.193343e+06	1.300000e+03	3.191918e+06	1.300000e+03	3.186637e+06	1.300000e+03	3.194681e+06	1.300000e+03	3.189961e+06	1.300000e+03	3.197005e+06	1.300000e+03	3.200188e+06	1.300000e+03	3.197515e+06	1.300000e+03	3.192315e+06	1.300000e+03	3.196043e+06	1.300000e+03	3.202264e+06	1.300000e+03	3.203093e+06	1.300000e+03	3.195928e+06	1.300000e+03	3.205857e+06	1.300000e+03	3.204706e+06	1.300000e+03	3.199544e+06	1.300000e+03	3.213447e+06	1.300000e+03	3.185240e+06	1.300000e+03	3.204046e+06	1.300000e+03	3.209463e+06	1.300000e+03	3.206958e+06	1.300000e+03	3.204722e+06	1.300000e+03	3.201121e+06	1.300000e+03	3.203101e+06	1.300000e+03	3.204652e+06	1.300000e+03	3.201175e+06	1.300000e+03	3.203064e+06	1.300000e+03	3.203556e+06	1.300000e+03	3.207818e+06	1.300000e+03	3.207457e+06	1.300000e+03	3.210541e+06	1.300000e+03	3.205296e+06	1.300000e+03	3.202416e+06	1.300000e+03	3.210438e+06	1.300000e+03	3.206465e+06	1.300000e+03	3.212783e+06	1.300000e+03	3.213071e+06	1.300000e+03	3.211779e+06	1.300000e+03	3.211316e+06	1.300000e+03	3.213958e+06	1.300000e+03	3.206636e+06	1.300000e+03	3.210253e+06	1.300000e+03	3.212727e+06	1.300000e+03	3.210727e+06
1.301000e+03	3.105608e+06	1.301000e+03	3.134441e+06	1.301000e+03	3.127995e+06	1.301000e+03	3.121109e+06	1.301000e+03	3.132852e+06	1.301000e+03	3.140655e+06	1.301000e+03	3.138310e+06	1.301000e+03	3.134160e+06	1.301000e+03	3.148587e+06	1.301000e+03	3.149825e+06	1.301000e+03	3.181104e+06	1.301000e+03	3.165753e+06	1.301000e+03	3.160629e+06	1.301000e+03	3.181355e+06	1.301000e+03	3.164557e+06	1.301000e+03	3.157857e+06	1.301000e+03	3.158500e+06	1.301000e+03	3.173161e+06	1.301000e+03	3.164216e+06	1.301000e+03	3.156015e+06	1.301000e+03	3.158293e+06	1.301000e+03	3.150903e+06	1.301000e+03	3.160932e+06	1.301000e+03	3.173300e+06	1.301000e+03	3.157798e+06	1.301000e+03	3.170485e+06	1.301000e+03	3.156809e+06	1.301000e+03	3.151124e+06	1.301000e+03	3.155371e+06	1.301000e+03	3.161088e+06	1.301000e+03	3.159331e+06	1.301000e+03	3.153436e+06	1.301000e+03	3.161785e+06	1.301000e+03	3.157387e+06	1.301000e+03	3.163232e+06	1.301000e+03	3.180223e+06	1.301000e+03	3.170829e+06	1.301000e+03	3.163400e+06	1.301000e+03	3.172271e+06	1.301000e+03	3.154624e+06	1.301000e+03	3.166046e+06	1.301000e+03	3.170928e+06	1.301000e+03	3.157687e+06	1.301000e+03	3.159503e+06	1.301000e+03	3.152590e+06	1.301000e+03	3.158933e+06	1.301000e+03	3.156687e+06	1.301000e+03	3.156073e+06	1.301000e+03	3.164669e+06	1.301000e+03	3.166400e+06	1.301000e+03	3.160672e+06	1.301000e+03	3.165874e+06	1.301000e+03	3.174951e+06	1.301000e+03	3.163610e+06	1.301000e+03	3.174621e+06	1.301000e+03	3.155488e+06	1.301000e+03	3.160188e+06	1.301000e+03	3.173817e+06	1.301000e+03	3.180516e+06	1.301000e+03	3.158027e+06	1.301000e+03	3.165905e+06	1.301000e+03	3.181346e+06	1.301000e+03	3.171400e+06	1.301000e+03	3.170534e+06	1.301000e+03	3.175844e+06	1.301000e+03	3.176460e+06	1.301000e+03	3.172961e+06	1.301000e+03	3.180238e+06	1.301000e+03	3.177066e+06	1.301000e+03	3.161843e+06	1.301000e+03	3.174915e+06	1.301000e+03	3.169157e+06	1.301000e+03	3.182854e+06	1.301000e+03	3.172605e+06	1.301000e+03	3.169422e+06	1.301000e+03	3.171799e+06	1.301000e+03	3.182730e+06	1.301000e+03	3.190370e+06	1.301000e+03	3.187689e+06	1.301000e+03	3.193335e+06	1.301000e+03	3.187295e+06	1.301000e+03	3.184984e+06	1.301000e+03	3.184096e+06	1.301000e+03	3.173605e+06	1.301000e+03	3.186702e+06	1.301000e+03	3.179698e+06	1.301000e+03	3.179206e+06	1.301000e+03	3.182702e+06	1.301000e+03	3.187845e+06	1.301000e+03	3.189558e+06	1.301000e+03	3.185349e+06	1.301000e+03	3.179663e+06	1.301000e+03	3.176896e+06	1.301000e+03	3.184256e+06	1.301000e+03	3.188072e+06	1.301000e+03	3.182465e+06	1.301000e+03	3.185044e+06	1.301000e+03	3.179660e+06	1.301000e+03	3.182705e+06	1.301000e+03	3.187288e+06	1.301000e+03	3.195160e+06	1.301000e+03	3.201844e+06	1.301000e+03	3.183268e+06	1.301000e+03	3.193546e+06	1.301000e+03	3.192570e+06	1.301000e+03	3.179020e+06	1.301000e+03	3.186181e+06	1.301000e+03	3.193759e+06	1.301000e+03	3.195841e+06	1.301000e+03	3.193368e+06	1.301000e+03	3.190964e+06	1.301000e+03	3.188649e+06	1.301000e+03	3.183809e+06	1.301000e+03	3.185324e+06	1.301000e+03	3.181642e+06	1.301000e+03	3.193099e+06	1.301000e+03	3.188813e+06	1.301000e+03	3.179219e+06	1.301000e+03	3.192234e+06	1.301000e+03	3.191895e+06	1.301000e+03	3.187424e+06	1.301000e+03	3.186755e+06	1.301000e+03	3.190866e+06	1.301000e+03	3.187250e+06	1.301000e+03	3.183237e+06	1.301000e+03	3.195623e+06	1.301000e+03	3.184530e+06	1.301000e+03	3.189293e+06	1.301000e+03	3.185079e+06	1.301000e+03	3.193012e+06	1.301000e+03	3.190271e+06	1.301000e+03	3.172380e+06	1.301000e+03	3.186386e+06	1.301000e+03	3.184906e+06	1.301000e+03	3.198893e+06	1.301000e+03	3.189952e+06	1.301000e+03	3.182455e+06	1.301000e+03	3.182242e+06	1.301000e+03	3.178277e+06	1.301000e+03	3.190933e+06	1.301000e+03	3.180800e+06	1.301000e+03	3.190679e+06	1.301000e+03	3.188480e+06	1.301000e+03	3.182283e+06	1.301000e+03	3.203583e+06	1.301000e+03	3.191264e+06	1.301000e+03	3.187532e+06	1.301000e+03	3.182633e+06	1.301000e+03	3.188449e+06	1.301000e+03	3.192947e+06	1.301000e+03	3.184642e+06	1.301000e+03	3.192529e+06	1.301000e+03	3.197715e+06	1.301000e+03	3.193583e+06	1.301000e+03	3.199211e+06	1.301000e+03	3.184165e+06	1.301000e+03	3.189061e+06	1.301000e+03	3.184733e+06	1.301000e+03	3.190204e+06	1.301000e+03	3.181947e+06	1.301000e+03	3.181983e+06	1.301000e+03	3.185359e+06	1.301000e+03	3.189436e+06	1.301000e+03	3.193118e+06	1.301000e+03	3.189070e+06	1.301000e+03	3.190065e+06	1.301000e+03	3.194501e+06	1.301000e+03	3.194025e+06	1.301000e+03	3.196498e+06	1.301000e+03	3.199532e+06	1.301000e+03	3.196809e+06	1.301000e+03	3.199502e+06	1.301000e+03	3.193348e+06	1.301000e+03	3.194688e+06	1.301000e+03	3.203310e+06	1.301000e+03	3.203843e+06	1.301000e+03	3.203779e+06	1.301000e+03	3.204289e+06	1.301000e+03	3.206145e+06	1.301000e+03	3.203617e+06	1.301000e+03	3.204104e+06	1.301000e+03	3.186635e+06	1.301000e+03	3.199940e+06	1.301000e+03	3.210268e+06	1.301000e+03	3.206282e+06	1.301000e+03	3.204452e+06	1.301000e+03	3.194497e+06	1.301000e+03	3.196102e+06	1.301000e+03	3.201417e+06	1.301000e+03	3.202141e+06	1.301000e+03	3.205891e+06	1.301000e+03	3.210750e+06	1.301000e+03	3.202870e+06	1.301000e+03	3.206639e+06	1.301000e+03	3.213274e+06	1.301000e+03	3.206296e+06	1.301000e+03	3.200027e+06	1.301000e+03	3.213790e+06	1.301000e+03	3.205796e+06	1.301000e+03	3.211081e+06	1.301000e+03	3.214633e+06	1.301000e+03	3.205828e+06	1.301000e+03	3.209529e+06	1.301000e+03	3.210673e+06	1.301000e+03	3.204335e+06	1.301000e+03	3.211885e+06	1.301000e+03	3.211006e+06	1.301000e+03	3.210734e+06
1.302000e+03	3.125000e+06	1.302000e+03	3.138421e+06	1.302000e+03	3.130856e+06	1.302000e+03	3.122928e+06	1.302000e+03	3.134027e+06	1.302000e+03	3.134949e+06	1.302000e+03	3.140193e+06	1.302000e+03	3.137233e+06	1.302000e+03	3.152658e+06	1.302000e+03	3.146232e+06	1.302000e+03	3.174999e+06	1.302000e+03	3.168816e+06	1.302000e+03	3.161340e+06	1.302000e+03	3.180181e+06	1.302000e+03	3.165707e+06	1.302000e+03	3.153136e+06	1.302000e+03	3.159300e+06	1.302000e+03	3.171916e+06	1.302000e+03	3.164352e+06	1.302000e+03	3.160359e+06	1.302000e+03	3.157037e+06	1.302000e+03	3.152568e+06	1.302000e+03	3.156161e+06	1.302000e+03	3.172159e+06	1.302000e+03	3.157826e+06	1.302000e+03	3.165845e+06	1.302000e+03	3.160498e+06	1.302000e+03	3.154574e+06	1.302000e+03	3.156377e+06	1.302000e+03	3.157728e+06	1.302000e+03	3.161976e+06	1.302000e+03	3.150267e+06	1.302000e+03	3.166158e+06	1.302000e+03	3.154524e+06	1.302000e+03	3.164366e+06	1.302000e+03	3.179686e+06	1.302000e+03	3.172422e+06	1.302000e+03	3.163508e+06	1.302000e+03	3.174262e+06	1.302000e+03	3.155550e+06	1.302000e+03	3.162078e+06	1.302000e+03	3.172086e+06	1.302000e+03	3.159813e+06	1.302000e+03	3.156340e+06	1.302000e+03	3.159369e+06	1.302000e+03	3.160479e+06	1.302000e+03	3.158101e+06	1.302000e+03	3.159650e+06	1.302000e+03	3.162688e+06	1.302000e+03	3.170804e+06	1.302000e+03	3.164402e+06	1.302000e+03	3.165059e+06	1.302000e+03	3.175750e+06	1.302000e+03	3.166390e+06	1.302000e+03	3.176156e+06	1.302000e+03	3.157628e+06	1.302000e+03	3.162529e+06	1.302000e+03	3.177591e+06	1.302000e+03	3.182395e+06	1.302000e+03	3.155119e+06	1.302000e+03	3.164373e+06	1.302000e+03	3.180096e+06	1.302000e+03	3.172391e+06	1.302000e+03	3.169177e+06	1.302000e+03	3.169816e+06	1.302000e+03	3.179495e+06	1.302000e+03	3.171352e+06	1.302000e+03	3.181921e+06	1.302000e+03	3.175719e+06	1.302000e+03	3.161224e+06	1.302000e+03	3.174251e+06	1.302000e+03	3.163412e+06	1.302000e+03	3.189051e+06	1.302000e+03	3.174629e+06	1.302000e+03	3.168309e+06	1.302000e+03	3.172731e+06	1.302000e+03	3.182236e+06	1.302000e+03	3.186387e+06	1.302000e+03	3.186206e+06	1.302000e+03	3.188623e+06	1.302000e+03	3.185986e+06	1.302000e+03	3.185979e+06	1.302000e+03	3.182731e+06	1.302000e+03	3.174003e+06	1.302000e+03	3.182876e+06	1.302000e+03	3.181727e+06	1.302000e+03	3.179887e+06	1.302000e+03	3.185212e+06	1.302000e+03	3.184919e+06	1.302000e+03	3.182218e+06	1.302000e+03	3.186172e+06	1.302000e+03	3.178323e+06	1.302000e+03	3.177539e+06	1.302000e+03	3.185460e+06	1.302000e+03	3.185936e+06	1.302000e+03	3.185646e+06	1.302000e+03	3.186536e+06	1.302000e+03	3.176863e+06	1.302000e+03	3.185158e+06	1.302000e+03	3.185597e+06	1.302000e+03	3.199675e+06	1.302000e+03	3.200430e+06	1.302000e+03	3.183286e+06	1.302000e+03	3.191727e+06	1.302000e+03	3.193238e+06	1.302000e+03	3.178748e+06	1.302000e+03	3.184253e+06	1.302000e+03	3.193998e+06	1.302000e+03	3.192480e+06	1.302000e+03	3.189813e+06	1.302000e+03	3.187635e+06	1.302000e+03	3.187024e+06	1.302000e+03	3.185441e+06	1.302000e+03	3.183860e+06	1.302000e+03	3.184116e+06	1.302000e+03	3.196020e+06	1.302000e+03	3.190124e+06	1.302000e+03	3.180321e+06	1.302000e+03	3.191669e+06	1.302000e+03	3.187599e+06	1.302000e+03	3.188620e+06	1.302000e+03	3.186907e+06	1.302000e+03	3.191797e+06	1.302000e+03	3.188003e+06	1.302000e+03	3.184263e+06	1.302000e+03	3.197714e+06	1.302000e+03	3.186898e+06	1.302000e+03	3.189209e+06	1.302000e+03	3.185532e+06	1.302000e+03	3.189614e+06	1.302000e+03	3.193123e+06	1.302000e+03	3.171827e+06	1.302000e+03	3.188347e+06	1.302000e+03	3.188439e+06	1.302000e+03	3.202343e+06	1.302000e+03	3.188882e+06	1.302000e+03	3.184622e+06	1.302000e+03	3.189368e+06	1.302000e+03	3.180162e+06	1.302000e+03	3.187585e+06	1.302000e+03	3.185027e+06	1.302000e+03	3.189765e+06	1.302000e+03	3.186128e+06	1.302000e+03	3.186046e+06	1.302000e+03	3.197604e+06	1.302000e+03	3.190312e+06	1.302000e+03	3.188416e+06	1.302000e+03	3.188222e+06	1.302000e+03	3.189886e+06	1.302000e+03	3.192738e+06	1.302000e+03	3.182089e+06	1.302000e+03	3.192915e+06	1.302000e+03	3.195685e+06	1.302000e+03	3.191622e+06	1.302000e+03	3.200453e+06	1.302000e+03	3.179704e+06	1.302000e+03	3.188460e+06	1.302000e+03	3.182741e+06	1.302000e+03	3.191112e+06	1.302000e+03	3.184488e+06	1.302000e+03	3.180688e+06	1.302000e+03	3.187000e+06	1.302000e+03	3.191871e+06	1.302000e+03	3.190226e+06	1.302000e+03	3.189828e+06	1.302000e+03	3.194973e+06	1.302000e+03	3.190102e+06	1.302000e+03	3.192159e+06	1.302000e+03	3.196258e+06	1.302000e+03	3.198169e+06	1.302000e+03	3.199111e+06	1.302000e+03	3.196903e+06	1.302000e+03	3.191542e+06	1.302000e+03	3.196204e+06	1.302000e+03	3.201001e+06	1.302000e+03	3.205279e+06	1.302000e+03	3.204457e+06	1.302000e+03	3.205837e+06	1.302000e+03	3.206587e+06	1.302000e+03	3.200690e+06	1.302000e+03	3.200630e+06	1.302000e+03	3.186735e+06	1.302000e+03	3.200658e+06	1.302000e+03	3.204104e+06	1.302000e+03	3.209616e+06	1.302000e+03	3.207359e+06	1.302000e+03	3.200417e+06	1.302000e+03	3.194615e+06	1.302000e+03	3.206847e+06	1.302000e+03	3.201154e+06	1.302000e+03	3.206204e+06	1.302000e+03	3.211419e+06	1.302000e+03	3.204099e+06	1.302000e+03	3.205982e+06	1.302000e+03	3.210192e+06	1.302000e+03	3.205150e+06	1.302000e+03	3.196472e+06	1.302000e+03	3.214868e+06	1.302000e+03	3.206005e+06	1.302000e+03	3.212571e+06	1.302000e+03	3.213823e+06	1.302000e+03	3.207013e+06	1.302000e+03	3.210392e+06	1.302000e+03	3.209995e+06	1.302000e+03	3.203694e+06	1.302000e+03	3.215377e+06	1.302000e+03	3.212642e+06	1.302000e+03	3.208578e+06
1.303000e+03	3.121110e+06	1.303000e+03	3.135312e+06	1.303000e+03	3.134094e+06	1.303000e+03	3.123786e+06	1.303000e+03	3.130955e+06	1.303000e+03	3.137946e+06	1.303000e+03	3.135674e+06	1.303000e+03	3.136487e+06	1.303000e+03	3.145869e+06	1.303000e+03	3.147051e+06	1.303000e+03	3.175089e+06	1.303000e+03	3.168391e+06	1.303000e+03	3.160500e+06	1.303000e+03	3.172981e+06	1.303000e+03	3.165012e+06	1.303000e+03	3.154279e+06	1.303000e+03	3.160714e+06	1.303000e+03	3.169602e+06	1.303000e+03	3.164852e+06	1.303000e+03	3.154479e+06	1.303000e+03	3.155400e+06	1.303000e+03	3.154688e+06	1.303000e+03	3.154703e+06	1.303000e+03	3.171250e+06	1.303000e+03	3.158631e+06	1.303000e+03	3.169014e+06	1.303000e+03	3.161820e+06	1.303000e+03	3.148417e+06	1.303000e+03	3.158346e+06	1.303000e+03	3.161419e+06	1.303000e+03	3.159854e+06	1.303000e+03	3.154170e+06	1.303000e+03	3.169584e+06	1.303000e+03	3.156917e+06	1.303000e+03	3.169840e+06	1.303000e+03	3.179820e+06	1.303000e+03	3.177487e+06	1.303000e+03	3.165625e+06	1.303000e+03	3.172176e+06	1.303000e+03	3.152647e+06	1.303000e+03	3.164584e+06	1.303000e+03	3.171731e+06	1.303000e+03	3.158715e+06	1.303000e+03	3.157154e+06	1.303000e+03	3.162153e+06	1.303000e+03	3.163365e+06	1.303000e+03	3.156377e+06	1.303000e+03	3.160185e+06	1.303000e+03	3.160984e+06	1.303000e+03	3.170637e+06	1.303000e+03	3.165121e+06	1.303000e+03	3.165978e+06	1.303000e+03	3.172899e+06	1.303000e+03	3.168705e+06	1.303000e+03	3.170435e+06	1.303000e+03	3.156694e+06	1.303000e+03	3.163593e+06	1.303000e+03	3.173861e+06	1.303000e+03	3.185819e+06	1.303000e+03	3.151249e+06	1.303000e+03	3.164748e+06	1.303000e+03	3.182005e+06	1.303000e+03	3.172374e+06	1.303000e+03	3.165773e+06	1.303000e+03	3.171383e+06	1.303000e+03	3.177272e+06	1.303000e+03	3.175424e+06	1.303000e+03	3.183338e+06	1.303000e+03	3.171770e+06	1.303000e+03	3.160740e+06	1.303000e+03	3.170643e+06	1.303000e+03	3.169590e+06	1.303000e+03	3.191060e+06	1.303000e+03	3.177749e+06	1.303000e+03	3.169147e+06	1.303000e+03	3.171894e+06	1.303000e+03	3.179301e+06	1.303000e+03	3.183289e+06	1.303000e+03	3.184454e+06	1.303000e+03	3.188007e+06	1.303000e+03	3.183546e+06	1.303000e+03	3.182887e+06	1.303000e+03	3.181956e+06	1.303000e+03	3.177112e+06	1.303000e+03	3.188885e+06	1.303000e+03	3.180669e+06	1.303000e+03	3.182497e+06	1.303000e+03	3.186898e+06	1.303000e+03	3.185864e+06	1.303000e+03	3.182700e+06	1.303000e+03	3.185069e+06	1.303000e+03	3.178801e+06	1.303000e+03	3.175834e+06	1.303000e+03	3.183424e+06	1.303000e+03	3.185569e+06	1.303000e+03	3.180696e+06	1.303000e+03	3.189085e+06	1.303000e+03	3.183542e+06	1.303000e+03	3.185075e+06	1.303000e+03	3.183689e+06	1.303000e+03	3.199461e+06	1.303000e+03	3.202482e+06	1.303000e+03	3.183960e+06	1.303000e+03	3.195185e+06	1.303000e+03	3.192624e+06	1.303000e+03	3.179229e+06	1.303000e+03	3.183296e+06	1.303000e+03	3.193678e+06	1.303000e+03	3.189649e+06	1.303000e+03	3.188403e+06	1.303000e+03	3.189410e+06	1.303000e+03	3.182472e+06	1.303000e+03	3.182365e+06	1.303000e+03	3.187488e+06	1.303000e+03	3.180313e+06	1.303000e+03	3.189421e+06	1.303000e+03	3.190051e+06	1.303000e+03	3.178513e+06	1.303000e+03	3.191855e+06	1.303000e+03	3.191966e+06	1.303000e+03	3.189407e+06	1.303000e+03	3.187238e+06	1.303000e+03	3.192100e+06	1.303000e+03	3.191468e+06	1.303000e+03	3.180970e+06	1.303000e+03	3.201087e+06	1.303000e+03	3.186197e+06	1.303000e+03	3.186429e+06	1.303000e+03	3.185428e+06	1.303000e+03	3.191491e+06	1.303000e+03	3.192315e+06	1.303000e+03	3.176493e+06	1.303000e+03	3.185582e+06	1.303000e+03	3.190523e+06	1.303000e+03	3.195818e+06	1.303000e+03	3.185881e+06	1.303000e+03	3.188044e+06	1.303000e+03	3.188086e+06	1.303000e+03	3.179392e+06	1.303000e+03	3.185872e+06	1.303000e+03	3.181463e+06	1.303000e+03	3.192251e+06	1.303000e+03	3.188172e+06	1.303000e+03	3.188535e+06	1.303000e+03	3.201573e+06	1.303000e+03	3.191162e+06	1.303000e+03	3.188709e+06	1.303000e+03	3.188892e+06	1.303000e+03	3.191786e+06	1.303000e+03	3.194746e+06	1.303000e+03	3.181624e+06	1.303000e+03	3.190348e+06	1.303000e+03	3.195856e+06	1.303000e+03	3.192189e+06	1.303000e+03	3.196143e+06	1.303000e+03	3.182571e+06	1.303000e+03	3.189424e+06	1.303000e+03	3.182017e+06	1.303000e+03	3.187673e+06	1.303000e+03	3.184487e+06	1.303000e+03	3.181273e+06	1.303000e+03	3.182552e+06	1.303000e+03	3.193722e+06	1.303000e+03	3.189530e+06	1.303000e+03	3.190580e+06	1.303000e+03	3.191465e+06	1.303000e+03	3.196572e+06	1.303000e+03	3.195892e+06	1.303000e+03	3.196826e+06	1.303000e+03	3.197847e+06	1.303000e+03	3.203404e+06	1.303000e+03	3.198722e+06	1.303000e+03	3.192027e+06	1.303000e+03	3.197614e+06	1.303000e+03	3.201932e+06	1.303000e+03	3.201532e+06	1.303000e+03	3.205633e+06	1.303000e+03	3.201307e+06	1.303000e+03	3.202698e+06	1.303000e+03	3.202592e+06	1.303000e+03	3.198335e+06	1.303000e+03	3.187757e+06	1.303000e+03	3.200954e+06	1.303000e+03	3.204710e+06	1.303000e+03	3.205337e+06	1.303000e+03	3.205445e+06	1.303000e+03	3.200802e+06	1.303000e+03	3.196698e+06	1.303000e+03	3.207983e+06	1.303000e+03	3.199461e+06	1.303000e+03	3.206507e+06	1.303000e+03	3.208712e+06	1.303000e+03	3.202640e+06	1.303000e+03	3.206483e+06	1.303000e+03	3.209937e+06	1.303000e+03	3.206920e+06	1.303000e+03	3.202963e+06	1.303000e+03	3.213246e+06	1.303000e+03	3.207137e+06	1.303000e+03	3.212239e+06	1.303000e+03	3.212139e+06	1.303000e+03	3.205669e+06	1.303000e+03	3.211534e+06	1.303000e+03	3.211038e+06	1.303000e+03	3.204310e+06	1.303000e+03	3.214118e+06	1.303000e+03	3.210071e+06	1.303000e+03	3.211860e+06
1.304000e+03	3.117237e+06	1.304000e+03	3.135670e+06	1.304000e+03	3.135956e+06	1.304000e+03	3.122787e+06	1.304000e+03	3.131471e+06	1.304000e+03	3.137089e+06	1.304000e+03	3.137272e+06	1.304000e+03	3.134310e+06	1.304000e+03	3.147503e+06	1.304000e+03	3.145702e+06	1.304000e+03	3.181785e+06	1.304000e+03	3.167923e+06	1.304000e+03	3.157676e+06	1.304000e+03	3.173371e+06	1.304000e+03	3.164313e+06	1.304000e+03	3.154460e+06	1.304000e+03	3.162482e+06	1.304000e+03	3.169015e+06	1.304000e+03	3.166576e+06	1.304000e+03	3.158857e+06	1.304000e+03	3.155501e+06	1.304000e+03	3.152287e+06	1.304000e+03	3.159790e+06	1.304000e+03	3.170996e+06	1.304000e+03	3.158965e+06	1.304000e+03	3.164449e+06	1.304000e+03	3.159522e+06	1.304000e+03	3.146877e+06	1.304000e+03	3.153410e+06	1.304000e+03	3.157146e+06	1.304000e+03	3.157043e+06	1.304000e+03	3.149652e+06	1.304000e+03	3.165887e+06	1.304000e+03	3.160667e+06	1.304000e+03	3.168527e+06	1.304000e+03	3.183292e+06	1.304000e+03	3.177265e+06	1.304000e+03	3.162928e+06	1.304000e+03	3.169087e+06	1.304000e+03	3.150743e+06	1.304000e+03	3.165101e+06	1.304000e+03	3.170282e+06	1.304000e+03	3.158582e+06	1.304000e+03	3.159059e+06	1.304000e+03	3.161499e+06	1.304000e+03	3.162054e+06	1.304000e+03	3.153475e+06	1.304000e+03	3.158494e+06	1.304000e+03	3.162161e+06	1.304000e+03	3.174611e+06	1.304000e+03	3.165493e+06	1.304000e+03	3.163306e+06	1.304000e+03	3.172776e+06	1.304000e+03	3.166999e+06	1.304000e+03	3.169793e+06	1.304000e+03	3.160347e+06	1.304000e+03	3.164883e+06	1.304000e+03	3.178140e+06	1.304000e+03	3.177507e+06	1.304000e+03	3.150244e+06	1.304000e+03	3.168341e+06	1.304000e+03	3.184132e+06	1.304000e+03	3.170766e+06	1.304000e+03	3.168362e+06	1.304000e+03	3.168449e+06	1.304000e+03	3.172795e+06	1.304000e+03	3.179256e+06	1.304000e+03	3.184333e+06	1.304000e+03	3.175080e+06	1.304000e+03	3.164353e+06	1.304000e+03	3.169020e+06	1.304000e+03	3.164207e+06	1.304000e+03	3.190642e+06	1.304000e+03	3.179412e+06	1.304000e+03	3.167971e+06	1.304000e+03	3.172013e+06	1.304000e+03	3.180762e+06	1.304000e+03	3.186847e+06	1.304000e+03	3.188596e+06	1.304000e+03	3.189532e+06	1.304000e+03	3.182557e+06	1.304000e+03	3.187131e+06	1.304000e+03	3.180831e+06	1.304000e+03	3.177207e+06	1.304000e+03	3.189176e+06	1.304000e+03	3.177751e+06	1.304000e+03	3.183660e+06	1.304000e+03	3.185139e+06	1.304000e+03	3.184742e+06	1.304000e+03	3.187799e+06	1.304000e+03	3.185549e+06	1.304000e+03	3.180607e+06	1.304000e+03	3.175562e+06	1.304000e+03	3.193451e+06	1.304000e+03	3.184827e+06	1.304000e+03	3.184617e+06	1.304000e+03	3.187678e+06	1.304000e+03	3.183891e+06	1.304000e+03	3.190627e+06	1.304000e+03	3.184561e+06	1.304000e+03	3.198754e+06	1.304000e+03	3.200629e+06	1.304000e+03	3.186760e+06	1.304000e+03	3.192230e+06	1.304000e+03	3.195687e+06	1.304000e+03	3.177263e+06	1.304000e+03	3.183948e+06	1.304000e+03	3.199051e+06	1.304000e+03	3.185125e+06	1.304000e+03	3.186620e+06	1.304000e+03	3.195197e+06	1.304000e+03	3.182777e+06	1.304000e+03	3.186253e+06	1.304000e+03	3.183658e+06	1.304000e+03	3.181769e+06	1.304000e+03	3.194015e+06	1.304000e+03	3.190324e+06	1.304000e+03	3.181330e+06	1.304000e+03	3.188778e+06	1.304000e+03	3.194559e+06	1.304000e+03	3.189582e+06	1.304000e+03	3.185879e+06	1.304000e+03	3.189547e+06	1.304000e+03	3.191579e+06	1.304000e+03	3.185319e+06	1.304000e+03	3.196322e+06	1.304000e+03	3.187477e+06	1.304000e+03	3.187762e+06	1.304000e+03	3.184551e+06	1.304000e+03	3.187608e+06	1.304000e+03	3.193264e+06	1.304000e+03	3.181757e+06	1.304000e+03	3.186392e+06	1.304000e+03	3.187771e+06	1.304000e+03	3.195568e+06	1.304000e+03	3.185928e+06	1.304000e+03	3.186825e+06	1.304000e+03	3.185640e+06	1.304000e+03	3.175760e+06	1.304000e+03	3.189836e+06	1.304000e+03	3.182098e+06	1.304000e+03	3.192397e+06	1.304000e+03	3.184974e+06	1.304000e+03	3.184865e+06	1.304000e+03	3.196432e+06	1.304000e+03	3.188014e+06	1.304000e+03	3.185723e+06	1.304000e+03	3.187897e+06	1.304000e+03	3.193550e+06	1.304000e+03	3.198556e+06	1.304000e+03	3.192232e+06	1.304000e+03	3.190058e+06	1.304000e+03	3.197463e+06	1.304000e+03	3.196406e+06	1.304000e+03	3.197971e+06	1.304000e+03	3.182433e+06	1.304000e+03	3.188452e+06	1.304000e+03	3.178921e+06	1.304000e+03	3.190630e+06	1.304000e+03	3.182814e+06	1.304000e+03	3.182669e+06	1.304000e+03	3.182563e+06	1.304000e+03	3.187904e+06	1.304000e+03	3.190393e+06	1.304000e+03	3.192225e+06	1.304000e+03	3.187031e+06	1.304000e+03	3.190606e+06	1.304000e+03	3.193717e+06	1.304000e+03	3.194110e+06	1.304000e+03	3.200171e+06	1.304000e+03	3.198360e+06	1.304000e+03	3.197277e+06	1.304000e+03	3.189821e+06	1.304000e+03	3.200231e+06	1.304000e+03	3.200406e+06	1.304000e+03	3.204776e+06	1.304000e+03	3.199519e+06	1.304000e+03	3.204537e+06	1.304000e+03	3.201331e+06	1.304000e+03	3.209808e+06	1.304000e+03	3.198360e+06	1.304000e+03	3.184461e+06	1.304000e+03	3.202071e+06	1.304000e+03	3.202137e+06	1.304000e+03	3.202959e+06	1.304000e+03	3.211230e+06	1.304000e+03	3.200791e+06	1.304000e+03	3.197650e+06	1.304000e+03	3.206019e+06	1.304000e+03	3.197906e+06	1.304000e+03	3.204718e+06	1.304000e+03	3.213032e+06	1.304000e+03	3.201159e+06	1.304000e+03	3.204936e+06	1.304000e+03	3.206871e+06	1.304000e+03	3.209835e+06	1.304000e+03	3.202246e+06	1.304000e+03	3.214399e+06	1.304000e+03	3.204157e+06	1.304000e+03	3.214774e+06	1.304000e+03	3.213944e+06	1.304000e+03	3.205940e+06	1.304000e+03	3.213317e+06	1.304000e+03	3.211320e+06	1.304000e+03	3.204954e+06	1.304000e+03	3.212048e+06	1.304000e+03	3.206429e+06	1.304000e+03	3.208559e+06
1.305000e+03	3.115855e+06	1.305000e+03	3.128795e+06	1.305000e+03	3.132874e+06	1.305000e+03	3.123194e+06	1.305000e+03	3.133092e+06	1.305000e+03	3.136874e+06	1.305000e+03	3.138093e+06	1.305000e+03	3.136300e+06	1.305000e+03	3.146006e+06	1.305000e+03	3.148737e+06	1.305000e+03	3.177847e+06	1.305000e+03	3.164800e+06	1.305000e+03	3.158428e+06	1.305000e+03	3.171477e+06	1.305000e+03	3.163211e+06	1.305000e+03	3.155513e+06	1.305000e+03	3.160724e+06	1.305000e+03	3.169686e+06	1.305000e+03	3.166557e+06	1.305000e+03	3.156383e+06	1.305000e+03	3.154834e+06	1.305000e+03	3.151648e+06	1.305000e+03	3.156499e+06	1.305000e+03	3.164640e+06	1.305000e+03	3.158503e+06	1.305000e+03	3.167065e+06	1.305000e+03	3.157507e+06	1.305000e+03	3.146427e+06	1.305000e+03	3.154417e+06	1.305000e+03	3.153273e+06	1.305000e+03	3.160892e+06	1.305000e+03	3.151949e+06	1.305000e+03	3.162758e+06	1.305000e+03	3.160597e+06	1.305000e+03	3.165336e+06	1.305000e+03	3.179666e+06	1.305000e+03	3.179223e+06	1.305000e+03	3.167164e+06	1.305000e+03	3.165152e+06	1.305000e+03	3.153971e+06	1.305000e+03	3.162651e+06	1.305000e+03	3.170066e+06	1.305000e+03	3.159051e+06	1.305000e+03	3.160836e+06	1.305000e+03	3.153882e+06	1.305000e+03	3.163804e+06	1.305000e+03	3.159642e+06	1.305000e+03	3.157894e+06	1.305000e+03	3.159367e+06	1.305000e+03	3.172571e+06	1.305000e+03	3.167645e+06	1.305000e+03	3.164796e+06	1.305000e+03	3.168213e+06	1.305000e+03	3.167165e+06	1.305000e+03	3.168590e+06	1.305000e+03	3.161491e+06	1.305000e+03	3.162674e+06	1.305000e+03	3.171707e+06	1.305000e+03	3.178420e+06	1.305000e+03	3.153824e+06	1.305000e+03	3.161908e+06	1.305000e+03	3.173282e+06	1.305000e+03	3.170553e+06	1.305000e+03	3.170464e+06	1.305000e+03	3.174225e+06	1.305000e+03	3.178441e+06	1.305000e+03	3.178280e+06	1.305000e+03	3.185630e+06	1.305000e+03	3.178750e+06	1.305000e+03	3.160282e+06	1.305000e+03	3.167329e+06	1.305000e+03	3.162969e+06	1.305000e+03	3.189356e+06	1.305000e+03	3.175381e+06	1.305000e+03	3.177704e+06	1.305000e+03	3.171658e+06	1.305000e+03	3.174480e+06	1.305000e+03	3.182295e+06	1.305000e+03	3.187571e+06	1.305000e+03	3.191217e+06	1.305000e+03	3.183656e+06	1.305000e+03	3.184623e+06	1.305000e+03	3.185825e+06	1.305000e+03	3.175837e+06	1.305000e+03	3.186114e+06	1.305000e+03	3.187130e+06	1.305000e+03	3.183094e+06	1.305000e+03	3.182791e+06	1.305000e+03	3.185498e+06	1.305000e+03	3.187820e+06	1.305000e+03	3.188744e+06	1.305000e+03	3.179549e+06	1.305000e+03	3.171238e+06	1.305000e+03	3.189845e+06	1.305000e+03	3.184945e+06	1.305000e+03	3.185995e+06	1.305000e+03	3.185938e+06	1.305000e+03	3.181162e+06	1.305000e+03	3.194770e+06	1.305000e+03	3.182420e+06	1.305000e+03	3.197438e+06	1.305000e+03	3.200053e+06	1.305000e+03	3.184531e+06	1.305000e+03	3.196546e+06	1.305000e+03	3.195823e+06	1.305000e+03	3.181538e+06	1.305000e+03	3.184451e+06	1.305000e+03	3.195745e+06	1.305000e+03	3.190730e+06	1.305000e+03	3.188449e+06	1.305000e+03	3.187874e+06	1.305000e+03	3.184840e+06	1.305000e+03	3.182890e+06	1.305000e+03	3.184383e+06	1.305000e+03	3.181373e+06	1.305000e+03	3.196544e+06	1.305000e+03	3.192268e+06	1.305000e+03	3.185229e+06	1.305000e+03	3.186677e+06	1.305000e+03	3.197543e+06	1.305000e+03	3.184216e+06	1.305000e+03	3.188749e+06	1.305000e+03	3.189184e+06	1.305000e+03	3.192337e+06	1.305000e+03	3.183890e+06	1.305000e+03	3.195386e+06	1.305000e+03	3.184112e+06	1.305000e+03	3.188332e+06	1.305000e+03	3.182913e+06	1.305000e+03	3.188364e+06	1.305000e+03	3.190875e+06	1.305000e+03	3.177852e+06	1.305000e+03	3.187395e+06	1.305000e+03	3.188049e+06	1.305000e+03	3.195456e+06	1.305000e+03	3.186946e+06	1.305000e+03	3.192776e+06	1.305000e+03	3.188926e+06	1.305000e+03	3.180029e+06	1.305000e+03	3.190391e+06	1.305000e+03	3.184626e+06	1.305000e+03	3.194539e+06	1.305000e+03	3.185442e+06	1.305000e+03	3.185769e+06	1.305000e+03	3.199070e+06	1.305000e+03	3.187707e+06	1.305000e+03	3.185202e+06	1.305000e+03	3.184649e+06	1.305000e+03	3.189450e+06	1.305000e+03	3.193976e+06	1.305000e+03	3.194688e+06	1.305000e+03	3.190412e+06	1.305000e+03	3.194108e+06	1.305000e+03	3.195937e+06	1.305000e+03	3.198577e+06	1.305000e+03	3.181306e+06	1.305000e+03	3.182962e+06	1.305000e+03	3.183896e+06	1.305000e+03	3.188179e+06	1.305000e+03	3.183243e+06	1.305000e+03	3.183494e+06	1.305000e+03	3.180836e+06	1.305000e+03	3.189165e+06	1.305000e+03	3.190686e+06	1.305000e+03	3.189935e+06	1.305000e+03	3.183975e+06	1.305000e+03	3.188769e+06	1.305000e+03	3.194014e+06	1.305000e+03	3.198073e+06	1.305000e+03	3.198211e+06	1.305000e+03	3.198171e+06	1.305000e+03	3.196305e+06	1.305000e+03	3.186417e+06	1.305000e+03	3.195786e+06	1.305000e+03	3.201934e+06	1.305000e+03	3.194221e+06	1.305000e+03	3.197226e+06	1.305000e+03	3.201955e+06	1.305000e+03	3.201216e+06	1.305000e+03	3.200967e+06	1.305000e+03	3.202571e+06	1.305000e+03	3.188976e+06	1.305000e+03	3.202516e+06	1.305000e+03	3.201297e+06	1.305000e+03	3.202109e+06	1.305000e+03	3.213522e+06	1.305000e+03	3.202608e+06	1.305000e+03	3.203368e+06	1.305000e+03	3.206914e+06	1.305000e+03	3.198358e+06	1.305000e+03	3.205909e+06	1.305000e+03	3.210224e+06	1.305000e+03	3.201921e+06	1.305000e+03	3.203848e+06	1.305000e+03	3.207796e+06	1.305000e+03	3.206565e+06	1.305000e+03	3.200763e+06	1.305000e+03	3.210062e+06	1.305000e+03	3.207244e+06	1.305000e+03	3.214611e+06	1.305000e+03	3.212346e+06	1.305000e+03	3.204743e+06	1.305000e+03	3.211898e+06	1.305000e+03	3.206726e+06	1.305000e+03	3.203386e+06	1.305000e+03	3.208051e+06	1.305000e+03	3.206845e+06	1.305000e+03	3.209394e+06
1.306000e+03	3.111929e+06	1.306000e+03	3.132144e+06	1.306000e+03	3.132460e+06	1.306000e+03	3.124628e+06	1.306000e+03	3.134969e+06	1.306000e+03	3.137755e+06	1.306000e+03	3.135840e+06	1.306000e+03	3.135456e+06	1.306000e+03	3.147515e+06	1.306000e+03	3.145966e+06	1.306000e+03	3.179755e+06	1.306000e+03	3.166489e+06	1.306000e+03	3.160919e+06	1.306000e+03	3.171680e+06	1.306000e+03	3.163714e+06	1.306000e+03	3.151610e+06	1.306000e+03	3.158562e+06	1.306000e+03	3.166244e+06	1.306000e+03	3.168721e+06	1.306000e+03	3.154703e+06	1.306000e+03	3.155438e+06	1.306000e+03	3.155496e+06	1.306000e+03	3.156165e+06	1.306000e+03	3.168271e+06	1.306000e+03	3.158918e+06	1.306000e+03	3.165543e+06	1.306000e+03	3.159969e+06	1.306000e+03	3.145737e+06	1.306000e+03	3.153134e+06	1.306000e+03	3.156769e+06	1.306000e+03	3.152800e+06	1.306000e+03	3.151537e+06	1.306000e+03	3.164239e+06	1.306000e+03	3.167278e+06	1.306000e+03	3.165441e+06	1.306000e+03	3.186477e+06	1.306000e+03	3.174846e+06	1.306000e+03	3.166645e+06	1.306000e+03	3.162959e+06	1.306000e+03	3.151746e+06	1.306000e+03	3.159464e+06	1.306000e+03	3.170420e+06	1.306000e+03	3.159320e+06	1.306000e+03	3.159165e+06	1.306000e+03	3.157567e+06	1.306000e+03	3.164884e+06	1.306000e+03	3.157417e+06	1.306000e+03	3.158821e+06	1.306000e+03	3.163241e+06	1.306000e+03	3.173153e+06	1.306000e+03	3.166719e+06	1.306000e+03	3.164010e+06	1.306000e+03	3.172016e+06	1.306000e+03	3.164848e+06	1.306000e+03	3.171677e+06	1.306000e+03	3.159056e+06	1.306000e+03	3.164497e+06	1.306000e+03	3.171085e+06	1.306000e+03	3.178769e+06	1.306000e+03	3.150231e+06	1.306000e+03	3.161071e+06	1.306000e+03	3.178440e+06	1.306000e+03	3.173088e+06	1.306000e+03	3.171154e+06	1.306000e+03	3.171975e+06	1.306000e+03	3.178305e+06	1.306000e+03	3.176847e+06	1.306000e+03	3.185791e+06	1.306000e+03	3.173599e+06	1.306000e+03	3.158683e+06	1.306000e+03	3.170630e+06	1.306000e+03	3.162809e+06	1.306000e+03	3.183993e+06	1.306000e+03	3.178086e+06	1.306000e+03	3.176149e+06	1.306000e+03	3.176221e+06	1.306000e+03	3.172829e+06	1.306000e+03	3.181501e+06	1.306000e+03	3.184064e+06	1.306000e+03	3.188916e+06	1.306000e+03	3.181335e+06	1.306000e+03	3.186494e+06	1.306000e+03	3.189148e+06	1.306000e+03	3.176795e+06	1.306000e+03	3.189824e+06	1.306000e+03	3.186723e+06	1.306000e+03	3.181313e+06	1.306000e+03	3.183560e+06	1.306000e+03	3.184660e+06	1.306000e+03	3.186715e+06	1.306000e+03	3.185062e+06	1.306000e+03	3.177902e+06	1.306000e+03	3.175239e+06	1.306000e+03	3.187365e+06	1.306000e+03	3.184706e+06	1.306000e+03	3.183889e+06	1.306000e+03	3.191071e+06	1.306000e+03	3.181031e+06	1.306000e+03	3.188795e+06	1.306000e+03	3.181898e+06	1.306000e+03	3.196830e+06	1.306000e+03	3.195033e+06	1.306000e+03	3.185329e+06	1.306000e+03	3.192984e+06	1.306000e+03	3.197665e+06	1.306000e+03	3.177981e+06	1.306000e+03	3.185569e+06	1.306000e+03	3.195376e+06	1.306000e+03	3.191085e+06	1.306000e+03	3.188734e+06	1.306000e+03	3.188318e+06	1.306000e+03	3.185620e+06	1.306000e+03	3.187156e+06	1.306000e+03	3.183366e+06	1.306000e+03	3.184042e+06	1.306000e+03	3.193800e+06	1.306000e+03	3.187629e+06	1.306000e+03	3.183826e+06	1.306000e+03	3.187619e+06	1.306000e+03	3.196999e+06	1.306000e+03	3.187663e+06	1.306000e+03	3.195488e+06	1.306000e+03	3.189594e+06	1.306000e+03	3.192820e+06	1.306000e+03	3.186620e+06	1.306000e+03	3.192253e+06	1.306000e+03	3.189776e+06	1.306000e+03	3.186069e+06	1.306000e+03	3.187306e+06	1.306000e+03	3.187198e+06	1.306000e+03	3.189485e+06	1.306000e+03	3.177352e+06	1.306000e+03	3.192929e+06	1.306000e+03	3.189864e+06	1.306000e+03	3.196998e+06	1.306000e+03	3.187658e+06	1.306000e+03	3.188424e+06	1.306000e+03	3.186602e+06	1.306000e+03	3.183390e+06	1.306000e+03	3.185523e+06	1.306000e+03	3.180561e+06	1.306000e+03	3.198104e+06	1.306000e+03	3.187613e+06	1.306000e+03	3.185506e+06	1.306000e+03	3.197008e+06	1.306000e+03	3.187561e+06	1.306000e+03	3.182785e+06	1.306000e+03	3.185700e+06	1.306000e+03	3.187703e+06	1.306000e+03	3.198492e+06	1.306000e+03	3.196159e+06	1.306000e+03	3.188832e+06	1.306000e+03	3.192688e+06	1.306000e+03	3.195594e+06	1.306000e+03	3.192868e+06	1.306000e+03	3.185694e+06	1.306000e+03	3.182711e+06	1.306000e+03	3.184055e+06	1.306000e+03	3.192733e+06	1.306000e+03	3.183410e+06	1.306000e+03	3.185988e+06	1.306000e+03	3.183242e+06	1.306000e+03	3.188649e+06	1.306000e+03	3.192351e+06	1.306000e+03	3.188020e+06	1.306000e+03	3.184661e+06	1.306000e+03	3.192678e+06	1.306000e+03	3.195837e+06	1.306000e+03	3.194110e+06	1.306000e+03	3.197659e+06	1.306000e+03	3.198394e+06	1.306000e+03	3.195123e+06	1.306000e+03	3.190605e+06	1.306000e+03	3.193900e+06	1.306000e+03	3.199783e+06	1.306000e+03	3.202970e+06	1.306000e+03	3.197189e+06	1.306000e+03	3.202897e+06	1.306000e+03	3.200439e+06	1.306000e+03	3.205167e+06	1.306000e+03	3.201291e+06	1.306000e+03	3.194335e+06	1.306000e+03	3.201684e+06	1.306000e+03	3.203085e+06	1.306000e+03	3.199846e+06	1.306000e+03	3.207360e+06	1.306000e+03	3.199666e+06	1.306000e+03	3.195863e+06	1.306000e+03	3.207878e+06	1.306000e+03	3.200602e+06	1.306000e+03	3.202403e+06	1.306000e+03	3.209353e+06	1.306000e+03	3.203931e+06	1.306000e+03	3.206254e+06	1.306000e+03	3.208474e+06	1.306000e+03	3.206867e+06	1.306000e+03	3.202713e+06	1.306000e+03	3.207827e+06	1.306000e+03	3.205076e+06	1.306000e+03	3.214000e+06	1.306000e+03	3.211980e+06	1.306000e+03	3.205319e+06	1.306000e+03	3.213753e+06	1.306000e+03	3.207445e+06	1.306000e+03	3.204586e+06	1.306000e+03	3.205241e+06	1.306000e+03	3.209431e+06	1.306000e+03	3.212844e+06
1.307000e+03	3.115044e+06	1.307000e+03	3.135484e+06	1.307000e+03	3.129060e+06	1.307000e+03	3.124077e+06	1.307000e+03	3.133449e+06	1.307000e+03	3.142464e+06	1.307000e+03	3.133761e+06	1.307000e+03	3.138612e+06	1.307000e+03	3.149393e+06	1.307000e+03	3.145255e+06	1.307000e+03	3.179859e+06	1.307000e+03	3.168203e+06	1.307000e+03	3.160721e+06	1.307000e+03	3.170156e+06	1.307000e+03	3.165232e+06	1.307000e+03	3.154359e+06	1.307000e+03	3.159754e+06	1.307000e+03	3.163441e+06	1.307000e+03	3.160152e+06	1.307000e+03	3.154210e+06	1.307000e+03	3.155856e+06	1.307000e+03	3.152663e+06	1.307000e+03	3.158715e+06	1.307000e+03	3.171092e+06	1.307000e+03	3.160593e+06	1.307000e+03	3.156598e+06	1.307000e+03	3.160909e+06	1.307000e+03	3.152299e+06	1.307000e+03	3.147185e+06	1.307000e+03	3.155265e+06	1.307000e+03	3.153130e+06	1.307000e+03	3.151591e+06	1.307000e+03	3.167033e+06	1.307000e+03	3.160974e+06	1.307000e+03	3.164844e+06	1.307000e+03	3.186898e+06	1.307000e+03	3.172287e+06	1.307000e+03	3.162749e+06	1.307000e+03	3.162142e+06	1.307000e+03	3.155384e+06	1.307000e+03	3.163867e+06	1.307000e+03	3.170198e+06	1.307000e+03	3.154197e+06	1.307000e+03	3.156826e+06	1.307000e+03	3.159341e+06	1.307000e+03	3.163591e+06	1.307000e+03	3.153626e+06	1.307000e+03	3.158740e+06	1.307000e+03	3.165578e+06	1.307000e+03	3.173062e+06	1.307000e+03	3.164221e+06	1.307000e+03	3.162699e+06	1.307000e+03	3.181041e+06	1.307000e+03	3.164764e+06	1.307000e+03	3.170116e+06	1.307000e+03	3.166605e+06	1.307000e+03	3.165353e+06	1.307000e+03	3.170766e+06	1.307000e+03	3.175819e+06	1.307000e+03	3.149758e+06	1.307000e+03	3.159782e+06	1.307000e+03	3.179744e+06	1.307000e+03	3.174484e+06	1.307000e+03	3.165898e+06	1.307000e+03	3.170303e+06	1.307000e+03	3.176085e+06	1.307000e+03	3.177025e+06	1.307000e+03	3.184722e+06	1.307000e+03	3.171663e+06	1.307000e+03	3.159617e+06	1.307000e+03	3.170884e+06	1.307000e+03	3.164498e+06	1.307000e+03	3.185233e+06	1.307000e+03	3.171781e+06	1.307000e+03	3.179327e+06	1.307000e+03	3.180008e+06	1.307000e+03	3.176787e+06	1.307000e+03	3.181626e+06	1.307000e+03	3.188807e+06	1.307000e+03	3.187990e+06	1.307000e+03	3.183908e+06	1.307000e+03	3.184588e+06	1.307000e+03	3.191438e+06	1.307000e+03	3.176036e+06	1.307000e+03	3.184991e+06	1.307000e+03	3.182846e+06	1.307000e+03	3.182792e+06	1.307000e+03	3.184118e+06	1.307000e+03	3.184231e+06	1.307000e+03	3.188031e+06	1.307000e+03	3.185443e+06	1.307000e+03	3.180570e+06	1.307000e+03	3.176774e+06	1.307000e+03	3.188412e+06	1.307000e+03	3.168827e+06	1.307000e+03	3.183786e+06	1.307000e+03	3.191808e+06	1.307000e+03	3.182782e+06	1.307000e+03	3.186720e+06	1.307000e+03	3.186975e+06	1.307000e+03	3.196590e+06	1.307000e+03	3.193600e+06	1.307000e+03	3.185871e+06	1.307000e+03	3.194807e+06	1.307000e+03	3.189360e+06	1.307000e+03	3.178453e+06	1.307000e+03	3.183426e+06	1.307000e+03	3.191822e+06	1.307000e+03	3.188128e+06	1.307000e+03	3.189425e+06	1.307000e+03	3.189631e+06	1.307000e+03	3.188235e+06	1.307000e+03	3.185344e+06	1.307000e+03	3.193601e+06	1.307000e+03	3.179477e+06	1.307000e+03	3.196778e+06	1.307000e+03	3.189029e+06	1.307000e+03	3.184798e+06	1.307000e+03	3.189506e+06	1.307000e+03	3.194829e+06	1.307000e+03	3.183983e+06	1.307000e+03	3.191898e+06	1.307000e+03	3.184916e+06	1.307000e+03	3.194978e+06	1.307000e+03	3.184330e+06	1.307000e+03	3.194938e+06	1.307000e+03	3.182165e+06	1.307000e+03	3.185402e+06	1.307000e+03	3.186786e+06	1.307000e+03	3.189654e+06	1.307000e+03	3.189536e+06	1.307000e+03	3.175144e+06	1.307000e+03	3.194343e+06	1.307000e+03	3.192718e+06	1.307000e+03	3.200731e+06	1.307000e+03	3.185810e+06	1.307000e+03	3.185395e+06	1.307000e+03	3.186801e+06	1.307000e+03	3.181300e+06	1.307000e+03	3.188605e+06	1.307000e+03	3.183995e+06	1.307000e+03	3.194880e+06	1.307000e+03	3.187673e+06	1.307000e+03	3.184817e+06	1.307000e+03	3.195999e+06	1.307000e+03	3.193636e+06	1.307000e+03	3.183962e+06	1.307000e+03	3.185246e+06	1.307000e+03	3.190471e+06	1.307000e+03	3.198919e+06	1.307000e+03	3.191666e+06	1.307000e+03	3.192628e+06	1.307000e+03	3.194304e+06	1.307000e+03	3.192924e+06	1.307000e+03	3.196597e+06	1.307000e+03	3.186345e+06	1.307000e+03	3.183625e+06	1.307000e+03	3.182244e+06	1.307000e+03	3.192102e+06	1.307000e+03	3.187336e+06	1.307000e+03	3.187758e+06	1.307000e+03	3.180323e+06	1.307000e+03	3.192522e+06	1.307000e+03	3.189749e+06	1.307000e+03	3.186405e+06	1.307000e+03	3.190154e+06	1.307000e+03	3.193150e+06	1.307000e+03	3.198903e+06	1.307000e+03	3.198254e+06	1.307000e+03	3.199022e+06	1.307000e+03	3.195422e+06	1.307000e+03	3.192803e+06	1.307000e+03	3.191396e+06	1.307000e+03	3.194373e+06	1.307000e+03	3.201714e+06	1.307000e+03	3.197897e+06	1.307000e+03	3.195526e+06	1.307000e+03	3.199737e+06	1.307000e+03	3.198739e+06	1.307000e+03	3.207588e+06	1.307000e+03	3.196816e+06	1.307000e+03	3.192514e+06	1.307000e+03	3.201850e+06	1.307000e+03	3.203215e+06	1.307000e+03	3.197794e+06	1.307000e+03	3.204633e+06	1.307000e+03	3.196815e+06	1.307000e+03	3.194499e+06	1.307000e+03	3.205185e+06	1.307000e+03	3.202670e+06	1.307000e+03	3.201702e+06	1.307000e+03	3.212317e+06	1.307000e+03	3.204158e+06	1.307000e+03	3.208161e+06	1.307000e+03	3.206003e+06	1.307000e+03	3.208037e+06	1.307000e+03	3.199273e+06	1.307000e+03	3.205991e+06	1.307000e+03	3.202381e+06	1.307000e+03	3.218325e+06	1.307000e+03	3.211191e+06	1.307000e+03	3.206692e+06	1.307000e+03	3.213359e+06	1.307000e+03	3.210525e+06	1.307000e+03	3.208333e+06	1.307000e+03	3.208065e+06	1.307000e+03	3.204779e+06	1.307000e+03	3.211061e+06
1.308000e+03	3.096028e+06	1.308000e+03	3.129146e+06	1.308000e+03	3.131468e+06	1.308000e+03	3.117720e+06	1.308000e+03	3.131300e+06	1.308000e+03	3.137372e+06	1.308000e+03	3.135890e+06	1.308000e+03	3.141237e+06	1.308000e+03	3.148952e+06	1.308000e+03	3.148341e+06	1.308000e+03	3.180532e+06	1.308000e+03	3.168547e+06	1.308000e+03	3.160555e+06	1.308000e+03	3.176998e+06	1.308000e+03	3.166861e+06	1.308000e+03	3.153287e+06	1.308000e+03	3.156127e+06	1.308000e+03	3.159977e+06	1.308000e+03	3.157927e+06	1.308000e+03	3.145354e+06	1.308000e+03	3.155331e+06	1.308000e+03	3.154353e+06	1.308000e+03	3.153862e+06	1.308000e+03	3.166608e+06	1.308000e+03	3.160734e+06	1.308000e+03	3.159312e+06	1.308000e+03	3.159790e+06	1.308000e+03	3.153561e+06	1.308000e+03	3.149251e+06	1.308000e+03	3.155201e+06	1.308000e+03	3.158084e+06	1.308000e+03	3.150792e+06	1.308000e+03	3.164308e+06	1.308000e+03	3.158057e+06	1.308000e+03	3.166698e+06	1.308000e+03	3.183927e+06	1.308000e+03	3.171435e+06	1.308000e+03	3.163084e+06	1.308000e+03	3.163298e+06	1.308000e+03	3.154309e+06	1.308000e+03	3.164860e+06	1.308000e+03	3.170028e+06	1.308000e+03	3.153513e+06	1.308000e+03	3.158885e+06	1.308000e+03	3.156656e+06	1.308000e+03	3.160015e+06	1.308000e+03	3.155219e+06	1.308000e+03	3.156521e+06	1.308000e+03	3.161459e+06	1.308000e+03	3.168370e+06	1.308000e+03	3.168604e+06	1.308000e+03	3.160224e+06	1.308000e+03	3.175909e+06	1.308000e+03	3.163654e+06	1.308000e+03	3.171820e+06	1.308000e+03	3.161822e+06	1.308000e+03	3.166293e+06	1.308000e+03	3.170095e+06	1.308000e+03	3.180386e+06	1.308000e+03	3.150064e+06	1.308000e+03	3.164413e+06	1.308000e+03	3.175382e+06	1.308000e+03	3.170256e+06	1.308000e+03	3.167631e+06	1.308000e+03	3.167918e+06	1.308000e+03	3.172318e+06	1.308000e+03	3.181457e+06	1.308000e+03	3.185086e+06	1.308000e+03	3.171552e+06	1.308000e+03	3.158934e+06	1.308000e+03	3.174927e+06	1.308000e+03	3.168179e+06	1.308000e+03	3.180268e+06	1.308000e+03	3.174474e+06	1.308000e+03	3.168686e+06	1.308000e+03	3.181737e+06	1.308000e+03	3.176053e+06	1.308000e+03	3.185013e+06	1.308000e+03	3.186480e+06	1.308000e+03	3.188071e+06	1.308000e+03	3.182813e+06	1.308000e+03	3.186226e+06	1.308000e+03	3.188097e+06	1.308000e+03	3.173367e+06	1.308000e+03	3.185205e+06	1.308000e+03	3.185018e+06	1.308000e+03	3.186994e+06	1.308000e+03	3.186538e+06	1.308000e+03	3.181830e+06	1.308000e+03	3.187106e+06	1.308000e+03	3.185655e+06	1.308000e+03	3.179481e+06	1.308000e+03	3.174361e+06	1.308000e+03	3.189687e+06	1.308000e+03	3.168087e+06	1.308000e+03	3.186972e+06	1.308000e+03	3.185998e+06	1.308000e+03	3.182640e+06	1.308000e+03	3.183772e+06	1.308000e+03	3.179714e+06	1.308000e+03	3.194734e+06	1.308000e+03	3.195002e+06	1.308000e+03	3.182349e+06	1.308000e+03	3.192580e+06	1.308000e+03	3.190571e+06	1.308000e+03	3.181418e+06	1.308000e+03	3.187377e+06	1.308000e+03	3.192253e+06	1.308000e+03	3.188247e+06	1.308000e+03	3.190048e+06	1.308000e+03	3.187575e+06	1.308000e+03	3.184750e+06	1.308000e+03	3.185413e+06	1.308000e+03	3.189340e+06	1.308000e+03	3.183177e+06	1.308000e+03	3.199054e+06	1.308000e+03	3.186580e+06	1.308000e+03	3.181646e+06	1.308000e+03	3.181598e+06	1.308000e+03	3.196997e+06	1.308000e+03	3.187851e+06	1.308000e+03	3.190716e+06	1.308000e+03	3.185396e+06	1.308000e+03	3.191800e+06	1.308000e+03	3.183254e+06	1.308000e+03	3.192147e+06	1.308000e+03	3.182840e+06	1.308000e+03	3.189816e+06	1.308000e+03	3.189679e+06	1.308000e+03	3.188732e+06	1.308000e+03	3.189790e+06	1.308000e+03	3.174742e+06	1.308000e+03	3.190452e+06	1.308000e+03	3.183742e+06	1.308000e+03	3.201867e+06	1.308000e+03	3.184839e+06	1.308000e+03	3.188860e+06	1.308000e+03	3.187858e+06	1.308000e+03	3.178463e+06	1.308000e+03	3.187676e+06	1.308000e+03	3.181660e+06	1.308000e+03	3.193670e+06	1.308000e+03	3.184252e+06	1.308000e+03	3.184484e+06	1.308000e+03	3.193080e+06	1.308000e+03	3.190758e+06	1.308000e+03	3.184360e+06	1.308000e+03	3.187948e+06	1.308000e+03	3.184103e+06	1.308000e+03	3.199358e+06	1.308000e+03	3.191426e+06	1.308000e+03	3.194511e+06	1.308000e+03	3.194650e+06	1.308000e+03	3.196454e+06	1.308000e+03	3.198444e+06	1.308000e+03	3.183232e+06	1.308000e+03	3.180792e+06	1.308000e+03	3.181109e+06	1.308000e+03	3.190222e+06	1.308000e+03	3.189508e+06	1.308000e+03	3.185018e+06	1.308000e+03	3.184379e+06	1.308000e+03	3.196034e+06	1.308000e+03	3.193483e+06	1.308000e+03	3.189288e+06	1.308000e+03	3.187813e+06	1.308000e+03	3.189145e+06	1.308000e+03	3.199221e+06	1.308000e+03	3.199511e+06	1.308000e+03	3.197581e+06	1.308000e+03	3.199525e+06	1.308000e+03	3.194567e+06	1.308000e+03	3.194016e+06	1.308000e+03	3.196814e+06	1.308000e+03	3.200998e+06	1.308000e+03	3.199841e+06	1.308000e+03	3.197640e+06	1.308000e+03	3.196450e+06	1.308000e+03	3.196769e+06	1.308000e+03	3.211644e+06	1.308000e+03	3.200796e+06	1.308000e+03	3.189511e+06	1.308000e+03	3.200613e+06	1.308000e+03	3.201941e+06	1.308000e+03	3.204493e+06	1.308000e+03	3.206606e+06	1.308000e+03	3.198577e+06	1.308000e+03	3.193422e+06	1.308000e+03	3.205303e+06	1.308000e+03	3.199348e+06	1.308000e+03	3.204602e+06	1.308000e+03	3.211866e+06	1.308000e+03	3.202276e+06	1.308000e+03	3.204973e+06	1.308000e+03	3.207321e+06	1.308000e+03	3.209052e+06	1.308000e+03	3.203433e+06	1.308000e+03	3.205970e+06	1.308000e+03	3.203276e+06	1.308000e+03	3.215100e+06	1.308000e+03	3.208413e+06	1.308000e+03	3.208514e+06	1.308000e+03	3.213137e+06	1.308000e+03	3.206971e+06	1.308000e+03	3.207154e+06	1.308000e+03	3.208493e+06	1.308000e+03	3.212175e+06	1.308000e+03	3.209163e+06
1.309000e+03	3.089213e+06	1.309000e+03	3.133659e+06	1.309000e+03	3.127604e+06	1.309000e+03	3.121760e+06	1.309000e+03	3.132183e+06	1.309000e+03	3.135590e+06	1.309000e+03	3.135489e+06	1.309000e+03	3.137391e+06	1.309000e+03	3.147977e+06	1.309000e+03	3.147525e+06	1.309000e+03	3.178607e+06	1.309000e+03	3.169687e+06	1.309000e+03	3.164571e+06	1.309000e+03	3.180330e+06	1.309000e+03	3.161417e+06	1.309000e+03	3.153567e+06	1.309000e+03	3.161984e+06	1.309000e+03	3.154875e+06	1.309000e+03	3.152544e+06	1.309000e+03	3.144771e+06	1.309000e+03	3.156151e+06	1.309000e+03	3.157564e+06	1.309000e+03	3.148778e+06	1.309000e+03	3.167531e+06	1.309000e+03	3.159722e+06	1.309000e+03	3.162885e+06	1.309000e+03	3.159629e+06	1.309000e+03	3.146811e+06	1.309000e+03	3.151875e+06	1.309000e+03	3.155161e+06	1.309000e+03	3.158133e+06	1.309000e+03	3.152298e+06	1.309000e+03	3.165998e+06	1.309000e+03	3.161434e+06	1.309000e+03	3.167084e+06	1.309000e+03	3.185033e+06	1.309000e+03	3.175402e+06	1.309000e+03	3.164341e+06	1.309000e+03	3.159412e+06	1.309000e+03	3.151554e+06	1.309000e+03	3.162067e+06	1.309000e+03	3.164240e+06	1.309000e+03	3.153489e+06	1.309000e+03	3.168121e+06	1.309000e+03	3.159091e+06	1.309000e+03	3.161682e+06	1.309000e+03	3.155289e+06	1.309000e+03	3.160579e+06	1.309000e+03	3.163319e+06	1.309000e+03	3.172742e+06	1.309000e+03	3.165918e+06	1.309000e+03	3.160155e+06	1.309000e+03	3.173860e+06	1.309000e+03	3.163573e+06	1.309000e+03	3.166014e+06	1.309000e+03	3.161413e+06	1.309000e+03	3.165257e+06	1.309000e+03	3.168909e+06	1.309000e+03	3.175570e+06	1.309000e+03	3.148768e+06	1.309000e+03	3.162117e+06	1.309000e+03	3.170914e+06	1.309000e+03	3.172576e+06	1.309000e+03	3.165852e+06	1.309000e+03	3.169783e+06	1.309000e+03	3.177046e+06	1.309000e+03	3.180454e+06	1.309000e+03	3.183104e+06	1.309000e+03	3.171715e+06	1.309000e+03	3.159151e+06	1.309000e+03	3.174488e+06	1.309000e+03	3.165175e+06	1.309000e+03	3.182475e+06	1.309000e+03	3.172424e+06	1.309000e+03	3.173497e+06	1.309000e+03	3.174624e+06	1.309000e+03	3.177355e+06	1.309000e+03	3.182696e+06	1.309000e+03	3.188619e+06	1.309000e+03	3.189864e+06	1.309000e+03	3.183424e+06	1.309000e+03	3.185523e+06	1.309000e+03	3.187657e+06	1.309000e+03	3.174655e+06	1.309000e+03	3.180410e+06	1.309000e+03	3.179324e+06	1.309000e+03	3.182783e+06	1.309000e+03	3.183721e+06	1.309000e+03	3.178592e+06	1.309000e+03	3.186736e+06	1.309000e+03	3.179903e+06	1.309000e+03	3.185383e+06	1.309000e+03	3.175684e+06	1.309000e+03	3.189043e+06	1.309000e+03	3.181716e+06	1.309000e+03	3.187049e+06	1.309000e+03	3.187969e+06	1.309000e+03	3.179738e+06	1.309000e+03	3.186079e+06	1.309000e+03	3.184012e+06	1.309000e+03	3.192501e+06	1.309000e+03	3.193408e+06	1.309000e+03	3.184144e+06	1.309000e+03	3.192659e+06	1.309000e+03	3.190825e+06	1.309000e+03	3.180276e+06	1.309000e+03	3.186408e+06	1.309000e+03	3.191086e+06	1.309000e+03	3.187540e+06	1.309000e+03	3.187970e+06	1.309000e+03	3.189861e+06	1.309000e+03	3.183450e+06	1.309000e+03	3.184397e+06	1.309000e+03	3.190065e+06	1.309000e+03	3.181593e+06	1.309000e+03	3.198034e+06	1.309000e+03	3.189347e+06	1.309000e+03	3.183485e+06	1.309000e+03	3.184944e+06	1.309000e+03	3.199367e+06	1.309000e+03	3.189117e+06	1.309000e+03	3.189002e+06	1.309000e+03	3.187298e+06	1.309000e+03	3.192050e+06	1.309000e+03	3.183136e+06	1.309000e+03	3.196799e+06	1.309000e+03	3.182145e+06	1.309000e+03	3.190142e+06	1.309000e+03	3.184571e+06	1.309000e+03	3.185838e+06	1.309000e+03	3.188216e+06	1.309000e+03	3.177157e+06	1.309000e+03	3.190220e+06	1.309000e+03	3.187937e+06	1.309000e+03	3.198282e+06	1.309000e+03	3.184742e+06	1.309000e+03	3.183842e+06	1.309000e+03	3.185250e+06	1.309000e+03	3.178325e+06	1.309000e+03	3.186967e+06	1.309000e+03	3.182419e+06	1.309000e+03	3.184754e+06	1.309000e+03	3.187138e+06	1.309000e+03	3.186281e+06	1.309000e+03	3.193542e+06	1.309000e+03	3.193699e+06	1.309000e+03	3.182981e+06	1.309000e+03	3.189990e+06	1.309000e+03	3.183913e+06	1.309000e+03	3.196187e+06	1.309000e+03	3.186158e+06	1.309000e+03	3.193394e+06	1.309000e+03	3.193625e+06	1.309000e+03	3.189603e+06	1.309000e+03	3.197284e+06	1.309000e+03	3.183440e+06	1.309000e+03	3.186149e+06	1.309000e+03	3.182081e+06	1.309000e+03	3.190450e+06	1.309000e+03	3.185979e+06	1.309000e+03	3.184075e+06	1.309000e+03	3.183095e+06	1.309000e+03	3.192883e+06	1.309000e+03	3.189933e+06	1.309000e+03	3.190943e+06	1.309000e+03	3.187743e+06	1.309000e+03	3.194361e+06	1.309000e+03	3.199805e+06	1.309000e+03	3.196758e+06	1.309000e+03	3.198534e+06	1.309000e+03	3.194199e+06	1.309000e+03	3.195583e+06	1.309000e+03	3.193048e+06	1.309000e+03	3.193874e+06	1.309000e+03	3.198602e+06	1.309000e+03	3.197294e+06	1.309000e+03	3.200341e+06	1.309000e+03	3.201289e+06	1.309000e+03	3.197433e+06	1.309000e+03	3.212669e+06	1.309000e+03	3.196718e+06	1.309000e+03	3.191379e+06	1.309000e+03	3.206620e+06	1.309000e+03	3.203293e+06	1.309000e+03	3.202075e+06	1.309000e+03	3.211164e+06	1.309000e+03	3.201156e+06	1.309000e+03	3.195705e+06	1.309000e+03	3.206344e+06	1.309000e+03	3.194843e+06	1.309000e+03	3.205406e+06	1.309000e+03	3.206927e+06	1.309000e+03	3.200401e+06	1.309000e+03	3.197649e+06	1.309000e+03	3.208609e+06	1.309000e+03	3.208887e+06	1.309000e+03	3.202647e+06	1.309000e+03	3.207674e+06	1.309000e+03	3.207268e+06	1.309000e+03	3.211102e+06	1.309000e+03	3.211181e+06	1.309000e+03	3.208735e+06	1.309000e+03	3.216146e+06	1.309000e+03	3.210337e+06	1.309000e+03	3.204074e+06	1.309000e+03	3.212852e+06	1.309000e+03	3.213204e+06	1.309000e+03	3.210814e+06
1.310000e+03	3.106269e+06	1.310000e+03	3.132677e+06	1.310000e+03	3.127838e+06	1.310000e+03	3.124304e+06	1.310000e+03	3.129762e+06	1.310000e+03	3.140972e+06	1.310000e+03	3.137296e+06	1.310000e+03	3.138647e+06	1.310000e+03	3.150594e+06	1.310000e+03	3.147477e+06	1.310000e+03	3.179143e+06	1.310000e+03	3.170884e+06	1.310000e+03	3.162396e+06	1.310000e+03	3.174862e+06	1.310000e+03	3.166995e+06	1.310000e+03	3.156090e+06	1.310000e+03	3.160668e+06	1.310000e+03	3.154587e+06	1.310000e+03	3.150917e+06	1.310000e+03	3.148470e+06	1.310000e+03	3.163699e+06	1.310000e+03	3.157912e+06	1.310000e+03	3.147558e+06	1.310000e+03	3.168698e+06	1.310000e+03	3.162496e+06	1.310000e+03	3.164727e+06	1.310000e+03	3.159746e+06	1.310000e+03	3.145399e+06	1.310000e+03	3.154671e+06	1.310000e+03	3.157752e+06	1.310000e+03	3.155154e+06	1.310000e+03	3.154056e+06	1.310000e+03	3.163504e+06	1.310000e+03	3.158192e+06	1.310000e+03	3.171933e+06	1.310000e+03	3.183940e+06	1.310000e+03	3.173544e+06	1.310000e+03	3.165669e+06	1.310000e+03	3.163606e+06	1.310000e+03	3.155048e+06	1.310000e+03	3.161073e+06	1.310000e+03	3.167088e+06	1.310000e+03	3.157291e+06	1.310000e+03	3.162079e+06	1.310000e+03	3.159497e+06	1.310000e+03	3.161979e+06	1.310000e+03	3.156038e+06	1.310000e+03	3.158909e+06	1.310000e+03	3.163511e+06	1.310000e+03	3.170334e+06	1.310000e+03	3.171952e+06	1.310000e+03	3.162998e+06	1.310000e+03	3.173415e+06	1.310000e+03	3.161805e+06	1.310000e+03	3.169218e+06	1.310000e+03	3.161365e+06	1.310000e+03	3.163266e+06	1.310000e+03	3.171503e+06	1.310000e+03	3.172355e+06	1.310000e+03	3.151145e+06	1.310000e+03	3.166439e+06	1.310000e+03	3.174121e+06	1.310000e+03	3.169307e+06	1.310000e+03	3.162988e+06	1.310000e+03	3.169948e+06	1.310000e+03	3.178472e+06	1.310000e+03	3.178507e+06	1.310000e+03	3.184485e+06	1.310000e+03	3.173405e+06	1.310000e+03	3.160858e+06	1.310000e+03	3.170830e+06	1.310000e+03	3.161834e+06	1.310000e+03	3.184002e+06	1.310000e+03	3.172469e+06	1.310000e+03	3.175732e+06	1.310000e+03	3.177192e+06	1.310000e+03	3.170156e+06	1.310000e+03	3.182010e+06	1.310000e+03	3.184435e+06	1.310000e+03	3.186581e+06	1.310000e+03	3.182418e+06	1.310000e+03	3.189679e+06	1.310000e+03	3.194923e+06	1.310000e+03	3.174687e+06	1.310000e+03	3.184410e+06	1.310000e+03	3.181932e+06	1.310000e+03	3.188895e+06	1.310000e+03	3.180581e+06	1.310000e+03	3.179330e+06	1.310000e+03	3.183022e+06	1.310000e+03	3.185633e+06	1.310000e+03	3.182221e+06	1.310000e+03	3.177535e+06	1.310000e+03	3.185668e+06	1.310000e+03	3.182327e+06	1.310000e+03	3.184486e+06	1.310000e+03	3.185018e+06	1.310000e+03	3.182518e+06	1.310000e+03	3.182068e+06	1.310000e+03	3.183648e+06	1.310000e+03	3.193636e+06	1.310000e+03	3.196041e+06	1.310000e+03	3.180484e+06	1.310000e+03	3.193047e+06	1.310000e+03	3.189914e+06	1.310000e+03	3.184377e+06	1.310000e+03	3.185437e+06	1.310000e+03	3.195056e+06	1.310000e+03	3.187565e+06	1.310000e+03	3.185263e+06	1.310000e+03	3.186818e+06	1.310000e+03	3.185427e+06	1.310000e+03	3.185784e+06	1.310000e+03	3.189559e+06	1.310000e+03	3.182981e+06	1.310000e+03	3.195573e+06	1.310000e+03	3.189278e+06	1.310000e+03	3.186482e+06	1.310000e+03	3.182894e+06	1.310000e+03	3.197519e+06	1.310000e+03	3.187653e+06	1.310000e+03	3.188762e+06	1.310000e+03	3.189398e+06	1.310000e+03	3.186592e+06	1.310000e+03	3.183946e+06	1.310000e+03	3.191651e+06	1.310000e+03	3.185158e+06	1.310000e+03	3.186242e+06	1.310000e+03	3.183931e+06	1.310000e+03	3.186813e+06	1.310000e+03	3.187250e+06	1.310000e+03	3.173336e+06	1.310000e+03	3.188319e+06	1.310000e+03	3.189502e+06	1.310000e+03	3.196979e+06	1.310000e+03	3.187279e+06	1.310000e+03	3.187026e+06	1.310000e+03	3.193497e+06	1.310000e+03	3.174047e+06	1.310000e+03	3.187979e+06	1.310000e+03	3.182007e+06	1.310000e+03	3.183944e+06	1.310000e+03	3.189800e+06	1.310000e+03	3.184584e+06	1.310000e+03	3.196351e+06	1.310000e+03	3.191228e+06	1.310000e+03	3.185040e+06	1.310000e+03	3.186641e+06	1.310000e+03	3.185782e+06	1.310000e+03	3.194822e+06	1.310000e+03	3.186362e+06	1.310000e+03	3.194966e+06	1.310000e+03	3.192396e+06	1.310000e+03	3.191499e+06	1.310000e+03	3.198039e+06	1.310000e+03	3.183667e+06	1.310000e+03	3.184809e+06	1.310000e+03	3.182001e+06	1.310000e+03	3.189081e+06	1.310000e+03	3.185264e+06	1.310000e+03	3.183898e+06	1.310000e+03	3.184028e+06	1.310000e+03	3.192122e+06	1.310000e+03	3.192169e+06	1.310000e+03	3.191446e+06	1.310000e+03	3.189164e+06	1.310000e+03	3.193649e+06	1.310000e+03	3.198388e+06	1.310000e+03	3.195043e+06	1.310000e+03	3.204119e+06	1.310000e+03	3.197722e+06	1.310000e+03	3.195667e+06	1.310000e+03	3.190014e+06	1.310000e+03	3.193521e+06	1.310000e+03	3.199793e+06	1.310000e+03	3.198661e+06	1.310000e+03	3.198790e+06	1.310000e+03	3.199361e+06	1.310000e+03	3.197237e+06	1.310000e+03	3.205870e+06	1.310000e+03	3.195735e+06	1.310000e+03	3.196254e+06	1.310000e+03	3.204353e+06	1.310000e+03	3.205201e+06	1.310000e+03	3.204559e+06	1.310000e+03	3.204199e+06	1.310000e+03	3.201431e+06	1.310000e+03	3.195797e+06	1.310000e+03	3.206317e+06	1.310000e+03	3.196053e+06	1.310000e+03	3.203991e+06	1.310000e+03	3.206564e+06	1.310000e+03	3.204342e+06	1.310000e+03	3.197535e+06	1.310000e+03	3.207690e+06	1.310000e+03	3.210601e+06	1.310000e+03	3.203609e+06	1.310000e+03	3.204206e+06	1.310000e+03	3.204566e+06	1.310000e+03	3.214639e+06	1.310000e+03	3.210978e+06	1.310000e+03	3.212821e+06	1.310000e+03	3.213100e+06	1.310000e+03	3.208818e+06	1.310000e+03	3.203374e+06	1.310000e+03	3.216062e+06	1.310000e+03	3.213109e+06	1.310000e+03	3.208136e+06
1.311000e+03	3.114738e+06	1.311000e+03	3.134340e+06	1.311000e+03	3.127020e+06	1.311000e+03	3.128562e+06	1.311000e+03	3.128010e+06	1.311000e+03	3.141422e+06	1.311000e+03	3.138486e+06	1.311000e+03	3.130386e+06	1.311000e+03	3.147882e+06	1.311000e+03	3.147458e+06	1.311000e+03	3.176936e+06	1.311000e+03	3.169475e+06	1.311000e+03	3.167579e+06	1.311000e+03	3.176789e+06	1.311000e+03	3.168817e+06	1.311000e+03	3.155632e+06	1.311000e+03	3.158931e+06	1.311000e+03	3.149627e+06	1.311000e+03	3.148437e+06	1.311000e+03	3.150681e+06	1.311000e+03	3.162501e+06	1.311000e+03	3.159227e+06	1.311000e+03	3.151746e+06	1.311000e+03	3.167285e+06	1.311000e+03	3.163709e+06	1.311000e+03	3.162976e+06	1.311000e+03	3.162712e+06	1.311000e+03	3.144175e+06	1.311000e+03	3.153585e+06	1.311000e+03	3.160158e+06	1.311000e+03	3.151388e+06	1.311000e+03	3.153483e+06	1.311000e+03	3.161053e+06	1.311000e+03	3.151576e+06	1.311000e+03	3.168999e+06	1.311000e+03	3.180714e+06	1.311000e+03	3.175990e+06	1.311000e+03	3.165416e+06	1.311000e+03	3.163735e+06	1.311000e+03	3.149530e+06	1.311000e+03	3.166081e+06	1.311000e+03	3.168158e+06	1.311000e+03	3.162613e+06	1.311000e+03	3.163387e+06	1.311000e+03	3.161875e+06	1.311000e+03	3.157871e+06	1.311000e+03	3.161798e+06	1.311000e+03	3.160533e+06	1.311000e+03	3.162650e+06	1.311000e+03	3.172982e+06	1.311000e+03	3.173608e+06	1.311000e+03	3.162356e+06	1.311000e+03	3.173154e+06	1.311000e+03	3.163561e+06	1.311000e+03	3.169363e+06	1.311000e+03	3.163284e+06	1.311000e+03	3.162595e+06	1.311000e+03	3.167340e+06	1.311000e+03	3.173249e+06	1.311000e+03	3.147626e+06	1.311000e+03	3.160434e+06	1.311000e+03	3.174442e+06	1.311000e+03	3.169101e+06	1.311000e+03	3.159586e+06	1.311000e+03	3.174471e+06	1.311000e+03	3.177710e+06	1.311000e+03	3.177306e+06	1.311000e+03	3.178898e+06	1.311000e+03	3.168724e+06	1.311000e+03	3.162238e+06	1.311000e+03	3.168438e+06	1.311000e+03	3.162424e+06	1.311000e+03	3.184206e+06	1.311000e+03	3.176150e+06	1.311000e+03	3.174896e+06	1.311000e+03	3.176889e+06	1.311000e+03	3.168947e+06	1.311000e+03	3.180747e+06	1.311000e+03	3.185043e+06	1.311000e+03	3.186829e+06	1.311000e+03	3.183779e+06	1.311000e+03	3.189443e+06	1.311000e+03	3.190631e+06	1.311000e+03	3.175257e+06	1.311000e+03	3.190567e+06	1.311000e+03	3.188395e+06	1.311000e+03	3.184653e+06	1.311000e+03	3.179731e+06	1.311000e+03	3.183987e+06	1.311000e+03	3.183837e+06	1.311000e+03	3.186626e+06	1.311000e+03	3.183102e+06	1.311000e+03	3.179565e+06	1.311000e+03	3.184912e+06	1.311000e+03	3.178477e+06	1.311000e+03	3.179708e+06	1.311000e+03	3.185920e+06	1.311000e+03	3.186225e+06	1.311000e+03	3.183950e+06	1.311000e+03	3.185263e+06	1.311000e+03	3.196045e+06	1.311000e+03	3.194414e+06	1.311000e+03	3.178892e+06	1.311000e+03	3.193581e+06	1.311000e+03	3.188706e+06	1.311000e+03	3.181918e+06	1.311000e+03	3.185256e+06	1.311000e+03	3.193016e+06	1.311000e+03	3.190642e+06	1.311000e+03	3.187452e+06	1.311000e+03	3.186206e+06	1.311000e+03	3.185842e+06	1.311000e+03	3.189603e+06	1.311000e+03	3.189068e+06	1.311000e+03	3.180617e+06	1.311000e+03	3.191703e+06	1.311000e+03	3.192645e+06	1.311000e+03	3.185749e+06	1.311000e+03	3.186691e+06	1.311000e+03	3.199351e+06	1.311000e+03	3.186099e+06	1.311000e+03	3.191034e+06	1.311000e+03	3.180000e+06	1.311000e+03	3.191916e+06	1.311000e+03	3.183536e+06	1.311000e+03	3.192038e+06	1.311000e+03	3.182193e+06	1.311000e+03	3.187196e+06	1.311000e+03	3.182806e+06	1.311000e+03	3.187280e+06	1.311000e+03	3.186747e+06	1.311000e+03	3.181118e+06	1.311000e+03	3.191051e+06	1.311000e+03	3.192487e+06	1.311000e+03	3.195622e+06	1.311000e+03	3.190456e+06	1.311000e+03	3.185397e+06	1.311000e+03	3.188566e+06	1.311000e+03	3.178363e+06	1.311000e+03	3.187236e+06	1.311000e+03	3.178677e+06	1.311000e+03	3.188830e+06	1.311000e+03	3.187711e+06	1.311000e+03	3.185748e+06	1.311000e+03	3.193943e+06	1.311000e+03	3.196854e+06	1.311000e+03	3.189158e+06	1.311000e+03	3.184387e+06	1.311000e+03	3.188611e+06	1.311000e+03	3.193504e+06	1.311000e+03	3.188399e+06	1.311000e+03	3.192751e+06	1.311000e+03	3.196290e+06	1.311000e+03	3.194478e+06	1.311000e+03	3.193813e+06	1.311000e+03	3.184227e+06	1.311000e+03	3.187590e+06	1.311000e+03	3.185332e+06	1.311000e+03	3.186417e+06	1.311000e+03	3.184745e+06	1.311000e+03	3.188373e+06	1.311000e+03	3.184671e+06	1.311000e+03	3.193125e+06	1.311000e+03	3.192820e+06	1.311000e+03	3.189964e+06	1.311000e+03	3.186894e+06	1.311000e+03	3.191699e+06	1.311000e+03	3.196937e+06	1.311000e+03	3.194432e+06	1.311000e+03	3.205776e+06	1.311000e+03	3.196256e+06	1.311000e+03	3.192162e+06	1.311000e+03	3.191005e+06	1.311000e+03	3.199339e+06	1.311000e+03	3.203920e+06	1.311000e+03	3.201533e+06	1.311000e+03	3.198907e+06	1.311000e+03	3.202381e+06	1.311000e+03	3.198018e+06	1.311000e+03	3.213697e+06	1.311000e+03	3.195552e+06	1.311000e+03	3.191884e+06	1.311000e+03	3.205192e+06	1.311000e+03	3.207304e+06	1.311000e+03	3.204881e+06	1.311000e+03	3.208973e+06	1.311000e+03	3.200741e+06	1.311000e+03	3.194456e+06	1.311000e+03	3.204650e+06	1.311000e+03	3.197085e+06	1.311000e+03	3.198198e+06	1.311000e+03	3.203432e+06	1.311000e+03	3.205901e+06	1.311000e+03	3.193371e+06	1.311000e+03	3.208711e+06	1.311000e+03	3.215113e+06	1.311000e+03	3.202461e+06	1.311000e+03	3.206971e+06	1.311000e+03	3.204262e+06	1.311000e+03	3.215426e+06	1.311000e+03	3.210123e+06	1.311000e+03	3.215248e+06	1.311000e+03	3.214427e+06	1.311000e+03	3.204222e+06	1.311000e+03	3.201749e+06	1.311000e+03	3.210973e+06	1.311000e+03	3.213206e+06	1.311000e+03	3.212025e+06
1.312000e+03	3.088239e+06	1.312000e+03	3.136640e+06	1.312000e+03	3.126378e+06	1.312000e+03	3.121868e+06	1.312000e+03	3.129077e+06	1.312000e+03	3.142684e+06	1.312000e+03	3.137171e+06	1.312000e+03	3.135935e+06	1.312000e+03	3.152057e+06	1.312000e+03	3.147488e+06	1.312000e+03	3.171062e+06	1.312000e+03	3.166482e+06	1.312000e+03	3.168977e+06	1.312000e+03	3.177362e+06	1.312000e+03	3.167430e+06	1.312000e+03	3.157599e+06	1.312000e+03	3.158912e+06	1.312000e+03	3.154368e+06	1.312000e+03	3.143953e+06	1.312000e+03	3.146584e+06	1.312000e+03	3.158648e+06	1.312000e+03	3.162208e+06	1.312000e+03	3.149348e+06	1.312000e+03	3.167099e+06	1.312000e+03	3.160758e+06	1.312000e+03	3.169527e+06	1.312000e+03	3.169779e+06	1.312000e+03	3.143660e+06	1.312000e+03	3.153366e+06	1.312000e+03	3.155076e+06	1.312000e+03	3.157494e+06	1.312000e+03	3.150638e+06	1.312000e+03	3.158927e+06	1.312000e+03	3.154719e+06	1.312000e+03	3.170747e+06	1.312000e+03	3.178546e+06	1.312000e+03	3.175132e+06	1.312000e+03	3.163085e+06	1.312000e+03	3.164372e+06	1.312000e+03	3.155856e+06	1.312000e+03	3.166804e+06	1.312000e+03	3.166061e+06	1.312000e+03	3.160070e+06	1.312000e+03	3.160180e+06	1.312000e+03	3.159269e+06	1.312000e+03	3.157766e+06	1.312000e+03	3.162433e+06	1.312000e+03	3.160712e+06	1.312000e+03	3.165661e+06	1.312000e+03	3.166597e+06	1.312000e+03	3.169886e+06	1.312000e+03	3.160587e+06	1.312000e+03	3.173432e+06	1.312000e+03	3.164729e+06	1.312000e+03	3.170558e+06	1.312000e+03	3.164240e+06	1.312000e+03	3.165413e+06	1.312000e+03	3.167749e+06	1.312000e+03	3.182402e+06	1.312000e+03	3.146767e+06	1.312000e+03	3.158927e+06	1.312000e+03	3.175700e+06	1.312000e+03	3.175679e+06	1.312000e+03	3.165525e+06	1.312000e+03	3.177462e+06	1.312000e+03	3.182480e+06	1.312000e+03	3.171207e+06	1.312000e+03	3.177377e+06	1.312000e+03	3.172463e+06	1.312000e+03	3.161694e+06	1.312000e+03	3.165375e+06	1.312000e+03	3.158745e+06	1.312000e+03	3.184785e+06	1.312000e+03	3.175448e+06	1.312000e+03	3.170988e+06	1.312000e+03	3.178235e+06	1.312000e+03	3.169424e+06	1.312000e+03	3.181758e+06	1.312000e+03	3.182434e+06	1.312000e+03	3.192068e+06	1.312000e+03	3.183874e+06	1.312000e+03	3.187493e+06	1.312000e+03	3.193439e+06	1.312000e+03	3.180934e+06	1.312000e+03	3.187893e+06	1.312000e+03	3.186000e+06	1.312000e+03	3.185155e+06	1.312000e+03	3.179922e+06	1.312000e+03	3.185834e+06	1.312000e+03	3.184594e+06	1.312000e+03	3.187283e+06	1.312000e+03	3.176502e+06	1.312000e+03	3.181836e+06	1.312000e+03	3.182320e+06	1.312000e+03	3.180300e+06	1.312000e+03	3.180841e+06	1.312000e+03	3.180983e+06	1.312000e+03	3.182301e+06	1.312000e+03	3.183546e+06	1.312000e+03	3.186010e+06	1.312000e+03	3.191290e+06	1.312000e+03	3.189781e+06	1.312000e+03	3.182248e+06	1.312000e+03	3.193327e+06	1.312000e+03	3.187403e+06	1.312000e+03	3.182280e+06	1.312000e+03	3.185553e+06	1.312000e+03	3.192365e+06	1.312000e+03	3.189433e+06	1.312000e+03	3.188185e+06	1.312000e+03	3.187181e+06	1.312000e+03	3.188258e+06	1.312000e+03	3.185751e+06	1.312000e+03	3.188232e+06	1.312000e+03	3.184592e+06	1.312000e+03	3.191887e+06	1.312000e+03	3.190141e+06	1.312000e+03	3.186284e+06	1.312000e+03	3.184706e+06	1.312000e+03	3.198932e+06	1.312000e+03	3.189208e+06	1.312000e+03	3.190231e+06	1.312000e+03	3.183007e+06	1.312000e+03	3.191023e+06	1.312000e+03	3.181420e+06	1.312000e+03	3.193920e+06	1.312000e+03	3.180878e+06	1.312000e+03	3.190060e+06	1.312000e+03	3.184351e+06	1.312000e+03	3.189818e+06	1.312000e+03	3.189229e+06	1.312000e+03	3.180351e+06	1.312000e+03	3.185186e+06	1.312000e+03	3.188790e+06	1.312000e+03	3.196397e+06	1.312000e+03	3.189127e+06	1.312000e+03	3.184537e+06	1.312000e+03	3.184194e+06	1.312000e+03	3.175769e+06	1.312000e+03	3.189012e+06	1.312000e+03	3.177916e+06	1.312000e+03	3.189188e+06	1.312000e+03	3.188475e+06	1.312000e+03	3.185081e+06	1.312000e+03	3.192366e+06	1.312000e+03	3.191621e+06	1.312000e+03	3.184404e+06	1.312000e+03	3.183850e+06	1.312000e+03	3.187063e+06	1.312000e+03	3.192525e+06	1.312000e+03	3.184069e+06	1.312000e+03	3.191238e+06	1.312000e+03	3.196314e+06	1.312000e+03	3.193548e+06	1.312000e+03	3.193972e+06	1.312000e+03	3.185723e+06	1.312000e+03	3.182443e+06	1.312000e+03	3.181234e+06	1.312000e+03	3.193491e+06	1.312000e+03	3.186891e+06	1.312000e+03	3.191458e+06	1.312000e+03	3.183169e+06	1.312000e+03	3.194725e+06	1.312000e+03	3.194802e+06	1.312000e+03	3.193737e+06	1.312000e+03	3.183685e+06	1.312000e+03	3.193409e+06	1.312000e+03	3.195999e+06	1.312000e+03	3.199520e+06	1.312000e+03	3.200904e+06	1.312000e+03	3.199715e+06	1.312000e+03	3.194047e+06	1.312000e+03	3.193870e+06	1.312000e+03	3.196817e+06	1.312000e+03	3.202734e+06	1.312000e+03	3.203348e+06	1.312000e+03	3.198287e+06	1.312000e+03	3.198159e+06	1.312000e+03	3.195618e+06	1.312000e+03	3.212749e+06	1.312000e+03	3.195513e+06	1.312000e+03	3.191838e+06	1.312000e+03	3.200727e+06	1.312000e+03	3.206581e+06	1.312000e+03	3.206918e+06	1.312000e+03	3.205666e+06	1.312000e+03	3.198706e+06	1.312000e+03	3.199798e+06	1.312000e+03	3.206201e+06	1.312000e+03	3.200440e+06	1.312000e+03	3.200794e+06	1.312000e+03	3.205429e+06	1.312000e+03	3.202502e+06	1.312000e+03	3.199238e+06	1.312000e+03	3.207194e+06	1.312000e+03	3.213722e+06	1.312000e+03	3.209078e+06	1.312000e+03	3.203272e+06	1.312000e+03	3.203501e+06	1.312000e+03	3.213391e+06	1.312000e+03	3.208924e+06	1.312000e+03	3.214953e+06	1.312000e+03	3.211207e+06	1.312000e+03	3.205293e+06	1.312000e+03	3.202016e+06	1.312000e+03	3.213085e+06	1.312000e+03	3.212325e+06	1.312000e+03	3.210616e+06
1.313000e+03	3.092629e+06	1.313000e+03	3.138315e+06	1.313000e+03	3.123234e+06	1.313000e+03	3.123283e+06	1.313000e+03	3.128605e+06	1.313000e+03	3.140193e+06	1.313000e+03	3.139873e+06	1.313000e+03	3.136194e+06	1.313000e+03	3.153202e+06	1.313000e+03	3.149017e+06	1.313000e+03	3.173152e+06	1.313000e+03	3.169660e+06	1.313000e+03	3.166874e+06	1.313000e+03	3.176047e+06	1.313000e+03	3.166808e+06	1.313000e+03	3.157148e+06	1.313000e+03	3.164305e+06	1.313000e+03	3.151659e+06	1.313000e+03	3.144585e+06	1.313000e+03	3.147946e+06	1.313000e+03	3.163315e+06	1.313000e+03	3.157732e+06	1.313000e+03	3.153368e+06	1.313000e+03	3.162095e+06	1.313000e+03	3.162696e+06	1.313000e+03	3.172334e+06	1.313000e+03	3.165324e+06	1.313000e+03	3.142707e+06	1.313000e+03	3.150325e+06	1.313000e+03	3.151691e+06	1.313000e+03	3.163560e+06	1.313000e+03	3.152384e+06	1.313000e+03	3.156755e+06	1.313000e+03	3.158820e+06	1.313000e+03	3.169785e+06	1.313000e+03	3.179677e+06	1.313000e+03	3.175367e+06	1.313000e+03	3.164565e+06	1.313000e+03	3.161968e+06	1.313000e+03	3.159868e+06	1.313000e+03	3.162320e+06	1.313000e+03	3.167966e+06	1.313000e+03	3.159255e+06	1.313000e+03	3.162539e+06	1.313000e+03	3.155038e+06	1.313000e+03	3.160754e+06	1.313000e+03	3.163099e+06	1.313000e+03	3.162606e+06	1.313000e+03	3.163712e+06	1.313000e+03	3.166252e+06	1.313000e+03	3.165949e+06	1.313000e+03	3.160803e+06	1.313000e+03	3.169807e+06	1.313000e+03	3.161909e+06	1.313000e+03	3.172951e+06	1.313000e+03	3.167815e+06	1.313000e+03	3.166920e+06	1.313000e+03	3.168472e+06	1.313000e+03	3.178172e+06	1.313000e+03	3.144693e+06	1.313000e+03	3.155819e+06	1.313000e+03	3.170727e+06	1.313000e+03	3.174503e+06	1.313000e+03	3.167015e+06	1.313000e+03	3.176762e+06	1.313000e+03	3.182513e+06	1.313000e+03	3.171724e+06	1.313000e+03	3.175734e+06	1.313000e+03	3.173841e+06	1.313000e+03	3.160945e+06	1.313000e+03	3.164979e+06	1.313000e+03	3.159440e+06	1.313000e+03	3.184589e+06	1.313000e+03	3.173613e+06	1.313000e+03	3.170878e+06	1.313000e+03	3.174799e+06	1.313000e+03	3.168389e+06	1.313000e+03	3.184690e+06	1.313000e+03	3.182505e+06	1.313000e+03	3.188668e+06	1.313000e+03	3.184439e+06	1.313000e+03	3.186946e+06	1.313000e+03	3.188048e+06	1.313000e+03	3.181311e+06	1.313000e+03	3.186626e+06	1.313000e+03	3.180026e+06	1.313000e+03	3.184800e+06	1.313000e+03	3.181523e+06	1.313000e+03	3.187431e+06	1.313000e+03	3.184542e+06	1.313000e+03	3.185642e+06	1.313000e+03	3.177311e+06	1.313000e+03	3.185129e+06	1.313000e+03	3.184101e+06	1.313000e+03	3.179451e+06	1.313000e+03	3.181477e+06	1.313000e+03	3.182538e+06	1.313000e+03	3.182119e+06	1.313000e+03	3.183640e+06	1.313000e+03	3.184330e+06	1.313000e+03	3.191496e+06	1.313000e+03	3.191961e+06	1.313000e+03	3.182735e+06	1.313000e+03	3.189505e+06	1.313000e+03	3.185780e+06	1.313000e+03	3.182733e+06	1.313000e+03	3.190410e+06	1.313000e+03	3.188301e+06	1.313000e+03	3.186288e+06	1.313000e+03	3.189059e+06	1.313000e+03	3.186733e+06	1.313000e+03	3.186031e+06	1.313000e+03	3.182091e+06	1.313000e+03	3.190066e+06	1.313000e+03	3.181956e+06	1.313000e+03	3.191459e+06	1.313000e+03	3.186851e+06	1.313000e+03	3.186128e+06	1.313000e+03	3.185646e+06	1.313000e+03	3.202815e+06	1.313000e+03	3.192586e+06	1.313000e+03	3.191763e+06	1.313000e+03	3.187656e+06	1.313000e+03	3.188222e+06	1.313000e+03	3.183958e+06	1.313000e+03	3.188119e+06	1.313000e+03	3.179799e+06	1.313000e+03	3.186174e+06	1.313000e+03	3.181868e+06	1.313000e+03	3.188512e+06	1.313000e+03	3.189763e+06	1.313000e+03	3.183911e+06	1.313000e+03	3.186833e+06	1.313000e+03	3.189185e+06	1.313000e+03	3.192285e+06	1.313000e+03	3.192606e+06	1.313000e+03	3.186416e+06	1.313000e+03	3.190395e+06	1.313000e+03	3.178341e+06	1.313000e+03	3.189802e+06	1.313000e+03	3.176765e+06	1.313000e+03	3.185378e+06	1.313000e+03	3.192007e+06	1.313000e+03	3.189192e+06	1.313000e+03	3.195119e+06	1.313000e+03	3.187030e+06	1.313000e+03	3.186508e+06	1.313000e+03	3.183526e+06	1.313000e+03	3.187251e+06	1.313000e+03	3.197541e+06	1.313000e+03	3.183764e+06	1.313000e+03	3.190680e+06	1.313000e+03	3.194195e+06	1.313000e+03	3.196814e+06	1.313000e+03	3.196127e+06	1.313000e+03	3.184778e+06	1.313000e+03	3.180906e+06	1.313000e+03	3.180967e+06	1.313000e+03	3.188900e+06	1.313000e+03	3.186100e+06	1.313000e+03	3.184869e+06	1.313000e+03	3.184617e+06	1.313000e+03	3.192818e+06	1.313000e+03	3.195384e+06	1.313000e+03	3.194867e+06	1.313000e+03	3.185693e+06	1.313000e+03	3.191414e+06	1.313000e+03	3.195083e+06	1.313000e+03	3.200403e+06	1.313000e+03	3.204001e+06	1.313000e+03	3.200218e+06	1.313000e+03	3.195143e+06	1.313000e+03	3.191987e+06	1.313000e+03	3.190745e+06	1.313000e+03	3.207531e+06	1.313000e+03	3.200299e+06	1.313000e+03	3.199025e+06	1.313000e+03	3.197711e+06	1.313000e+03	3.198750e+06	1.313000e+03	3.212767e+06	1.313000e+03	3.194079e+06	1.313000e+03	3.189497e+06	1.313000e+03	3.199569e+06	1.313000e+03	3.206508e+06	1.313000e+03	3.198282e+06	1.313000e+03	3.203007e+06	1.313000e+03	3.196716e+06	1.313000e+03	3.198939e+06	1.313000e+03	3.209824e+06	1.313000e+03	3.200088e+06	1.313000e+03	3.201488e+06	1.313000e+03	3.206783e+06	1.313000e+03	3.203239e+06	1.313000e+03	3.196204e+06	1.313000e+03	3.210936e+06	1.313000e+03	3.207625e+06	1.313000e+03	3.206651e+06	1.313000e+03	3.202600e+06	1.313000e+03	3.203236e+06	1.313000e+03	3.212396e+06	1.313000e+03	3.210387e+06	1.313000e+03	3.212283e+06	1.313000e+03	3.209635e+06	1.313000e+03	3.205534e+06	1.313000e+03	3.204481e+06	1.313000e+03	3.211015e+06	1.313000e+03	3.213572e+06	1.313000e+03	3.211028e+06
1.314000e+03	3.100219e+06	1.314000e+03	3.109122e+06	1.314000e+03	3.127085e+06	1.314000e+03	3.127750e+06	1.314000e+03	3.128167e+06	1.314000e+03	3.137206e+06	1.314000e+03	3.137507e+06	1.314000e+03	3.133000e+06	1.314000e+03	3.148797e+06	1.314000e+03	3.144863e+06	1.314000e+03	3.177395e+06	1.314000e+03	3.170521e+06	1.314000e+03	3.166469e+06	1.314000e+03	3.174027e+06	1.314000e+03	3.166119e+06	1.314000e+03	3.155952e+06	1.314000e+03	3.163049e+06	1.314000e+03	3.150031e+06	1.314000e+03	3.143508e+06	1.314000e+03	3.145735e+06	1.314000e+03	3.159166e+06	1.314000e+03	3.156723e+06	1.314000e+03	3.149278e+06	1.314000e+03	3.162363e+06	1.314000e+03	3.161222e+06	1.314000e+03	3.166519e+06	1.314000e+03	3.164237e+06	1.314000e+03	3.142046e+06	1.314000e+03	3.147865e+06	1.314000e+03	3.150660e+06	1.314000e+03	3.170774e+06	1.314000e+03	3.152283e+06	1.314000e+03	3.156377e+06	1.314000e+03	3.157159e+06	1.314000e+03	3.175014e+06	1.314000e+03	3.179416e+06	1.314000e+03	3.176036e+06	1.314000e+03	3.161640e+06	1.314000e+03	3.163769e+06	1.314000e+03	3.158121e+06	1.314000e+03	3.162705e+06	1.314000e+03	3.169161e+06	1.314000e+03	3.161567e+06	1.314000e+03	3.160108e+06	1.314000e+03	3.161975e+06	1.314000e+03	3.169157e+06	1.314000e+03	3.162179e+06	1.314000e+03	3.162871e+06	1.314000e+03	3.161846e+06	1.314000e+03	3.164092e+06	1.314000e+03	3.168110e+06	1.314000e+03	3.161293e+06	1.314000e+03	3.169311e+06	1.314000e+03	3.165509e+06	1.314000e+03	3.171336e+06	1.314000e+03	3.163617e+06	1.314000e+03	3.166867e+06	1.314000e+03	3.171162e+06	1.314000e+03	3.175288e+06	1.314000e+03	3.144943e+06	1.314000e+03	3.155817e+06	1.314000e+03	3.173675e+06	1.314000e+03	3.177063e+06	1.314000e+03	3.169818e+06	1.314000e+03	3.174600e+06	1.314000e+03	3.183874e+06	1.314000e+03	3.167781e+06	1.314000e+03	3.175466e+06	1.314000e+03	3.174555e+06	1.314000e+03	3.157128e+06	1.314000e+03	3.171359e+06	1.314000e+03	3.160986e+06	1.314000e+03	3.185429e+06	1.314000e+03	3.172753e+06	1.314000e+03	3.173169e+06	1.314000e+03	3.174987e+06	1.314000e+03	3.174724e+06	1.314000e+03	3.184730e+06	1.314000e+03	3.180416e+06	1.314000e+03	3.184459e+06	1.314000e+03	3.183441e+06	1.314000e+03	3.181384e+06	1.314000e+03	3.185608e+06	1.314000e+03	3.176423e+06	1.314000e+03	3.187805e+06	1.314000e+03	3.180826e+06	1.314000e+03	3.182708e+06	1.314000e+03	3.181722e+06	1.314000e+03	3.180739e+06	1.314000e+03	3.180869e+06	1.314000e+03	3.189258e+06	1.314000e+03	3.179011e+06	1.314000e+03	3.181488e+06	1.314000e+03	3.187000e+06	1.314000e+03	3.176806e+06	1.314000e+03	3.182905e+06	1.314000e+03	3.188289e+06	1.314000e+03	3.181202e+06	1.314000e+03	3.188340e+06	1.314000e+03	3.182745e+06	1.314000e+03	3.192400e+06	1.314000e+03	3.192427e+06	1.314000e+03	3.178796e+06	1.314000e+03	3.191972e+06	1.314000e+03	3.187784e+06	1.314000e+03	3.183379e+06	1.314000e+03	3.191448e+06	1.314000e+03	3.191305e+06	1.314000e+03	3.184438e+06	1.314000e+03	3.191399e+06	1.314000e+03	3.187476e+06	1.314000e+03	3.189457e+06	1.314000e+03	3.179883e+06	1.314000e+03	3.192328e+06	1.314000e+03	3.184552e+06	1.314000e+03	3.195634e+06	1.314000e+03	3.186875e+06	1.314000e+03	3.187148e+06	1.314000e+03	3.186853e+06	1.314000e+03	3.205097e+06	1.314000e+03	3.189665e+06	1.314000e+03	3.191009e+06	1.314000e+03	3.190245e+06	1.314000e+03	3.192643e+06	1.314000e+03	3.185928e+06	1.314000e+03	3.186136e+06	1.314000e+03	3.183730e+06	1.314000e+03	3.183719e+06	1.314000e+03	3.183119e+06	1.314000e+03	3.191551e+06	1.314000e+03	3.191579e+06	1.314000e+03	3.185000e+06	1.314000e+03	3.186906e+06	1.314000e+03	3.188928e+06	1.314000e+03	3.197555e+06	1.314000e+03	3.194029e+06	1.314000e+03	3.185170e+06	1.314000e+03	3.189160e+06	1.314000e+03	3.175054e+06	1.314000e+03	3.190326e+06	1.314000e+03	3.178777e+06	1.314000e+03	3.187704e+06	1.314000e+03	3.187641e+06	1.314000e+03	3.189949e+06	1.314000e+03	3.194177e+06	1.314000e+03	3.187880e+06	1.314000e+03	3.184076e+06	1.314000e+03	3.181564e+06	1.314000e+03	3.185932e+06	1.314000e+03	3.195692e+06	1.314000e+03	3.183936e+06	1.314000e+03	3.191051e+06	1.314000e+03	3.202001e+06	1.314000e+03	3.192297e+06	1.314000e+03	3.196915e+06	1.314000e+03	3.184524e+06	1.314000e+03	3.179648e+06	1.314000e+03	3.181868e+06	1.314000e+03	3.193508e+06	1.314000e+03	3.188649e+06	1.314000e+03	3.185445e+06	1.314000e+03	3.182215e+06	1.314000e+03	3.192610e+06	1.314000e+03	3.193639e+06	1.314000e+03	3.192030e+06	1.314000e+03	3.186211e+06	1.314000e+03	3.190982e+06	1.314000e+03	3.194831e+06	1.314000e+03	3.196756e+06	1.314000e+03	3.205058e+06	1.314000e+03	3.200338e+06	1.314000e+03	3.198282e+06	1.314000e+03	3.190963e+06	1.314000e+03	3.189813e+06	1.314000e+03	3.206802e+06	1.314000e+03	3.195127e+06	1.314000e+03	3.198047e+06	1.314000e+03	3.198759e+06	1.314000e+03	3.196579e+06	1.314000e+03	3.209761e+06	1.314000e+03	3.190709e+06	1.314000e+03	3.191405e+06	1.314000e+03	3.203221e+06	1.314000e+03	3.208233e+06	1.314000e+03	3.195917e+06	1.314000e+03	3.205651e+06	1.314000e+03	3.198409e+06	1.314000e+03	3.193495e+06	1.314000e+03	3.212449e+06	1.314000e+03	3.201052e+06	1.314000e+03	3.199517e+06	1.314000e+03	3.205818e+06	1.314000e+03	3.202930e+06	1.314000e+03	3.197141e+06	1.314000e+03	3.209752e+06	1.314000e+03	3.203162e+06	1.314000e+03	3.201034e+06	1.314000e+03	3.201979e+06	1.314000e+03	3.204334e+06	1.314000e+03	3.208185e+06	1.314000e+03	3.212069e+06	1.314000e+03	3.212168e+06	1.314000e+03	3.210567e+06	1.314000e+03	3.203567e+06	1.314000e+03	3.203357e+06	1.314000e+03	3.213974e+06	1.314000e+03	3.213577e+06	1.314000e+03	3.215345e+06
1.315000e+03	3.097064e+06	1.315000e+03	3.116104e+06	1.315000e+03	3.126631e+06	1.315000e+03	3.119738e+06	1.315000e+03	3.130872e+06	1.315000e+03	3.142477e+06	1.315000e+03	3.135872e+06	1.315000e+03	3.134027e+06	1.315000e+03	3.148723e+06	1.315000e+03	3.148168e+06	1.315000e+03	3.174384e+06	1.315000e+03	3.171101e+06	1.315000e+03	3.170331e+06	1.315000e+03	3.169623e+06	1.315000e+03	3.164728e+06	1.315000e+03	3.153443e+06	1.315000e+03	3.162935e+06	1.315000e+03	3.149959e+06	1.315000e+03	3.148027e+06	1.315000e+03	3.151976e+06	1.315000e+03	3.154555e+06	1.315000e+03	3.157557e+06	1.315000e+03	3.155489e+06	1.315000e+03	3.166576e+06	1.315000e+03	3.160737e+06	1.315000e+03	3.168917e+06	1.315000e+03	3.159485e+06	1.315000e+03	3.148104e+06	1.315000e+03	3.148681e+06	1.315000e+03	3.154228e+06	1.315000e+03	3.169304e+06	1.315000e+03	3.149421e+06	1.315000e+03	3.158444e+06	1.315000e+03	3.158106e+06	1.315000e+03	3.178927e+06	1.315000e+03	3.180069e+06	1.315000e+03	3.172210e+06	1.315000e+03	3.162805e+06	1.315000e+03	3.171861e+06	1.315000e+03	3.161088e+06	1.315000e+03	3.162447e+06	1.315000e+03	3.166987e+06	1.315000e+03	3.158078e+06	1.315000e+03	3.155314e+06	1.315000e+03	3.162015e+06	1.315000e+03	3.165290e+06	1.315000e+03	3.164799e+06	1.315000e+03	3.160399e+06	1.315000e+03	3.163452e+06	1.315000e+03	3.161994e+06	1.315000e+03	3.169337e+06	1.315000e+03	3.160744e+06	1.315000e+03	3.169649e+06	1.315000e+03	3.169787e+06	1.315000e+03	3.173572e+06	1.315000e+03	3.171427e+06	1.315000e+03	3.167212e+06	1.315000e+03	3.169679e+06	1.315000e+03	3.179109e+06	1.315000e+03	3.149841e+06	1.315000e+03	3.152415e+06	1.315000e+03	3.170309e+06	1.315000e+03	3.175980e+06	1.315000e+03	3.167273e+06	1.315000e+03	3.172574e+06	1.315000e+03	3.177784e+06	1.315000e+03	3.169499e+06	1.315000e+03	3.172287e+06	1.315000e+03	3.174356e+06	1.315000e+03	3.160834e+06	1.315000e+03	3.161970e+06	1.315000e+03	3.157923e+06	1.315000e+03	3.185557e+06	1.315000e+03	3.170966e+06	1.315000e+03	3.174759e+06	1.315000e+03	3.179115e+06	1.315000e+03	3.175153e+06	1.315000e+03	3.179454e+06	1.315000e+03	3.182467e+06	1.315000e+03	3.187566e+06	1.315000e+03	3.180980e+06	1.315000e+03	3.182708e+06	1.315000e+03	3.187346e+06	1.315000e+03	3.178115e+06	1.315000e+03	3.184938e+06	1.315000e+03	3.179958e+06	1.315000e+03	3.182558e+06	1.315000e+03	3.183977e+06	1.315000e+03	3.176480e+06	1.315000e+03	3.184514e+06	1.315000e+03	3.189816e+06	1.315000e+03	3.176331e+06	1.315000e+03	3.179413e+06	1.315000e+03	3.192151e+06	1.315000e+03	3.177477e+06	1.315000e+03	3.183156e+06	1.315000e+03	3.191184e+06	1.315000e+03	3.183074e+06	1.315000e+03	3.189508e+06	1.315000e+03	3.183864e+06	1.315000e+03	3.188772e+06	1.315000e+03	3.197043e+06	1.315000e+03	3.182616e+06	1.315000e+03	3.194343e+06	1.315000e+03	3.188607e+06	1.315000e+03	3.181904e+06	1.315000e+03	3.189937e+06	1.315000e+03	3.184430e+06	1.315000e+03	3.187252e+06	1.315000e+03	3.191353e+06	1.315000e+03	3.186290e+06	1.315000e+03	3.193408e+06	1.315000e+03	3.185990e+06	1.315000e+03	3.189481e+06	1.315000e+03	3.183236e+06	1.315000e+03	3.193667e+06	1.315000e+03	3.185954e+06	1.315000e+03	3.187752e+06	1.315000e+03	3.187788e+06	1.315000e+03	3.205776e+06	1.315000e+03	3.186425e+06	1.315000e+03	3.192226e+06	1.315000e+03	3.193756e+06	1.315000e+03	3.195855e+06	1.315000e+03	3.185573e+06	1.315000e+03	3.188499e+06	1.315000e+03	3.179607e+06	1.315000e+03	3.186835e+06	1.315000e+03	3.184464e+06	1.315000e+03	3.189911e+06	1.315000e+03	3.190043e+06	1.315000e+03	3.188185e+06	1.315000e+03	3.184023e+06	1.315000e+03	3.187214e+06	1.315000e+03	3.197336e+06	1.315000e+03	3.188980e+06	1.315000e+03	3.186066e+06	1.315000e+03	3.189073e+06	1.315000e+03	3.176164e+06	1.315000e+03	3.190098e+06	1.315000e+03	3.171731e+06	1.315000e+03	3.186968e+06	1.315000e+03	3.187410e+06	1.315000e+03	3.184205e+06	1.315000e+03	3.196046e+06	1.315000e+03	3.182175e+06	1.315000e+03	3.181961e+06	1.315000e+03	3.184525e+06	1.315000e+03	3.189608e+06	1.315000e+03	3.190623e+06	1.315000e+03	3.183555e+06	1.315000e+03	3.193914e+06	1.315000e+03	3.199281e+06	1.315000e+03	3.193291e+06	1.315000e+03	3.199502e+06	1.315000e+03	3.184796e+06	1.315000e+03	3.183559e+06	1.315000e+03	3.183730e+06	1.315000e+03	3.193633e+06	1.315000e+03	3.186970e+06	1.315000e+03	3.184517e+06	1.315000e+03	3.180101e+06	1.315000e+03	3.193000e+06	1.315000e+03	3.192462e+06	1.315000e+03	3.193127e+06	1.315000e+03	3.184101e+06	1.315000e+03	3.190228e+06	1.315000e+03	3.197085e+06	1.315000e+03	3.197357e+06	1.315000e+03	3.200340e+06	1.315000e+03	3.199271e+06	1.315000e+03	3.191925e+06	1.315000e+03	3.193475e+06	1.315000e+03	3.191752e+06	1.315000e+03	3.208099e+06	1.315000e+03	3.197955e+06	1.315000e+03	3.195240e+06	1.315000e+03	3.204976e+06	1.315000e+03	3.195449e+06	1.315000e+03	3.210212e+06	1.315000e+03	3.191766e+06	1.315000e+03	3.193264e+06	1.315000e+03	3.204474e+06	1.315000e+03	3.205361e+06	1.315000e+03	3.196620e+06	1.315000e+03	3.205495e+06	1.315000e+03	3.198526e+06	1.315000e+03	3.196963e+06	1.315000e+03	3.207672e+06	1.315000e+03	3.198672e+06	1.315000e+03	3.197915e+06	1.315000e+03	3.207337e+06	1.315000e+03	3.200469e+06	1.315000e+03	3.199339e+06	1.315000e+03	3.206562e+06	1.315000e+03	3.201593e+06	1.315000e+03	3.201814e+06	1.315000e+03	3.203996e+06	1.315000e+03	3.202115e+06	1.315000e+03	3.210081e+06	1.315000e+03	3.212535e+06	1.315000e+03	3.214406e+06	1.315000e+03	3.208164e+06	1.315000e+03	3.208260e+06	1.315000e+03	3.204830e+06	1.315000e+03	3.209490e+06	1.315000e+03	3.210736e+06	1.315000e+03	3.214534e+06
1.316000e+03	3.099837e+06	1.316000e+03	3.130495e+06	1.316000e+03	3.126185e+06	1.316000e+03	3.124434e+06	1.316000e+03	3.132218e+06	1.316000e+03	3.145002e+06	1.316000e+03	3.136520e+06	1.316000e+03	3.134813e+06	1.316000e+03	3.143827e+06	1.316000e+03	3.143401e+06	1.316000e+03	3.171926e+06	1.316000e+03	3.173217e+06	1.316000e+03	3.168033e+06	1.316000e+03	3.170677e+06	1.316000e+03	3.163115e+06	1.316000e+03	3.154521e+06	1.316000e+03	3.164628e+06	1.316000e+03	3.151645e+06	1.316000e+03	3.145383e+06	1.316000e+03	3.151255e+06	1.316000e+03	3.153574e+06	1.316000e+03	3.153320e+06	1.316000e+03	3.155623e+06	1.316000e+03	3.166483e+06	1.316000e+03	3.160563e+06	1.316000e+03	3.168498e+06	1.316000e+03	3.162952e+06	1.316000e+03	3.144875e+06	1.316000e+03	3.148466e+06	1.316000e+03	3.150304e+06	1.316000e+03	3.166269e+06	1.316000e+03	3.149959e+06	1.316000e+03	3.155133e+06	1.316000e+03	3.159273e+06	1.316000e+03	3.172750e+06	1.316000e+03	3.176007e+06	1.316000e+03	3.178142e+06	1.316000e+03	3.166223e+06	1.316000e+03	3.167408e+06	1.316000e+03	3.158112e+06	1.316000e+03	3.161566e+06	1.316000e+03	3.164046e+06	1.316000e+03	3.155951e+06	1.316000e+03	3.160185e+06	1.316000e+03	3.159986e+06	1.316000e+03	3.162235e+06	1.316000e+03	3.167529e+06	1.316000e+03	3.160556e+06	1.316000e+03	3.165161e+06	1.316000e+03	3.166944e+06	1.316000e+03	3.170020e+06	1.316000e+03	3.163975e+06	1.316000e+03	3.170625e+06	1.316000e+03	3.163352e+06	1.316000e+03	3.174713e+06	1.316000e+03	3.169139e+06	1.316000e+03	3.163210e+06	1.316000e+03	3.166237e+06	1.316000e+03	3.180040e+06	1.316000e+03	3.147893e+06	1.316000e+03	3.159599e+06	1.316000e+03	3.172753e+06	1.316000e+03	3.175304e+06	1.316000e+03	3.168901e+06	1.316000e+03	3.166299e+06	1.316000e+03	3.177948e+06	1.316000e+03	3.171900e+06	1.316000e+03	3.175074e+06	1.316000e+03	3.169532e+06	1.316000e+03	3.156342e+06	1.316000e+03	3.164138e+06	1.316000e+03	3.164659e+06	1.316000e+03	3.182290e+06	1.316000e+03	3.173799e+06	1.316000e+03	3.173946e+06	1.316000e+03	3.179478e+06	1.316000e+03	3.176279e+06	1.316000e+03	3.181923e+06	1.316000e+03	3.184136e+06	1.316000e+03	3.190091e+06	1.316000e+03	3.183305e+06	1.316000e+03	3.178504e+06	1.316000e+03	3.190186e+06	1.316000e+03	3.181531e+06	1.316000e+03	3.183770e+06	1.316000e+03	3.183553e+06	1.316000e+03	3.185045e+06	1.316000e+03	3.182464e+06	1.316000e+03	3.174254e+06	1.316000e+03	3.183536e+06	1.316000e+03	3.191173e+06	1.316000e+03	3.178794e+06	1.316000e+03	3.179745e+06	1.316000e+03	3.193863e+06	1.316000e+03	3.174321e+06	1.316000e+03	3.180889e+06	1.316000e+03	3.189830e+06	1.316000e+03	3.185248e+06	1.316000e+03	3.185474e+06	1.316000e+03	3.183695e+06	1.316000e+03	3.188068e+06	1.316000e+03	3.196441e+06	1.316000e+03	3.182705e+06	1.316000e+03	3.191280e+06	1.316000e+03	3.185245e+06	1.316000e+03	3.181161e+06	1.316000e+03	3.190473e+06	1.316000e+03	3.190535e+06	1.316000e+03	3.189612e+06	1.316000e+03	3.188840e+06	1.316000e+03	3.186240e+06	1.316000e+03	3.188299e+06	1.316000e+03	3.187187e+06	1.316000e+03	3.191951e+06	1.316000e+03	3.183207e+06	1.316000e+03	3.191637e+06	1.316000e+03	3.183862e+06	1.316000e+03	3.185329e+06	1.316000e+03	3.191132e+06	1.316000e+03	3.199368e+06	1.316000e+03	3.192309e+06	1.316000e+03	3.193077e+06	1.316000e+03	3.190832e+06	1.316000e+03	3.193200e+06	1.316000e+03	3.187867e+06	1.316000e+03	3.188408e+06	1.316000e+03	3.179849e+06	1.316000e+03	3.183386e+06	1.316000e+03	3.184577e+06	1.316000e+03	3.191275e+06	1.316000e+03	3.198351e+06	1.316000e+03	3.188679e+06	1.316000e+03	3.181237e+06	1.316000e+03	3.187893e+06	1.316000e+03	3.195326e+06	1.316000e+03	3.192746e+06	1.316000e+03	3.186925e+06	1.316000e+03	3.185202e+06	1.316000e+03	3.175301e+06	1.316000e+03	3.189449e+06	1.316000e+03	3.180439e+06	1.316000e+03	3.188074e+06	1.316000e+03	3.188280e+06	1.316000e+03	3.182517e+06	1.316000e+03	3.193107e+06	1.316000e+03	3.188657e+06	1.316000e+03	3.183001e+06	1.316000e+03	3.183336e+06	1.316000e+03	3.187324e+06	1.316000e+03	3.189711e+06	1.316000e+03	3.181983e+06	1.316000e+03	3.190508e+06	1.316000e+03	3.199783e+06	1.316000e+03	3.193765e+06	1.316000e+03	3.196494e+06	1.316000e+03	3.180934e+06	1.316000e+03	3.181834e+06	1.316000e+03	3.186495e+06	1.316000e+03	3.188251e+06	1.316000e+03	3.185805e+06	1.316000e+03	3.182424e+06	1.316000e+03	3.177989e+06	1.316000e+03	3.193357e+06	1.316000e+03	3.196400e+06	1.316000e+03	3.190472e+06	1.316000e+03	3.184051e+06	1.316000e+03	3.192068e+06	1.316000e+03	3.194508e+06	1.316000e+03	3.196532e+06	1.316000e+03	3.197401e+06	1.316000e+03	3.193363e+06	1.316000e+03	3.193714e+06	1.316000e+03	3.191915e+06	1.316000e+03	3.194395e+06	1.316000e+03	3.213036e+06	1.316000e+03	3.198628e+06	1.316000e+03	3.199168e+06	1.316000e+03	3.200465e+06	1.316000e+03	3.197419e+06	1.316000e+03	3.210473e+06	1.316000e+03	3.194104e+06	1.316000e+03	3.194307e+06	1.316000e+03	3.203628e+06	1.316000e+03	3.200609e+06	1.316000e+03	3.198384e+06	1.316000e+03	3.204015e+06	1.316000e+03	3.201888e+06	1.316000e+03	3.193698e+06	1.316000e+03	3.210440e+06	1.316000e+03	3.199526e+06	1.316000e+03	3.198365e+06	1.316000e+03	3.211644e+06	1.316000e+03	3.206012e+06	1.316000e+03	3.198370e+06	1.316000e+03	3.207175e+06	1.316000e+03	3.203980e+06	1.316000e+03	3.201341e+06	1.316000e+03	3.203301e+06	1.316000e+03	3.200771e+06	1.316000e+03	3.208419e+06	1.316000e+03	3.208755e+06	1.316000e+03	3.214639e+06	1.316000e+03	3.204529e+06	1.316000e+03	3.206656e+06	1.316000e+03	3.199117e+06	1.316000e+03	3.209301e+06	1.316000e+03	3.211564e+06	1.316000e+03	3.212569e+06
1.317000e+03	3.104543e+06	1.317000e+03	3.129918e+06	1.317000e+03	3.123956e+06	1.317000e+03	3.128335e+06	1.317000e+03	3.128516e+06	1.317000e+03	3.144024e+06	1.317000e+03	3.136098e+06	1.317000e+03	3.138988e+06	1.317000e+03	3.143433e+06	1.317000e+03	3.142831e+06	1.317000e+03	3.167591e+06	1.317000e+03	3.171070e+06	1.317000e+03	3.167617e+06	1.317000e+03	3.172037e+06	1.317000e+03	3.165750e+06	1.317000e+03	3.151135e+06	1.317000e+03	3.166800e+06	1.317000e+03	3.149299e+06	1.317000e+03	3.151035e+06	1.317000e+03	3.153207e+06	1.317000e+03	3.153364e+06	1.317000e+03	3.155911e+06	1.317000e+03	3.157280e+06	1.317000e+03	3.166697e+06	1.317000e+03	3.158426e+06	1.317000e+03	3.169390e+06	1.317000e+03	3.157599e+06	1.317000e+03	3.144321e+06	1.317000e+03	3.151920e+06	1.317000e+03	3.154596e+06	1.317000e+03	3.162200e+06	1.317000e+03	3.151403e+06	1.317000e+03	3.159574e+06	1.317000e+03	3.160736e+06	1.317000e+03	3.172943e+06	1.317000e+03	3.176776e+06	1.317000e+03	3.178435e+06	1.317000e+03	3.163776e+06	1.317000e+03	3.160076e+06	1.317000e+03	3.163149e+06	1.317000e+03	3.157864e+06	1.317000e+03	3.165948e+06	1.317000e+03	3.159545e+06	1.317000e+03	3.163984e+06	1.317000e+03	3.160656e+06	1.317000e+03	3.161061e+06	1.317000e+03	3.158156e+06	1.317000e+03	3.158513e+06	1.317000e+03	3.164262e+06	1.317000e+03	3.168142e+06	1.317000e+03	3.170534e+06	1.317000e+03	3.165700e+06	1.317000e+03	3.169095e+06	1.317000e+03	3.169214e+06	1.317000e+03	3.181992e+06	1.317000e+03	3.163876e+06	1.317000e+03	3.169972e+06	1.317000e+03	3.169501e+06	1.317000e+03	3.174690e+06	1.317000e+03	3.145318e+06	1.317000e+03	3.167086e+06	1.317000e+03	3.173600e+06	1.317000e+03	3.178568e+06	1.317000e+03	3.166809e+06	1.317000e+03	3.164594e+06	1.317000e+03	3.174894e+06	1.317000e+03	3.169935e+06	1.317000e+03	3.170848e+06	1.317000e+03	3.168379e+06	1.317000e+03	3.156809e+06	1.317000e+03	3.166763e+06	1.317000e+03	3.165465e+06	1.317000e+03	3.179885e+06	1.317000e+03	3.171602e+06	1.317000e+03	3.173164e+06	1.317000e+03	3.184198e+06	1.317000e+03	3.173279e+06	1.317000e+03	3.181445e+06	1.317000e+03	3.186735e+06	1.317000e+03	3.188221e+06	1.317000e+03	3.182328e+06	1.317000e+03	3.180195e+06	1.317000e+03	3.186398e+06	1.317000e+03	3.178879e+06	1.317000e+03	3.185660e+06	1.317000e+03	3.185664e+06	1.317000e+03	3.188685e+06	1.317000e+03	3.183696e+06	1.317000e+03	3.181035e+06	1.317000e+03	3.181873e+06	1.317000e+03	3.191196e+06	1.317000e+03	3.177459e+06	1.317000e+03	3.184338e+06	1.317000e+03	3.185680e+06	1.317000e+03	3.176444e+06	1.317000e+03	3.182566e+06	1.317000e+03	3.184376e+06	1.317000e+03	3.185039e+06	1.317000e+03	3.184656e+06	1.317000e+03	3.183695e+06	1.317000e+03	3.192027e+06	1.317000e+03	3.194536e+06	1.317000e+03	3.188802e+06	1.317000e+03	3.196334e+06	1.317000e+03	3.188290e+06	1.317000e+03	3.184948e+06	1.317000e+03	3.188074e+06	1.317000e+03	3.190249e+06	1.317000e+03	3.185839e+06	1.317000e+03	3.190245e+06	1.317000e+03	3.189546e+06	1.317000e+03	3.195224e+06	1.317000e+03	3.186880e+06	1.317000e+03	3.198185e+06	1.317000e+03	3.181159e+06	1.317000e+03	3.190528e+06	1.317000e+03	3.182157e+06	1.317000e+03	3.184548e+06	1.317000e+03	3.188771e+06	1.317000e+03	3.196383e+06	1.317000e+03	3.189569e+06	1.317000e+03	3.191602e+06	1.317000e+03	3.190410e+06	1.317000e+03	3.192174e+06	1.317000e+03	3.189290e+06	1.317000e+03	3.185021e+06	1.317000e+03	3.178807e+06	1.317000e+03	3.178595e+06	1.317000e+03	3.185675e+06	1.317000e+03	3.190082e+06	1.317000e+03	3.199122e+06	1.317000e+03	3.189300e+06	1.317000e+03	3.182993e+06	1.317000e+03	3.188596e+06	1.317000e+03	3.192738e+06	1.317000e+03	3.190226e+06	1.317000e+03	3.186527e+06	1.317000e+03	3.189626e+06	1.317000e+03	3.179992e+06	1.317000e+03	3.194847e+06	1.317000e+03	3.179233e+06	1.317000e+03	3.185098e+06	1.317000e+03	3.188622e+06	1.317000e+03	3.183543e+06	1.317000e+03	3.195137e+06	1.317000e+03	3.194344e+06	1.317000e+03	3.188173e+06	1.317000e+03	3.181201e+06	1.317000e+03	3.182509e+06	1.317000e+03	3.192053e+06	1.317000e+03	3.185378e+06	1.317000e+03	3.188652e+06	1.317000e+03	3.202397e+06	1.317000e+03	3.191851e+06	1.317000e+03	3.196011e+06	1.317000e+03	3.183024e+06	1.317000e+03	3.181443e+06	1.317000e+03	3.183891e+06	1.317000e+03	3.188543e+06	1.317000e+03	3.185841e+06	1.317000e+03	3.182011e+06	1.317000e+03	3.184651e+06	1.317000e+03	3.194358e+06	1.317000e+03	3.191882e+06	1.317000e+03	3.191562e+06	1.317000e+03	3.183162e+06	1.317000e+03	3.188043e+06	1.317000e+03	3.188782e+06	1.317000e+03	3.201838e+06	1.317000e+03	3.198410e+06	1.317000e+03	3.195530e+06	1.317000e+03	3.196379e+06	1.317000e+03	3.192240e+06	1.317000e+03	3.191819e+06	1.317000e+03	3.215232e+06	1.317000e+03	3.195672e+06	1.317000e+03	3.198937e+06	1.317000e+03	3.199125e+06	1.317000e+03	3.198368e+06	1.317000e+03	3.210188e+06	1.317000e+03	3.193563e+06	1.317000e+03	3.191454e+06	1.317000e+03	3.207932e+06	1.317000e+03	3.200101e+06	1.317000e+03	3.195381e+06	1.317000e+03	3.209463e+06	1.317000e+03	3.195649e+06	1.317000e+03	3.194166e+06	1.317000e+03	3.207129e+06	1.317000e+03	3.196750e+06	1.317000e+03	3.197992e+06	1.317000e+03	3.213784e+06	1.317000e+03	3.205634e+06	1.317000e+03	3.198140e+06	1.317000e+03	3.208020e+06	1.317000e+03	3.202912e+06	1.317000e+03	3.204073e+06	1.317000e+03	3.205579e+06	1.317000e+03	3.207147e+06	1.317000e+03	3.205685e+06	1.317000e+03	3.207532e+06	1.317000e+03	3.209026e+06	1.317000e+03	3.205043e+06	1.317000e+03	3.205699e+06	1.317000e+03	3.205088e+06	1.317000e+03	3.209564e+06	1.317000e+03	3.208090e+06	1.317000e+03	3.211911e+06
1.318000e+03	3.098591e+06	1.318000e+03	3.133430e+06	1.318000e+03	3.122941e+06	1.318000e+03	3.124024e+06	1.318000e+03	3.132693e+06	1.318000e+03	3.142087e+06	1.318000e+03	3.136332e+06	1.318000e+03	3.131686e+06	1.318000e+03	3.142132e+06	1.318000e+03	3.142512e+06	1.318000e+03	3.164672e+06	1.318000e+03	3.176950e+06	1.318000e+03	3.168585e+06	1.318000e+03	3.171529e+06	1.318000e+03	3.162256e+06	1.318000e+03	3.154371e+06	1.318000e+03	3.165698e+06	1.318000e+03	3.149886e+06	1.318000e+03	3.151379e+06	1.318000e+03	3.149120e+06	1.318000e+03	3.152094e+06	1.318000e+03	3.153279e+06	1.318000e+03	3.161563e+06	1.318000e+03	3.163621e+06	1.318000e+03	3.157214e+06	1.318000e+03	3.169745e+06	1.318000e+03	3.157661e+06	1.318000e+03	3.141128e+06	1.318000e+03	3.155309e+06	1.318000e+03	3.152942e+06	1.318000e+03	3.161541e+06	1.318000e+03	3.148227e+06	1.318000e+03	3.158661e+06	1.318000e+03	3.159987e+06	1.318000e+03	3.175511e+06	1.318000e+03	3.174690e+06	1.318000e+03	3.175382e+06	1.318000e+03	3.165248e+06	1.318000e+03	3.162836e+06	1.318000e+03	3.164502e+06	1.318000e+03	3.159849e+06	1.318000e+03	3.162718e+06	1.318000e+03	3.156478e+06	1.318000e+03	3.158565e+06	1.318000e+03	3.157570e+06	1.318000e+03	3.164327e+06	1.318000e+03	3.161605e+06	1.318000e+03	3.159588e+06	1.318000e+03	3.165125e+06	1.318000e+03	3.167677e+06	1.318000e+03	3.172362e+06	1.318000e+03	3.163266e+06	1.318000e+03	3.170201e+06	1.318000e+03	3.163468e+06	1.318000e+03	3.175322e+06	1.318000e+03	3.159445e+06	1.318000e+03	3.165058e+06	1.318000e+03	3.164788e+06	1.318000e+03	3.177353e+06	1.318000e+03	3.151056e+06	1.318000e+03	3.161312e+06	1.318000e+03	3.172949e+06	1.318000e+03	3.175484e+06	1.318000e+03	3.160738e+06	1.318000e+03	3.165626e+06	1.318000e+03	3.178649e+06	1.318000e+03	3.171127e+06	1.318000e+03	3.171298e+06	1.318000e+03	3.166237e+06	1.318000e+03	3.157956e+06	1.318000e+03	3.164133e+06	1.318000e+03	3.164445e+06	1.318000e+03	3.176984e+06	1.318000e+03	3.171749e+06	1.318000e+03	3.170168e+06	1.318000e+03	3.184013e+06	1.318000e+03	3.172793e+06	1.318000e+03	3.177722e+06	1.318000e+03	3.183284e+06	1.318000e+03	3.186351e+06	1.318000e+03	3.185674e+06	1.318000e+03	3.181656e+06	1.318000e+03	3.185685e+06	1.318000e+03	3.178334e+06	1.318000e+03	3.186452e+06	1.318000e+03	3.178468e+06	1.318000e+03	3.191819e+06	1.318000e+03	3.181479e+06	1.318000e+03	3.177057e+06	1.318000e+03	3.180896e+06	1.318000e+03	3.187931e+06	1.318000e+03	3.178819e+06	1.318000e+03	3.178463e+06	1.318000e+03	3.188837e+06	1.318000e+03	3.177850e+06	1.318000e+03	3.183483e+06	1.318000e+03	3.185461e+06	1.318000e+03	3.184682e+06	1.318000e+03	3.181256e+06	1.318000e+03	3.193611e+06	1.318000e+03	3.190906e+06	1.318000e+03	3.195270e+06	1.318000e+03	3.185646e+06	1.318000e+03	3.193021e+06	1.318000e+03	3.189574e+06	1.318000e+03	3.182523e+06	1.318000e+03	3.188142e+06	1.318000e+03	3.193109e+06	1.318000e+03	3.186245e+06	1.318000e+03	3.189582e+06	1.318000e+03	3.186784e+06	1.318000e+03	3.188157e+06	1.318000e+03	3.188195e+06	1.318000e+03	3.197607e+06	1.318000e+03	3.180742e+06	1.318000e+03	3.186989e+06	1.318000e+03	3.185981e+06	1.318000e+03	3.188588e+06	1.318000e+03	3.190816e+06	1.318000e+03	3.201288e+06	1.318000e+03	3.188182e+06	1.318000e+03	3.189724e+06	1.318000e+03	3.190111e+06	1.318000e+03	3.192291e+06	1.318000e+03	3.187770e+06	1.318000e+03	3.193155e+06	1.318000e+03	3.184096e+06	1.318000e+03	3.179543e+06	1.318000e+03	3.185796e+06	1.318000e+03	3.191782e+06	1.318000e+03	3.192677e+06	1.318000e+03	3.190981e+06	1.318000e+03	3.187406e+06	1.318000e+03	3.190930e+06	1.318000e+03	3.194059e+06	1.318000e+03	3.194478e+06	1.318000e+03	3.185262e+06	1.318000e+03	3.188677e+06	1.318000e+03	3.182347e+06	1.318000e+03	3.194003e+06	1.318000e+03	3.180454e+06	1.318000e+03	3.186294e+06	1.318000e+03	3.189470e+06	1.318000e+03	3.183551e+06	1.318000e+03	3.195848e+06	1.318000e+03	3.187941e+06	1.318000e+03	3.186418e+06	1.318000e+03	3.181443e+06	1.318000e+03	3.185095e+06	1.318000e+03	3.196584e+06	1.318000e+03	3.190311e+06	1.318000e+03	3.193757e+06	1.318000e+03	3.197797e+06	1.318000e+03	3.195256e+06	1.318000e+03	3.199563e+06	1.318000e+03	3.181675e+06	1.318000e+03	3.189589e+06	1.318000e+03	3.186247e+06	1.318000e+03	3.192461e+06	1.318000e+03	3.186582e+06	1.318000e+03	3.182083e+06	1.318000e+03	3.185384e+06	1.318000e+03	3.194390e+06	1.318000e+03	3.196022e+06	1.318000e+03	3.190018e+06	1.318000e+03	3.180293e+06	1.318000e+03	3.187137e+06	1.318000e+03	3.191493e+06	1.318000e+03	3.201290e+06	1.318000e+03	3.199398e+06	1.318000e+03	3.194597e+06	1.318000e+03	3.194391e+06	1.318000e+03	3.191510e+06	1.318000e+03	3.193133e+06	1.318000e+03	3.204827e+06	1.318000e+03	3.195313e+06	1.318000e+03	3.199412e+06	1.318000e+03	3.202361e+06	1.318000e+03	3.198590e+06	1.318000e+03	3.209457e+06	1.318000e+03	3.194501e+06	1.318000e+03	3.193392e+06	1.318000e+03	3.204395e+06	1.318000e+03	3.203221e+06	1.318000e+03	3.194817e+06	1.318000e+03	3.203248e+06	1.318000e+03	3.198547e+06	1.318000e+03	3.197121e+06	1.318000e+03	3.209084e+06	1.318000e+03	3.201774e+06	1.318000e+03	3.195989e+06	1.318000e+03	3.209873e+06	1.318000e+03	3.202969e+06	1.318000e+03	3.195329e+06	1.318000e+03	3.207779e+06	1.318000e+03	3.203612e+06	1.318000e+03	3.202433e+06	1.318000e+03	3.203031e+06	1.318000e+03	3.210106e+06	1.318000e+03	3.208271e+06	1.318000e+03	3.208728e+06	1.318000e+03	3.210548e+06	1.318000e+03	3.201448e+06	1.318000e+03	3.201881e+06	1.318000e+03	3.207418e+06	1.318000e+03	3.210478e+06	1.318000e+03	3.207370e+06	1.318000e+03	3.210880e+06
1.319000e+03	3.104997e+06	1.319000e+03	3.127439e+06	1.319000e+03	3.126328e+06	1.319000e+03	3.120000e+06	1.319000e+03	3.130867e+06	1.319000e+03	3.137231e+06	1.319000e+03	3.134795e+06	1.319000e+03	3.137648e+06	1.319000e+03	3.147691e+06	1.319000e+03	3.144923e+06	1.319000e+03	3.162771e+06	1.319000e+03	3.172128e+06	1.319000e+03	3.168026e+06	1.319000e+03	3.177920e+06	1.319000e+03	3.163172e+06	1.319000e+03	3.157802e+06	1.319000e+03	3.168665e+06	1.319000e+03	3.145664e+06	1.319000e+03	3.150096e+06	1.319000e+03	3.151261e+06	1.319000e+03	3.157365e+06	1.319000e+03	3.154773e+06	1.319000e+03	3.150510e+06	1.319000e+03	3.162154e+06	1.319000e+03	3.160942e+06	1.319000e+03	3.165253e+06	1.319000e+03	3.161759e+06	1.319000e+03	3.143463e+06	1.319000e+03	3.152342e+06	1.319000e+03	3.152130e+06	1.319000e+03	3.161786e+06	1.319000e+03	3.153268e+06	1.319000e+03	3.160665e+06	1.319000e+03	3.161885e+06	1.319000e+03	3.178080e+06	1.319000e+03	3.171484e+06	1.319000e+03	3.175663e+06	1.319000e+03	3.165174e+06	1.319000e+03	3.155855e+06	1.319000e+03	3.158139e+06	1.319000e+03	3.160989e+06	1.319000e+03	3.161491e+06	1.319000e+03	3.152945e+06	1.319000e+03	3.161682e+06	1.319000e+03	3.156268e+06	1.319000e+03	3.161521e+06	1.319000e+03	3.160596e+06	1.319000e+03	3.160302e+06	1.319000e+03	3.163611e+06	1.319000e+03	3.166475e+06	1.319000e+03	3.166086e+06	1.319000e+03	3.164656e+06	1.319000e+03	3.170365e+06	1.319000e+03	3.166797e+06	1.319000e+03	3.176524e+06	1.319000e+03	3.164219e+06	1.319000e+03	3.165987e+06	1.319000e+03	3.166021e+06	1.319000e+03	3.177440e+06	1.319000e+03	3.149955e+06	1.319000e+03	3.160947e+06	1.319000e+03	3.175563e+06	1.319000e+03	3.174110e+06	1.319000e+03	3.168845e+06	1.319000e+03	3.167975e+06	1.319000e+03	3.179881e+06	1.319000e+03	3.168948e+06	1.319000e+03	3.167438e+06	1.319000e+03	3.166341e+06	1.319000e+03	3.158564e+06	1.319000e+03	3.161896e+06	1.319000e+03	3.161625e+06	1.319000e+03	3.177294e+06	1.319000e+03	3.173668e+06	1.319000e+03	3.171623e+06	1.319000e+03	3.185050e+06	1.319000e+03	3.177225e+06	1.319000e+03	3.185108e+06	1.319000e+03	3.185263e+06	1.319000e+03	3.191692e+06	1.319000e+03	3.185720e+06	1.319000e+03	3.180453e+06	1.319000e+03	3.184921e+06	1.319000e+03	3.176734e+06	1.319000e+03	3.182090e+06	1.319000e+03	3.178652e+06	1.319000e+03	3.190198e+06	1.319000e+03	3.184597e+06	1.319000e+03	3.179929e+06	1.319000e+03	3.183457e+06	1.319000e+03	3.180990e+06	1.319000e+03	3.178530e+06	1.319000e+03	3.176363e+06	1.319000e+03	3.184978e+06	1.319000e+03	3.177218e+06	1.319000e+03	3.182169e+06	1.319000e+03	3.186520e+06	1.319000e+03	3.183472e+06	1.319000e+03	3.184405e+06	1.319000e+03	3.192311e+06	1.319000e+03	3.194516e+06	1.319000e+03	3.195992e+06	1.319000e+03	3.184421e+06	1.319000e+03	3.187515e+06	1.319000e+03	3.183454e+06	1.319000e+03	3.185030e+06	1.319000e+03	3.187876e+06	1.319000e+03	3.189989e+06	1.319000e+03	3.189642e+06	1.319000e+03	3.187521e+06	1.319000e+03	3.186947e+06	1.319000e+03	3.187519e+06	1.319000e+03	3.186450e+06	1.319000e+03	3.196908e+06	1.319000e+03	3.182350e+06	1.319000e+03	3.188384e+06	1.319000e+03	3.182782e+06	1.319000e+03	3.184919e+06	1.319000e+03	3.189569e+06	1.319000e+03	3.198435e+06	1.319000e+03	3.185946e+06	1.319000e+03	3.189554e+06	1.319000e+03	3.186569e+06	1.319000e+03	3.193557e+06	1.319000e+03	3.190012e+06	1.319000e+03	3.185601e+06	1.319000e+03	3.181622e+06	1.319000e+03	3.185446e+06	1.319000e+03	3.189692e+06	1.319000e+03	3.194684e+06	1.319000e+03	3.193465e+06	1.319000e+03	3.191411e+06	1.319000e+03	3.190823e+06	1.319000e+03	3.194515e+06	1.319000e+03	3.190698e+06	1.319000e+03	3.191536e+06	1.319000e+03	3.186403e+06	1.319000e+03	3.188166e+06	1.319000e+03	3.182967e+06	1.319000e+03	3.193556e+06	1.319000e+03	3.179775e+06	1.319000e+03	3.194747e+06	1.319000e+03	3.190519e+06	1.319000e+03	3.182039e+06	1.319000e+03	3.197212e+06	1.319000e+03	3.190531e+06	1.319000e+03	3.188110e+06	1.319000e+03	3.180980e+06	1.319000e+03	3.184048e+06	1.319000e+03	3.191697e+06	1.319000e+03	3.184444e+06	1.319000e+03	3.188362e+06	1.319000e+03	3.194710e+06	1.319000e+03	3.196900e+06	1.319000e+03	3.196957e+06	1.319000e+03	3.181783e+06	1.319000e+03	3.184336e+06	1.319000e+03	3.188389e+06	1.319000e+03	3.193459e+06	1.319000e+03	3.186939e+06	1.319000e+03	3.183515e+06	1.319000e+03	3.186070e+06	1.319000e+03	3.195554e+06	1.319000e+03	3.198143e+06	1.319000e+03	3.191335e+06	1.319000e+03	3.187813e+06	1.319000e+03	3.187810e+06	1.319000e+03	3.193178e+06	1.319000e+03	3.200675e+06	1.319000e+03	3.193954e+06	1.319000e+03	3.191650e+06	1.319000e+03	3.191921e+06	1.319000e+03	3.193756e+06	1.319000e+03	3.195219e+06	1.319000e+03	3.208264e+06	1.319000e+03	3.194605e+06	1.319000e+03	3.200337e+06	1.319000e+03	3.203079e+06	1.319000e+03	3.196370e+06	1.319000e+03	3.196439e+06	1.319000e+03	3.191543e+06	1.319000e+03	3.198853e+06	1.319000e+03	3.201006e+06	1.319000e+03	3.200857e+06	1.319000e+03	3.196658e+06	1.319000e+03	3.203235e+06	1.319000e+03	3.203948e+06	1.319000e+03	3.203442e+06	1.319000e+03	3.208878e+06	1.319000e+03	3.197392e+06	1.319000e+03	3.197766e+06	1.319000e+03	3.209161e+06	1.319000e+03	3.201966e+06	1.319000e+03	3.197539e+06	1.319000e+03	3.211736e+06	1.319000e+03	3.200685e+06	1.319000e+03	3.197892e+06	1.319000e+03	3.205482e+06	1.319000e+03	3.205814e+06	1.319000e+03	3.212012e+06	1.319000e+03	3.212575e+06	1.319000e+03	3.210589e+06	1.319000e+03	3.204404e+06	1.319000e+03	3.205252e+06	1.319000e+03	3.206439e+06	1.319000e+03	3.210534e+06	1.319000e+03	3.211410e+06	1.319000e+03	3.211804e+06
1.320000e+03	3.105542e+06	1.320000e+03	3.132188e+06	1.320000e+03	3.129762e+06	1.320000e+03	3.124737e+06	1.320000e+03	3.132993e+06	1.320000e+03	3.133509e+06	1.320000e+03	3.133679e+06	1.320000e+03	3.135933e+06	1.320000e+03	3.147438e+06	1.320000e+03	3.145336e+06	1.320000e+03	3.161272e+06	1.320000e+03	3.166767e+06	1.320000e+03	3.167276e+06	1.320000e+03	3.174784e+06	1.320000e+03	3.162461e+06	1.320000e+03	3.154221e+06	1.320000e+03	3.171111e+06	1.320000e+03	3.147865e+06	1.320000e+03	3.149032e+06	1.320000e+03	3.144798e+06	1.320000e+03	3.158665e+06	1.320000e+03	3.152930e+06	1.320000e+03	3.156644e+06	1.320000e+03	3.163279e+06	1.320000e+03	3.156051e+06	1.320000e+03	3.162303e+06	1.320000e+03	3.154775e+06	1.320000e+03	3.145480e+06	1.320000e+03	3.150273e+06	1.320000e+03	3.155614e+06	1.320000e+03	3.158473e+06	1.320000e+03	3.151812e+06	1.320000e+03	3.163563e+06	1.320000e+03	3.159879e+06	1.320000e+03	3.176663e+06	1.320000e+03	3.172228e+06	1.320000e+03	3.171763e+06	1.320000e+03	3.159809e+06	1.320000e+03	3.160785e+06	1.320000e+03	3.165468e+06	1.320000e+03	3.158380e+06	1.320000e+03	3.159252e+06	1.320000e+03	3.151237e+06	1.320000e+03	3.158750e+06	1.320000e+03	3.153698e+06	1.320000e+03	3.160912e+06	1.320000e+03	3.160411e+06	1.320000e+03	3.162932e+06	1.320000e+03	3.163853e+06	1.320000e+03	3.161606e+06	1.320000e+03	3.165100e+06	1.320000e+03	3.165332e+06	1.320000e+03	3.168309e+06	1.320000e+03	3.164021e+06	1.320000e+03	3.171377e+06	1.320000e+03	3.166445e+06	1.320000e+03	3.167590e+06	1.320000e+03	3.168783e+06	1.320000e+03	3.177087e+06	1.320000e+03	3.152249e+06	1.320000e+03	3.159626e+06	1.320000e+03	3.175242e+06	1.320000e+03	3.175136e+06	1.320000e+03	3.167730e+06	1.320000e+03	3.167344e+06	1.320000e+03	3.180396e+06	1.320000e+03	3.168249e+06	1.320000e+03	3.171563e+06	1.320000e+03	3.169508e+06	1.320000e+03	3.161913e+06	1.320000e+03	3.163724e+06	1.320000e+03	3.165178e+06	1.320000e+03	3.175027e+06	1.320000e+03	3.174505e+06	1.320000e+03	3.172448e+06	1.320000e+03	3.184520e+06	1.320000e+03	3.177417e+06	1.320000e+03	3.180782e+06	1.320000e+03	3.184983e+06	1.320000e+03	3.189639e+06	1.320000e+03	3.190143e+06	1.320000e+03	3.181942e+06	1.320000e+03	3.183957e+06	1.320000e+03	3.178274e+06	1.320000e+03	3.187443e+06	1.320000e+03	3.183337e+06	1.320000e+03	3.188218e+06	1.320000e+03	3.188407e+06	1.320000e+03	3.182237e+06	1.320000e+03	3.191573e+06	1.320000e+03	3.183461e+06	1.320000e+03	3.180810e+06	1.320000e+03	3.186148e+06	1.320000e+03	3.188161e+06	1.320000e+03	3.177066e+06	1.320000e+03	3.181989e+06	1.320000e+03	3.186317e+06	1.320000e+03	3.182369e+06	1.320000e+03	3.183775e+06	1.320000e+03	3.193293e+06	1.320000e+03	3.196800e+06	1.320000e+03	3.189864e+06	1.320000e+03	3.184460e+06	1.320000e+03	3.190100e+06	1.320000e+03	3.182194e+06	1.320000e+03	3.185652e+06	1.320000e+03	3.185299e+06	1.320000e+03	3.190667e+06	1.320000e+03	3.185542e+06	1.320000e+03	3.185838e+06	1.320000e+03	3.189096e+06	1.320000e+03	3.186483e+06	1.320000e+03	3.186202e+06	1.320000e+03	3.192582e+06	1.320000e+03	3.180062e+06	1.320000e+03	3.186707e+06	1.320000e+03	3.184083e+06	1.320000e+03	3.184264e+06	1.320000e+03	3.192257e+06	1.320000e+03	3.197637e+06	1.320000e+03	3.184493e+06	1.320000e+03	3.187594e+06	1.320000e+03	3.186660e+06	1.320000e+03	3.194099e+06	1.320000e+03	3.188141e+06	1.320000e+03	3.187214e+06	1.320000e+03	3.178716e+06	1.320000e+03	3.178588e+06	1.320000e+03	3.187414e+06	1.320000e+03	3.196964e+06	1.320000e+03	3.195401e+06	1.320000e+03	3.192364e+06	1.320000e+03	3.191765e+06	1.320000e+03	3.193622e+06	1.320000e+03	3.192966e+06	1.320000e+03	3.192657e+06	1.320000e+03	3.184306e+06	1.320000e+03	3.185669e+06	1.320000e+03	3.182567e+06	1.320000e+03	3.195205e+06	1.320000e+03	3.182286e+06	1.320000e+03	3.192016e+06	1.320000e+03	3.189358e+06	1.320000e+03	3.180353e+06	1.320000e+03	3.190647e+06	1.320000e+03	3.190753e+06	1.320000e+03	3.182680e+06	1.320000e+03	3.180058e+06	1.320000e+03	3.183474e+06	1.320000e+03	3.192403e+06	1.320000e+03	3.186493e+06	1.320000e+03	3.190331e+06	1.320000e+03	3.203472e+06	1.320000e+03	3.193397e+06	1.320000e+03	3.197260e+06	1.320000e+03	3.186255e+06	1.320000e+03	3.185489e+06	1.320000e+03	3.188135e+06	1.320000e+03	3.191375e+06	1.320000e+03	3.186315e+06	1.320000e+03	3.184799e+06	1.320000e+03	3.182505e+06	1.320000e+03	3.190036e+06	1.320000e+03	3.192369e+06	1.320000e+03	3.190732e+06	1.320000e+03	3.183705e+06	1.320000e+03	3.188017e+06	1.320000e+03	3.189533e+06	1.320000e+03	3.201329e+06	1.320000e+03	3.195532e+06	1.320000e+03	3.192919e+06	1.320000e+03	3.194666e+06	1.320000e+03	3.191060e+06	1.320000e+03	3.194368e+06	1.320000e+03	3.205681e+06	1.320000e+03	3.193335e+06	1.320000e+03	3.201221e+06	1.320000e+03	3.202454e+06	1.320000e+03	3.196410e+06	1.320000e+03	3.199292e+06	1.320000e+03	3.189248e+06	1.320000e+03	3.195839e+06	1.320000e+03	3.198495e+06	1.320000e+03	3.201869e+06	1.320000e+03	3.195182e+06	1.320000e+03	3.202953e+06	1.320000e+03	3.202421e+06	1.320000e+03	3.204392e+06	1.320000e+03	3.210864e+06	1.320000e+03	3.194399e+06	1.320000e+03	3.200492e+06	1.320000e+03	3.204247e+06	1.320000e+03	3.198785e+06	1.320000e+03	3.190889e+06	1.320000e+03	3.207937e+06	1.320000e+03	3.202163e+06	1.320000e+03	3.200744e+06	1.320000e+03	3.200971e+06	1.320000e+03	3.203637e+06	1.320000e+03	3.206735e+06	1.320000e+03	3.214072e+06	1.320000e+03	3.206289e+06	1.320000e+03	3.203053e+06	1.320000e+03	3.202899e+06	1.320000e+03	3.205012e+06	1.320000e+03	3.206725e+06	1.320000e+03	3.209506e+06	1.320000e+03	3.211388e+06
1.321000e+03	3.106860e+06	1.321000e+03	3.129303e+06	1.321000e+03	3.129062e+06	1.321000e+03	3.123238e+06	1.321000e+03	3.135102e+06	1.321000e+03	3.136194e+06	1.321000e+03	3.138865e+06	1.321000e+03	3.135534e+06	1.321000e+03	3.149554e+06	1.321000e+03	3.144206e+06	1.321000e+03	3.156618e+06	1.321000e+03	3.168668e+06	1.321000e+03	3.166375e+06	1.321000e+03	3.168005e+06	1.321000e+03	3.166346e+06	1.321000e+03	3.154225e+06	1.321000e+03	3.160745e+06	1.321000e+03	3.150035e+06	1.321000e+03	3.144681e+06	1.321000e+03	3.155806e+06	1.321000e+03	3.157555e+06	1.321000e+03	3.155256e+06	1.321000e+03	3.153135e+06	1.321000e+03	3.161178e+06	1.321000e+03	3.158511e+06	1.321000e+03	3.161016e+06	1.321000e+03	3.153219e+06	1.321000e+03	3.147397e+06	1.321000e+03	3.152109e+06	1.321000e+03	3.153288e+06	1.321000e+03	3.158367e+06	1.321000e+03	3.150593e+06	1.321000e+03	3.164769e+06	1.321000e+03	3.162790e+06	1.321000e+03	3.178981e+06	1.321000e+03	3.172368e+06	1.321000e+03	3.172438e+06	1.321000e+03	3.154134e+06	1.321000e+03	3.161051e+06	1.321000e+03	3.162729e+06	1.321000e+03	3.163397e+06	1.321000e+03	3.162625e+06	1.321000e+03	3.153018e+06	1.321000e+03	3.157947e+06	1.321000e+03	3.156378e+06	1.321000e+03	3.162734e+06	1.321000e+03	3.163914e+06	1.321000e+03	3.160117e+06	1.321000e+03	3.165939e+06	1.321000e+03	3.164740e+06	1.321000e+03	3.166300e+06	1.321000e+03	3.163248e+06	1.321000e+03	3.170276e+06	1.321000e+03	3.169358e+06	1.321000e+03	3.171255e+06	1.321000e+03	3.168420e+06	1.321000e+03	3.170006e+06	1.321000e+03	3.168624e+06	1.321000e+03	3.179980e+06	1.321000e+03	3.148661e+06	1.321000e+03	3.157968e+06	1.321000e+03	3.171603e+06	1.321000e+03	3.174169e+06	1.321000e+03	3.165766e+06	1.321000e+03	3.166411e+06	1.321000e+03	3.182857e+06	1.321000e+03	3.170053e+06	1.321000e+03	3.168850e+06	1.321000e+03	3.168489e+06	1.321000e+03	3.163427e+06	1.321000e+03	3.163491e+06	1.321000e+03	3.166134e+06	1.321000e+03	3.177297e+06	1.321000e+03	3.173359e+06	1.321000e+03	3.174498e+06	1.321000e+03	3.186960e+06	1.321000e+03	3.176922e+06	1.321000e+03	3.180652e+06	1.321000e+03	3.185901e+06	1.321000e+03	3.190775e+06	1.321000e+03	3.183820e+06	1.321000e+03	3.185568e+06	1.321000e+03	3.184694e+06	1.321000e+03	3.178247e+06	1.321000e+03	3.186960e+06	1.321000e+03	3.183191e+06	1.321000e+03	3.183730e+06	1.321000e+03	3.181437e+06	1.321000e+03	3.184233e+06	1.321000e+03	3.189866e+06	1.321000e+03	3.183497e+06	1.321000e+03	3.178119e+06	1.321000e+03	3.185782e+06	1.321000e+03	3.187485e+06	1.321000e+03	3.178558e+06	1.321000e+03	3.182808e+06	1.321000e+03	3.182904e+06	1.321000e+03	3.182062e+06	1.321000e+03	3.184213e+06	1.321000e+03	3.187883e+06	1.321000e+03	3.196776e+06	1.321000e+03	3.194270e+06	1.321000e+03	3.181054e+06	1.321000e+03	3.188115e+06	1.321000e+03	3.184612e+06	1.321000e+03	3.181814e+06	1.321000e+03	3.184010e+06	1.321000e+03	3.188050e+06	1.321000e+03	3.185958e+06	1.321000e+03	3.188232e+06	1.321000e+03	3.189778e+06	1.321000e+03	3.188050e+06	1.321000e+03	3.187971e+06	1.321000e+03	3.192683e+06	1.321000e+03	3.184469e+06	1.321000e+03	3.185290e+06	1.321000e+03	3.180394e+06	1.321000e+03	3.182556e+06	1.321000e+03	3.194793e+06	1.321000e+03	3.197875e+06	1.321000e+03	3.187082e+06	1.321000e+03	3.189590e+06	1.321000e+03	3.187838e+06	1.321000e+03	3.193518e+06	1.321000e+03	3.184232e+06	1.321000e+03	3.186855e+06	1.321000e+03	3.180119e+06	1.321000e+03	3.186820e+06	1.321000e+03	3.188380e+06	1.321000e+03	3.195013e+06	1.321000e+03	3.191996e+06	1.321000e+03	3.194396e+06	1.321000e+03	3.183624e+06	1.321000e+03	3.192965e+06	1.321000e+03	3.190097e+06	1.321000e+03	3.188426e+06	1.321000e+03	3.185699e+06	1.321000e+03	3.189364e+06	1.321000e+03	3.175090e+06	1.321000e+03	3.193026e+06	1.321000e+03	3.181805e+06	1.321000e+03	3.186160e+06	1.321000e+03	3.190624e+06	1.321000e+03	3.182560e+06	1.321000e+03	3.190578e+06	1.321000e+03	3.188414e+06	1.321000e+03	3.185137e+06	1.321000e+03	3.179558e+06	1.321000e+03	3.183027e+06	1.321000e+03	3.196196e+06	1.321000e+03	3.181182e+06	1.321000e+03	3.189937e+06	1.321000e+03	3.195502e+06	1.321000e+03	3.189385e+06	1.321000e+03	3.194858e+06	1.321000e+03	3.182482e+06	1.321000e+03	3.187744e+06	1.321000e+03	3.187490e+06	1.321000e+03	3.192838e+06	1.321000e+03	3.183177e+06	1.321000e+03	3.184123e+06	1.321000e+03	3.182411e+06	1.321000e+03	3.193708e+06	1.321000e+03	3.192095e+06	1.321000e+03	3.192083e+06	1.321000e+03	3.182870e+06	1.321000e+03	3.187236e+06	1.321000e+03	3.188751e+06	1.321000e+03	3.199665e+06	1.321000e+03	3.199271e+06	1.321000e+03	3.195866e+06	1.321000e+03	3.198217e+06	1.321000e+03	3.192857e+06	1.321000e+03	3.193618e+06	1.321000e+03	3.207578e+06	1.321000e+03	3.196077e+06	1.321000e+03	3.201393e+06	1.321000e+03	3.197871e+06	1.321000e+03	3.195409e+06	1.321000e+03	3.197432e+06	1.321000e+03	3.187625e+06	1.321000e+03	3.196581e+06	1.321000e+03	3.197652e+06	1.321000e+03	3.204483e+06	1.321000e+03	3.201684e+06	1.321000e+03	3.206130e+06	1.321000e+03	3.198325e+06	1.321000e+03	3.204152e+06	1.321000e+03	3.209505e+06	1.321000e+03	3.194892e+06	1.321000e+03	3.200496e+06	1.321000e+03	3.202958e+06	1.321000e+03	3.211697e+06	1.321000e+03	3.194198e+06	1.321000e+03	3.208475e+06	1.321000e+03	3.206374e+06	1.321000e+03	3.199304e+06	1.321000e+03	3.199117e+06	1.321000e+03	3.203106e+06	1.321000e+03	3.206557e+06	1.321000e+03	3.210807e+06	1.321000e+03	3.209689e+06	1.321000e+03	3.203589e+06	1.321000e+03	3.202338e+06	1.321000e+03	3.205366e+06	1.321000e+03	3.205895e+06	1.321000e+03	3.206740e+06	1.321000e+03	3.211734e+06
1.322000e+03	3.104196e+06	1.322000e+03	3.127745e+06	1.322000e+03	3.132485e+06	1.322000e+03	3.122714e+06	1.322000e+03	3.132624e+06	1.322000e+03	3.139726e+06	1.322000e+03	3.138053e+06	1.322000e+03	3.133958e+06	1.322000e+03	3.148203e+06	1.322000e+03	3.143465e+06	1.322000e+03	3.162561e+06	1.322000e+03	3.166838e+06	1.322000e+03	3.168604e+06	1.322000e+03	3.158245e+06	1.322000e+03	3.169364e+06	1.322000e+03	3.156682e+06	1.322000e+03	3.156415e+06	1.322000e+03	3.152508e+06	1.322000e+03	3.145313e+06	1.322000e+03	3.156451e+06	1.322000e+03	3.154645e+06	1.322000e+03	3.152893e+06	1.322000e+03	3.159166e+06	1.322000e+03	3.163088e+06	1.322000e+03	3.156836e+06	1.322000e+03	3.162425e+06	1.322000e+03	3.153354e+06	1.322000e+03	3.144278e+06	1.322000e+03	3.151100e+06	1.322000e+03	3.154871e+06	1.322000e+03	3.165935e+06	1.322000e+03	3.151614e+06	1.322000e+03	3.163875e+06	1.322000e+03	3.160752e+06	1.322000e+03	3.176539e+06	1.322000e+03	3.172797e+06	1.322000e+03	3.171943e+06	1.322000e+03	3.162470e+06	1.322000e+03	3.150963e+06	1.322000e+03	3.163146e+06	1.322000e+03	3.156786e+06	1.322000e+03	3.163629e+06	1.322000e+03	3.154465e+06	1.322000e+03	3.157971e+06	1.322000e+03	3.156425e+06	1.322000e+03	3.160838e+06	1.322000e+03	3.160244e+06	1.322000e+03	3.158962e+06	1.322000e+03	3.168030e+06	1.322000e+03	3.167618e+06	1.322000e+03	3.165769e+06	1.322000e+03	3.161862e+06	1.322000e+03	3.168122e+06	1.322000e+03	3.166075e+06	1.322000e+03	3.175001e+06	1.322000e+03	3.164655e+06	1.322000e+03	3.175726e+06	1.322000e+03	3.169350e+06	1.322000e+03	3.175165e+06	1.322000e+03	3.151887e+06	1.322000e+03	3.162262e+06	1.322000e+03	3.177715e+06	1.322000e+03	3.176943e+06	1.322000e+03	3.165063e+06	1.322000e+03	3.165368e+06	1.322000e+03	3.180763e+06	1.322000e+03	3.168533e+06	1.322000e+03	3.166434e+06	1.322000e+03	3.175903e+06	1.322000e+03	3.159883e+06	1.322000e+03	3.162597e+06	1.322000e+03	3.163523e+06	1.322000e+03	3.173099e+06	1.322000e+03	3.170343e+06	1.322000e+03	3.176248e+06	1.322000e+03	3.172688e+06	1.322000e+03	3.178360e+06	1.322000e+03	3.177806e+06	1.322000e+03	3.185506e+06	1.322000e+03	3.187092e+06	1.322000e+03	3.182607e+06	1.322000e+03	3.192882e+06	1.322000e+03	3.184763e+06	1.322000e+03	3.174426e+06	1.322000e+03	3.184904e+06	1.322000e+03	3.184056e+06	1.322000e+03	3.180580e+06	1.322000e+03	3.187413e+06	1.322000e+03	3.182036e+06	1.322000e+03	3.184999e+06	1.322000e+03	3.186078e+06	1.322000e+03	3.178966e+06	1.322000e+03	3.181436e+06	1.322000e+03	3.185954e+06	1.322000e+03	3.180845e+06	1.322000e+03	3.187928e+06	1.322000e+03	3.185647e+06	1.322000e+03	3.185004e+06	1.322000e+03	3.189945e+06	1.322000e+03	3.185649e+06	1.322000e+03	3.201122e+06	1.322000e+03	3.192662e+06	1.322000e+03	3.182208e+06	1.322000e+03	3.188362e+06	1.322000e+03	3.185808e+06	1.322000e+03	3.182205e+06	1.322000e+03	3.184798e+06	1.322000e+03	3.184041e+06	1.322000e+03	3.186978e+06	1.322000e+03	3.192531e+06	1.322000e+03	3.191290e+06	1.322000e+03	3.186965e+06	1.322000e+03	3.186297e+06	1.322000e+03	3.194290e+06	1.322000e+03	3.184255e+06	1.322000e+03	3.188664e+06	1.322000e+03	3.182492e+06	1.322000e+03	3.181052e+06	1.322000e+03	3.191692e+06	1.322000e+03	3.199137e+06	1.322000e+03	3.182898e+06	1.322000e+03	3.190318e+06	1.322000e+03	3.190078e+06	1.322000e+03	3.198448e+06	1.322000e+03	3.187189e+06	1.322000e+03	3.187003e+06	1.322000e+03	3.179024e+06	1.322000e+03	3.191531e+06	1.322000e+03	3.188995e+06	1.322000e+03	3.191258e+06	1.322000e+03	3.192232e+06	1.322000e+03	3.196725e+06	1.322000e+03	3.185335e+06	1.322000e+03	3.190298e+06	1.322000e+03	3.189700e+06	1.322000e+03	3.189669e+06	1.322000e+03	3.188087e+06	1.322000e+03	3.181416e+06	1.322000e+03	3.179734e+06	1.322000e+03	3.193279e+06	1.322000e+03	3.183227e+06	1.322000e+03	3.186332e+06	1.322000e+03	3.190464e+06	1.322000e+03	3.192126e+06	1.322000e+03	3.191756e+06	1.322000e+03	3.187891e+06	1.322000e+03	3.185580e+06	1.322000e+03	3.182564e+06	1.322000e+03	3.184801e+06	1.322000e+03	3.195687e+06	1.322000e+03	3.182401e+06	1.322000e+03	3.191569e+06	1.322000e+03	3.195518e+06	1.322000e+03	3.194017e+06	1.322000e+03	3.197648e+06	1.322000e+03	3.180916e+06	1.322000e+03	3.185201e+06	1.322000e+03	3.184950e+06	1.322000e+03	3.191042e+06	1.322000e+03	3.183663e+06	1.322000e+03	3.184967e+06	1.322000e+03	3.181452e+06	1.322000e+03	3.191560e+06	1.322000e+03	3.190127e+06	1.322000e+03	3.191073e+06	1.322000e+03	3.183627e+06	1.322000e+03	3.187034e+06	1.322000e+03	3.190418e+06	1.322000e+03	3.199642e+06	1.322000e+03	3.200466e+06	1.322000e+03	3.193789e+06	1.322000e+03	3.199389e+06	1.322000e+03	3.197088e+06	1.322000e+03	3.193068e+06	1.322000e+03	3.207849e+06	1.322000e+03	3.196851e+06	1.322000e+03	3.203445e+06	1.322000e+03	3.202330e+06	1.322000e+03	3.192085e+06	1.322000e+03	3.198920e+06	1.322000e+03	3.187843e+06	1.322000e+03	3.197902e+06	1.322000e+03	3.199191e+06	1.322000e+03	3.202878e+06	1.322000e+03	3.197564e+06	1.322000e+03	3.212773e+06	1.322000e+03	3.198959e+06	1.322000e+03	3.202350e+06	1.322000e+03	3.209856e+06	1.322000e+03	3.197357e+06	1.322000e+03	3.199476e+06	1.322000e+03	3.207565e+06	1.322000e+03	3.210366e+06	1.322000e+03	3.193510e+06	1.322000e+03	3.206877e+06	1.322000e+03	3.204869e+06	1.322000e+03	3.200083e+06	1.322000e+03	3.201346e+06	1.322000e+03	3.200799e+06	1.322000e+03	3.204465e+06	1.322000e+03	3.209340e+06	1.322000e+03	3.208595e+06	1.322000e+03	3.206258e+06	1.322000e+03	3.207295e+06	1.322000e+03	3.202376e+06	1.322000e+03	3.208434e+06	1.322000e+03	3.206566e+06	1.322000e+03	3.215276e+06
1.323000e+03	3.104963e+06	1.323000e+03	3.129229e+06	1.323000e+03	3.133480e+06	1.323000e+03	3.121775e+06	1.323000e+03	3.132964e+06	1.323000e+03	3.143655e+06	1.323000e+03	3.135406e+06	1.323000e+03	3.135785e+06	1.323000e+03	3.148401e+06	1.323000e+03	3.146187e+06	1.323000e+03	3.164206e+06	1.323000e+03	3.169541e+06	1.323000e+03	3.165819e+06	1.323000e+03	3.157589e+06	1.323000e+03	3.163852e+06	1.323000e+03	3.155481e+06	1.323000e+03	3.157168e+06	1.323000e+03	3.157285e+06	1.323000e+03	3.144704e+06	1.323000e+03	3.147768e+06	1.323000e+03	3.154070e+06	1.323000e+03	3.152900e+06	1.323000e+03	3.155833e+06	1.323000e+03	3.159895e+06	1.323000e+03	3.158594e+06	1.323000e+03	3.160058e+06	1.323000e+03	3.159268e+06	1.323000e+03	3.148544e+06	1.323000e+03	3.151846e+06	1.323000e+03	3.148579e+06	1.323000e+03	3.161220e+06	1.323000e+03	3.151201e+06	1.323000e+03	3.167343e+06	1.323000e+03	3.161507e+06	1.323000e+03	3.175120e+06	1.323000e+03	3.171742e+06	1.323000e+03	3.170598e+06	1.323000e+03	3.164130e+06	1.323000e+03	3.132463e+06	1.323000e+03	3.164156e+06	1.323000e+03	3.156275e+06	1.323000e+03	3.162176e+06	1.323000e+03	3.156856e+06	1.323000e+03	3.158235e+06	1.323000e+03	3.159197e+06	1.323000e+03	3.162567e+06	1.323000e+03	3.159353e+06	1.323000e+03	3.158294e+06	1.323000e+03	3.167678e+06	1.323000e+03	3.169746e+06	1.323000e+03	3.166301e+06	1.323000e+03	3.166346e+06	1.323000e+03	3.169140e+06	1.323000e+03	3.165575e+06	1.323000e+03	3.175220e+06	1.323000e+03	3.165555e+06	1.323000e+03	3.169779e+06	1.323000e+03	3.166110e+06	1.323000e+03	3.176254e+06	1.323000e+03	3.151050e+06	1.323000e+03	3.162762e+06	1.323000e+03	3.172127e+06	1.323000e+03	3.179286e+06	1.323000e+03	3.165562e+06	1.323000e+03	3.167053e+06	1.323000e+03	3.181500e+06	1.323000e+03	3.170325e+06	1.323000e+03	3.164396e+06	1.323000e+03	3.167015e+06	1.323000e+03	3.157858e+06	1.323000e+03	3.163317e+06	1.323000e+03	3.161090e+06	1.323000e+03	3.170088e+06	1.323000e+03	3.170098e+06	1.323000e+03	3.174809e+06	1.323000e+03	3.170813e+06	1.323000e+03	3.178850e+06	1.323000e+03	3.179641e+06	1.323000e+03	3.183896e+06	1.323000e+03	3.186338e+06	1.323000e+03	3.185582e+06	1.323000e+03	3.195911e+06	1.323000e+03	3.182486e+06	1.323000e+03	3.176406e+06	1.323000e+03	3.184662e+06	1.323000e+03	3.185378e+06	1.323000e+03	3.182314e+06	1.323000e+03	3.189330e+06	1.323000e+03	3.180153e+06	1.323000e+03	3.185825e+06	1.323000e+03	3.184421e+06	1.323000e+03	3.177237e+06	1.323000e+03	3.183204e+06	1.323000e+03	3.185243e+06	1.323000e+03	3.181674e+06	1.323000e+03	3.189258e+06	1.323000e+03	3.185481e+06	1.323000e+03	3.186563e+06	1.323000e+03	3.187190e+06	1.323000e+03	3.186145e+06	1.323000e+03	3.198793e+06	1.323000e+03	3.191444e+06	1.323000e+03	3.182774e+06	1.323000e+03	3.188735e+06	1.323000e+03	3.185322e+06	1.323000e+03	3.182252e+06	1.323000e+03	3.187074e+06	1.323000e+03	3.185627e+06	1.323000e+03	3.188485e+06	1.323000e+03	3.184740e+06	1.323000e+03	3.186247e+06	1.323000e+03	3.191913e+06	1.323000e+03	3.184601e+06	1.323000e+03	3.192394e+06	1.323000e+03	3.185448e+06	1.323000e+03	3.188412e+06	1.323000e+03	3.185334e+06	1.323000e+03	3.186683e+06	1.323000e+03	3.190957e+06	1.323000e+03	3.198763e+06	1.323000e+03	3.185918e+06	1.323000e+03	3.192127e+06	1.323000e+03	3.189234e+06	1.323000e+03	3.197593e+06	1.323000e+03	3.182351e+06	1.323000e+03	3.189802e+06	1.323000e+03	3.182440e+06	1.323000e+03	3.189012e+06	1.323000e+03	3.187618e+06	1.323000e+03	3.194980e+06	1.323000e+03	3.190759e+06	1.323000e+03	3.195305e+06	1.323000e+03	3.182733e+06	1.323000e+03	3.194228e+06	1.323000e+03	3.190902e+06	1.323000e+03	3.191044e+06	1.323000e+03	3.188530e+06	1.323000e+03	3.183472e+06	1.323000e+03	3.178389e+06	1.323000e+03	3.191746e+06	1.323000e+03	3.181403e+06	1.323000e+03	3.186405e+06	1.323000e+03	3.191856e+06	1.323000e+03	3.183304e+06	1.323000e+03	3.195369e+06	1.323000e+03	3.184732e+06	1.323000e+03	3.182439e+06	1.323000e+03	3.182282e+06	1.323000e+03	3.185025e+06	1.323000e+03	3.193793e+06	1.323000e+03	3.182163e+06	1.323000e+03	3.195092e+06	1.323000e+03	3.193677e+06	1.323000e+03	3.197046e+06	1.323000e+03	3.196630e+06	1.323000e+03	3.180682e+06	1.323000e+03	3.184502e+06	1.323000e+03	3.183297e+06	1.323000e+03	3.190194e+06	1.323000e+03	3.181189e+06	1.323000e+03	3.180933e+06	1.323000e+03	3.180862e+06	1.323000e+03	3.191841e+06	1.323000e+03	3.191847e+06	1.323000e+03	3.193003e+06	1.323000e+03	3.184091e+06	1.323000e+03	3.185257e+06	1.323000e+03	3.191195e+06	1.323000e+03	3.200227e+06	1.323000e+03	3.200598e+06	1.323000e+03	3.193111e+06	1.323000e+03	3.198351e+06	1.323000e+03	3.191696e+06	1.323000e+03	3.192659e+06	1.323000e+03	3.212165e+06	1.323000e+03	3.194698e+06	1.323000e+03	3.201548e+06	1.323000e+03	3.203893e+06	1.323000e+03	3.192433e+06	1.323000e+03	3.194362e+06	1.323000e+03	3.187025e+06	1.323000e+03	3.195430e+06	1.323000e+03	3.199912e+06	1.323000e+03	3.203672e+06	1.323000e+03	3.201502e+06	1.323000e+03	3.211686e+06	1.323000e+03	3.205025e+06	1.323000e+03	3.204905e+06	1.323000e+03	3.213336e+06	1.323000e+03	3.192027e+06	1.323000e+03	3.202604e+06	1.323000e+03	3.204886e+06	1.323000e+03	3.211180e+06	1.323000e+03	3.193825e+06	1.323000e+03	3.209141e+06	1.323000e+03	3.206481e+06	1.323000e+03	3.200700e+06	1.323000e+03	3.197179e+06	1.323000e+03	3.203097e+06	1.323000e+03	3.205292e+06	1.323000e+03	3.210300e+06	1.323000e+03	3.209842e+06	1.323000e+03	3.207263e+06	1.323000e+03	3.215131e+06	1.323000e+03	3.204513e+06	1.323000e+03	3.205503e+06	1.323000e+03	3.210113e+06	1.323000e+03	3.213791e+06
1.324000e+03	3.112040e+06	1.324000e+03	3.125223e+06	1.324000e+03	3.133764e+06	1.324000e+03	3.118206e+06	1.324000e+03	3.133698e+06	1.324000e+03	3.137359e+06	1.324000e+03	3.142195e+06	1.324000e+03	3.140023e+06	1.324000e+03	3.145437e+06	1.324000e+03	3.145748e+06	1.324000e+03	3.168206e+06	1.324000e+03	3.166370e+06	1.324000e+03	3.165197e+06	1.324000e+03	3.157240e+06	1.324000e+03	3.162892e+06	1.324000e+03	3.154383e+06	1.324000e+03	3.162242e+06	1.324000e+03	3.158640e+06	1.324000e+03	3.148926e+06	1.324000e+03	3.148729e+06	1.324000e+03	3.158104e+06	1.324000e+03	3.148944e+06	1.324000e+03	3.155887e+06	1.324000e+03	3.156730e+06	1.324000e+03	3.158953e+06	1.324000e+03	3.162355e+06	1.324000e+03	3.157340e+06	1.324000e+03	3.149964e+06	1.324000e+03	3.150768e+06	1.324000e+03	3.154986e+06	1.324000e+03	3.165916e+06	1.324000e+03	3.154867e+06	1.324000e+03	3.163485e+06	1.324000e+03	3.160088e+06	1.324000e+03	3.172836e+06	1.324000e+03	3.174050e+06	1.324000e+03	3.169354e+06	1.324000e+03	3.166579e+06	1.324000e+03	3.133037e+06	1.324000e+03	3.166127e+06	1.324000e+03	3.157939e+06	1.324000e+03	3.162251e+06	1.324000e+03	3.154540e+06	1.324000e+03	3.164913e+06	1.324000e+03	3.165082e+06	1.324000e+03	3.163030e+06	1.324000e+03	3.164106e+06	1.324000e+03	3.159033e+06	1.324000e+03	3.168534e+06	1.324000e+03	3.168682e+06	1.324000e+03	3.165538e+06	1.324000e+03	3.165092e+06	1.324000e+03	3.170990e+06	1.324000e+03	3.164430e+06	1.324000e+03	3.177754e+06	1.324000e+03	3.164917e+06	1.324000e+03	3.168553e+06	1.324000e+03	3.169010e+06	1.324000e+03	3.179183e+06	1.324000e+03	3.149030e+06	1.324000e+03	3.161925e+06	1.324000e+03	3.168789e+06	1.324000e+03	3.178757e+06	1.324000e+03	3.169008e+06	1.324000e+03	3.168084e+06	1.324000e+03	3.179099e+06	1.324000e+03	3.170768e+06	1.324000e+03	3.163396e+06	1.324000e+03	3.172442e+06	1.324000e+03	3.157492e+06	1.324000e+03	3.162799e+06	1.324000e+03	3.166181e+06	1.324000e+03	3.166279e+06	1.324000e+03	3.173268e+06	1.324000e+03	3.175703e+06	1.324000e+03	3.170945e+06	1.324000e+03	3.175751e+06	1.324000e+03	3.185802e+06	1.324000e+03	3.183489e+06	1.324000e+03	3.187334e+06	1.324000e+03	3.185753e+06	1.324000e+03	3.193932e+06	1.324000e+03	3.182183e+06	1.324000e+03	3.179884e+06	1.324000e+03	3.183292e+06	1.324000e+03	3.183686e+06	1.324000e+03	3.179500e+06	1.324000e+03	3.185465e+06	1.324000e+03	3.183763e+06	1.324000e+03	3.186196e+06	1.324000e+03	3.185210e+06	1.324000e+03	3.178428e+06	1.324000e+03	3.184433e+06	1.324000e+03	3.181192e+06	1.324000e+03	3.179198e+06	1.324000e+03	3.192127e+06	1.324000e+03	3.187159e+06	1.324000e+03	3.182781e+06	1.324000e+03	3.187335e+06	1.324000e+03	3.185198e+06	1.324000e+03	3.200186e+06	1.324000e+03	3.190402e+06	1.324000e+03	3.182075e+06	1.324000e+03	3.189157e+06	1.324000e+03	3.187953e+06	1.324000e+03	3.182417e+06	1.324000e+03	3.188120e+06	1.324000e+03	3.185461e+06	1.324000e+03	3.186009e+06	1.324000e+03	3.184649e+06	1.324000e+03	3.189796e+06	1.324000e+03	3.192517e+06	1.324000e+03	3.182986e+06	1.324000e+03	3.195184e+06	1.324000e+03	3.185407e+06	1.324000e+03	3.190247e+06	1.324000e+03	3.188973e+06	1.324000e+03	3.183146e+06	1.324000e+03	3.188226e+06	1.324000e+03	3.191509e+06	1.324000e+03	3.185812e+06	1.324000e+03	3.193045e+06	1.324000e+03	3.185763e+06	1.324000e+03	3.192952e+06	1.324000e+03	3.182906e+06	1.324000e+03	3.189943e+06	1.324000e+03	3.180395e+06	1.324000e+03	3.185106e+06	1.324000e+03	3.187016e+06	1.324000e+03	3.192091e+06	1.324000e+03	3.190724e+06	1.324000e+03	3.194998e+06	1.324000e+03	3.181347e+06	1.324000e+03	3.191971e+06	1.324000e+03	3.185485e+06	1.324000e+03	3.191131e+06	1.324000e+03	3.187473e+06	1.324000e+03	3.189254e+06	1.324000e+03	3.175048e+06	1.324000e+03	3.187604e+06	1.324000e+03	3.186333e+06	1.324000e+03	3.185417e+06	1.324000e+03	3.192964e+06	1.324000e+03	3.183534e+06	1.324000e+03	3.197585e+06	1.324000e+03	3.184852e+06	1.324000e+03	3.181016e+06	1.324000e+03	3.176428e+06	1.324000e+03	3.185722e+06	1.324000e+03	3.190196e+06	1.324000e+03	3.178525e+06	1.324000e+03	3.191721e+06	1.324000e+03	3.193890e+06	1.324000e+03	3.202460e+06	1.324000e+03	3.195398e+06	1.324000e+03	3.186950e+06	1.324000e+03	3.184755e+06	1.324000e+03	3.177556e+06	1.324000e+03	3.194269e+06	1.324000e+03	3.187324e+06	1.324000e+03	3.185871e+06	1.324000e+03	3.181962e+06	1.324000e+03	3.185406e+06	1.324000e+03	3.187303e+06	1.324000e+03	3.186310e+06	1.324000e+03	3.183141e+06	1.324000e+03	3.189287e+06	1.324000e+03	3.191698e+06	1.324000e+03	3.196771e+06	1.324000e+03	3.194636e+06	1.324000e+03	3.195360e+06	1.324000e+03	3.194568e+06	1.324000e+03	3.195751e+06	1.324000e+03	3.196045e+06	1.324000e+03	3.207098e+06	1.324000e+03	3.195408e+06	1.324000e+03	3.201567e+06	1.324000e+03	3.203496e+06	1.324000e+03	3.198557e+06	1.324000e+03	3.196256e+06	1.324000e+03	3.189796e+06	1.324000e+03	3.193440e+06	1.324000e+03	3.199351e+06	1.324000e+03	3.204422e+06	1.324000e+03	3.199384e+06	1.324000e+03	3.203997e+06	1.324000e+03	3.202174e+06	1.324000e+03	3.198457e+06	1.324000e+03	3.210463e+06	1.324000e+03	3.193800e+06	1.324000e+03	3.204853e+06	1.324000e+03	3.207684e+06	1.324000e+03	3.208259e+06	1.324000e+03	3.196916e+06	1.324000e+03	3.210460e+06	1.324000e+03	3.207909e+06	1.324000e+03	3.201390e+06	1.324000e+03	3.197857e+06	1.324000e+03	3.202432e+06	1.324000e+03	3.204161e+06	1.324000e+03	3.212729e+06	1.324000e+03	3.210456e+06	1.324000e+03	3.210393e+06	1.324000e+03	3.206378e+06	1.324000e+03	3.205252e+06	1.324000e+03	3.207046e+06	1.324000e+03	3.206833e+06	1.324000e+03	3.213971e+06
1.325000e+03	3.111827e+06	1.325000e+03	3.124450e+06	1.325000e+03	3.135525e+06	1.325000e+03	3.118372e+06	1.325000e+03	3.131250e+06	1.325000e+03	3.138364e+06	1.325000e+03	3.143910e+06	1.325000e+03	3.139141e+06	1.325000e+03	3.144085e+06	1.325000e+03	3.145683e+06	1.325000e+03	3.176503e+06	1.325000e+03	3.170314e+06	1.325000e+03	3.167755e+06	1.325000e+03	3.154045e+06	1.325000e+03	3.167687e+06	1.325000e+03	3.157078e+06	1.325000e+03	3.162071e+06	1.325000e+03	3.160791e+06	1.325000e+03	3.143599e+06	1.325000e+03	3.149023e+06	1.325000e+03	3.160271e+06	1.325000e+03	3.153561e+06	1.325000e+03	3.159696e+06	1.325000e+03	3.158654e+06	1.325000e+03	3.156084e+06	1.325000e+03	3.163836e+06	1.325000e+03	3.155518e+06	1.325000e+03	3.150300e+06	1.325000e+03	3.149662e+06	1.325000e+03	3.156297e+06	1.325000e+03	3.163781e+06	1.325000e+03	3.154256e+06	1.325000e+03	3.164333e+06	1.325000e+03	3.159933e+06	1.325000e+03	3.171635e+06	1.325000e+03	3.174245e+06	1.325000e+03	3.172292e+06	1.325000e+03	3.159491e+06	1.325000e+03	3.144926e+06	1.325000e+03	3.158636e+06	1.325000e+03	3.162509e+06	1.325000e+03	3.155626e+06	1.325000e+03	3.153913e+06	1.325000e+03	3.163434e+06	1.325000e+03	3.163292e+06	1.325000e+03	3.159137e+06	1.325000e+03	3.157399e+06	1.325000e+03	3.159596e+06	1.325000e+03	3.168193e+06	1.325000e+03	3.162930e+06	1.325000e+03	3.163926e+06	1.325000e+03	3.163735e+06	1.325000e+03	3.172204e+06	1.325000e+03	3.161007e+06	1.325000e+03	3.176307e+06	1.325000e+03	3.167718e+06	1.325000e+03	3.164513e+06	1.325000e+03	3.169784e+06	1.325000e+03	3.182013e+06	1.325000e+03	3.153877e+06	1.325000e+03	3.159030e+06	1.325000e+03	3.167586e+06	1.325000e+03	3.178263e+06	1.325000e+03	3.169285e+06	1.325000e+03	3.167266e+06	1.325000e+03	3.181078e+06	1.325000e+03	3.164968e+06	1.325000e+03	3.165281e+06	1.325000e+03	3.166583e+06	1.325000e+03	3.159242e+06	1.325000e+03	3.164955e+06	1.325000e+03	3.161684e+06	1.325000e+03	3.168642e+06	1.325000e+03	3.172570e+06	1.325000e+03	3.173434e+06	1.325000e+03	3.168732e+06	1.325000e+03	3.174730e+06	1.325000e+03	3.187213e+06	1.325000e+03	3.183106e+06	1.325000e+03	3.188180e+06	1.325000e+03	3.184059e+06	1.325000e+03	3.189242e+06	1.325000e+03	3.179885e+06	1.325000e+03	3.182385e+06	1.325000e+03	3.187277e+06	1.325000e+03	3.180569e+06	1.325000e+03	3.181784e+06	1.325000e+03	3.188425e+06	1.325000e+03	3.180283e+06	1.325000e+03	3.185560e+06	1.325000e+03	3.184434e+06	1.325000e+03	3.183245e+06	1.325000e+03	3.183289e+06	1.325000e+03	3.185201e+06	1.325000e+03	3.180805e+06	1.325000e+03	3.192766e+06	1.325000e+03	3.182433e+06	1.325000e+03	3.183352e+06	1.325000e+03	3.184576e+06	1.325000e+03	3.186226e+06	1.325000e+03	3.197369e+06	1.325000e+03	3.192523e+06	1.325000e+03	3.181119e+06	1.325000e+03	3.190514e+06	1.325000e+03	3.187105e+06	1.325000e+03	3.184489e+06	1.325000e+03	3.187750e+06	1.325000e+03	3.184443e+06	1.325000e+03	3.182104e+06	1.325000e+03	3.184718e+06	1.325000e+03	3.183336e+06	1.325000e+03	3.191867e+06	1.325000e+03	3.178879e+06	1.325000e+03	3.193220e+06	1.325000e+03	3.182703e+06	1.325000e+03	3.190409e+06	1.325000e+03	3.184615e+06	1.325000e+03	3.182318e+06	1.325000e+03	3.189913e+06	1.325000e+03	3.194863e+06	1.325000e+03	3.185955e+06	1.325000e+03	3.190163e+06	1.325000e+03	3.187003e+06	1.325000e+03	3.190337e+06	1.325000e+03	3.184296e+06	1.325000e+03	3.188248e+06	1.325000e+03	3.181801e+06	1.325000e+03	3.184806e+06	1.325000e+03	3.189736e+06	1.325000e+03	3.185725e+06	1.325000e+03	3.195414e+06	1.325000e+03	3.194372e+06	1.325000e+03	3.180971e+06	1.325000e+03	3.187853e+06	1.325000e+03	3.188813e+06	1.325000e+03	3.189971e+06	1.325000e+03	3.186083e+06	1.325000e+03	3.187007e+06	1.325000e+03	3.179126e+06	1.325000e+03	3.194018e+06	1.325000e+03	3.184943e+06	1.325000e+03	3.183145e+06	1.325000e+03	3.192774e+06	1.325000e+03	3.183960e+06	1.325000e+03	3.193544e+06	1.325000e+03	3.186131e+06	1.325000e+03	3.177887e+06	1.325000e+03	3.178275e+06	1.325000e+03	3.185250e+06	1.325000e+03	3.188656e+06	1.325000e+03	3.183065e+06	1.325000e+03	3.191373e+06	1.325000e+03	3.193114e+06	1.325000e+03	3.201593e+06	1.325000e+03	3.193392e+06	1.325000e+03	3.186365e+06	1.325000e+03	3.182032e+06	1.325000e+03	3.176447e+06	1.325000e+03	3.192970e+06	1.325000e+03	3.184932e+06	1.325000e+03	3.181839e+06	1.325000e+03	3.183461e+06	1.325000e+03	3.185415e+06	1.325000e+03	3.195590e+06	1.325000e+03	3.184946e+06	1.325000e+03	3.179090e+06	1.325000e+03	3.185242e+06	1.325000e+03	3.189119e+06	1.325000e+03	3.193040e+06	1.325000e+03	3.198329e+06	1.325000e+03	3.192487e+06	1.325000e+03	3.194907e+06	1.325000e+03	3.203597e+06	1.325000e+03	3.194789e+06	1.325000e+03	3.205868e+06	1.325000e+03	3.197724e+06	1.325000e+03	3.203933e+06	1.325000e+03	3.202419e+06	1.325000e+03	3.199915e+06	1.325000e+03	3.193004e+06	1.325000e+03	3.191371e+06	1.325000e+03	3.200715e+06	1.325000e+03	3.198855e+06	1.325000e+03	3.200628e+06	1.325000e+03	3.202648e+06	1.325000e+03	3.202812e+06	1.325000e+03	3.198427e+06	1.325000e+03	3.194103e+06	1.325000e+03	3.209499e+06	1.325000e+03	3.201228e+06	1.325000e+03	3.204608e+06	1.325000e+03	3.205858e+06	1.325000e+03	3.205207e+06	1.325000e+03	3.198181e+06	1.325000e+03	3.211865e+06	1.325000e+03	3.205265e+06	1.325000e+03	3.200808e+06	1.325000e+03	3.197830e+06	1.325000e+03	3.202635e+06	1.325000e+03	3.198857e+06	1.325000e+03	3.212693e+06	1.325000e+03	3.210071e+06	1.325000e+03	3.199620e+06	1.325000e+03	3.205651e+06	1.325000e+03	3.205399e+06	1.325000e+03	3.209245e+06	1.325000e+03	3.209582e+06	1.325000e+03	3.212523e+06
1.326000e+03	3.111555e+06	1.326000e+03	3.125940e+06	1.326000e+03	3.136189e+06	1.326000e+03	3.118496e+06	1.326000e+03	3.130607e+06	1.326000e+03	3.139248e+06	1.326000e+03	3.144473e+06	1.326000e+03	3.138265e+06	1.326000e+03	3.144825e+06	1.326000e+03	3.150248e+06	1.326000e+03	3.179110e+06	1.326000e+03	3.172165e+06	1.326000e+03	3.168009e+06	1.326000e+03	3.156997e+06	1.326000e+03	3.162264e+06	1.326000e+03	3.150997e+06	1.326000e+03	3.162501e+06	1.326000e+03	3.160807e+06	1.326000e+03	3.137560e+06	1.326000e+03	3.146266e+06	1.326000e+03	3.157963e+06	1.326000e+03	3.151355e+06	1.326000e+03	3.172913e+06	1.326000e+03	3.161831e+06	1.326000e+03	3.153400e+06	1.326000e+03	3.162008e+06	1.326000e+03	3.157794e+06	1.326000e+03	3.148159e+06	1.326000e+03	3.147904e+06	1.326000e+03	3.146756e+06	1.326000e+03	3.162905e+06	1.326000e+03	3.154466e+06	1.326000e+03	3.163559e+06	1.326000e+03	3.156967e+06	1.326000e+03	3.161081e+06	1.326000e+03	3.175334e+06	1.326000e+03	3.171050e+06	1.326000e+03	3.160151e+06	1.326000e+03	3.144765e+06	1.326000e+03	3.163553e+06	1.326000e+03	3.164331e+06	1.326000e+03	3.152380e+06	1.326000e+03	3.157206e+06	1.326000e+03	3.165717e+06	1.326000e+03	3.160114e+06	1.326000e+03	3.156666e+06	1.326000e+03	3.159417e+06	1.326000e+03	3.156624e+06	1.326000e+03	3.163962e+06	1.326000e+03	3.165071e+06	1.326000e+03	3.167084e+06	1.326000e+03	3.167724e+06	1.326000e+03	3.174018e+06	1.326000e+03	3.160315e+06	1.326000e+03	3.182022e+06	1.326000e+03	3.164447e+06	1.326000e+03	3.163191e+06	1.326000e+03	3.172034e+06	1.326000e+03	3.179294e+06	1.326000e+03	3.154626e+06	1.326000e+03	3.162322e+06	1.326000e+03	3.160646e+06	1.326000e+03	3.179981e+06	1.326000e+03	3.164387e+06	1.326000e+03	3.166303e+06	1.326000e+03	3.176739e+06	1.326000e+03	3.168519e+06	1.326000e+03	3.163980e+06	1.326000e+03	3.168461e+06	1.326000e+03	3.160149e+06	1.326000e+03	3.169048e+06	1.326000e+03	3.164304e+06	1.326000e+03	3.169174e+06	1.326000e+03	3.174304e+06	1.326000e+03	3.169421e+06	1.326000e+03	3.175890e+06	1.326000e+03	3.170734e+06	1.326000e+03	3.192016e+06	1.326000e+03	3.182827e+06	1.326000e+03	3.184584e+06	1.326000e+03	3.187700e+06	1.326000e+03	3.188581e+06	1.326000e+03	3.183169e+06	1.326000e+03	3.183140e+06	1.326000e+03	3.185962e+06	1.326000e+03	3.183000e+06	1.326000e+03	3.179955e+06	1.326000e+03	3.192675e+06	1.326000e+03	3.179406e+06	1.326000e+03	3.185015e+06	1.326000e+03	3.180949e+06	1.326000e+03	3.179297e+06	1.326000e+03	3.181506e+06	1.326000e+03	3.189617e+06	1.326000e+03	3.181632e+06	1.326000e+03	3.190263e+06	1.326000e+03	3.182225e+06	1.326000e+03	3.178720e+06	1.326000e+03	3.185690e+06	1.326000e+03	3.188421e+06	1.326000e+03	3.199652e+06	1.326000e+03	3.189121e+06	1.326000e+03	3.182374e+06	1.326000e+03	3.191513e+06	1.326000e+03	3.187706e+06	1.326000e+03	3.182745e+06	1.326000e+03	3.188477e+06	1.326000e+03	3.189249e+06	1.326000e+03	3.182321e+06	1.326000e+03	3.183118e+06	1.326000e+03	3.187124e+06	1.326000e+03	3.190861e+06	1.326000e+03	3.183681e+06	1.326000e+03	3.191964e+06	1.326000e+03	3.183786e+06	1.326000e+03	3.192354e+06	1.326000e+03	3.185200e+06	1.326000e+03	3.183198e+06	1.326000e+03	3.188874e+06	1.326000e+03	3.194284e+06	1.326000e+03	3.184578e+06	1.326000e+03	3.191290e+06	1.326000e+03	3.191539e+06	1.326000e+03	3.190712e+06	1.326000e+03	3.183789e+06	1.326000e+03	3.187937e+06	1.326000e+03	3.183220e+06	1.326000e+03	3.187318e+06	1.326000e+03	3.188996e+06	1.326000e+03	3.190961e+06	1.326000e+03	3.190208e+06	1.326000e+03	3.190506e+06	1.326000e+03	3.182904e+06	1.326000e+03	3.190951e+06	1.326000e+03	3.190674e+06	1.326000e+03	3.193025e+06	1.326000e+03	3.185795e+06	1.326000e+03	3.188484e+06	1.326000e+03	3.175691e+06	1.326000e+03	3.194776e+06	1.326000e+03	3.185808e+06	1.326000e+03	3.186048e+06	1.326000e+03	3.192833e+06	1.326000e+03	3.181408e+06	1.326000e+03	3.192586e+06	1.326000e+03	3.184299e+06	1.326000e+03	3.184205e+06	1.326000e+03	3.176853e+06	1.326000e+03	3.184172e+06	1.326000e+03	3.188418e+06	1.326000e+03	3.178233e+06	1.326000e+03	3.188505e+06	1.326000e+03	3.193313e+06	1.326000e+03	3.203589e+06	1.326000e+03	3.194148e+06	1.326000e+03	3.179310e+06	1.326000e+03	3.184498e+06	1.326000e+03	3.181569e+06	1.326000e+03	3.186630e+06	1.326000e+03	3.182521e+06	1.326000e+03	3.182157e+06	1.326000e+03	3.181157e+06	1.326000e+03	3.187160e+06	1.326000e+03	3.200268e+06	1.326000e+03	3.187673e+06	1.326000e+03	3.179541e+06	1.326000e+03	3.187482e+06	1.326000e+03	3.190007e+06	1.326000e+03	3.195566e+06	1.326000e+03	3.195434e+06	1.326000e+03	3.191400e+06	1.326000e+03	3.194379e+06	1.326000e+03	3.204558e+06	1.326000e+03	3.193387e+06	1.326000e+03	3.203016e+06	1.326000e+03	3.198875e+06	1.326000e+03	3.201715e+06	1.326000e+03	3.201065e+06	1.326000e+03	3.197696e+06	1.326000e+03	3.192719e+06	1.326000e+03	3.194687e+06	1.326000e+03	3.199306e+06	1.326000e+03	3.201475e+06	1.326000e+03	3.198569e+06	1.326000e+03	3.201496e+06	1.326000e+03	3.203799e+06	1.326000e+03	3.200759e+06	1.326000e+03	3.198957e+06	1.326000e+03	3.209156e+06	1.326000e+03	3.193864e+06	1.326000e+03	3.199941e+06	1.326000e+03	3.203760e+06	1.326000e+03	3.202301e+06	1.326000e+03	3.197961e+06	1.326000e+03	3.211256e+06	1.326000e+03	3.207859e+06	1.326000e+03	3.200718e+06	1.326000e+03	3.199856e+06	1.326000e+03	3.203627e+06	1.326000e+03	3.198940e+06	1.326000e+03	3.215324e+06	1.326000e+03	3.206692e+06	1.326000e+03	3.202244e+06	1.326000e+03	3.209777e+06	1.326000e+03	3.204247e+06	1.326000e+03	3.208565e+06	1.326000e+03	3.205595e+06	1.326000e+03	3.210874e+06
1.327000e+03	3.109809e+06	1.327000e+03	3.128146e+06	1.327000e+03	3.140511e+06	1.327000e+03	3.112126e+06	1.327000e+03	3.129195e+06	1.327000e+03	3.139095e+06	1.327000e+03	3.139607e+06	1.327000e+03	3.138200e+06	1.327000e+03	3.140266e+06	1.327000e+03	3.145884e+06	1.327000e+03	3.177189e+06	1.327000e+03	3.171181e+06	1.327000e+03	3.166692e+06	1.327000e+03	3.157860e+06	1.327000e+03	3.161272e+06	1.327000e+03	3.149827e+06	1.327000e+03	3.160167e+06	1.327000e+03	3.162941e+06	1.327000e+03	3.138771e+06	1.327000e+03	3.154992e+06	1.327000e+03	3.159773e+06	1.327000e+03	3.148674e+06	1.327000e+03	3.171735e+06	1.327000e+03	3.161959e+06	1.327000e+03	3.156916e+06	1.327000e+03	3.162701e+06	1.327000e+03	3.154048e+06	1.327000e+03	3.148650e+06	1.327000e+03	3.149129e+06	1.327000e+03	3.148080e+06	1.327000e+03	3.160432e+06	1.327000e+03	3.153506e+06	1.327000e+03	3.167129e+06	1.327000e+03	3.153209e+06	1.327000e+03	3.157204e+06	1.327000e+03	3.175023e+06	1.327000e+03	3.174158e+06	1.327000e+03	3.160966e+06	1.327000e+03	3.143608e+06	1.327000e+03	3.163253e+06	1.327000e+03	3.163380e+06	1.327000e+03	3.155380e+06	1.327000e+03	3.150578e+06	1.327000e+03	3.156399e+06	1.327000e+03	3.156008e+06	1.327000e+03	3.157918e+06	1.327000e+03	3.163950e+06	1.327000e+03	3.158973e+06	1.327000e+03	3.162433e+06	1.327000e+03	3.163421e+06	1.327000e+03	3.165284e+06	1.327000e+03	3.164566e+06	1.327000e+03	3.171781e+06	1.327000e+03	3.164664e+06	1.327000e+03	3.183411e+06	1.327000e+03	3.164522e+06	1.327000e+03	3.162571e+06	1.327000e+03	3.174569e+06	1.327000e+03	3.182336e+06	1.327000e+03	3.152511e+06	1.327000e+03	3.161201e+06	1.327000e+03	3.167444e+06	1.327000e+03	3.181200e+06	1.327000e+03	3.163934e+06	1.327000e+03	3.165802e+06	1.327000e+03	3.177844e+06	1.327000e+03	3.172225e+06	1.327000e+03	3.164880e+06	1.327000e+03	3.169303e+06	1.327000e+03	3.161070e+06	1.327000e+03	3.170109e+06	1.327000e+03	3.165944e+06	1.327000e+03	3.169224e+06	1.327000e+03	3.173072e+06	1.327000e+03	3.171935e+06	1.327000e+03	3.167597e+06	1.327000e+03	3.170696e+06	1.327000e+03	3.183400e+06	1.327000e+03	3.183638e+06	1.327000e+03	3.184070e+06	1.327000e+03	3.185218e+06	1.327000e+03	3.188422e+06	1.327000e+03	3.181278e+06	1.327000e+03	3.178846e+06	1.327000e+03	3.184442e+06	1.327000e+03	3.181292e+06	1.327000e+03	3.181181e+06	1.327000e+03	3.186831e+06	1.327000e+03	3.179614e+06	1.327000e+03	3.181080e+06	1.327000e+03	3.178580e+06	1.327000e+03	3.181989e+06	1.327000e+03	3.183799e+06	1.327000e+03	3.188381e+06	1.327000e+03	3.180743e+06	1.327000e+03	3.191676e+06	1.327000e+03	3.182751e+06	1.327000e+03	3.177371e+06	1.327000e+03	3.188083e+06	1.327000e+03	3.186973e+06	1.327000e+03	3.197623e+06	1.327000e+03	3.191970e+06	1.327000e+03	3.188256e+06	1.327000e+03	3.195994e+06	1.327000e+03	3.191292e+06	1.327000e+03	3.185188e+06	1.327000e+03	3.188989e+06	1.327000e+03	3.188392e+06	1.327000e+03	3.185551e+06	1.327000e+03	3.180327e+06	1.327000e+03	3.187925e+06	1.327000e+03	3.190506e+06	1.327000e+03	3.182181e+06	1.327000e+03	3.190708e+06	1.327000e+03	3.183434e+06	1.327000e+03	3.192313e+06	1.327000e+03	3.183335e+06	1.327000e+03	3.183693e+06	1.327000e+03	3.183236e+06	1.327000e+03	3.193331e+06	1.327000e+03	3.184395e+06	1.327000e+03	3.194501e+06	1.327000e+03	3.189121e+06	1.327000e+03	3.192925e+06	1.327000e+03	3.185267e+06	1.327000e+03	3.188958e+06	1.327000e+03	3.181630e+06	1.327000e+03	3.190914e+06	1.327000e+03	3.188762e+06	1.327000e+03	3.188585e+06	1.327000e+03	3.194338e+06	1.327000e+03	3.194076e+06	1.327000e+03	3.182321e+06	1.327000e+03	3.193039e+06	1.327000e+03	3.188941e+06	1.327000e+03	3.194428e+06	1.327000e+03	3.182819e+06	1.327000e+03	3.192381e+06	1.327000e+03	3.173222e+06	1.327000e+03	3.191498e+06	1.327000e+03	3.183337e+06	1.327000e+03	3.188369e+06	1.327000e+03	3.190780e+06	1.327000e+03	3.186473e+06	1.327000e+03	3.194035e+06	1.327000e+03	3.187470e+06	1.327000e+03	3.177842e+06	1.327000e+03	3.182242e+06	1.327000e+03	3.185160e+06	1.327000e+03	3.189983e+06	1.327000e+03	3.181675e+06	1.327000e+03	3.191565e+06	1.327000e+03	3.195950e+06	1.327000e+03	3.197159e+06	1.327000e+03	3.196993e+06	1.327000e+03	3.179563e+06	1.327000e+03	3.187224e+06	1.327000e+03	3.179641e+06	1.327000e+03	3.183077e+06	1.327000e+03	3.182042e+06	1.327000e+03	3.180052e+06	1.327000e+03	3.183435e+06	1.327000e+03	3.186869e+06	1.327000e+03	3.199026e+06	1.327000e+03	3.188745e+06	1.327000e+03	3.182763e+06	1.327000e+03	3.186222e+06	1.327000e+03	3.193087e+06	1.327000e+03	3.200948e+06	1.327000e+03	3.197840e+06	1.327000e+03	3.191525e+06	1.327000e+03	3.191383e+06	1.327000e+03	3.199235e+06	1.327000e+03	3.197026e+06	1.327000e+03	3.202987e+06	1.327000e+03	3.199010e+06	1.327000e+03	3.203979e+06	1.327000e+03	3.201093e+06	1.327000e+03	3.200981e+06	1.327000e+03	3.192694e+06	1.327000e+03	3.201915e+06	1.327000e+03	3.197404e+06	1.327000e+03	3.203802e+06	1.327000e+03	3.203640e+06	1.327000e+03	3.200006e+06	1.327000e+03	3.203102e+06	1.327000e+03	3.199661e+06	1.327000e+03	3.198733e+06	1.327000e+03	3.208347e+06	1.327000e+03	3.195994e+06	1.327000e+03	3.199679e+06	1.327000e+03	3.203773e+06	1.327000e+03	3.198452e+06	1.327000e+03	3.197912e+06	1.327000e+03	3.215624e+06	1.327000e+03	3.207816e+06	1.327000e+03	3.199165e+06	1.327000e+03	3.201555e+06	1.327000e+03	3.202872e+06	1.327000e+03	3.198827e+06	1.327000e+03	3.214875e+06	1.327000e+03	3.206324e+06	1.327000e+03	3.203031e+06	1.327000e+03	3.206813e+06	1.327000e+03	3.207744e+06	1.327000e+03	3.204800e+06	1.327000e+03	3.204577e+06	1.327000e+03	3.209824e+06
1.328000e+03	3.116046e+06	1.328000e+03	3.127597e+06	1.328000e+03	3.139353e+06	1.328000e+03	3.122904e+06	1.328000e+03	3.133577e+06	1.328000e+03	3.136944e+06	1.328000e+03	3.141626e+06	1.328000e+03	3.138152e+06	1.328000e+03	3.143663e+06	1.328000e+03	3.145572e+06	1.328000e+03	3.174687e+06	1.328000e+03	3.173162e+06	1.328000e+03	3.166073e+06	1.328000e+03	3.150745e+06	1.328000e+03	3.157087e+06	1.328000e+03	3.154441e+06	1.328000e+03	3.170009e+06	1.328000e+03	3.164012e+06	1.328000e+03	3.143164e+06	1.328000e+03	3.152474e+06	1.328000e+03	3.155624e+06	1.328000e+03	3.153077e+06	1.328000e+03	3.172474e+06	1.328000e+03	3.159878e+06	1.328000e+03	3.157168e+06	1.328000e+03	3.165275e+06	1.328000e+03	3.152680e+06	1.328000e+03	3.147890e+06	1.328000e+03	3.151045e+06	1.328000e+03	3.150482e+06	1.328000e+03	3.158506e+06	1.328000e+03	3.154932e+06	1.328000e+03	3.170632e+06	1.328000e+03	3.154400e+06	1.328000e+03	3.157914e+06	1.328000e+03	3.174583e+06	1.328000e+03	3.169331e+06	1.328000e+03	3.160649e+06	1.328000e+03	3.141876e+06	1.328000e+03	3.160227e+06	1.328000e+03	3.162576e+06	1.328000e+03	3.156173e+06	1.328000e+03	3.156402e+06	1.328000e+03	3.155641e+06	1.328000e+03	3.161023e+06	1.328000e+03	3.159165e+06	1.328000e+03	3.163501e+06	1.328000e+03	3.159357e+06	1.328000e+03	3.162864e+06	1.328000e+03	3.161844e+06	1.328000e+03	3.166698e+06	1.328000e+03	3.162728e+06	1.328000e+03	3.174099e+06	1.328000e+03	3.160742e+06	1.328000e+03	3.175077e+06	1.328000e+03	3.158300e+06	1.328000e+03	3.162605e+06	1.328000e+03	3.172883e+06	1.328000e+03	3.179259e+06	1.328000e+03	3.153029e+06	1.328000e+03	3.164238e+06	1.328000e+03	3.168558e+06	1.328000e+03	3.177688e+06	1.328000e+03	3.163726e+06	1.328000e+03	3.163738e+06	1.328000e+03	3.179546e+06	1.328000e+03	3.176330e+06	1.328000e+03	3.167339e+06	1.328000e+03	3.163578e+06	1.328000e+03	3.163092e+06	1.328000e+03	3.166942e+06	1.328000e+03	3.167638e+06	1.328000e+03	3.170901e+06	1.328000e+03	3.172445e+06	1.328000e+03	3.174225e+06	1.328000e+03	3.170701e+06	1.328000e+03	3.172417e+06	1.328000e+03	3.176456e+06	1.328000e+03	3.190956e+06	1.328000e+03	3.181776e+06	1.328000e+03	3.180814e+06	1.328000e+03	3.184887e+06	1.328000e+03	3.184071e+06	1.328000e+03	3.184230e+06	1.328000e+03	3.183961e+06	1.328000e+03	3.183595e+06	1.328000e+03	3.183934e+06	1.328000e+03	3.190871e+06	1.328000e+03	3.179646e+06	1.328000e+03	3.183831e+06	1.328000e+03	3.178187e+06	1.328000e+03	3.183322e+06	1.328000e+03	3.181021e+06	1.328000e+03	3.190331e+06	1.328000e+03	3.179934e+06	1.328000e+03	3.191339e+06	1.328000e+03	3.182838e+06	1.328000e+03	3.182683e+06	1.328000e+03	3.185280e+06	1.328000e+03	3.191336e+06	1.328000e+03	3.200930e+06	1.328000e+03	3.192102e+06	1.328000e+03	3.185844e+06	1.328000e+03	3.189462e+06	1.328000e+03	3.189331e+06	1.328000e+03	3.185185e+06	1.328000e+03	3.184593e+06	1.328000e+03	3.186058e+06	1.328000e+03	3.182800e+06	1.328000e+03	3.183028e+06	1.328000e+03	3.189860e+06	1.328000e+03	3.191055e+06	1.328000e+03	3.184715e+06	1.328000e+03	3.192551e+06	1.328000e+03	3.185535e+06	1.328000e+03	3.193033e+06	1.328000e+03	3.182468e+06	1.328000e+03	3.182634e+06	1.328000e+03	3.182768e+06	1.328000e+03	3.189906e+06	1.328000e+03	3.185709e+06	1.328000e+03	3.192602e+06	1.328000e+03	3.187045e+06	1.328000e+03	3.192131e+06	1.328000e+03	3.182788e+06	1.328000e+03	3.183388e+06	1.328000e+03	3.181798e+06	1.328000e+03	3.189204e+06	1.328000e+03	3.190672e+06	1.328000e+03	3.188212e+06	1.328000e+03	3.195601e+06	1.328000e+03	3.194313e+06	1.328000e+03	3.185670e+06	1.328000e+03	3.190765e+06	1.328000e+03	3.184861e+06	1.328000e+03	3.190497e+06	1.328000e+03	3.183013e+06	1.328000e+03	3.192743e+06	1.328000e+03	3.174886e+06	1.328000e+03	3.189468e+06	1.328000e+03	3.185633e+06	1.328000e+03	3.188709e+06	1.328000e+03	3.187349e+06	1.328000e+03	3.185145e+06	1.328000e+03	3.192504e+06	1.328000e+03	3.186015e+06	1.328000e+03	3.180817e+06	1.328000e+03	3.181120e+06	1.328000e+03	3.186740e+06	1.328000e+03	3.190857e+06	1.328000e+03	3.177805e+06	1.328000e+03	3.194027e+06	1.328000e+03	3.197873e+06	1.328000e+03	3.195386e+06	1.328000e+03	3.194824e+06	1.328000e+03	3.184778e+06	1.328000e+03	3.185814e+06	1.328000e+03	3.182985e+06	1.328000e+03	3.184707e+06	1.328000e+03	3.180341e+06	1.328000e+03	3.181011e+06	1.328000e+03	3.184211e+06	1.328000e+03	3.186111e+06	1.328000e+03	3.197822e+06	1.328000e+03	3.188100e+06	1.328000e+03	3.180590e+06	1.328000e+03	3.188793e+06	1.328000e+03	3.195025e+06	1.328000e+03	3.203219e+06	1.328000e+03	3.195650e+06	1.328000e+03	3.189429e+06	1.328000e+03	3.190358e+06	1.328000e+03	3.194079e+06	1.328000e+03	3.194488e+06	1.328000e+03	3.202857e+06	1.328000e+03	3.197426e+06	1.328000e+03	3.201138e+06	1.328000e+03	3.202819e+06	1.328000e+03	3.196899e+06	1.328000e+03	3.196467e+06	1.328000e+03	3.197212e+06	1.328000e+03	3.198866e+06	1.328000e+03	3.202369e+06	1.328000e+03	3.198265e+06	1.328000e+03	3.198893e+06	1.328000e+03	3.205005e+06	1.328000e+03	3.201900e+06	1.328000e+03	3.197179e+06	1.328000e+03	3.206839e+06	1.328000e+03	3.192468e+06	1.328000e+03	3.197802e+06	1.328000e+03	3.205914e+06	1.328000e+03	3.199597e+06	1.328000e+03	3.202528e+06	1.328000e+03	3.216371e+06	1.328000e+03	3.210633e+06	1.328000e+03	3.200308e+06	1.328000e+03	3.207066e+06	1.328000e+03	3.203761e+06	1.328000e+03	3.203824e+06	1.328000e+03	3.213923e+06	1.328000e+03	3.205047e+06	1.328000e+03	3.203896e+06	1.328000e+03	3.208054e+06	1.328000e+03	3.210156e+06	1.328000e+03	3.206661e+06	1.328000e+03	3.204801e+06	1.328000e+03	3.208827e+06
1.329000e+03	3.110642e+06	1.329000e+03	3.126183e+06	1.329000e+03	3.134444e+06	1.329000e+03	3.122593e+06	1.329000e+03	3.136243e+06	1.329000e+03	3.134244e+06	1.329000e+03	3.141578e+06	1.329000e+03	3.135680e+06	1.329000e+03	3.144030e+06	1.329000e+03	3.145066e+06	1.329000e+03	3.175669e+06	1.329000e+03	3.170760e+06	1.329000e+03	3.168490e+06	1.329000e+03	3.154627e+06	1.329000e+03	3.164173e+06	1.329000e+03	3.153746e+06	1.329000e+03	3.172308e+06	1.329000e+03	3.164796e+06	1.329000e+03	3.140695e+06	1.329000e+03	3.157354e+06	1.329000e+03	3.157858e+06	1.329000e+03	3.154089e+06	1.329000e+03	3.176704e+06	1.329000e+03	3.163959e+06	1.329000e+03	3.156067e+06	1.329000e+03	3.162472e+06	1.329000e+03	3.153018e+06	1.329000e+03	3.149667e+06	1.329000e+03	3.148760e+06	1.329000e+03	3.144973e+06	1.329000e+03	3.159160e+06	1.329000e+03	3.154871e+06	1.329000e+03	3.166620e+06	1.329000e+03	3.162541e+06	1.329000e+03	3.160820e+06	1.329000e+03	3.173526e+06	1.329000e+03	3.172504e+06	1.329000e+03	3.160356e+06	1.329000e+03	3.141136e+06	1.329000e+03	3.161132e+06	1.329000e+03	3.169347e+06	1.329000e+03	3.156278e+06	1.329000e+03	3.154850e+06	1.329000e+03	3.161265e+06	1.329000e+03	3.162246e+06	1.329000e+03	3.153351e+06	1.329000e+03	3.160162e+06	1.329000e+03	3.160091e+06	1.329000e+03	3.155926e+06	1.329000e+03	3.164450e+06	1.329000e+03	3.165887e+06	1.329000e+03	3.162511e+06	1.329000e+03	3.171734e+06	1.329000e+03	3.164611e+06	1.329000e+03	3.177131e+06	1.329000e+03	3.162948e+06	1.329000e+03	3.162650e+06	1.329000e+03	3.172106e+06	1.329000e+03	3.179094e+06	1.329000e+03	3.150325e+06	1.329000e+03	3.162575e+06	1.329000e+03	3.163718e+06	1.329000e+03	3.174440e+06	1.329000e+03	3.167423e+06	1.329000e+03	3.163266e+06	1.329000e+03	3.184283e+06	1.329000e+03	3.177546e+06	1.329000e+03	3.166060e+06	1.329000e+03	3.168187e+06	1.329000e+03	3.165526e+06	1.329000e+03	3.167515e+06	1.329000e+03	3.164500e+06	1.329000e+03	3.170330e+06	1.329000e+03	3.171672e+06	1.329000e+03	3.172648e+06	1.329000e+03	3.166064e+06	1.329000e+03	3.172168e+06	1.329000e+03	3.177960e+06	1.329000e+03	3.193832e+06	1.329000e+03	3.181251e+06	1.329000e+03	3.180550e+06	1.329000e+03	3.184905e+06	1.329000e+03	3.184042e+06	1.329000e+03	3.179154e+06	1.329000e+03	3.184256e+06	1.329000e+03	3.187373e+06	1.329000e+03	3.187981e+06	1.329000e+03	3.192567e+06	1.329000e+03	3.173757e+06	1.329000e+03	3.183142e+06	1.329000e+03	3.181209e+06	1.329000e+03	3.181634e+06	1.329000e+03	3.181667e+06	1.329000e+03	3.185365e+06	1.329000e+03	3.181026e+06	1.329000e+03	3.186415e+06	1.329000e+03	3.179877e+06	1.329000e+03	3.182284e+06	1.329000e+03	3.183488e+06	1.329000e+03	3.193368e+06	1.329000e+03	3.198959e+06	1.329000e+03	3.191091e+06	1.329000e+03	3.182940e+06	1.329000e+03	3.186166e+06	1.329000e+03	3.186603e+06	1.329000e+03	3.183539e+06	1.329000e+03	3.184068e+06	1.329000e+03	3.186278e+06	1.329000e+03	3.184382e+06	1.329000e+03	3.183367e+06	1.329000e+03	3.188034e+06	1.329000e+03	3.189836e+06	1.329000e+03	3.182841e+06	1.329000e+03	3.190926e+06	1.329000e+03	3.184814e+06	1.329000e+03	3.187234e+06	1.329000e+03	3.179875e+06	1.329000e+03	3.183151e+06	1.329000e+03	3.182454e+06	1.329000e+03	3.186166e+06	1.329000e+03	3.187699e+06	1.329000e+03	3.192701e+06	1.329000e+03	3.189579e+06	1.329000e+03	3.191844e+06	1.329000e+03	3.184755e+06	1.329000e+03	3.186437e+06	1.329000e+03	3.181237e+06	1.329000e+03	3.188083e+06	1.329000e+03	3.187654e+06	1.329000e+03	3.190357e+06	1.329000e+03	3.197553e+06	1.329000e+03	3.192599e+06	1.329000e+03	3.188976e+06	1.329000e+03	3.189158e+06	1.329000e+03	3.187956e+06	1.329000e+03	3.192221e+06	1.329000e+03	3.186045e+06	1.329000e+03	3.192444e+06	1.329000e+03	3.179956e+06	1.329000e+03	3.194571e+06	1.329000e+03	3.183437e+06	1.329000e+03	3.193350e+06	1.329000e+03	3.191061e+06	1.329000e+03	3.185159e+06	1.329000e+03	3.190669e+06	1.329000e+03	3.184825e+06	1.329000e+03	3.180445e+06	1.329000e+03	3.178815e+06	1.329000e+03	3.187688e+06	1.329000e+03	3.191542e+06	1.329000e+03	3.189134e+06	1.329000e+03	3.190305e+06	1.329000e+03	3.196088e+06	1.329000e+03	3.194379e+06	1.329000e+03	3.190254e+06	1.329000e+03	3.181935e+06	1.329000e+03	3.183830e+06	1.329000e+03	3.186053e+06	1.329000e+03	3.180205e+06	1.329000e+03	3.182367e+06	1.329000e+03	3.183907e+06	1.329000e+03	3.182372e+06	1.329000e+03	3.189609e+06	1.329000e+03	3.194206e+06	1.329000e+03	3.188848e+06	1.329000e+03	3.181690e+06	1.329000e+03	3.185871e+06	1.329000e+03	3.189142e+06	1.329000e+03	3.198000e+06	1.329000e+03	3.192916e+06	1.329000e+03	3.184590e+06	1.329000e+03	3.192916e+06	1.329000e+03	3.195593e+06	1.329000e+03	3.195659e+06	1.329000e+03	3.206025e+06	1.329000e+03	3.200246e+06	1.329000e+03	3.203409e+06	1.329000e+03	3.202998e+06	1.329000e+03	3.199738e+06	1.329000e+03	3.196917e+06	1.329000e+03	3.193959e+06	1.329000e+03	3.196409e+06	1.329000e+03	3.201564e+06	1.329000e+03	3.205822e+06	1.329000e+03	3.198990e+06	1.329000e+03	3.202652e+06	1.329000e+03	3.197034e+06	1.329000e+03	3.202725e+06	1.329000e+03	3.206403e+06	1.329000e+03	3.193128e+06	1.329000e+03	3.199407e+06	1.329000e+03	3.207156e+06	1.329000e+03	3.200377e+06	1.329000e+03	3.202063e+06	1.329000e+03	3.207461e+06	1.329000e+03	3.207129e+06	1.329000e+03	3.199940e+06	1.329000e+03	3.204033e+06	1.329000e+03	3.206432e+06	1.329000e+03	3.203056e+06	1.329000e+03	3.213130e+06	1.329000e+03	3.205312e+06	1.329000e+03	3.202589e+06	1.329000e+03	3.209605e+06	1.329000e+03	3.208497e+06	1.329000e+03	3.210816e+06	1.329000e+03	3.203013e+06	1.329000e+03	3.209380e+06
1.330000e+03	3.118488e+06	1.330000e+03	3.132371e+06	1.330000e+03	3.137439e+06	1.330000e+03	3.118671e+06	1.330000e+03	3.132416e+06	1.330000e+03	3.137551e+06	1.330000e+03	3.136971e+06	1.330000e+03	3.143399e+06	1.330000e+03	3.144260e+06	1.330000e+03	3.149564e+06	1.330000e+03	3.172999e+06	1.330000e+03	3.171154e+06	1.330000e+03	3.171004e+06	1.330000e+03	3.155742e+06	1.330000e+03	3.161289e+06	1.330000e+03	3.155690e+06	1.330000e+03	3.165025e+06	1.330000e+03	3.165972e+06	1.330000e+03	3.142317e+06	1.330000e+03	3.154920e+06	1.330000e+03	3.157529e+06	1.330000e+03	3.159590e+06	1.330000e+03	3.177013e+06	1.330000e+03	3.160235e+06	1.330000e+03	3.157649e+06	1.330000e+03	3.164695e+06	1.330000e+03	3.155664e+06	1.330000e+03	3.148928e+06	1.330000e+03	3.151120e+06	1.330000e+03	3.146208e+06	1.330000e+03	3.163302e+06	1.330000e+03	3.152063e+06	1.330000e+03	3.170655e+06	1.330000e+03	3.158560e+06	1.330000e+03	3.159066e+06	1.330000e+03	3.171812e+06	1.330000e+03	3.171702e+06	1.330000e+03	3.168739e+06	1.330000e+03	3.137617e+06	1.330000e+03	3.162969e+06	1.330000e+03	3.166494e+06	1.330000e+03	3.157542e+06	1.330000e+03	3.154413e+06	1.330000e+03	3.159753e+06	1.330000e+03	3.156566e+06	1.330000e+03	3.158494e+06	1.330000e+03	3.158248e+06	1.330000e+03	3.157659e+06	1.330000e+03	3.157883e+06	1.330000e+03	3.162580e+06	1.330000e+03	3.165839e+06	1.330000e+03	3.161759e+06	1.330000e+03	3.169963e+06	1.330000e+03	3.165185e+06	1.330000e+03	3.174352e+06	1.330000e+03	3.163252e+06	1.330000e+03	3.165160e+06	1.330000e+03	3.174256e+06	1.330000e+03	3.176565e+06	1.330000e+03	3.156339e+06	1.330000e+03	3.162297e+06	1.330000e+03	3.168867e+06	1.330000e+03	3.174743e+06	1.330000e+03	3.165435e+06	1.330000e+03	3.160927e+06	1.330000e+03	3.176358e+06	1.330000e+03	3.175014e+06	1.330000e+03	3.171001e+06	1.330000e+03	3.167855e+06	1.330000e+03	3.164300e+06	1.330000e+03	3.170528e+06	1.330000e+03	3.168315e+06	1.330000e+03	3.171211e+06	1.330000e+03	3.175197e+06	1.330000e+03	3.173402e+06	1.330000e+03	3.168545e+06	1.330000e+03	3.169472e+06	1.330000e+03	3.176411e+06	1.330000e+03	3.187947e+06	1.330000e+03	3.180414e+06	1.330000e+03	3.184654e+06	1.330000e+03	3.183171e+06	1.330000e+03	3.183450e+06	1.330000e+03	3.175769e+06	1.330000e+03	3.180061e+06	1.330000e+03	3.185815e+06	1.330000e+03	3.183189e+06	1.330000e+03	3.189609e+06	1.330000e+03	3.175291e+06	1.330000e+03	3.181802e+06	1.330000e+03	3.179403e+06	1.330000e+03	3.187074e+06	1.330000e+03	3.182498e+06	1.330000e+03	3.185933e+06	1.330000e+03	3.181076e+06	1.330000e+03	3.193355e+06	1.330000e+03	3.180763e+06	1.330000e+03	3.176035e+06	1.330000e+03	3.181011e+06	1.330000e+03	3.189125e+06	1.330000e+03	3.195935e+06	1.330000e+03	3.185072e+06	1.330000e+03	3.182871e+06	1.330000e+03	3.192307e+06	1.330000e+03	3.188083e+06	1.330000e+03	3.183036e+06	1.330000e+03	3.182392e+06	1.330000e+03	3.186532e+06	1.330000e+03	3.184549e+06	1.330000e+03	3.187989e+06	1.330000e+03	3.184951e+06	1.330000e+03	3.187840e+06	1.330000e+03	3.184380e+06	1.330000e+03	3.192069e+06	1.330000e+03	3.184179e+06	1.330000e+03	3.189566e+06	1.330000e+03	3.181402e+06	1.330000e+03	3.186327e+06	1.330000e+03	3.184820e+06	1.330000e+03	3.185718e+06	1.330000e+03	3.187293e+06	1.330000e+03	3.189700e+06	1.330000e+03	3.188330e+06	1.330000e+03	3.195582e+06	1.330000e+03	3.185436e+06	1.330000e+03	3.189257e+06	1.330000e+03	3.175835e+06	1.330000e+03	3.185531e+06	1.330000e+03	3.189842e+06	1.330000e+03	3.186132e+06	1.330000e+03	3.194345e+06	1.330000e+03	3.196053e+06	1.330000e+03	3.188798e+06	1.330000e+03	3.195249e+06	1.330000e+03	3.191407e+06	1.330000e+03	3.190434e+06	1.330000e+03	3.186755e+06	1.330000e+03	3.190630e+06	1.330000e+03	3.178131e+06	1.330000e+03	3.192490e+06	1.330000e+03	3.184032e+06	1.330000e+03	3.192641e+06	1.330000e+03	3.188672e+06	1.330000e+03	3.186058e+06	1.330000e+03	3.192787e+06	1.330000e+03	3.182686e+06	1.330000e+03	3.179740e+06	1.330000e+03	3.179934e+06	1.330000e+03	3.185477e+06	1.330000e+03	3.194037e+06	1.330000e+03	3.186189e+06	1.330000e+03	3.189100e+06	1.330000e+03	3.193865e+06	1.330000e+03	3.193422e+06	1.330000e+03	3.189352e+06	1.330000e+03	3.184286e+06	1.330000e+03	3.187734e+06	1.330000e+03	3.184281e+06	1.330000e+03	3.182813e+06	1.330000e+03	3.183587e+06	1.330000e+03	3.183318e+06	1.330000e+03	3.187520e+06	1.330000e+03	3.189713e+06	1.330000e+03	3.191636e+06	1.330000e+03	3.190849e+06	1.330000e+03	3.182972e+06	1.330000e+03	3.188844e+06	1.330000e+03	3.189733e+06	1.330000e+03	3.191968e+06	1.330000e+03	3.195247e+06	1.330000e+03	3.189378e+06	1.330000e+03	3.194517e+06	1.330000e+03	3.193161e+06	1.330000e+03	3.194921e+06	1.330000e+03	3.202116e+06	1.330000e+03	3.201920e+06	1.330000e+03	3.201010e+06	1.330000e+03	3.200851e+06	1.330000e+03	3.204163e+06	1.330000e+03	3.193699e+06	1.330000e+03	3.192263e+06	1.330000e+03	3.194855e+06	1.330000e+03	3.201096e+06	1.330000e+03	3.201276e+06	1.330000e+03	3.194988e+06	1.330000e+03	3.201864e+06	1.330000e+03	3.196963e+06	1.330000e+03	3.202061e+06	1.330000e+03	3.207558e+06	1.330000e+03	3.195675e+06	1.330000e+03	3.201076e+06	1.330000e+03	3.210494e+06	1.330000e+03	3.198860e+06	1.330000e+03	3.196643e+06	1.330000e+03	3.205819e+06	1.330000e+03	3.209250e+06	1.330000e+03	3.203303e+06	1.330000e+03	3.201289e+06	1.330000e+03	3.205746e+06	1.330000e+03	3.199401e+06	1.330000e+03	3.207212e+06	1.330000e+03	3.206471e+06	1.330000e+03	3.203097e+06	1.330000e+03	3.210424e+06	1.330000e+03	3.206677e+06	1.330000e+03	3.208473e+06	1.330000e+03	3.202852e+06	1.330000e+03	3.208748e+06
1.331000e+03	3.112573e+06	1.331000e+03	3.125434e+06	1.331000e+03	3.138933e+06	1.331000e+03	3.121871e+06	1.331000e+03	3.131841e+06	1.331000e+03	3.138047e+06	1.331000e+03	3.136621e+06	1.331000e+03	3.136856e+06	1.331000e+03	3.137380e+06	1.331000e+03	3.144184e+06	1.331000e+03	3.181604e+06	1.331000e+03	3.171038e+06	1.331000e+03	3.167326e+06	1.331000e+03	3.149944e+06	1.331000e+03	3.165172e+06	1.331000e+03	3.157037e+06	1.331000e+03	3.160487e+06	1.331000e+03	3.168418e+06	1.331000e+03	3.142720e+06	1.331000e+03	3.156582e+06	1.331000e+03	3.156329e+06	1.331000e+03	3.158570e+06	1.331000e+03	3.169654e+06	1.331000e+03	3.161554e+06	1.331000e+03	3.157576e+06	1.331000e+03	3.164460e+06	1.331000e+03	3.154956e+06	1.331000e+03	3.150871e+06	1.331000e+03	3.149523e+06	1.331000e+03	3.147123e+06	1.331000e+03	3.167489e+06	1.331000e+03	3.151294e+06	1.331000e+03	3.169116e+06	1.331000e+03	3.160048e+06	1.331000e+03	3.162358e+06	1.331000e+03	3.169182e+06	1.331000e+03	3.171353e+06	1.331000e+03	3.166243e+06	1.331000e+03	3.137383e+06	1.331000e+03	3.162649e+06	1.331000e+03	3.165987e+06	1.331000e+03	3.159747e+06	1.331000e+03	3.152749e+06	1.331000e+03	3.158667e+06	1.331000e+03	3.155658e+06	1.331000e+03	3.156076e+06	1.331000e+03	3.163965e+06	1.331000e+03	3.157091e+06	1.331000e+03	3.158447e+06	1.331000e+03	3.164933e+06	1.331000e+03	3.166954e+06	1.331000e+03	3.163433e+06	1.331000e+03	3.171419e+06	1.331000e+03	3.163625e+06	1.331000e+03	3.175505e+06	1.331000e+03	3.160354e+06	1.331000e+03	3.162345e+06	1.331000e+03	3.173010e+06	1.331000e+03	3.174707e+06	1.331000e+03	3.158024e+06	1.331000e+03	3.164111e+06	1.331000e+03	3.164460e+06	1.331000e+03	3.168984e+06	1.331000e+03	3.160564e+06	1.331000e+03	3.170455e+06	1.331000e+03	3.177518e+06	1.331000e+03	3.172746e+06	1.331000e+03	3.172820e+06	1.331000e+03	3.169258e+06	1.331000e+03	3.169197e+06	1.331000e+03	3.170623e+06	1.331000e+03	3.162144e+06	1.331000e+03	3.172106e+06	1.331000e+03	3.171391e+06	1.331000e+03	3.172871e+06	1.331000e+03	3.171067e+06	1.331000e+03	3.173596e+06	1.331000e+03	3.179856e+06	1.331000e+03	3.189064e+06	1.331000e+03	3.182254e+06	1.331000e+03	3.181584e+06	1.331000e+03	3.185229e+06	1.331000e+03	3.187994e+06	1.331000e+03	3.175511e+06	1.331000e+03	3.181188e+06	1.331000e+03	3.181914e+06	1.331000e+03	3.182423e+06	1.331000e+03	3.195570e+06	1.331000e+03	3.174490e+06	1.331000e+03	3.175035e+06	1.331000e+03	3.182821e+06	1.331000e+03	3.185707e+06	1.331000e+03	3.180423e+06	1.331000e+03	3.186170e+06	1.331000e+03	3.179930e+06	1.331000e+03	3.191014e+06	1.331000e+03	3.179734e+06	1.331000e+03	3.175571e+06	1.331000e+03	3.182515e+06	1.331000e+03	3.188321e+06	1.331000e+03	3.195483e+06	1.331000e+03	3.186798e+06	1.331000e+03	3.186107e+06	1.331000e+03	3.185664e+06	1.331000e+03	3.189005e+06	1.331000e+03	3.182972e+06	1.331000e+03	3.182196e+06	1.331000e+03	3.188825e+06	1.331000e+03	3.184419e+06	1.331000e+03	3.190452e+06	1.331000e+03	3.186434e+06	1.331000e+03	3.185901e+06	1.331000e+03	3.185481e+06	1.331000e+03	3.190691e+06	1.331000e+03	3.181538e+06	1.331000e+03	3.192515e+06	1.331000e+03	3.184498e+06	1.331000e+03	3.184849e+06	1.331000e+03	3.186108e+06	1.331000e+03	3.188778e+06	1.331000e+03	3.190162e+06	1.331000e+03	3.188069e+06	1.331000e+03	3.186453e+06	1.331000e+03	3.193715e+06	1.331000e+03	3.184796e+06	1.331000e+03	3.196276e+06	1.331000e+03	3.176832e+06	1.331000e+03	3.190511e+06	1.331000e+03	3.192934e+06	1.331000e+03	3.188216e+06	1.331000e+03	3.193306e+06	1.331000e+03	3.197399e+06	1.331000e+03	3.187900e+06	1.331000e+03	3.196004e+06	1.331000e+03	3.187037e+06	1.331000e+03	3.191798e+06	1.331000e+03	3.187364e+06	1.331000e+03	3.182710e+06	1.331000e+03	3.178612e+06	1.331000e+03	3.189497e+06	1.331000e+03	3.183921e+06	1.331000e+03	3.192546e+06	1.331000e+03	3.188871e+06	1.331000e+03	3.182141e+06	1.331000e+03	3.189515e+06	1.331000e+03	3.184721e+06	1.331000e+03	3.182016e+06	1.331000e+03	3.180730e+06	1.331000e+03	3.184196e+06	1.331000e+03	3.193090e+06	1.331000e+03	3.183310e+06	1.331000e+03	3.188505e+06	1.331000e+03	3.193693e+06	1.331000e+03	3.193144e+06	1.331000e+03	3.190329e+06	1.331000e+03	3.181773e+06	1.331000e+03	3.188411e+06	1.331000e+03	3.182028e+06	1.331000e+03	3.177279e+06	1.331000e+03	3.181346e+06	1.331000e+03	3.178700e+06	1.331000e+03	3.192006e+06	1.331000e+03	3.189507e+06	1.331000e+03	3.194057e+06	1.331000e+03	3.188228e+06	1.331000e+03	3.181854e+06	1.331000e+03	3.192022e+06	1.331000e+03	3.191601e+06	1.331000e+03	3.193715e+06	1.331000e+03	3.195759e+06	1.331000e+03	3.191122e+06	1.331000e+03	3.192391e+06	1.331000e+03	3.193413e+06	1.331000e+03	3.196496e+06	1.331000e+03	3.202472e+06	1.331000e+03	3.199460e+06	1.331000e+03	3.205176e+06	1.331000e+03	3.198623e+06	1.331000e+03	3.200863e+06	1.331000e+03	3.194618e+06	1.331000e+03	3.196393e+06	1.331000e+03	3.195765e+06	1.331000e+03	3.201511e+06	1.331000e+03	3.202947e+06	1.331000e+03	3.198621e+06	1.331000e+03	3.202473e+06	1.331000e+03	3.194464e+06	1.331000e+03	3.201336e+06	1.331000e+03	3.207997e+06	1.331000e+03	3.197148e+06	1.331000e+03	3.201684e+06	1.331000e+03	3.209537e+06	1.331000e+03	3.201244e+06	1.331000e+03	3.200475e+06	1.331000e+03	3.208201e+06	1.331000e+03	3.209098e+06	1.331000e+03	3.199940e+06	1.331000e+03	3.198811e+06	1.331000e+03	3.205403e+06	1.331000e+03	3.202701e+06	1.331000e+03	3.213407e+06	1.331000e+03	3.207039e+06	1.331000e+03	3.203049e+06	1.331000e+03	3.209388e+06	1.331000e+03	3.205643e+06	1.331000e+03	3.209841e+06	1.331000e+03	3.204696e+06	1.331000e+03	3.207969e+06
1.332000e+03	3.113960e+06	1.332000e+03	3.127859e+06	1.332000e+03	3.140357e+06	1.332000e+03	3.125631e+06	1.332000e+03	3.129459e+06	1.332000e+03	3.135845e+06	1.332000e+03	3.137218e+06	1.332000e+03	3.134949e+06	1.332000e+03	3.137712e+06	1.332000e+03	3.152003e+06	1.332000e+03	3.176880e+06	1.332000e+03	3.170234e+06	1.332000e+03	3.166382e+06	1.332000e+03	3.150703e+06	1.332000e+03	3.159736e+06	1.332000e+03	3.155626e+06	1.332000e+03	3.160340e+06	1.332000e+03	3.168152e+06	1.332000e+03	3.151947e+06	1.332000e+03	3.159554e+06	1.332000e+03	3.153960e+06	1.332000e+03	3.151118e+06	1.332000e+03	3.167965e+06	1.332000e+03	3.161153e+06	1.332000e+03	3.158598e+06	1.332000e+03	3.163137e+06	1.332000e+03	3.153646e+06	1.332000e+03	3.151328e+06	1.332000e+03	3.150252e+06	1.332000e+03	3.146819e+06	1.332000e+03	3.162382e+06	1.332000e+03	3.148607e+06	1.332000e+03	3.173160e+06	1.332000e+03	3.155085e+06	1.332000e+03	3.163472e+06	1.332000e+03	3.174410e+06	1.332000e+03	3.170880e+06	1.332000e+03	3.168926e+06	1.332000e+03	3.136909e+06	1.332000e+03	3.160994e+06	1.332000e+03	3.161468e+06	1.332000e+03	3.157965e+06	1.332000e+03	3.153862e+06	1.332000e+03	3.161611e+06	1.332000e+03	3.161058e+06	1.332000e+03	3.150167e+06	1.332000e+03	3.161266e+06	1.332000e+03	3.158107e+06	1.332000e+03	3.159223e+06	1.332000e+03	3.163068e+06	1.332000e+03	3.165533e+06	1.332000e+03	3.161137e+06	1.332000e+03	3.169289e+06	1.332000e+03	3.163589e+06	1.332000e+03	3.176878e+06	1.332000e+03	3.159695e+06	1.332000e+03	3.165423e+06	1.332000e+03	3.173488e+06	1.332000e+03	3.175193e+06	1.332000e+03	3.159198e+06	1.332000e+03	3.163150e+06	1.332000e+03	3.162046e+06	1.332000e+03	3.169944e+06	1.332000e+03	3.162648e+06	1.332000e+03	3.164659e+06	1.332000e+03	3.176267e+06	1.332000e+03	3.175071e+06	1.332000e+03	3.172311e+06	1.332000e+03	3.169336e+06	1.332000e+03	3.173108e+06	1.332000e+03	3.170007e+06	1.332000e+03	3.162080e+06	1.332000e+03	3.174335e+06	1.332000e+03	3.174149e+06	1.332000e+03	3.178146e+06	1.332000e+03	3.170275e+06	1.332000e+03	3.172409e+06	1.332000e+03	3.178226e+06	1.332000e+03	3.184450e+06	1.332000e+03	3.180739e+06	1.332000e+03	3.178985e+06	1.332000e+03	3.185550e+06	1.332000e+03	3.186631e+06	1.332000e+03	3.173386e+06	1.332000e+03	3.180460e+06	1.332000e+03	3.184894e+06	1.332000e+03	3.185676e+06	1.332000e+03	3.194223e+06	1.332000e+03	3.176876e+06	1.332000e+03	3.181813e+06	1.332000e+03	3.186135e+06	1.332000e+03	3.180616e+06	1.332000e+03	3.182463e+06	1.332000e+03	3.187118e+06	1.332000e+03	3.180046e+06	1.332000e+03	3.188586e+06	1.332000e+03	3.184185e+06	1.332000e+03	3.175260e+06	1.332000e+03	3.181179e+06	1.332000e+03	3.191872e+06	1.332000e+03	3.195246e+06	1.332000e+03	3.186222e+06	1.332000e+03	3.183206e+06	1.332000e+03	3.183337e+06	1.332000e+03	3.189460e+06	1.332000e+03	3.184460e+06	1.332000e+03	3.184529e+06	1.332000e+03	3.189110e+06	1.332000e+03	3.183929e+06	1.332000e+03	3.190292e+06	1.332000e+03	3.193586e+06	1.332000e+03	3.190411e+06	1.332000e+03	3.185542e+06	1.332000e+03	3.189482e+06	1.332000e+03	3.179986e+06	1.332000e+03	3.190936e+06	1.332000e+03	3.184458e+06	1.332000e+03	3.184620e+06	1.332000e+03	3.188059e+06	1.332000e+03	3.188196e+06	1.332000e+03	3.191133e+06	1.332000e+03	3.185109e+06	1.332000e+03	3.186183e+06	1.332000e+03	3.192585e+06	1.332000e+03	3.182233e+06	1.332000e+03	3.198134e+06	1.332000e+03	3.176455e+06	1.332000e+03	3.185795e+06	1.332000e+03	3.190489e+06	1.332000e+03	3.187373e+06	1.332000e+03	3.189361e+06	1.332000e+03	3.197298e+06	1.332000e+03	3.186178e+06	1.332000e+03	3.193969e+06	1.332000e+03	3.192620e+06	1.332000e+03	3.181224e+06	1.332000e+03	3.186972e+06	1.332000e+03	3.187329e+06	1.332000e+03	3.180332e+06	1.332000e+03	3.193508e+06	1.332000e+03	3.181783e+06	1.332000e+03	3.186945e+06	1.332000e+03	3.187568e+06	1.332000e+03	3.186073e+06	1.332000e+03	3.192123e+06	1.332000e+03	3.182924e+06	1.332000e+03	3.179535e+06	1.332000e+03	3.176551e+06	1.332000e+03	3.183661e+06	1.332000e+03	3.193045e+06	1.332000e+03	3.186490e+06	1.332000e+03	3.190697e+06	1.332000e+03	3.196941e+06	1.332000e+03	3.194867e+06	1.332000e+03	3.194105e+06	1.332000e+03	3.181168e+06	1.332000e+03	3.185664e+06	1.332000e+03	3.182019e+06	1.332000e+03	3.178256e+06	1.332000e+03	3.181566e+06	1.332000e+03	3.182757e+06	1.332000e+03	3.187591e+06	1.332000e+03	3.194458e+06	1.332000e+03	3.192537e+06	1.332000e+03	3.188872e+06	1.332000e+03	3.180437e+06	1.332000e+03	3.189665e+06	1.332000e+03	3.194349e+06	1.332000e+03	3.197415e+06	1.332000e+03	3.199176e+06	1.332000e+03	3.188005e+06	1.332000e+03	3.193960e+06	1.332000e+03	3.195807e+06	1.332000e+03	3.196711e+06	1.332000e+03	3.199489e+06	1.332000e+03	3.200376e+06	1.332000e+03	3.202273e+06	1.332000e+03	3.201455e+06	1.332000e+03	3.203806e+06	1.332000e+03	3.191622e+06	1.332000e+03	3.190156e+06	1.332000e+03	3.196409e+06	1.332000e+03	3.201188e+06	1.332000e+03	3.199166e+06	1.332000e+03	3.198747e+06	1.332000e+03	3.203621e+06	1.332000e+03	3.194230e+06	1.332000e+03	3.198402e+06	1.332000e+03	3.204940e+06	1.332000e+03	3.197359e+06	1.332000e+03	3.203992e+06	1.332000e+03	3.212420e+06	1.332000e+03	3.202192e+06	1.332000e+03	3.198763e+06	1.332000e+03	3.203811e+06	1.332000e+03	3.207182e+06	1.332000e+03	3.205562e+06	1.332000e+03	3.198805e+06	1.332000e+03	3.203865e+06	1.332000e+03	3.204268e+06	1.332000e+03	3.214372e+06	1.332000e+03	3.204957e+06	1.332000e+03	3.200460e+06	1.332000e+03	3.205121e+06	1.332000e+03	3.204836e+06	1.332000e+03	3.210125e+06	1.332000e+03	3.206968e+06	1.332000e+03	3.208304e+06
1.333000e+03	3.110392e+06	1.333000e+03	3.127898e+06	1.333000e+03	3.137959e+06	1.333000e+03	3.122752e+06	1.333000e+03	3.131928e+06	1.333000e+03	3.136317e+06	1.333000e+03	3.136004e+06	1.333000e+03	3.137522e+06	1.333000e+03	3.143993e+06	1.333000e+03	3.144260e+06	1.333000e+03	3.176559e+06	1.333000e+03	3.173480e+06	1.333000e+03	3.168607e+06	1.333000e+03	3.154929e+06	1.333000e+03	3.165016e+06	1.333000e+03	3.160052e+06	1.333000e+03	3.165257e+06	1.333000e+03	3.174093e+06	1.333000e+03	3.155556e+06	1.333000e+03	3.157860e+06	1.333000e+03	3.157137e+06	1.333000e+03	3.152312e+06	1.333000e+03	3.164032e+06	1.333000e+03	3.162005e+06	1.333000e+03	3.156171e+06	1.333000e+03	3.164864e+06	1.333000e+03	3.148539e+06	1.333000e+03	3.148274e+06	1.333000e+03	3.147252e+06	1.333000e+03	3.148243e+06	1.333000e+03	3.159256e+06	1.333000e+03	3.147173e+06	1.333000e+03	3.168367e+06	1.333000e+03	3.157672e+06	1.333000e+03	3.163242e+06	1.333000e+03	3.174000e+06	1.333000e+03	3.167278e+06	1.333000e+03	3.168176e+06	1.333000e+03	3.141219e+06	1.333000e+03	3.159523e+06	1.333000e+03	3.160569e+06	1.333000e+03	3.157293e+06	1.333000e+03	3.155146e+06	1.333000e+03	3.161322e+06	1.333000e+03	3.160860e+06	1.333000e+03	3.150438e+06	1.333000e+03	3.158936e+06	1.333000e+03	3.158884e+06	1.333000e+03	3.154186e+06	1.333000e+03	3.166546e+06	1.333000e+03	3.165172e+06	1.333000e+03	3.159795e+06	1.333000e+03	3.168854e+06	1.333000e+03	3.163171e+06	1.333000e+03	3.168165e+06	1.333000e+03	3.168997e+06	1.333000e+03	3.164143e+06	1.333000e+03	3.175396e+06	1.333000e+03	3.178234e+06	1.333000e+03	3.162123e+06	1.333000e+03	3.162360e+06	1.333000e+03	3.160878e+06	1.333000e+03	3.169328e+06	1.333000e+03	3.165034e+06	1.333000e+03	3.161343e+06	1.333000e+03	3.173685e+06	1.333000e+03	3.176378e+06	1.333000e+03	3.177835e+06	1.333000e+03	3.172222e+06	1.333000e+03	3.169794e+06	1.333000e+03	3.170997e+06	1.333000e+03	3.162090e+06	1.333000e+03	3.173968e+06	1.333000e+03	3.169704e+06	1.333000e+03	3.177653e+06	1.333000e+03	3.171867e+06	1.333000e+03	3.168966e+06	1.333000e+03	3.178026e+06	1.333000e+03	3.179256e+06	1.333000e+03	3.182241e+06	1.333000e+03	3.184335e+06	1.333000e+03	3.185310e+06	1.333000e+03	3.189802e+06	1.333000e+03	3.175886e+06	1.333000e+03	3.183194e+06	1.333000e+03	3.183291e+06	1.333000e+03	3.186494e+06	1.333000e+03	3.197196e+06	1.333000e+03	3.177887e+06	1.333000e+03	3.182430e+06	1.333000e+03	3.180701e+06	1.333000e+03	3.178543e+06	1.333000e+03	3.185651e+06	1.333000e+03	3.189676e+06	1.333000e+03	3.182664e+06	1.333000e+03	3.197125e+06	1.333000e+03	3.182983e+06	1.333000e+03	3.178228e+06	1.333000e+03	3.181456e+06	1.333000e+03	3.189419e+06	1.333000e+03	3.196773e+06	1.333000e+03	3.186847e+06	1.333000e+03	3.183048e+06	1.333000e+03	3.185059e+06	1.333000e+03	3.184287e+06	1.333000e+03	3.185232e+06	1.333000e+03	3.179885e+06	1.333000e+03	3.190038e+06	1.333000e+03	3.183296e+06	1.333000e+03	3.186608e+06	1.333000e+03	3.192952e+06	1.333000e+03	3.190856e+06	1.333000e+03	3.182520e+06	1.333000e+03	3.189114e+06	1.333000e+03	3.184612e+06	1.333000e+03	3.191944e+06	1.333000e+03	3.189914e+06	1.333000e+03	3.183013e+06	1.333000e+03	3.187053e+06	1.333000e+03	3.189539e+06	1.333000e+03	3.193386e+06	1.333000e+03	3.186580e+06	1.333000e+03	3.190490e+06	1.333000e+03	3.193199e+06	1.333000e+03	3.181047e+06	1.333000e+03	3.190464e+06	1.333000e+03	3.178920e+06	1.333000e+03	3.185112e+06	1.333000e+03	3.189708e+06	1.333000e+03	3.187095e+06	1.333000e+03	3.185134e+06	1.333000e+03	3.195968e+06	1.333000e+03	3.190927e+06	1.333000e+03	3.191192e+06	1.333000e+03	3.191011e+06	1.333000e+03	3.175213e+06	1.333000e+03	3.187555e+06	1.333000e+03	3.185835e+06	1.333000e+03	3.178530e+06	1.333000e+03	3.189147e+06	1.333000e+03	3.186595e+06	1.333000e+03	3.186905e+06	1.333000e+03	3.184888e+06	1.333000e+03	3.181053e+06	1.333000e+03	3.193680e+06	1.333000e+03	3.182962e+06	1.333000e+03	3.179631e+06	1.333000e+03	3.181054e+06	1.333000e+03	3.185751e+06	1.333000e+03	3.193240e+06	1.333000e+03	3.184318e+06	1.333000e+03	3.188787e+06	1.333000e+03	3.196489e+06	1.333000e+03	3.200132e+06	1.333000e+03	3.189521e+06	1.333000e+03	3.182019e+06	1.333000e+03	3.184347e+06	1.333000e+03	3.176101e+06	1.333000e+03	3.180681e+06	1.333000e+03	3.181069e+06	1.333000e+03	3.182956e+06	1.333000e+03	3.183536e+06	1.333000e+03	3.186487e+06	1.333000e+03	3.194531e+06	1.333000e+03	3.188329e+06	1.333000e+03	3.180720e+06	1.333000e+03	3.188865e+06	1.333000e+03	3.195458e+06	1.333000e+03	3.201265e+06	1.333000e+03	3.199123e+06	1.333000e+03	3.187458e+06	1.333000e+03	3.191931e+06	1.333000e+03	3.195937e+06	1.333000e+03	3.197239e+06	1.333000e+03	3.200791e+06	1.333000e+03	3.197721e+06	1.333000e+03	3.203128e+06	1.333000e+03	3.199341e+06	1.333000e+03	3.207675e+06	1.333000e+03	3.190274e+06	1.333000e+03	3.195405e+06	1.333000e+03	3.196047e+06	1.333000e+03	3.202635e+06	1.333000e+03	3.199080e+06	1.333000e+03	3.202840e+06	1.333000e+03	3.207620e+06	1.333000e+03	3.197792e+06	1.333000e+03	3.197472e+06	1.333000e+03	3.204956e+06	1.333000e+03	3.194473e+06	1.333000e+03	3.200458e+06	1.333000e+03	3.210417e+06	1.333000e+03	3.201460e+06	1.333000e+03	3.200431e+06	1.333000e+03	3.209145e+06	1.333000e+03	3.209851e+06	1.333000e+03	3.205843e+06	1.333000e+03	3.196407e+06	1.333000e+03	3.207488e+06	1.333000e+03	3.204167e+06	1.333000e+03	3.214807e+06	1.333000e+03	3.210181e+06	1.333000e+03	3.200772e+06	1.333000e+03	3.207044e+06	1.333000e+03	3.207781e+06	1.333000e+03	3.211930e+06	1.333000e+03	3.207167e+06	1.333000e+03	3.211949e+06
1.334000e+03	3.115478e+06	1.334000e+03	3.123296e+06	1.334000e+03	3.140137e+06	1.334000e+03	3.118349e+06	1.334000e+03	3.131688e+06	1.334000e+03	3.133151e+06	1.334000e+03	3.139477e+06	1.334000e+03	3.141643e+06	1.334000e+03	3.138699e+06	1.334000e+03	3.143660e+06	1.334000e+03	3.175521e+06	1.334000e+03	3.172633e+06	1.334000e+03	3.166250e+06	1.334000e+03	3.155224e+06	1.334000e+03	3.163768e+06	1.334000e+03	3.157171e+06	1.334000e+03	3.162494e+06	1.334000e+03	3.170993e+06	1.334000e+03	3.154623e+06	1.334000e+03	3.161485e+06	1.334000e+03	3.155885e+06	1.334000e+03	3.151693e+06	1.334000e+03	3.161374e+06	1.334000e+03	3.162476e+06	1.334000e+03	3.160240e+06	1.334000e+03	3.169489e+06	1.334000e+03	3.153004e+06	1.334000e+03	3.146904e+06	1.334000e+03	3.148381e+06	1.334000e+03	3.150461e+06	1.334000e+03	3.159443e+06	1.334000e+03	3.150093e+06	1.334000e+03	3.168995e+06	1.334000e+03	3.153097e+06	1.334000e+03	3.166024e+06	1.334000e+03	3.175942e+06	1.334000e+03	3.171554e+06	1.334000e+03	3.163458e+06	1.334000e+03	3.139612e+06	1.334000e+03	3.164079e+06	1.334000e+03	3.163800e+06	1.334000e+03	3.153271e+06	1.334000e+03	3.152164e+06	1.334000e+03	3.160472e+06	1.334000e+03	3.157409e+06	1.334000e+03	3.157183e+06	1.334000e+03	3.157949e+06	1.334000e+03	3.162025e+06	1.334000e+03	3.158273e+06	1.334000e+03	3.164556e+06	1.334000e+03	3.165795e+06	1.334000e+03	3.158287e+06	1.334000e+03	3.170898e+06	1.334000e+03	3.161804e+06	1.334000e+03	3.175408e+06	1.334000e+03	3.165731e+06	1.334000e+03	3.165480e+06	1.334000e+03	3.170039e+06	1.334000e+03	3.173743e+06	1.334000e+03	3.153382e+06	1.334000e+03	3.164792e+06	1.334000e+03	3.162676e+06	1.334000e+03	3.171392e+06	1.334000e+03	3.168669e+06	1.334000e+03	3.161358e+06	1.334000e+03	3.177698e+06	1.334000e+03	3.179265e+06	1.334000e+03	3.176146e+06	1.334000e+03	3.172236e+06	1.334000e+03	3.164638e+06	1.334000e+03	3.169604e+06	1.334000e+03	3.161590e+06	1.334000e+03	3.169893e+06	1.334000e+03	3.173946e+06	1.334000e+03	3.173497e+06	1.334000e+03	3.166716e+06	1.334000e+03	3.174874e+06	1.334000e+03	3.177954e+06	1.334000e+03	3.182291e+06	1.334000e+03	3.180656e+06	1.334000e+03	3.185372e+06	1.334000e+03	3.187030e+06	1.334000e+03	3.185268e+06	1.334000e+03	3.174519e+06	1.334000e+03	3.177554e+06	1.334000e+03	3.188553e+06	1.334000e+03	3.184736e+06	1.334000e+03	3.188917e+06	1.334000e+03	3.176057e+06	1.334000e+03	3.178723e+06	1.334000e+03	3.179347e+06	1.334000e+03	3.181183e+06	1.334000e+03	3.184193e+06	1.334000e+03	3.182909e+06	1.334000e+03	3.183165e+06	1.334000e+03	3.195295e+06	1.334000e+03	3.182437e+06	1.334000e+03	3.178114e+06	1.334000e+03	3.177816e+06	1.334000e+03	3.188779e+06	1.334000e+03	3.194177e+06	1.334000e+03	3.185768e+06	1.334000e+03	3.182621e+06	1.334000e+03	3.185024e+06	1.334000e+03	3.184644e+06	1.334000e+03	3.186880e+06	1.334000e+03	3.182182e+06	1.334000e+03	3.194918e+06	1.334000e+03	3.181917e+06	1.334000e+03	3.186308e+06	1.334000e+03	3.190822e+06	1.334000e+03	3.190101e+06	1.334000e+03	3.182918e+06	1.334000e+03	3.191458e+06	1.334000e+03	3.185588e+06	1.334000e+03	3.195521e+06	1.334000e+03	3.186272e+06	1.334000e+03	3.182453e+06	1.334000e+03	3.190030e+06	1.334000e+03	3.189505e+06	1.334000e+03	3.193606e+06	1.334000e+03	3.185571e+06	1.334000e+03	3.186708e+06	1.334000e+03	3.189701e+06	1.334000e+03	3.182527e+06	1.334000e+03	3.189605e+06	1.334000e+03	3.181405e+06	1.334000e+03	3.185294e+06	1.334000e+03	3.190761e+06	1.334000e+03	3.186485e+06	1.334000e+03	3.186901e+06	1.334000e+03	3.197349e+06	1.334000e+03	3.188445e+06	1.334000e+03	3.193566e+06	1.334000e+03	3.193446e+06	1.334000e+03	3.177799e+06	1.334000e+03	3.185137e+06	1.334000e+03	3.188067e+06	1.334000e+03	3.180673e+06	1.334000e+03	3.189191e+06	1.334000e+03	3.182992e+06	1.334000e+03	3.188855e+06	1.334000e+03	3.185843e+06	1.334000e+03	3.182681e+06	1.334000e+03	3.193304e+06	1.334000e+03	3.181651e+06	1.334000e+03	3.179661e+06	1.334000e+03	3.181694e+06	1.334000e+03	3.185690e+06	1.334000e+03	3.191437e+06	1.334000e+03	3.184147e+06	1.334000e+03	3.189234e+06	1.334000e+03	3.194437e+06	1.334000e+03	3.194463e+06	1.334000e+03	3.192236e+06	1.334000e+03	3.181480e+06	1.334000e+03	3.184719e+06	1.334000e+03	3.175415e+06	1.334000e+03	3.183376e+06	1.334000e+03	3.183216e+06	1.334000e+03	3.182828e+06	1.334000e+03	3.184079e+06	1.334000e+03	3.182563e+06	1.334000e+03	3.189035e+06	1.334000e+03	3.188572e+06	1.334000e+03	3.182078e+06	1.334000e+03	3.185927e+06	1.334000e+03	3.194971e+06	1.334000e+03	3.198722e+06	1.334000e+03	3.198123e+06	1.334000e+03	3.190240e+06	1.334000e+03	3.193765e+06	1.334000e+03	3.197648e+06	1.334000e+03	3.198518e+06	1.334000e+03	3.198399e+06	1.334000e+03	3.197545e+06	1.334000e+03	3.209729e+06	1.334000e+03	3.203028e+06	1.334000e+03	3.200366e+06	1.334000e+03	3.192677e+06	1.334000e+03	3.195255e+06	1.334000e+03	3.196057e+06	1.334000e+03	3.198121e+06	1.334000e+03	3.201419e+06	1.334000e+03	3.201331e+06	1.334000e+03	3.207010e+06	1.334000e+03	3.195244e+06	1.334000e+03	3.198492e+06	1.334000e+03	3.202318e+06	1.334000e+03	3.193230e+06	1.334000e+03	3.203904e+06	1.334000e+03	3.211074e+06	1.334000e+03	3.196975e+06	1.334000e+03	3.201341e+06	1.334000e+03	3.211828e+06	1.334000e+03	3.212698e+06	1.334000e+03	3.203346e+06	1.334000e+03	3.198906e+06	1.334000e+03	3.216643e+06	1.334000e+03	3.199115e+06	1.334000e+03	3.215859e+06	1.334000e+03	3.208406e+06	1.334000e+03	3.199324e+06	1.334000e+03	3.207948e+06	1.334000e+03	3.209087e+06	1.334000e+03	3.209646e+06	1.334000e+03	3.208282e+06	1.334000e+03	3.209036e+06
1.335000e+03	3.119498e+06	1.335000e+03	3.122688e+06	1.335000e+03	3.142547e+06	1.335000e+03	3.119382e+06	1.335000e+03	3.131131e+06	1.335000e+03	3.130823e+06	1.335000e+03	3.138342e+06	1.335000e+03	3.140070e+06	1.335000e+03	3.141953e+06	1.335000e+03	3.144081e+06	1.335000e+03	3.171146e+06	1.335000e+03	3.171705e+06	1.335000e+03	3.163382e+06	1.335000e+03	3.156290e+06	1.335000e+03	3.167034e+06	1.335000e+03	3.153672e+06	1.335000e+03	3.156441e+06	1.335000e+03	3.170948e+06	1.335000e+03	3.153070e+06	1.335000e+03	3.162500e+06	1.335000e+03	3.157090e+06	1.335000e+03	3.148288e+06	1.335000e+03	3.156820e+06	1.335000e+03	3.162166e+06	1.335000e+03	3.158621e+06	1.335000e+03	3.166826e+06	1.335000e+03	3.154980e+06	1.335000e+03	3.147507e+06	1.335000e+03	3.148933e+06	1.335000e+03	3.148658e+06	1.335000e+03	3.157720e+06	1.335000e+03	3.152323e+06	1.335000e+03	3.168490e+06	1.335000e+03	3.151158e+06	1.335000e+03	3.166087e+06	1.335000e+03	3.176260e+06	1.335000e+03	3.170269e+06	1.335000e+03	3.161177e+06	1.335000e+03	3.144148e+06	1.335000e+03	3.161769e+06	1.335000e+03	3.165520e+06	1.335000e+03	3.154102e+06	1.335000e+03	3.154096e+06	1.335000e+03	3.161943e+06	1.335000e+03	3.161400e+06	1.335000e+03	3.159519e+06	1.335000e+03	3.158875e+06	1.335000e+03	3.160836e+06	1.335000e+03	3.155874e+06	1.335000e+03	3.162263e+06	1.335000e+03	3.169749e+06	1.335000e+03	3.159537e+06	1.335000e+03	3.167139e+06	1.335000e+03	3.161287e+06	1.335000e+03	3.169926e+06	1.335000e+03	3.158816e+06	1.335000e+03	3.160030e+06	1.335000e+03	3.172160e+06	1.335000e+03	3.172473e+06	1.335000e+03	3.164795e+06	1.335000e+03	3.162860e+06	1.335000e+03	3.164003e+06	1.335000e+03	3.166318e+06	1.335000e+03	3.171199e+06	1.335000e+03	3.164118e+06	1.335000e+03	3.178535e+06	1.335000e+03	3.179608e+06	1.335000e+03	3.175481e+06	1.335000e+03	3.172993e+06	1.335000e+03	3.162177e+06	1.335000e+03	3.171095e+06	1.335000e+03	3.163116e+06	1.335000e+03	3.172722e+06	1.335000e+03	3.180215e+06	1.335000e+03	3.175109e+06	1.335000e+03	3.165369e+06	1.335000e+03	3.176271e+06	1.335000e+03	3.174900e+06	1.335000e+03	3.181510e+06	1.335000e+03	3.176954e+06	1.335000e+03	3.181692e+06	1.335000e+03	3.186543e+06	1.335000e+03	3.184808e+06	1.335000e+03	3.170984e+06	1.335000e+03	3.179602e+06	1.335000e+03	3.183249e+06	1.335000e+03	3.186330e+06	1.335000e+03	3.187469e+06	1.335000e+03	3.174681e+06	1.335000e+03	3.182287e+06	1.335000e+03	3.182003e+06	1.335000e+03	3.178784e+06	1.335000e+03	3.182698e+06	1.335000e+03	3.184596e+06	1.335000e+03	3.180431e+06	1.335000e+03	3.197275e+06	1.335000e+03	3.180336e+06	1.335000e+03	3.179641e+06	1.335000e+03	3.183412e+06	1.335000e+03	3.187243e+06	1.335000e+03	3.193642e+06	1.335000e+03	3.186292e+06	1.335000e+03	3.185100e+06	1.335000e+03	3.184512e+06	1.335000e+03	3.185245e+06	1.335000e+03	3.183618e+06	1.335000e+03	3.180487e+06	1.335000e+03	3.190648e+06	1.335000e+03	3.182549e+06	1.335000e+03	3.185049e+06	1.335000e+03	3.186277e+06	1.335000e+03	3.190577e+06	1.335000e+03	3.183812e+06	1.335000e+03	3.191771e+06	1.335000e+03	3.184439e+06	1.335000e+03	3.191311e+06	1.335000e+03	3.183666e+06	1.335000e+03	3.182051e+06	1.335000e+03	3.189060e+06	1.335000e+03	3.185118e+06	1.335000e+03	3.192069e+06	1.335000e+03	3.189759e+06	1.335000e+03	3.190829e+06	1.335000e+03	3.195354e+06	1.335000e+03	3.184036e+06	1.335000e+03	3.189645e+06	1.335000e+03	3.180891e+06	1.335000e+03	3.185434e+06	1.335000e+03	3.190832e+06	1.335000e+03	3.190751e+06	1.335000e+03	3.190604e+06	1.335000e+03	3.200156e+06	1.335000e+03	3.185603e+06	1.335000e+03	3.193810e+06	1.335000e+03	3.196715e+06	1.335000e+03	3.175134e+06	1.335000e+03	3.184916e+06	1.335000e+03	3.189715e+06	1.335000e+03	3.183856e+06	1.335000e+03	3.193812e+06	1.335000e+03	3.183165e+06	1.335000e+03	3.191273e+06	1.335000e+03	3.183434e+06	1.335000e+03	3.186258e+06	1.335000e+03	3.192241e+06	1.335000e+03	3.181935e+06	1.335000e+03	3.185134e+06	1.335000e+03	3.183028e+06	1.335000e+03	3.185554e+06	1.335000e+03	3.192558e+06	1.335000e+03	3.181956e+06	1.335000e+03	3.190889e+06	1.335000e+03	3.192517e+06	1.335000e+03	3.194163e+06	1.335000e+03	3.192392e+06	1.335000e+03	3.182447e+06	1.335000e+03	3.185016e+06	1.335000e+03	3.176523e+06	1.335000e+03	3.180825e+06	1.335000e+03	3.185074e+06	1.335000e+03	3.188058e+06	1.335000e+03	3.188322e+06	1.335000e+03	3.184915e+06	1.335000e+03	3.185849e+06	1.335000e+03	3.190416e+06	1.335000e+03	3.181807e+06	1.335000e+03	3.187041e+06	1.335000e+03	3.193035e+06	1.335000e+03	3.196287e+06	1.335000e+03	3.196517e+06	1.335000e+03	3.198035e+06	1.335000e+03	3.193791e+06	1.335000e+03	3.194068e+06	1.335000e+03	3.195607e+06	1.335000e+03	3.196965e+06	1.335000e+03	3.200807e+06	1.335000e+03	3.205115e+06	1.335000e+03	3.202136e+06	1.335000e+03	3.201973e+06	1.335000e+03	3.190273e+06	1.335000e+03	3.198025e+06	1.335000e+03	3.196150e+06	1.335000e+03	3.200123e+06	1.335000e+03	3.203242e+06	1.335000e+03	3.197504e+06	1.335000e+03	3.208094e+06	1.335000e+03	3.200694e+06	1.335000e+03	3.200357e+06	1.335000e+03	3.208540e+06	1.335000e+03	3.197538e+06	1.335000e+03	3.204240e+06	1.335000e+03	3.210413e+06	1.335000e+03	3.198701e+06	1.335000e+03	3.203712e+06	1.335000e+03	3.214880e+06	1.335000e+03	3.208155e+06	1.335000e+03	3.204819e+06	1.335000e+03	3.197478e+06	1.335000e+03	3.214310e+06	1.335000e+03	3.203309e+06	1.335000e+03	3.212402e+06	1.335000e+03	3.205882e+06	1.335000e+03	3.204047e+06	1.335000e+03	3.208823e+06	1.335000e+03	3.210116e+06	1.335000e+03	3.211082e+06	1.335000e+03	3.205050e+06	1.335000e+03	3.210375e+06
1.336000e+03	3.115618e+06	1.336000e+03	3.125514e+06	1.336000e+03	3.136835e+06	1.336000e+03	3.110750e+06	1.336000e+03	3.132147e+06	1.336000e+03	3.139455e+06	1.336000e+03	3.139860e+06	1.336000e+03	3.137736e+06	1.336000e+03	3.146144e+06	1.336000e+03	3.143760e+06	1.336000e+03	3.171201e+06	1.336000e+03	3.170520e+06	1.336000e+03	3.161856e+06	1.336000e+03	3.157961e+06	1.336000e+03	3.168546e+06	1.336000e+03	3.155359e+06	1.336000e+03	3.156321e+06	1.336000e+03	3.171225e+06	1.336000e+03	3.149791e+06	1.336000e+03	3.161218e+06	1.336000e+03	3.157106e+06	1.336000e+03	3.150983e+06	1.336000e+03	3.162461e+06	1.336000e+03	3.168374e+06	1.336000e+03	3.159755e+06	1.336000e+03	3.166636e+06	1.336000e+03	3.155350e+06	1.336000e+03	3.146534e+06	1.336000e+03	3.150996e+06	1.336000e+03	3.150624e+06	1.336000e+03	3.151065e+06	1.336000e+03	3.146943e+06	1.336000e+03	3.160895e+06	1.336000e+03	3.156931e+06	1.336000e+03	3.163369e+06	1.336000e+03	3.172669e+06	1.336000e+03	3.171273e+06	1.336000e+03	3.162854e+06	1.336000e+03	3.145519e+06	1.336000e+03	3.164398e+06	1.336000e+03	3.167942e+06	1.336000e+03	3.152331e+06	1.336000e+03	3.155672e+06	1.336000e+03	3.162787e+06	1.336000e+03	3.162689e+06	1.336000e+03	3.160641e+06	1.336000e+03	3.159899e+06	1.336000e+03	3.162884e+06	1.336000e+03	3.159156e+06	1.336000e+03	3.162380e+06	1.336000e+03	3.165496e+06	1.336000e+03	3.166701e+06	1.336000e+03	3.164229e+06	1.336000e+03	3.163592e+06	1.336000e+03	3.172581e+06	1.336000e+03	3.162412e+06	1.336000e+03	3.161650e+06	1.336000e+03	3.174746e+06	1.336000e+03	3.175646e+06	1.336000e+03	3.156957e+06	1.336000e+03	3.167916e+06	1.336000e+03	3.160111e+06	1.336000e+03	3.169913e+06	1.336000e+03	3.170243e+06	1.336000e+03	3.162443e+06	1.336000e+03	3.176935e+06	1.336000e+03	3.179358e+06	1.336000e+03	3.177883e+06	1.336000e+03	3.176298e+06	1.336000e+03	3.164450e+06	1.336000e+03	3.168495e+06	1.336000e+03	3.167588e+06	1.336000e+03	3.172610e+06	1.336000e+03	3.174708e+06	1.336000e+03	3.174997e+06	1.336000e+03	3.167055e+06	1.336000e+03	3.177842e+06	1.336000e+03	3.174204e+06	1.336000e+03	3.185652e+06	1.336000e+03	3.180265e+06	1.336000e+03	3.180305e+06	1.336000e+03	3.183351e+06	1.336000e+03	3.182576e+06	1.336000e+03	3.172529e+06	1.336000e+03	3.178678e+06	1.336000e+03	3.183971e+06	1.336000e+03	3.181378e+06	1.336000e+03	3.189065e+06	1.336000e+03	3.177518e+06	1.336000e+03	3.178262e+06	1.336000e+03	3.184867e+06	1.336000e+03	3.180556e+06	1.336000e+03	3.186641e+06	1.336000e+03	3.183217e+06	1.336000e+03	3.182114e+06	1.336000e+03	3.188411e+06	1.336000e+03	3.178634e+06	1.336000e+03	3.178111e+06	1.336000e+03	3.180935e+06	1.336000e+03	3.182663e+06	1.336000e+03	3.195961e+06	1.336000e+03	3.185819e+06	1.336000e+03	3.187402e+06	1.336000e+03	3.191188e+06	1.336000e+03	3.183303e+06	1.336000e+03	3.182271e+06	1.336000e+03	3.182168e+06	1.336000e+03	3.194713e+06	1.336000e+03	3.190976e+06	1.336000e+03	3.181642e+06	1.336000e+03	3.187408e+06	1.336000e+03	3.192991e+06	1.336000e+03	3.184337e+06	1.336000e+03	3.189158e+06	1.336000e+03	3.181601e+06	1.336000e+03	3.193359e+06	1.336000e+03	3.187491e+06	1.336000e+03	3.182287e+06	1.336000e+03	3.190453e+06	1.336000e+03	3.186372e+06	1.336000e+03	3.189475e+06	1.336000e+03	3.186436e+06	1.336000e+03	3.189383e+06	1.336000e+03	3.194334e+06	1.336000e+03	3.183286e+06	1.336000e+03	3.184943e+06	1.336000e+03	3.179871e+06	1.336000e+03	3.188853e+06	1.336000e+03	3.191688e+06	1.336000e+03	3.189436e+06	1.336000e+03	3.187244e+06	1.336000e+03	3.197805e+06	1.336000e+03	3.182395e+06	1.336000e+03	3.190902e+06	1.336000e+03	3.196832e+06	1.336000e+03	3.167561e+06	1.336000e+03	3.188382e+06	1.336000e+03	3.190445e+06	1.336000e+03	3.176712e+06	1.336000e+03	3.197267e+06	1.336000e+03	3.184473e+06	1.336000e+03	3.192084e+06	1.336000e+03	3.184536e+06	1.336000e+03	3.184058e+06	1.336000e+03	3.189575e+06	1.336000e+03	3.181664e+06	1.336000e+03	3.182028e+06	1.336000e+03	3.187416e+06	1.336000e+03	3.183874e+06	1.336000e+03	3.194658e+06	1.336000e+03	3.180411e+06	1.336000e+03	3.193024e+06	1.336000e+03	3.193325e+06	1.336000e+03	3.194084e+06	1.336000e+03	3.193722e+06	1.336000e+03	3.180279e+06	1.336000e+03	3.187944e+06	1.336000e+03	3.179561e+06	1.336000e+03	3.179768e+06	1.336000e+03	3.184997e+06	1.336000e+03	3.180307e+06	1.336000e+03	3.185200e+06	1.336000e+03	3.189866e+06	1.336000e+03	3.189229e+06	1.336000e+03	3.186941e+06	1.336000e+03	3.183471e+06	1.336000e+03	3.189075e+06	1.336000e+03	3.191012e+06	1.336000e+03	3.196082e+06	1.336000e+03	3.196880e+06	1.336000e+03	3.193337e+06	1.336000e+03	3.193630e+06	1.336000e+03	3.191361e+06	1.336000e+03	3.200613e+06	1.336000e+03	3.198074e+06	1.336000e+03	3.201801e+06	1.336000e+03	3.205033e+06	1.336000e+03	3.204038e+06	1.336000e+03	3.201529e+06	1.336000e+03	3.192636e+06	1.336000e+03	3.198204e+06	1.336000e+03	3.196228e+06	1.336000e+03	3.207397e+06	1.336000e+03	3.198109e+06	1.336000e+03	3.197833e+06	1.336000e+03	3.210071e+06	1.336000e+03	3.198033e+06	1.336000e+03	3.198504e+06	1.336000e+03	3.210059e+06	1.336000e+03	3.196352e+06	1.336000e+03	3.202239e+06	1.336000e+03	3.211165e+06	1.336000e+03	3.200588e+06	1.336000e+03	3.202413e+06	1.336000e+03	3.211996e+06	1.336000e+03	3.208162e+06	1.336000e+03	3.203322e+06	1.336000e+03	3.201740e+06	1.336000e+03	3.214527e+06	1.336000e+03	3.208649e+06	1.336000e+03	3.210705e+06	1.336000e+03	3.206207e+06	1.336000e+03	3.204083e+06	1.336000e+03	3.210493e+06	1.336000e+03	3.208337e+06	1.336000e+03	3.211956e+06	1.336000e+03	3.209563e+06	1.336000e+03	3.211157e+06
1.337000e+03	3.115199e+06	1.337000e+03	3.120201e+06	1.337000e+03	3.135572e+06	1.337000e+03	3.114127e+06	1.337000e+03	3.132582e+06	1.337000e+03	3.141614e+06	1.337000e+03	3.138700e+06	1.337000e+03	3.137168e+06	1.337000e+03	3.144303e+06	1.337000e+03	3.146689e+06	1.337000e+03	3.173603e+06	1.337000e+03	3.170468e+06	1.337000e+03	3.160665e+06	1.337000e+03	3.158978e+06	1.337000e+03	3.160162e+06	1.337000e+03	3.158567e+06	1.337000e+03	3.160648e+06	1.337000e+03	3.162731e+06	1.337000e+03	3.152076e+06	1.337000e+03	3.158840e+06	1.337000e+03	3.156961e+06	1.337000e+03	3.152704e+06	1.337000e+03	3.164404e+06	1.337000e+03	3.165255e+06	1.337000e+03	3.160780e+06	1.337000e+03	3.165404e+06	1.337000e+03	3.154525e+06	1.337000e+03	3.146430e+06	1.337000e+03	3.151123e+06	1.337000e+03	3.151357e+06	1.337000e+03	3.152525e+06	1.337000e+03	3.147849e+06	1.337000e+03	3.163330e+06	1.337000e+03	3.158338e+06	1.337000e+03	3.162378e+06	1.337000e+03	3.172727e+06	1.337000e+03	3.173343e+06	1.337000e+03	3.162663e+06	1.337000e+03	3.144446e+06	1.337000e+03	3.165084e+06	1.337000e+03	3.166464e+06	1.337000e+03	3.155436e+06	1.337000e+03	3.159047e+06	1.337000e+03	3.160486e+06	1.337000e+03	3.160776e+06	1.337000e+03	3.162746e+06	1.337000e+03	3.164078e+06	1.337000e+03	3.161912e+06	1.337000e+03	3.158352e+06	1.337000e+03	3.162958e+06	1.337000e+03	3.165191e+06	1.337000e+03	3.162302e+06	1.337000e+03	3.168782e+06	1.337000e+03	3.162289e+06	1.337000e+03	3.171223e+06	1.337000e+03	3.164510e+06	1.337000e+03	3.162199e+06	1.337000e+03	3.171654e+06	1.337000e+03	3.167954e+06	1.337000e+03	3.156411e+06	1.337000e+03	3.164717e+06	1.337000e+03	3.161449e+06	1.337000e+03	3.165232e+06	1.337000e+03	3.170265e+06	1.337000e+03	3.162512e+06	1.337000e+03	3.179797e+06	1.337000e+03	3.177769e+06	1.337000e+03	3.180794e+06	1.337000e+03	3.171859e+06	1.337000e+03	3.168200e+06	1.337000e+03	3.169489e+06	1.337000e+03	3.168149e+06	1.337000e+03	3.178487e+06	1.337000e+03	3.174491e+06	1.337000e+03	3.173947e+06	1.337000e+03	3.166429e+06	1.337000e+03	3.172462e+06	1.337000e+03	3.175885e+06	1.337000e+03	3.183047e+06	1.337000e+03	3.181117e+06	1.337000e+03	3.180996e+06	1.337000e+03	3.182414e+06	1.337000e+03	3.182371e+06	1.337000e+03	3.173141e+06	1.337000e+03	3.177161e+06	1.337000e+03	3.180449e+06	1.337000e+03	3.183343e+06	1.337000e+03	3.186471e+06	1.337000e+03	3.175893e+06	1.337000e+03	3.177832e+06	1.337000e+03	3.180542e+06	1.337000e+03	3.184101e+06	1.337000e+03	3.187021e+06	1.337000e+03	3.184361e+06	1.337000e+03	3.184765e+06	1.337000e+03	3.186348e+06	1.337000e+03	3.177804e+06	1.337000e+03	3.178197e+06	1.337000e+03	3.182446e+06	1.337000e+03	3.187965e+06	1.337000e+03	3.195113e+06	1.337000e+03	3.185537e+06	1.337000e+03	3.188674e+06	1.337000e+03	3.191323e+06	1.337000e+03	3.184660e+06	1.337000e+03	3.181086e+06	1.337000e+03	3.180212e+06	1.337000e+03	3.186840e+06	1.337000e+03	3.183052e+06	1.337000e+03	3.183460e+06	1.337000e+03	3.188169e+06	1.337000e+03	3.190430e+06	1.337000e+03	3.187948e+06	1.337000e+03	3.187567e+06	1.337000e+03	3.186592e+06	1.337000e+03	3.195437e+06	1.337000e+03	3.187755e+06	1.337000e+03	3.185250e+06	1.337000e+03	3.194450e+06	1.337000e+03	3.188036e+06	1.337000e+03	3.187276e+06	1.337000e+03	3.185319e+06	1.337000e+03	3.189702e+06	1.337000e+03	3.194575e+06	1.337000e+03	3.182813e+06	1.337000e+03	3.173799e+06	1.337000e+03	3.183321e+06	1.337000e+03	3.183652e+06	1.337000e+03	3.195408e+06	1.337000e+03	3.186521e+06	1.337000e+03	3.186377e+06	1.337000e+03	3.195145e+06	1.337000e+03	3.184238e+06	1.337000e+03	3.194328e+06	1.337000e+03	3.198060e+06	1.337000e+03	3.164421e+06	1.337000e+03	3.186853e+06	1.337000e+03	3.188122e+06	1.337000e+03	3.178823e+06	1.337000e+03	3.190950e+06	1.337000e+03	3.185933e+06	1.337000e+03	3.190614e+06	1.337000e+03	3.186676e+06	1.337000e+03	3.186507e+06	1.337000e+03	3.195468e+06	1.337000e+03	3.180810e+06	1.337000e+03	3.185050e+06	1.337000e+03	3.183213e+06	1.337000e+03	3.183695e+06	1.337000e+03	3.192553e+06	1.337000e+03	3.190007e+06	1.337000e+03	3.194051e+06	1.337000e+03	3.193681e+06	1.337000e+03	3.194132e+06	1.337000e+03	3.197196e+06	1.337000e+03	3.184982e+06	1.337000e+03	3.185790e+06	1.337000e+03	3.180650e+06	1.337000e+03	3.182279e+06	1.337000e+03	3.187770e+06	1.337000e+03	3.178862e+06	1.337000e+03	3.187759e+06	1.337000e+03	3.184611e+06	1.337000e+03	3.187848e+06	1.337000e+03	3.189454e+06	1.337000e+03	3.186108e+06	1.337000e+03	3.187074e+06	1.337000e+03	3.189656e+06	1.337000e+03	3.200710e+06	1.337000e+03	3.200585e+06	1.337000e+03	3.191399e+06	1.337000e+03	3.194441e+06	1.337000e+03	3.191829e+06	1.337000e+03	3.197331e+06	1.337000e+03	3.196521e+06	1.337000e+03	3.201051e+06	1.337000e+03	3.204313e+06	1.337000e+03	3.202943e+06	1.337000e+03	3.204709e+06	1.337000e+03	3.188915e+06	1.337000e+03	3.198379e+06	1.337000e+03	3.197148e+06	1.337000e+03	3.203504e+06	1.337000e+03	3.198833e+06	1.337000e+03	3.199249e+06	1.337000e+03	3.208223e+06	1.337000e+03	3.199688e+06	1.337000e+03	3.200354e+06	1.337000e+03	3.209299e+06	1.337000e+03	3.196514e+06	1.337000e+03	3.201949e+06	1.337000e+03	3.212991e+06	1.337000e+03	3.199235e+06	1.337000e+03	3.203690e+06	1.337000e+03	3.210259e+06	1.337000e+03	3.206520e+06	1.337000e+03	3.201907e+06	1.337000e+03	3.203062e+06	1.337000e+03	3.209957e+06	1.337000e+03	3.204530e+06	1.337000e+03	3.212483e+06	1.337000e+03	3.208771e+06	1.337000e+03	3.201501e+06	1.337000e+03	3.208266e+06	1.337000e+03	3.209486e+06	1.337000e+03	3.210642e+06	1.337000e+03	3.208256e+06	1.337000e+03	3.208816e+06
1.338000e+03	3.115250e+06	1.338000e+03	3.122864e+06	1.338000e+03	3.135475e+06	1.338000e+03	3.110646e+06	1.338000e+03	3.131751e+06	1.338000e+03	3.131908e+06	1.338000e+03	3.141328e+06	1.338000e+03	3.137128e+06	1.338000e+03	3.145358e+06	1.338000e+03	3.151034e+06	1.338000e+03	3.170350e+06	1.338000e+03	3.168981e+06	1.338000e+03	3.164667e+06	1.338000e+03	3.157115e+06	1.338000e+03	3.159951e+06	1.338000e+03	3.157175e+06	1.338000e+03	3.168891e+06	1.338000e+03	3.158007e+06	1.338000e+03	3.159579e+06	1.338000e+03	3.164222e+06	1.338000e+03	3.155341e+06	1.338000e+03	3.152817e+06	1.338000e+03	3.162105e+06	1.338000e+03	3.164687e+06	1.338000e+03	3.159250e+06	1.338000e+03	3.164129e+06	1.338000e+03	3.152178e+06	1.338000e+03	3.150027e+06	1.338000e+03	3.149672e+06	1.338000e+03	3.149767e+06	1.338000e+03	3.158733e+06	1.338000e+03	3.145345e+06	1.338000e+03	3.161559e+06	1.338000e+03	3.157483e+06	1.338000e+03	3.165893e+06	1.338000e+03	3.167149e+06	1.338000e+03	3.176712e+06	1.338000e+03	3.166964e+06	1.338000e+03	3.145425e+06	1.338000e+03	3.161312e+06	1.338000e+03	3.161993e+06	1.338000e+03	3.155691e+06	1.338000e+03	3.154955e+06	1.338000e+03	3.150855e+06	1.338000e+03	3.160103e+06	1.338000e+03	3.161858e+06	1.338000e+03	3.160968e+06	1.338000e+03	3.161327e+06	1.338000e+03	3.153130e+06	1.338000e+03	3.163582e+06	1.338000e+03	3.160089e+06	1.338000e+03	3.164307e+06	1.338000e+03	3.166776e+06	1.338000e+03	3.163185e+06	1.338000e+03	3.170497e+06	1.338000e+03	3.159771e+06	1.338000e+03	3.166195e+06	1.338000e+03	3.169242e+06	1.338000e+03	3.169691e+06	1.338000e+03	3.158772e+06	1.338000e+03	3.169100e+06	1.338000e+03	3.160706e+06	1.338000e+03	3.167172e+06	1.338000e+03	3.168132e+06	1.338000e+03	3.167487e+06	1.338000e+03	3.177786e+06	1.338000e+03	3.177112e+06	1.338000e+03	3.183256e+06	1.338000e+03	3.170585e+06	1.338000e+03	3.165647e+06	1.338000e+03	3.168527e+06	1.338000e+03	3.167285e+06	1.338000e+03	3.173759e+06	1.338000e+03	3.174492e+06	1.338000e+03	3.178664e+06	1.338000e+03	3.165666e+06	1.338000e+03	3.173835e+06	1.338000e+03	3.170655e+06	1.338000e+03	3.180960e+06	1.338000e+03	3.181282e+06	1.338000e+03	3.179084e+06	1.338000e+03	3.186499e+06	1.338000e+03	3.183095e+06	1.338000e+03	3.175393e+06	1.338000e+03	3.179009e+06	1.338000e+03	3.185360e+06	1.338000e+03	3.183760e+06	1.338000e+03	3.187690e+06	1.338000e+03	3.181103e+06	1.338000e+03	3.178804e+06	1.338000e+03	3.183342e+06	1.338000e+03	3.181723e+06	1.338000e+03	3.184660e+06	1.338000e+03	3.181338e+06	1.338000e+03	3.185107e+06	1.338000e+03	3.189445e+06	1.338000e+03	3.177856e+06	1.338000e+03	3.183156e+06	1.338000e+03	3.188052e+06	1.338000e+03	3.186373e+06	1.338000e+03	3.195762e+06	1.338000e+03	3.190484e+06	1.338000e+03	3.186503e+06	1.338000e+03	3.187037e+06	1.338000e+03	3.184343e+06	1.338000e+03	3.186460e+06	1.338000e+03	3.183311e+06	1.338000e+03	3.188786e+06	1.338000e+03	3.185579e+06	1.338000e+03	3.185410e+06	1.338000e+03	3.188636e+06	1.338000e+03	3.192883e+06	1.338000e+03	3.186131e+06	1.338000e+03	3.183766e+06	1.338000e+03	3.183597e+06	1.338000e+03	3.188422e+06	1.338000e+03	3.187342e+06	1.338000e+03	3.181215e+06	1.338000e+03	3.196744e+06	1.338000e+03	3.192690e+06	1.338000e+03	3.185205e+06	1.338000e+03	3.186102e+06	1.338000e+03	3.190963e+06	1.338000e+03	3.194559e+06	1.338000e+03	3.184594e+06	1.338000e+03	3.166336e+06	1.338000e+03	3.179535e+06	1.338000e+03	3.186465e+06	1.338000e+03	3.190003e+06	1.338000e+03	3.187899e+06	1.338000e+03	3.190447e+06	1.338000e+03	3.194904e+06	1.338000e+03	3.185883e+06	1.338000e+03	3.191827e+06	1.338000e+03	3.197727e+06	1.338000e+03	3.167027e+06	1.338000e+03	3.189583e+06	1.338000e+03	3.184677e+06	1.338000e+03	3.176831e+06	1.338000e+03	3.192595e+06	1.338000e+03	3.190096e+06	1.338000e+03	3.192292e+06	1.338000e+03	3.189588e+06	1.338000e+03	3.187353e+06	1.338000e+03	3.194404e+06	1.338000e+03	3.179277e+06	1.338000e+03	3.184419e+06	1.338000e+03	3.181402e+06	1.338000e+03	3.184311e+06	1.338000e+03	3.194509e+06	1.338000e+03	3.188125e+06	1.338000e+03	3.195405e+06	1.338000e+03	3.198278e+06	1.338000e+03	3.186538e+06	1.338000e+03	3.195731e+06	1.338000e+03	3.183585e+06	1.338000e+03	3.184220e+06	1.338000e+03	3.182145e+06	1.338000e+03	3.186269e+06	1.338000e+03	3.186015e+06	1.338000e+03	3.181347e+06	1.338000e+03	3.191354e+06	1.338000e+03	3.185083e+06	1.338000e+03	3.187418e+06	1.338000e+03	3.188054e+06	1.338000e+03	3.182602e+06	1.338000e+03	3.188863e+06	1.338000e+03	3.191219e+06	1.338000e+03	3.200227e+06	1.338000e+03	3.203594e+06	1.338000e+03	3.191131e+06	1.338000e+03	3.194108e+06	1.338000e+03	3.192010e+06	1.338000e+03	3.197937e+06	1.338000e+03	3.196401e+06	1.338000e+03	3.199628e+06	1.338000e+03	3.202902e+06	1.338000e+03	3.203792e+06	1.338000e+03	3.199795e+06	1.338000e+03	3.188823e+06	1.338000e+03	3.197089e+06	1.338000e+03	3.194695e+06	1.338000e+03	3.200028e+06	1.338000e+03	3.201048e+06	1.338000e+03	3.198946e+06	1.338000e+03	3.207276e+06	1.338000e+03	3.199781e+06	1.338000e+03	3.200614e+06	1.338000e+03	3.206986e+06	1.338000e+03	3.192733e+06	1.338000e+03	3.198219e+06	1.338000e+03	3.210551e+06	1.338000e+03	3.201182e+06	1.338000e+03	3.207612e+06	1.338000e+03	3.209327e+06	1.338000e+03	3.205687e+06	1.338000e+03	3.206175e+06	1.338000e+03	3.204034e+06	1.338000e+03	3.210237e+06	1.338000e+03	3.206118e+06	1.338000e+03	3.213946e+06	1.338000e+03	3.207342e+06	1.338000e+03	3.202712e+06	1.338000e+03	3.212747e+06	1.338000e+03	3.209164e+06	1.338000e+03	3.213184e+06	1.338000e+03	3.208118e+06	1.338000e+03	3.208960e+06
1.339000e+03	3.112819e+06	1.339000e+03	3.119369e+06	1.339000e+03	3.135899e+06	1.339000e+03	3.116170e+06	1.339000e+03	3.125173e+06	1.339000e+03	3.134438e+06	1.339000e+03	3.144048e+06	1.339000e+03	3.140388e+06	1.339000e+03	3.146266e+06	1.339000e+03	3.146563e+06	1.339000e+03	3.166437e+06	1.339000e+03	3.165285e+06	1.339000e+03	3.166628e+06	1.339000e+03	3.160201e+06	1.339000e+03	3.161709e+06	1.339000e+03	3.157639e+06	1.339000e+03	3.170385e+06	1.339000e+03	3.159557e+06	1.339000e+03	3.158228e+06	1.339000e+03	3.166157e+06	1.339000e+03	3.152606e+06	1.339000e+03	3.153439e+06	1.339000e+03	3.161551e+06	1.339000e+03	3.167837e+06	1.339000e+03	3.159126e+06	1.339000e+03	3.164864e+06	1.339000e+03	3.153489e+06	1.339000e+03	3.147110e+06	1.339000e+03	3.150856e+06	1.339000e+03	3.151999e+06	1.339000e+03	3.158603e+06	1.339000e+03	3.147010e+06	1.339000e+03	3.163694e+06	1.339000e+03	3.157728e+06	1.339000e+03	3.170490e+06	1.339000e+03	3.166495e+06	1.339000e+03	3.174888e+06	1.339000e+03	3.164799e+06	1.339000e+03	3.146735e+06	1.339000e+03	3.165079e+06	1.339000e+03	3.162852e+06	1.339000e+03	3.158671e+06	1.339000e+03	3.158108e+06	1.339000e+03	3.146800e+06	1.339000e+03	3.157224e+06	1.339000e+03	3.158900e+06	1.339000e+03	3.161838e+06	1.339000e+03	3.161057e+06	1.339000e+03	3.155501e+06	1.339000e+03	3.164651e+06	1.339000e+03	3.168119e+06	1.339000e+03	3.161772e+06	1.339000e+03	3.166801e+06	1.339000e+03	3.164212e+06	1.339000e+03	3.168031e+06	1.339000e+03	3.163775e+06	1.339000e+03	3.167008e+06	1.339000e+03	3.173213e+06	1.339000e+03	3.166552e+06	1.339000e+03	3.158905e+06	1.339000e+03	3.165503e+06	1.339000e+03	3.163736e+06	1.339000e+03	3.165828e+06	1.339000e+03	3.167658e+06	1.339000e+03	3.165070e+06	1.339000e+03	3.180429e+06	1.339000e+03	3.171994e+06	1.339000e+03	3.182782e+06	1.339000e+03	3.171756e+06	1.339000e+03	3.161368e+06	1.339000e+03	3.165220e+06	1.339000e+03	3.166125e+06	1.339000e+03	3.175299e+06	1.339000e+03	3.173802e+06	1.339000e+03	3.177450e+06	1.339000e+03	3.166657e+06	1.339000e+03	3.173840e+06	1.339000e+03	3.170049e+06	1.339000e+03	3.182936e+06	1.339000e+03	3.181166e+06	1.339000e+03	3.185141e+06	1.339000e+03	3.183550e+06	1.339000e+03	3.185018e+06	1.339000e+03	3.175968e+06	1.339000e+03	3.178583e+06	1.339000e+03	3.186514e+06	1.339000e+03	3.185632e+06	1.339000e+03	3.187583e+06	1.339000e+03	3.181042e+06	1.339000e+03	3.178037e+06	1.339000e+03	3.186325e+06	1.339000e+03	3.176881e+06	1.339000e+03	3.183750e+06	1.339000e+03	3.184361e+06	1.339000e+03	3.185113e+06	1.339000e+03	3.189275e+06	1.339000e+03	3.180604e+06	1.339000e+03	3.181776e+06	1.339000e+03	3.184826e+06	1.339000e+03	3.184860e+06	1.339000e+03	3.192429e+06	1.339000e+03	3.187493e+06	1.339000e+03	3.185489e+06	1.339000e+03	3.188562e+06	1.339000e+03	3.186853e+06	1.339000e+03	3.184415e+06	1.339000e+03	3.183779e+06	1.339000e+03	3.187880e+06	1.339000e+03	3.191696e+06	1.339000e+03	3.188723e+06	1.339000e+03	3.185439e+06	1.339000e+03	3.191320e+06	1.339000e+03	3.186545e+06	1.339000e+03	3.185432e+06	1.339000e+03	3.186895e+06	1.339000e+03	3.190873e+06	1.339000e+03	3.186721e+06	1.339000e+03	3.182949e+06	1.339000e+03	3.191323e+06	1.339000e+03	3.195243e+06	1.339000e+03	3.188014e+06	1.339000e+03	3.183622e+06	1.339000e+03	3.190588e+06	1.339000e+03	3.193684e+06	1.339000e+03	3.187832e+06	1.339000e+03	3.164241e+06	1.339000e+03	3.180339e+06	1.339000e+03	3.189033e+06	1.339000e+03	3.183192e+06	1.339000e+03	3.189922e+06	1.339000e+03	3.191930e+06	1.339000e+03	3.193595e+06	1.339000e+03	3.182114e+06	1.339000e+03	3.195512e+06	1.339000e+03	3.197304e+06	1.339000e+03	3.166572e+06	1.339000e+03	3.189228e+06	1.339000e+03	3.179009e+06	1.339000e+03	3.178820e+06	1.339000e+03	3.192723e+06	1.339000e+03	3.189697e+06	1.339000e+03	3.188978e+06	1.339000e+03	3.186835e+06	1.339000e+03	3.186041e+06	1.339000e+03	3.193231e+06	1.339000e+03	3.185852e+06	1.339000e+03	3.181932e+06	1.339000e+03	3.185732e+06	1.339000e+03	3.187454e+06	1.339000e+03	3.193725e+06	1.339000e+03	3.188758e+06	1.339000e+03	3.192764e+06	1.339000e+03	3.197380e+06	1.339000e+03	3.188390e+06	1.339000e+03	3.193252e+06	1.339000e+03	3.181012e+06	1.339000e+03	3.185926e+06	1.339000e+03	3.181757e+06	1.339000e+03	3.181330e+06	1.339000e+03	3.180993e+06	1.339000e+03	3.179569e+06	1.339000e+03	3.191873e+06	1.339000e+03	3.186492e+06	1.339000e+03	3.186037e+06	1.339000e+03	3.187016e+06	1.339000e+03	3.180165e+06	1.339000e+03	3.185924e+06	1.339000e+03	3.196157e+06	1.339000e+03	3.199233e+06	1.339000e+03	3.201714e+06	1.339000e+03	3.191853e+06	1.339000e+03	3.200468e+06	1.339000e+03	3.192904e+06	1.339000e+03	3.200612e+06	1.339000e+03	3.195679e+06	1.339000e+03	3.202580e+06	1.339000e+03	3.205334e+06	1.339000e+03	3.202183e+06	1.339000e+03	3.200744e+06	1.339000e+03	3.186327e+06	1.339000e+03	3.194939e+06	1.339000e+03	3.191672e+06	1.339000e+03	3.209526e+06	1.339000e+03	3.199324e+06	1.339000e+03	3.199618e+06	1.339000e+03	3.207161e+06	1.339000e+03	3.201479e+06	1.339000e+03	3.202311e+06	1.339000e+03	3.202757e+06	1.339000e+03	3.191962e+06	1.339000e+03	3.201385e+06	1.339000e+03	3.213186e+06	1.339000e+03	3.197658e+06	1.339000e+03	3.204677e+06	1.339000e+03	3.208745e+06	1.339000e+03	3.206515e+06	1.339000e+03	3.203663e+06	1.339000e+03	3.207611e+06	1.339000e+03	3.210572e+06	1.339000e+03	3.207573e+06	1.339000e+03	3.210830e+06	1.339000e+03	3.209194e+06	1.339000e+03	3.200475e+06	1.339000e+03	3.208118e+06	1.339000e+03	3.207492e+06	1.339000e+03	3.211600e+06	1.339000e+03	3.205956e+06	1.339000e+03	3.209843e+06
1.340000e+03	3.114500e+06	1.340000e+03	3.125719e+06	1.340000e+03	3.134380e+06	1.340000e+03	3.115640e+06	1.340000e+03	3.127980e+06	1.340000e+03	3.135380e+06	1.340000e+03	3.143981e+06	1.340000e+03	3.137624e+06	1.340000e+03	3.146526e+06	1.340000e+03	3.150998e+06	1.340000e+03	3.170638e+06	1.340000e+03	3.170954e+06	1.340000e+03	3.161166e+06	1.340000e+03	3.158827e+06	1.340000e+03	3.154511e+06	1.340000e+03	3.153415e+06	1.340000e+03	3.171901e+06	1.340000e+03	3.157181e+06	1.340000e+03	3.159167e+06	1.340000e+03	3.165719e+06	1.340000e+03	3.154824e+06	1.340000e+03	3.152920e+06	1.340000e+03	3.166034e+06	1.340000e+03	3.172438e+06	1.340000e+03	3.156430e+06	1.340000e+03	3.168177e+06	1.340000e+03	3.153903e+06	1.340000e+03	3.149034e+06	1.340000e+03	3.151340e+06	1.340000e+03	3.159276e+06	1.340000e+03	3.156362e+06	1.340000e+03	3.147554e+06	1.340000e+03	3.162717e+06	1.340000e+03	3.157416e+06	1.340000e+03	3.169654e+06	1.340000e+03	3.170227e+06	1.340000e+03	3.176178e+06	1.340000e+03	3.168496e+06	1.340000e+03	3.148322e+06	1.340000e+03	3.164718e+06	1.340000e+03	3.160246e+06	1.340000e+03	3.167932e+06	1.340000e+03	3.156591e+06	1.340000e+03	3.150543e+06	1.340000e+03	3.155857e+06	1.340000e+03	3.158437e+06	1.340000e+03	3.162112e+06	1.340000e+03	3.161707e+06	1.340000e+03	3.155573e+06	1.340000e+03	3.163576e+06	1.340000e+03	3.164832e+06	1.340000e+03	3.162175e+06	1.340000e+03	3.163299e+06	1.340000e+03	3.161931e+06	1.340000e+03	3.164923e+06	1.340000e+03	3.160414e+06	1.340000e+03	3.164088e+06	1.340000e+03	3.171760e+06	1.340000e+03	3.164190e+06	1.340000e+03	3.158568e+06	1.340000e+03	3.167386e+06	1.340000e+03	3.165214e+06	1.340000e+03	3.169457e+06	1.340000e+03	3.167768e+06	1.340000e+03	3.168742e+06	1.340000e+03	3.175473e+06	1.340000e+03	3.172964e+06	1.340000e+03	3.179316e+06	1.340000e+03	3.173308e+06	1.340000e+03	3.164935e+06	1.340000e+03	3.167274e+06	1.340000e+03	3.168181e+06	1.340000e+03	3.170807e+06	1.340000e+03	3.172404e+06	1.340000e+03	3.172518e+06	1.340000e+03	3.165664e+06	1.340000e+03	3.176145e+06	1.340000e+03	3.173676e+06	1.340000e+03	3.180748e+06	1.340000e+03	3.180799e+06	1.340000e+03	3.181049e+06	1.340000e+03	3.183918e+06	1.340000e+03	3.186117e+06	1.340000e+03	3.174286e+06	1.340000e+03	3.177996e+06	1.340000e+03	3.193059e+06	1.340000e+03	3.184553e+06	1.340000e+03	3.189413e+06	1.340000e+03	3.178748e+06	1.340000e+03	3.182288e+06	1.340000e+03	3.182129e+06	1.340000e+03	3.177349e+06	1.340000e+03	3.179990e+06	1.340000e+03	3.184154e+06	1.340000e+03	3.181884e+06	1.340000e+03	3.191245e+06	1.340000e+03	3.180920e+06	1.340000e+03	3.182211e+06	1.340000e+03	3.185315e+06	1.340000e+03	3.182978e+06	1.340000e+03	3.192533e+06	1.340000e+03	3.188589e+06	1.340000e+03	3.187004e+06	1.340000e+03	3.186875e+06	1.340000e+03	3.186537e+06	1.340000e+03	3.184640e+06	1.340000e+03	3.182282e+06	1.340000e+03	3.188492e+06	1.340000e+03	3.186854e+06	1.340000e+03	3.186376e+06	1.340000e+03	3.186540e+06	1.340000e+03	3.193137e+06	1.340000e+03	3.186296e+06	1.340000e+03	3.184296e+06	1.340000e+03	3.185324e+06	1.340000e+03	3.189962e+06	1.340000e+03	3.184405e+06	1.340000e+03	3.182125e+06	1.340000e+03	3.184873e+06	1.340000e+03	3.196596e+06	1.340000e+03	3.189820e+06	1.340000e+03	3.186124e+06	1.340000e+03	3.194604e+06	1.340000e+03	3.191817e+06	1.340000e+03	3.187533e+06	1.340000e+03	3.164245e+06	1.340000e+03	3.181827e+06	1.340000e+03	3.185551e+06	1.340000e+03	3.183308e+06	1.340000e+03	3.191057e+06	1.340000e+03	3.191184e+06	1.340000e+03	3.194769e+06	1.340000e+03	3.181952e+06	1.340000e+03	3.194679e+06	1.340000e+03	3.198178e+06	1.340000e+03	3.167674e+06	1.340000e+03	3.183404e+06	1.340000e+03	3.182164e+06	1.340000e+03	3.176745e+06	1.340000e+03	3.188320e+06	1.340000e+03	3.184449e+06	1.340000e+03	3.188121e+06	1.340000e+03	3.188750e+06	1.340000e+03	3.190236e+06	1.340000e+03	3.192714e+06	1.340000e+03	3.185557e+06	1.340000e+03	3.180867e+06	1.340000e+03	3.185051e+06	1.340000e+03	3.185384e+06	1.340000e+03	3.189774e+06	1.340000e+03	3.187675e+06	1.340000e+03	3.191827e+06	1.340000e+03	3.195777e+06	1.340000e+03	3.190728e+06	1.340000e+03	3.192153e+06	1.340000e+03	3.181109e+06	1.340000e+03	3.187859e+06	1.340000e+03	3.183880e+06	1.340000e+03	3.183020e+06	1.340000e+03	3.178388e+06	1.340000e+03	3.179660e+06	1.340000e+03	3.192991e+06	1.340000e+03	3.185867e+06	1.340000e+03	3.187504e+06	1.340000e+03	3.185281e+06	1.340000e+03	3.183418e+06	1.340000e+03	3.185563e+06	1.340000e+03	3.194749e+06	1.340000e+03	3.195514e+06	1.340000e+03	3.196069e+06	1.340000e+03	3.191150e+06	1.340000e+03	3.193251e+06	1.340000e+03	3.195177e+06	1.340000e+03	3.202882e+06	1.340000e+03	3.200007e+06	1.340000e+03	3.202194e+06	1.340000e+03	3.207339e+06	1.340000e+03	3.198048e+06	1.340000e+03	3.200187e+06	1.340000e+03	3.191963e+06	1.340000e+03	3.195692e+06	1.340000e+03	3.192597e+06	1.340000e+03	3.208613e+06	1.340000e+03	3.196947e+06	1.340000e+03	3.199381e+06	1.340000e+03	3.208162e+06	1.340000e+03	3.202755e+06	1.340000e+03	3.199740e+06	1.340000e+03	3.203166e+06	1.340000e+03	3.193949e+06	1.340000e+03	3.204222e+06	1.340000e+03	3.212052e+06	1.340000e+03	3.199670e+06	1.340000e+03	3.206714e+06	1.340000e+03	3.205710e+06	1.340000e+03	3.201842e+06	1.340000e+03	3.205353e+06	1.340000e+03	3.205905e+06	1.340000e+03	3.209621e+06	1.340000e+03	3.207294e+06	1.340000e+03	3.211546e+06	1.340000e+03	3.208615e+06	1.340000e+03	3.203677e+06	1.340000e+03	3.211048e+06	1.340000e+03	3.210351e+06	1.340000e+03	3.207695e+06	1.340000e+03	3.209047e+06	1.340000e+03	3.213179e+06
1.341000e+03	3.117869e+06	1.341000e+03	3.127170e+06	1.341000e+03	3.138328e+06	1.341000e+03	3.119354e+06	1.341000e+03	3.128028e+06	1.341000e+03	3.133220e+06	1.341000e+03	3.143706e+06	1.341000e+03	3.138689e+06	1.341000e+03	3.146061e+06	1.341000e+03	3.148637e+06	1.341000e+03	3.170954e+06	1.341000e+03	3.169602e+06	1.341000e+03	3.162477e+06	1.341000e+03	3.154748e+06	1.341000e+03	3.149459e+06	1.341000e+03	3.158035e+06	1.341000e+03	3.171016e+06	1.341000e+03	3.159253e+06	1.341000e+03	3.155972e+06	1.341000e+03	3.162283e+06	1.341000e+03	3.157405e+06	1.341000e+03	3.152874e+06	1.341000e+03	3.164344e+06	1.341000e+03	3.168110e+06	1.341000e+03	3.158029e+06	1.341000e+03	3.171924e+06	1.341000e+03	3.153283e+06	1.341000e+03	3.145813e+06	1.341000e+03	3.153418e+06	1.341000e+03	3.152367e+06	1.341000e+03	3.160244e+06	1.341000e+03	3.143337e+06	1.341000e+03	3.162739e+06	1.341000e+03	3.157209e+06	1.341000e+03	3.168737e+06	1.341000e+03	3.173303e+06	1.341000e+03	3.176814e+06	1.341000e+03	3.167523e+06	1.341000e+03	3.156010e+06	1.341000e+03	3.160487e+06	1.341000e+03	3.163415e+06	1.341000e+03	3.164258e+06	1.341000e+03	3.154778e+06	1.341000e+03	3.152800e+06	1.341000e+03	3.161267e+06	1.341000e+03	3.157565e+06	1.341000e+03	3.160374e+06	1.341000e+03	3.159616e+06	1.341000e+03	3.159608e+06	1.341000e+03	3.162163e+06	1.341000e+03	3.166445e+06	1.341000e+03	3.162315e+06	1.341000e+03	3.166155e+06	1.341000e+03	3.163962e+06	1.341000e+03	3.167018e+06	1.341000e+03	3.163904e+06	1.341000e+03	3.159850e+06	1.341000e+03	3.174201e+06	1.341000e+03	3.165507e+06	1.341000e+03	3.157040e+06	1.341000e+03	3.170261e+06	1.341000e+03	3.157267e+06	1.341000e+03	3.169806e+06	1.341000e+03	3.170507e+06	1.341000e+03	3.169426e+06	1.341000e+03	3.173466e+06	1.341000e+03	3.172988e+06	1.341000e+03	3.178060e+06	1.341000e+03	3.175764e+06	1.341000e+03	3.165325e+06	1.341000e+03	3.167875e+06	1.341000e+03	3.170741e+06	1.341000e+03	3.172482e+06	1.341000e+03	3.171745e+06	1.341000e+03	3.170766e+06	1.341000e+03	3.165217e+06	1.341000e+03	3.177564e+06	1.341000e+03	3.176941e+06	1.341000e+03	3.181654e+06	1.341000e+03	3.182608e+06	1.341000e+03	3.183924e+06	1.341000e+03	3.184430e+06	1.341000e+03	3.184378e+06	1.341000e+03	3.176735e+06	1.341000e+03	3.181878e+06	1.341000e+03	3.190683e+06	1.341000e+03	3.181258e+06	1.341000e+03	3.183787e+06	1.341000e+03	3.175939e+06	1.341000e+03	3.178348e+06	1.341000e+03	3.186280e+06	1.341000e+03	3.181620e+06	1.341000e+03	3.178468e+06	1.341000e+03	3.194511e+06	1.341000e+03	3.181186e+06	1.341000e+03	3.191007e+06	1.341000e+03	3.181432e+06	1.341000e+03	3.181686e+06	1.341000e+03	3.185760e+06	1.341000e+03	3.185808e+06	1.341000e+03	3.191592e+06	1.341000e+03	3.191308e+06	1.341000e+03	3.182206e+06	1.341000e+03	3.185764e+06	1.341000e+03	3.189844e+06	1.341000e+03	3.180483e+06	1.341000e+03	3.184591e+06	1.341000e+03	3.193848e+06	1.341000e+03	3.185220e+06	1.341000e+03	3.186205e+06	1.341000e+03	3.186026e+06	1.341000e+03	3.193070e+06	1.341000e+03	3.184495e+06	1.341000e+03	3.186376e+06	1.341000e+03	3.184825e+06	1.341000e+03	3.192175e+06	1.341000e+03	3.186647e+06	1.341000e+03	3.184250e+06	1.341000e+03	3.185904e+06	1.341000e+03	3.194709e+06	1.341000e+03	3.192935e+06	1.341000e+03	3.183153e+06	1.341000e+03	3.191721e+06	1.341000e+03	3.196990e+06	1.341000e+03	3.187706e+06	1.341000e+03	3.168055e+06	1.341000e+03	3.184038e+06	1.341000e+03	3.182973e+06	1.341000e+03	3.183264e+06	1.341000e+03	3.188302e+06	1.341000e+03	3.188424e+06	1.341000e+03	3.197986e+06	1.341000e+03	3.181419e+06	1.341000e+03	3.192896e+06	1.341000e+03	3.199933e+06	1.341000e+03	3.167832e+06	1.341000e+03	3.186033e+06	1.341000e+03	3.185475e+06	1.341000e+03	3.178176e+06	1.341000e+03	3.184063e+06	1.341000e+03	3.184156e+06	1.341000e+03	3.187766e+06	1.341000e+03	3.191531e+06	1.341000e+03	3.187613e+06	1.341000e+03	3.194321e+06	1.341000e+03	3.186724e+06	1.341000e+03	3.179568e+06	1.341000e+03	3.183537e+06	1.341000e+03	3.190605e+06	1.341000e+03	3.190303e+06	1.341000e+03	3.184737e+06	1.341000e+03	3.194603e+06	1.341000e+03	3.195586e+06	1.341000e+03	3.192625e+06	1.341000e+03	3.191716e+06	1.341000e+03	3.182082e+06	1.341000e+03	3.188854e+06	1.341000e+03	3.180313e+06	1.341000e+03	3.183626e+06	1.341000e+03	3.183102e+06	1.341000e+03	3.182252e+06	1.341000e+03	3.189836e+06	1.341000e+03	3.184257e+06	1.341000e+03	3.185660e+06	1.341000e+03	3.184436e+06	1.341000e+03	3.183679e+06	1.341000e+03	3.185896e+06	1.341000e+03	3.195200e+06	1.341000e+03	3.194579e+06	1.341000e+03	3.197489e+06	1.341000e+03	3.189731e+06	1.341000e+03	3.190720e+06	1.341000e+03	3.195487e+06	1.341000e+03	3.201108e+06	1.341000e+03	3.195753e+06	1.341000e+03	3.199885e+06	1.341000e+03	3.207441e+06	1.341000e+03	3.202243e+06	1.341000e+03	3.199151e+06	1.341000e+03	3.192232e+06	1.341000e+03	3.196552e+06	1.341000e+03	3.194013e+06	1.341000e+03	3.207736e+06	1.341000e+03	3.196925e+06	1.341000e+03	3.198009e+06	1.341000e+03	3.206383e+06	1.341000e+03	3.203700e+06	1.341000e+03	3.197915e+06	1.341000e+03	3.201533e+06	1.341000e+03	3.194268e+06	1.341000e+03	3.202872e+06	1.341000e+03	3.209108e+06	1.341000e+03	3.199608e+06	1.341000e+03	3.209721e+06	1.341000e+03	3.198185e+06	1.341000e+03	3.203797e+06	1.341000e+03	3.204942e+06	1.341000e+03	3.199294e+06	1.341000e+03	3.214954e+06	1.341000e+03	3.206272e+06	1.341000e+03	3.211817e+06	1.341000e+03	3.207362e+06	1.341000e+03	3.203768e+06	1.341000e+03	3.211592e+06	1.341000e+03	3.208194e+06	1.341000e+03	3.209365e+06	1.341000e+03	3.206812e+06	1.341000e+03	3.210679e+06
1.342000e+03	3.116966e+06	1.342000e+03	3.126334e+06	1.342000e+03	3.137460e+06	1.342000e+03	3.117216e+06	1.342000e+03	3.129895e+06	1.342000e+03	3.137805e+06	1.342000e+03	3.148761e+06	1.342000e+03	3.134193e+06	1.342000e+03	3.144081e+06	1.342000e+03	3.151986e+06	1.342000e+03	3.169939e+06	1.342000e+03	3.169700e+06	1.342000e+03	3.163876e+06	1.342000e+03	3.153000e+06	1.342000e+03	3.150594e+06	1.342000e+03	3.156360e+06	1.342000e+03	3.170372e+06	1.342000e+03	3.160254e+06	1.342000e+03	3.158022e+06	1.342000e+03	3.164585e+06	1.342000e+03	3.157974e+06	1.342000e+03	3.153982e+06	1.342000e+03	3.164341e+06	1.342000e+03	3.170876e+06	1.342000e+03	3.160391e+06	1.342000e+03	3.170397e+06	1.342000e+03	3.151683e+06	1.342000e+03	3.144885e+06	1.342000e+03	3.151085e+06	1.342000e+03	3.150250e+06	1.342000e+03	3.156606e+06	1.342000e+03	3.147196e+06	1.342000e+03	3.162224e+06	1.342000e+03	3.157450e+06	1.342000e+03	3.168088e+06	1.342000e+03	3.160367e+06	1.342000e+03	3.179770e+06	1.342000e+03	3.160913e+06	1.342000e+03	3.155390e+06	1.342000e+03	3.159140e+06	1.342000e+03	3.144356e+06	1.342000e+03	3.163150e+06	1.342000e+03	3.158023e+06	1.342000e+03	3.151470e+06	1.342000e+03	3.158463e+06	1.342000e+03	3.156285e+06	1.342000e+03	3.159535e+06	1.342000e+03	3.160529e+06	1.342000e+03	3.157380e+06	1.342000e+03	3.161338e+06	1.342000e+03	3.162636e+06	1.342000e+03	3.164595e+06	1.342000e+03	3.166137e+06	1.342000e+03	3.167092e+06	1.342000e+03	3.167823e+06	1.342000e+03	3.165747e+06	1.342000e+03	3.160774e+06	1.342000e+03	3.175362e+06	1.342000e+03	3.168522e+06	1.342000e+03	3.161065e+06	1.342000e+03	3.165264e+06	1.342000e+03	3.159861e+06	1.342000e+03	3.169128e+06	1.342000e+03	3.170331e+06	1.342000e+03	3.167600e+06	1.342000e+03	3.175407e+06	1.342000e+03	3.171068e+06	1.342000e+03	3.181062e+06	1.342000e+03	3.173058e+06	1.342000e+03	3.164279e+06	1.342000e+03	3.166998e+06	1.342000e+03	3.170826e+06	1.342000e+03	3.173916e+06	1.342000e+03	3.173339e+06	1.342000e+03	3.167417e+06	1.342000e+03	3.169069e+06	1.342000e+03	3.171907e+06	1.342000e+03	3.174564e+06	1.342000e+03	3.180148e+06	1.342000e+03	3.179497e+06	1.342000e+03	3.184725e+06	1.342000e+03	3.189486e+06	1.342000e+03	3.184381e+06	1.342000e+03	3.177453e+06	1.342000e+03	3.182502e+06	1.342000e+03	3.185496e+06	1.342000e+03	3.185310e+06	1.342000e+03	3.186464e+06	1.342000e+03	3.173248e+06	1.342000e+03	3.181310e+06	1.342000e+03	3.182991e+06	1.342000e+03	3.177037e+06	1.342000e+03	3.183970e+06	1.342000e+03	3.190958e+06	1.342000e+03	3.179732e+06	1.342000e+03	3.188339e+06	1.342000e+03	3.182165e+06	1.342000e+03	3.183522e+06	1.342000e+03	3.183189e+06	1.342000e+03	3.186345e+06	1.342000e+03	3.191429e+06	1.342000e+03	3.192099e+06	1.342000e+03	3.193723e+06	1.342000e+03	3.193302e+06	1.342000e+03	3.188920e+06	1.342000e+03	3.184975e+06	1.342000e+03	3.187226e+06	1.342000e+03	3.190968e+06	1.342000e+03	3.189152e+06	1.342000e+03	3.184662e+06	1.342000e+03	3.189185e+06	1.342000e+03	3.190957e+06	1.342000e+03	3.187350e+06	1.342000e+03	3.181355e+06	1.342000e+03	3.188043e+06	1.342000e+03	3.192173e+06	1.342000e+03	3.187010e+06	1.342000e+03	3.184326e+06	1.342000e+03	3.187677e+06	1.342000e+03	3.192716e+06	1.342000e+03	3.192043e+06	1.342000e+03	3.188391e+06	1.342000e+03	3.189632e+06	1.342000e+03	3.200613e+06	1.342000e+03	3.188906e+06	1.342000e+03	3.165568e+06	1.342000e+03	3.183630e+06	1.342000e+03	3.186510e+06	1.342000e+03	3.180859e+06	1.342000e+03	3.186676e+06	1.342000e+03	3.187031e+06	1.342000e+03	3.199971e+06	1.342000e+03	3.186121e+06	1.342000e+03	3.187189e+06	1.342000e+03	3.198562e+06	1.342000e+03	3.168116e+06	1.342000e+03	3.187222e+06	1.342000e+03	3.188724e+06	1.342000e+03	3.176739e+06	1.342000e+03	3.182652e+06	1.342000e+03	3.188694e+06	1.342000e+03	3.189225e+06	1.342000e+03	3.192765e+06	1.342000e+03	3.189521e+06	1.342000e+03	3.198536e+06	1.342000e+03	3.177570e+06	1.342000e+03	3.179173e+06	1.342000e+03	3.185866e+06	1.342000e+03	3.185631e+06	1.342000e+03	3.190466e+06	1.342000e+03	3.186188e+06	1.342000e+03	3.190480e+06	1.342000e+03	3.193316e+06	1.342000e+03	3.191455e+06	1.342000e+03	3.192894e+06	1.342000e+03	3.181430e+06	1.342000e+03	3.183540e+06	1.342000e+03	3.183224e+06	1.342000e+03	3.181971e+06	1.342000e+03	3.181875e+06	1.342000e+03	3.186809e+06	1.342000e+03	3.189603e+06	1.342000e+03	3.187077e+06	1.342000e+03	3.181589e+06	1.342000e+03	3.183231e+06	1.342000e+03	3.181783e+06	1.342000e+03	3.188677e+06	1.342000e+03	3.193532e+06	1.342000e+03	3.193177e+06	1.342000e+03	3.201399e+06	1.342000e+03	3.187755e+06	1.342000e+03	3.188704e+06	1.342000e+03	3.194996e+06	1.342000e+03	3.203327e+06	1.342000e+03	3.195758e+06	1.342000e+03	3.204299e+06	1.342000e+03	3.204432e+06	1.342000e+03	3.200894e+06	1.342000e+03	3.200295e+06	1.342000e+03	3.193544e+06	1.342000e+03	3.194582e+06	1.342000e+03	3.193127e+06	1.342000e+03	3.211454e+06	1.342000e+03	3.204201e+06	1.342000e+03	3.199026e+06	1.342000e+03	3.207979e+06	1.342000e+03	3.201902e+06	1.342000e+03	3.200230e+06	1.342000e+03	3.204951e+06	1.342000e+03	3.193329e+06	1.342000e+03	3.206292e+06	1.342000e+03	3.208310e+06	1.342000e+03	3.197835e+06	1.342000e+03	3.207846e+06	1.342000e+03	3.198759e+06	1.342000e+03	3.205969e+06	1.342000e+03	3.208099e+06	1.342000e+03	3.200959e+06	1.342000e+03	3.211442e+06	1.342000e+03	3.202814e+06	1.342000e+03	3.212240e+06	1.342000e+03	3.208069e+06	1.342000e+03	3.203657e+06	1.342000e+03	3.213036e+06	1.342000e+03	3.205440e+06	1.342000e+03	3.213282e+06	1.342000e+03	3.208522e+06	1.342000e+03	3.211228e+06
1.343000e+03	3.116769e+06	1.343000e+03	3.119879e+06	1.343000e+03	3.137217e+06	1.343000e+03	3.115679e+06	1.343000e+03	3.126933e+06	1.343000e+03	3.138835e+06	1.343000e+03	3.143731e+06	1.343000e+03	3.141499e+06	1.343000e+03	3.144195e+06	1.343000e+03	3.153140e+06	1.343000e+03	3.171621e+06	1.343000e+03	3.167712e+06	1.343000e+03	3.158430e+06	1.343000e+03	3.154889e+06	1.343000e+03	3.153649e+06	1.343000e+03	3.160994e+06	1.343000e+03	3.158301e+06	1.343000e+03	3.163175e+06	1.343000e+03	3.157055e+06	1.343000e+03	3.159794e+06	1.343000e+03	3.159761e+06	1.343000e+03	3.155106e+06	1.343000e+03	3.163524e+06	1.343000e+03	3.172991e+06	1.343000e+03	3.161344e+06	1.343000e+03	3.165919e+06	1.343000e+03	3.152562e+06	1.343000e+03	3.146738e+06	1.343000e+03	3.147817e+06	1.343000e+03	3.150194e+06	1.343000e+03	3.155351e+06	1.343000e+03	3.147645e+06	1.343000e+03	3.165045e+06	1.343000e+03	3.160350e+06	1.343000e+03	3.170799e+06	1.343000e+03	3.159211e+06	1.343000e+03	3.175907e+06	1.343000e+03	3.164954e+06	1.343000e+03	3.154288e+06	1.343000e+03	3.159213e+06	1.343000e+03	3.152405e+06	1.343000e+03	3.163942e+06	1.343000e+03	3.156241e+06	1.343000e+03	3.150860e+06	1.343000e+03	3.156017e+06	1.343000e+03	3.153425e+06	1.343000e+03	3.157965e+06	1.343000e+03	3.164318e+06	1.343000e+03	3.157113e+06	1.343000e+03	3.161002e+06	1.343000e+03	3.167331e+06	1.343000e+03	3.169484e+06	1.343000e+03	3.162007e+06	1.343000e+03	3.162205e+06	1.343000e+03	3.168014e+06	1.343000e+03	3.163750e+06	1.343000e+03	3.160183e+06	1.343000e+03	3.177458e+06	1.343000e+03	3.171041e+06	1.343000e+03	3.158319e+06	1.343000e+03	3.167592e+06	1.343000e+03	3.160224e+06	1.343000e+03	3.168969e+06	1.343000e+03	3.174750e+06	1.343000e+03	3.167528e+06	1.343000e+03	3.176758e+06	1.343000e+03	3.172766e+06	1.343000e+03	3.182609e+06	1.343000e+03	3.175892e+06	1.343000e+03	3.161001e+06	1.343000e+03	3.166021e+06	1.343000e+03	3.171857e+06	1.343000e+03	3.177801e+06	1.343000e+03	3.177655e+06	1.343000e+03	3.172201e+06	1.343000e+03	3.166316e+06	1.343000e+03	3.171662e+06	1.343000e+03	3.180101e+06	1.343000e+03	3.181859e+06	1.343000e+03	3.173879e+06	1.343000e+03	3.184516e+06	1.343000e+03	3.184236e+06	1.343000e+03	3.185217e+06	1.343000e+03	3.173561e+06	1.343000e+03	3.176472e+06	1.343000e+03	3.186548e+06	1.343000e+03	3.183704e+06	1.343000e+03	3.188912e+06	1.343000e+03	3.173346e+06	1.343000e+03	3.181400e+06	1.343000e+03	3.182411e+06	1.343000e+03	3.178266e+06	1.343000e+03	3.182171e+06	1.343000e+03	3.186776e+06	1.343000e+03	3.170865e+06	1.343000e+03	3.186490e+06	1.343000e+03	3.179510e+06	1.343000e+03	3.183434e+06	1.343000e+03	3.183578e+06	1.343000e+03	3.185590e+06	1.343000e+03	3.192945e+06	1.343000e+03	3.188437e+06	1.343000e+03	3.190953e+06	1.343000e+03	3.188424e+06	1.343000e+03	3.188851e+06	1.343000e+03	3.182768e+06	1.343000e+03	3.182972e+06	1.343000e+03	3.190604e+06	1.343000e+03	3.188819e+06	1.343000e+03	3.187778e+06	1.343000e+03	3.187487e+06	1.343000e+03	3.193992e+06	1.343000e+03	3.188633e+06	1.343000e+03	3.183790e+06	1.343000e+03	3.184447e+06	1.343000e+03	3.193457e+06	1.343000e+03	3.182699e+06	1.343000e+03	3.189601e+06	1.343000e+03	3.187644e+06	1.343000e+03	3.191595e+06	1.343000e+03	3.193752e+06	1.343000e+03	3.192919e+06	1.343000e+03	3.192121e+06	1.343000e+03	3.195496e+06	1.343000e+03	3.187023e+06	1.343000e+03	3.164822e+06	1.343000e+03	3.182987e+06	1.343000e+03	3.185610e+06	1.343000e+03	3.183957e+06	1.343000e+03	3.187104e+06	1.343000e+03	3.190230e+06	1.343000e+03	3.195030e+06	1.343000e+03	3.185331e+06	1.343000e+03	3.192285e+06	1.343000e+03	3.201013e+06	1.343000e+03	3.172589e+06	1.343000e+03	3.186648e+06	1.343000e+03	3.189158e+06	1.343000e+03	3.177431e+06	1.343000e+03	3.184189e+06	1.343000e+03	3.186945e+06	1.343000e+03	3.191204e+06	1.343000e+03	3.191756e+06	1.343000e+03	3.190707e+06	1.343000e+03	3.193449e+06	1.343000e+03	3.183466e+06	1.343000e+03	3.178486e+06	1.343000e+03	3.186017e+06	1.343000e+03	3.191706e+06	1.343000e+03	3.194694e+06	1.343000e+03	3.187183e+06	1.343000e+03	3.191676e+06	1.343000e+03	3.194134e+06	1.343000e+03	3.195454e+06	1.343000e+03	3.189797e+06	1.343000e+03	3.182064e+06	1.343000e+03	3.187845e+06	1.343000e+03	3.181137e+06	1.343000e+03	3.183254e+06	1.343000e+03	3.180719e+06	1.343000e+03	3.182960e+06	1.343000e+03	3.190487e+06	1.343000e+03	3.187474e+06	1.343000e+03	3.185623e+06	1.343000e+03	3.184323e+06	1.343000e+03	3.186208e+06	1.343000e+03	3.187448e+06	1.343000e+03	3.194360e+06	1.343000e+03	3.193228e+06	1.343000e+03	3.200437e+06	1.343000e+03	3.191502e+06	1.343000e+03	3.189557e+06	1.343000e+03	3.197133e+06	1.343000e+03	3.201579e+06	1.343000e+03	3.195795e+06	1.343000e+03	3.205476e+06	1.343000e+03	3.203724e+06	1.343000e+03	3.200220e+06	1.343000e+03	3.198722e+06	1.343000e+03	3.197030e+06	1.343000e+03	3.198252e+06	1.343000e+03	3.195188e+06	1.343000e+03	3.214679e+06	1.343000e+03	3.206286e+06	1.343000e+03	3.199853e+06	1.343000e+03	3.210117e+06	1.343000e+03	3.200248e+06	1.343000e+03	3.198434e+06	1.343000e+03	3.198430e+06	1.343000e+03	3.199226e+06	1.343000e+03	3.208523e+06	1.343000e+03	3.210974e+06	1.343000e+03	3.198640e+06	1.343000e+03	3.208144e+06	1.343000e+03	3.197163e+06	1.343000e+03	3.200130e+06	1.343000e+03	3.207561e+06	1.343000e+03	3.201294e+06	1.343000e+03	3.212731e+06	1.343000e+03	3.207715e+06	1.343000e+03	3.208685e+06	1.343000e+03	3.206134e+06	1.343000e+03	3.205528e+06	1.343000e+03	3.214883e+06	1.343000e+03	3.206267e+06	1.343000e+03	3.210658e+06	1.343000e+03	3.206488e+06	1.343000e+03	3.210853e+06
1.344000e+03	3.120389e+06	1.344000e+03	3.126154e+06	1.344000e+03	3.133860e+06	1.344000e+03	3.115308e+06	1.344000e+03	3.128130e+06	1.344000e+03	3.136236e+06	1.344000e+03	3.146163e+06	1.344000e+03	3.139208e+06	1.344000e+03	3.146596e+06	1.344000e+03	3.148961e+06	1.344000e+03	3.170258e+06	1.344000e+03	3.172185e+06	1.344000e+03	3.163655e+06	1.344000e+03	3.154045e+06	1.344000e+03	3.159657e+06	1.344000e+03	3.156060e+06	1.344000e+03	3.154580e+06	1.344000e+03	3.163588e+06	1.344000e+03	3.159336e+06	1.344000e+03	3.156772e+06	1.344000e+03	3.163840e+06	1.344000e+03	3.160116e+06	1.344000e+03	3.172358e+06	1.344000e+03	3.172352e+06	1.344000e+03	3.160957e+06	1.344000e+03	3.165197e+06	1.344000e+03	3.153646e+06	1.344000e+03	3.148456e+06	1.344000e+03	3.149643e+06	1.344000e+03	3.152271e+06	1.344000e+03	3.152797e+06	1.344000e+03	3.147124e+06	1.344000e+03	3.169033e+06	1.344000e+03	3.162413e+06	1.344000e+03	3.167556e+06	1.344000e+03	3.160995e+06	1.344000e+03	3.174654e+06	1.344000e+03	3.161787e+06	1.344000e+03	3.160861e+06	1.344000e+03	3.162166e+06	1.344000e+03	3.151811e+06	1.344000e+03	3.162750e+06	1.344000e+03	3.154670e+06	1.344000e+03	3.154690e+06	1.344000e+03	3.156284e+06	1.344000e+03	3.158569e+06	1.344000e+03	3.156433e+06	1.344000e+03	3.165258e+06	1.344000e+03	3.160869e+06	1.344000e+03	3.162484e+06	1.344000e+03	3.167975e+06	1.344000e+03	3.161747e+06	1.344000e+03	3.162369e+06	1.344000e+03	3.164102e+06	1.344000e+03	3.169375e+06	1.344000e+03	3.161677e+06	1.344000e+03	3.162121e+06	1.344000e+03	3.177148e+06	1.344000e+03	3.169652e+06	1.344000e+03	3.155464e+06	1.344000e+03	3.164336e+06	1.344000e+03	3.154988e+06	1.344000e+03	3.165737e+06	1.344000e+03	3.173410e+06	1.344000e+03	3.168593e+06	1.344000e+03	3.173640e+06	1.344000e+03	3.172646e+06	1.344000e+03	3.182225e+06	1.344000e+03	3.172660e+06	1.344000e+03	3.165072e+06	1.344000e+03	3.165769e+06	1.344000e+03	3.168512e+06	1.344000e+03	3.180892e+06	1.344000e+03	3.175891e+06	1.344000e+03	3.175354e+06	1.344000e+03	3.169724e+06	1.344000e+03	3.170825e+06	1.344000e+03	3.176983e+06	1.344000e+03	3.181029e+06	1.344000e+03	3.172762e+06	1.344000e+03	3.181688e+06	1.344000e+03	3.182175e+06	1.344000e+03	3.183748e+06	1.344000e+03	3.173519e+06	1.344000e+03	3.177534e+06	1.344000e+03	3.190277e+06	1.344000e+03	3.185905e+06	1.344000e+03	3.189532e+06	1.344000e+03	3.174478e+06	1.344000e+03	3.182234e+06	1.344000e+03	3.178740e+06	1.344000e+03	3.175971e+06	1.344000e+03	3.179871e+06	1.344000e+03	3.184871e+06	1.344000e+03	3.169732e+06	1.344000e+03	3.183349e+06	1.344000e+03	3.176021e+06	1.344000e+03	3.184549e+06	1.344000e+03	3.184074e+06	1.344000e+03	3.185979e+06	1.344000e+03	3.194844e+06	1.344000e+03	3.187814e+06	1.344000e+03	3.196301e+06	1.344000e+03	3.189708e+06	1.344000e+03	3.184558e+06	1.344000e+03	3.184863e+06	1.344000e+03	3.182250e+06	1.344000e+03	3.188323e+06	1.344000e+03	3.187541e+06	1.344000e+03	3.187774e+06	1.344000e+03	3.189664e+06	1.344000e+03	3.192624e+06	1.344000e+03	3.182822e+06	1.344000e+03	3.181584e+06	1.344000e+03	3.184931e+06	1.344000e+03	3.194177e+06	1.344000e+03	3.185541e+06	1.344000e+03	3.184767e+06	1.344000e+03	3.190312e+06	1.344000e+03	3.192144e+06	1.344000e+03	3.197168e+06	1.344000e+03	3.198580e+06	1.344000e+03	3.188217e+06	1.344000e+03	3.191284e+06	1.344000e+03	3.190179e+06	1.344000e+03	3.164071e+06	1.344000e+03	3.183830e+06	1.344000e+03	3.185728e+06	1.344000e+03	3.182364e+06	1.344000e+03	3.189182e+06	1.344000e+03	3.198427e+06	1.344000e+03	3.197726e+06	1.344000e+03	3.189799e+06	1.344000e+03	3.194512e+06	1.344000e+03	3.198488e+06	1.344000e+03	3.173093e+06	1.344000e+03	3.188194e+06	1.344000e+03	3.187418e+06	1.344000e+03	3.176066e+06	1.344000e+03	3.186349e+06	1.344000e+03	3.186576e+06	1.344000e+03	3.189936e+06	1.344000e+03	3.189656e+06	1.344000e+03	3.190634e+06	1.344000e+03	3.192544e+06	1.344000e+03	3.181432e+06	1.344000e+03	3.180080e+06	1.344000e+03	3.184989e+06	1.344000e+03	3.188920e+06	1.344000e+03	3.194389e+06	1.344000e+03	3.183915e+06	1.344000e+03	3.191123e+06	1.344000e+03	3.201792e+06	1.344000e+03	3.195887e+06	1.344000e+03	3.192029e+06	1.344000e+03	3.184420e+06	1.344000e+03	3.185961e+06	1.344000e+03	3.188692e+06	1.344000e+03	3.178111e+06	1.344000e+03	3.182141e+06	1.344000e+03	3.180729e+06	1.344000e+03	3.190441e+06	1.344000e+03	3.183932e+06	1.344000e+03	3.181198e+06	1.344000e+03	3.194764e+06	1.344000e+03	3.184633e+06	1.344000e+03	3.188802e+06	1.344000e+03	3.195520e+06	1.344000e+03	3.194129e+06	1.344000e+03	3.198422e+06	1.344000e+03	3.187399e+06	1.344000e+03	3.187696e+06	1.344000e+03	3.193721e+06	1.344000e+03	3.201825e+06	1.344000e+03	3.199563e+06	1.344000e+03	3.202894e+06	1.344000e+03	3.206140e+06	1.344000e+03	3.198668e+06	1.344000e+03	3.198356e+06	1.344000e+03	3.196720e+06	1.344000e+03	3.195887e+06	1.344000e+03	3.196141e+06	1.344000e+03	3.214216e+06	1.344000e+03	3.205508e+06	1.344000e+03	3.197489e+06	1.344000e+03	3.211595e+06	1.344000e+03	3.200051e+06	1.344000e+03	3.198071e+06	1.344000e+03	3.199626e+06	1.344000e+03	3.196579e+06	1.344000e+03	3.206263e+06	1.344000e+03	3.209741e+06	1.344000e+03	3.200189e+06	1.344000e+03	3.207591e+06	1.344000e+03	3.199761e+06	1.344000e+03	3.200528e+06	1.344000e+03	3.209492e+06	1.344000e+03	3.195121e+06	1.344000e+03	3.206807e+06	1.344000e+03	3.208325e+06	1.344000e+03	3.206285e+06	1.344000e+03	3.211488e+06	1.344000e+03	3.205243e+06	1.344000e+03	3.215917e+06	1.344000e+03	3.207399e+06	1.344000e+03	3.211273e+06	1.344000e+03	3.203734e+06	1.344000e+03	3.213197e+06
1.345000e+03	3.120952e+06	1.345000e+03	3.130985e+06	1.345000e+03	3.136644e+06	1.345000e+03	3.117303e+06	1.345000e+03	3.131894e+06	1.345000e+03	3.131649e+06	1.345000e+03	3.145524e+06	1.345000e+03	3.138318e+06	1.345000e+03	3.147469e+06	1.345000e+03	3.152859e+06	1.345000e+03	3.172111e+06	1.345000e+03	3.171192e+06	1.345000e+03	3.162390e+06	1.345000e+03	3.157359e+06	1.345000e+03	3.157320e+06	1.345000e+03	3.156579e+06	1.345000e+03	3.159149e+06	1.345000e+03	3.164426e+06	1.345000e+03	3.161645e+06	1.345000e+03	3.160332e+06	1.345000e+03	3.158484e+06	1.345000e+03	3.158781e+06	1.345000e+03	3.163009e+06	1.345000e+03	3.173960e+06	1.345000e+03	3.166315e+06	1.345000e+03	3.168763e+06	1.345000e+03	3.153733e+06	1.345000e+03	3.152048e+06	1.345000e+03	3.151709e+06	1.345000e+03	3.152399e+06	1.345000e+03	3.157056e+06	1.345000e+03	3.147579e+06	1.345000e+03	3.163431e+06	1.345000e+03	3.156901e+06	1.345000e+03	3.169347e+06	1.345000e+03	3.163305e+06	1.345000e+03	3.176785e+06	1.345000e+03	3.161570e+06	1.345000e+03	3.162681e+06	1.345000e+03	3.163754e+06	1.345000e+03	3.154832e+06	1.345000e+03	3.158830e+06	1.345000e+03	3.158940e+06	1.345000e+03	3.156130e+06	1.345000e+03	3.155522e+06	1.345000e+03	3.157266e+06	1.345000e+03	3.158937e+06	1.345000e+03	3.166942e+06	1.345000e+03	3.159122e+06	1.345000e+03	3.157306e+06	1.345000e+03	3.165430e+06	1.345000e+03	3.163178e+06	1.345000e+03	3.166502e+06	1.345000e+03	3.159215e+06	1.345000e+03	3.169877e+06	1.345000e+03	3.161588e+06	1.345000e+03	3.164740e+06	1.345000e+03	3.172187e+06	1.345000e+03	3.165861e+06	1.345000e+03	3.156548e+06	1.345000e+03	3.164060e+06	1.345000e+03	3.160056e+06	1.345000e+03	3.164354e+06	1.345000e+03	3.175745e+06	1.345000e+03	3.169360e+06	1.345000e+03	3.169284e+06	1.345000e+03	3.173958e+06	1.345000e+03	3.178792e+06	1.345000e+03	3.169326e+06	1.345000e+03	3.168993e+06	1.345000e+03	3.163544e+06	1.345000e+03	3.173717e+06	1.345000e+03	3.178163e+06	1.345000e+03	3.175060e+06	1.345000e+03	3.175164e+06	1.345000e+03	3.170583e+06	1.345000e+03	3.169560e+06	1.345000e+03	3.174739e+06	1.345000e+03	3.182522e+06	1.345000e+03	3.172454e+06	1.345000e+03	3.182430e+06	1.345000e+03	3.180742e+06	1.345000e+03	3.182700e+06	1.345000e+03	3.172717e+06	1.345000e+03	3.174767e+06	1.345000e+03	3.182838e+06	1.345000e+03	3.181261e+06	1.345000e+03	3.187841e+06	1.345000e+03	3.178211e+06	1.345000e+03	3.182786e+06	1.345000e+03	3.178523e+06	1.345000e+03	3.176900e+06	1.345000e+03	3.178796e+06	1.345000e+03	3.184770e+06	1.345000e+03	3.163839e+06	1.345000e+03	3.184929e+06	1.345000e+03	3.174239e+06	1.345000e+03	3.186798e+06	1.345000e+03	3.184545e+06	1.345000e+03	3.187261e+06	1.345000e+03	3.195675e+06	1.345000e+03	3.187526e+06	1.345000e+03	3.196497e+06	1.345000e+03	3.187179e+06	1.345000e+03	3.188619e+06	1.345000e+03	3.182464e+06	1.345000e+03	3.182863e+06	1.345000e+03	3.188662e+06	1.345000e+03	3.184787e+06	1.345000e+03	3.189541e+06	1.345000e+03	3.193424e+06	1.345000e+03	3.195821e+06	1.345000e+03	3.186810e+06	1.345000e+03	3.182559e+06	1.345000e+03	3.181448e+06	1.345000e+03	3.188745e+06	1.345000e+03	3.184936e+06	1.345000e+03	3.191208e+06	1.345000e+03	3.187938e+06	1.345000e+03	3.192605e+06	1.345000e+03	3.199223e+06	1.345000e+03	3.191400e+06	1.345000e+03	3.189998e+06	1.345000e+03	3.192514e+06	1.345000e+03	3.191186e+06	1.345000e+03	3.161905e+06	1.345000e+03	3.183337e+06	1.345000e+03	3.187908e+06	1.345000e+03	3.186329e+06	1.345000e+03	3.190553e+06	1.345000e+03	3.201223e+06	1.345000e+03	3.196013e+06	1.345000e+03	3.188378e+06	1.345000e+03	3.199198e+06	1.345000e+03	3.197570e+06	1.345000e+03	3.169098e+06	1.345000e+03	3.186494e+06	1.345000e+03	3.186160e+06	1.345000e+03	3.176130e+06	1.345000e+03	3.187794e+06	1.345000e+03	3.188412e+06	1.345000e+03	3.192520e+06	1.345000e+03	3.191622e+06	1.345000e+03	3.188756e+06	1.345000e+03	3.192390e+06	1.345000e+03	3.179684e+06	1.345000e+03	3.181247e+06	1.345000e+03	3.186722e+06	1.345000e+03	3.188432e+06	1.345000e+03	3.193538e+06	1.345000e+03	3.186181e+06	1.345000e+03	3.190550e+06	1.345000e+03	3.199367e+06	1.345000e+03	3.192128e+06	1.345000e+03	3.191253e+06	1.345000e+03	3.184201e+06	1.345000e+03	3.190585e+06	1.345000e+03	3.189113e+06	1.345000e+03	3.182051e+06	1.345000e+03	3.182602e+06	1.345000e+03	3.183756e+06	1.345000e+03	3.189203e+06	1.345000e+03	3.184919e+06	1.345000e+03	3.185981e+06	1.345000e+03	3.188861e+06	1.345000e+03	3.183697e+06	1.345000e+03	3.188163e+06	1.345000e+03	3.195955e+06	1.345000e+03	3.192992e+06	1.345000e+03	3.198582e+06	1.345000e+03	3.187838e+06	1.345000e+03	3.189834e+06	1.345000e+03	3.194457e+06	1.345000e+03	3.201854e+06	1.345000e+03	3.197893e+06	1.345000e+03	3.203972e+06	1.345000e+03	3.200166e+06	1.345000e+03	3.197799e+06	1.345000e+03	3.197293e+06	1.345000e+03	3.191907e+06	1.345000e+03	3.199273e+06	1.345000e+03	3.192408e+06	1.345000e+03	3.214709e+06	1.345000e+03	3.207757e+06	1.345000e+03	3.200712e+06	1.345000e+03	3.211120e+06	1.345000e+03	3.200187e+06	1.345000e+03	3.199306e+06	1.345000e+03	3.197895e+06	1.345000e+03	3.196823e+06	1.345000e+03	3.206285e+06	1.345000e+03	3.208185e+06	1.345000e+03	3.201572e+06	1.345000e+03	3.207584e+06	1.345000e+03	3.197009e+06	1.345000e+03	3.202629e+06	1.345000e+03	3.209901e+06	1.345000e+03	3.199215e+06	1.345000e+03	3.207202e+06	1.345000e+03	3.208386e+06	1.345000e+03	3.209924e+06	1.345000e+03	3.208365e+06	1.345000e+03	3.206733e+06	1.345000e+03	3.217063e+06	1.345000e+03	3.208102e+06	1.345000e+03	3.212349e+06	1.345000e+03	3.207200e+06	1.345000e+03	3.208680e+06
1.346000e+03	3.119426e+06	1.346000e+03	3.130985e+06	1.346000e+03	3.141314e+06	1.346000e+03	3.114420e+06	1.346000e+03	3.129888e+06	1.346000e+03	3.132049e+06	1.346000e+03	3.141669e+06	1.346000e+03	3.142127e+06	1.346000e+03	3.148803e+06	1.346000e+03	3.148955e+06	1.346000e+03	3.169995e+06	1.346000e+03	3.172179e+06	1.346000e+03	3.166706e+06	1.346000e+03	3.165215e+06	1.346000e+03	3.159619e+06	1.346000e+03	3.158872e+06	1.346000e+03	3.166408e+06	1.346000e+03	3.164100e+06	1.346000e+03	3.161554e+06	1.346000e+03	3.156260e+06	1.346000e+03	3.164607e+06	1.346000e+03	3.157723e+06	1.346000e+03	3.163440e+06	1.346000e+03	3.172201e+06	1.346000e+03	3.162429e+06	1.346000e+03	3.166285e+06	1.346000e+03	3.154146e+06	1.346000e+03	3.148330e+06	1.346000e+03	3.153691e+06	1.346000e+03	3.152342e+06	1.346000e+03	3.160319e+06	1.346000e+03	3.147807e+06	1.346000e+03	3.164322e+06	1.346000e+03	3.158296e+06	1.346000e+03	3.172865e+06	1.346000e+03	3.167588e+06	1.346000e+03	3.176593e+06	1.346000e+03	3.163863e+06	1.346000e+03	3.159698e+06	1.346000e+03	3.157919e+06	1.346000e+03	3.164973e+06	1.346000e+03	3.157999e+06	1.346000e+03	3.156650e+06	1.346000e+03	3.156817e+06	1.346000e+03	3.155335e+06	1.346000e+03	3.157650e+06	1.346000e+03	3.157159e+06	1.346000e+03	3.164483e+06	1.346000e+03	3.159045e+06	1.346000e+03	3.162183e+06	1.346000e+03	3.165547e+06	1.346000e+03	3.162887e+06	1.346000e+03	3.166849e+06	1.346000e+03	3.155927e+06	1.346000e+03	3.168383e+06	1.346000e+03	3.159997e+06	1.346000e+03	3.162756e+06	1.346000e+03	3.176116e+06	1.346000e+03	3.162887e+06	1.346000e+03	3.154669e+06	1.346000e+03	3.163121e+06	1.346000e+03	3.161700e+06	1.346000e+03	3.158543e+06	1.346000e+03	3.165894e+06	1.346000e+03	3.171498e+06	1.346000e+03	3.168403e+06	1.346000e+03	3.171944e+06	1.346000e+03	3.181870e+06	1.346000e+03	3.170932e+06	1.346000e+03	3.170692e+06	1.346000e+03	3.167671e+06	1.346000e+03	3.174374e+06	1.346000e+03	3.178472e+06	1.346000e+03	3.174209e+06	1.346000e+03	3.176141e+06	1.346000e+03	3.169353e+06	1.346000e+03	3.167688e+06	1.346000e+03	3.178268e+06	1.346000e+03	3.182761e+06	1.346000e+03	3.173186e+06	1.346000e+03	3.187680e+06	1.346000e+03	3.183684e+06	1.346000e+03	3.186822e+06	1.346000e+03	3.168404e+06	1.346000e+03	3.178953e+06	1.346000e+03	3.183085e+06	1.346000e+03	3.182721e+06	1.346000e+03	3.188604e+06	1.346000e+03	3.180213e+06	1.346000e+03	3.183781e+06	1.346000e+03	3.181286e+06	1.346000e+03	3.181218e+06	1.346000e+03	3.185486e+06	1.346000e+03	3.182800e+06	1.346000e+03	3.169867e+06	1.346000e+03	3.189307e+06	1.346000e+03	3.176371e+06	1.346000e+03	3.181385e+06	1.346000e+03	3.186530e+06	1.346000e+03	3.184039e+06	1.346000e+03	3.196371e+06	1.346000e+03	3.187384e+06	1.346000e+03	3.191416e+06	1.346000e+03	3.189792e+06	1.346000e+03	3.188604e+06	1.346000e+03	3.183835e+06	1.346000e+03	3.182135e+06	1.346000e+03	3.191495e+06	1.346000e+03	3.187520e+06	1.346000e+03	3.191491e+06	1.346000e+03	3.192788e+06	1.346000e+03	3.197337e+06	1.346000e+03	3.184672e+06	1.346000e+03	3.186444e+06	1.346000e+03	3.181945e+06	1.346000e+03	3.189964e+06	1.346000e+03	3.190528e+06	1.346000e+03	3.181880e+06	1.346000e+03	3.188429e+06	1.346000e+03	3.190478e+06	1.346000e+03	3.198112e+06	1.346000e+03	3.191805e+06	1.346000e+03	3.190816e+06	1.346000e+03	3.197226e+06	1.346000e+03	3.191201e+06	1.346000e+03	3.162350e+06	1.346000e+03	3.179441e+06	1.346000e+03	3.193666e+06	1.346000e+03	3.183907e+06	1.346000e+03	3.186732e+06	1.346000e+03	3.200511e+06	1.346000e+03	3.202235e+06	1.346000e+03	3.187472e+06	1.346000e+03	3.194835e+06	1.346000e+03	3.194632e+06	1.346000e+03	3.169662e+06	1.346000e+03	3.187536e+06	1.346000e+03	3.188194e+06	1.346000e+03	3.181169e+06	1.346000e+03	3.188738e+06	1.346000e+03	3.187041e+06	1.346000e+03	3.193249e+06	1.346000e+03	3.192129e+06	1.346000e+03	3.187655e+06	1.346000e+03	3.195694e+06	1.346000e+03	3.177923e+06	1.346000e+03	3.187287e+06	1.346000e+03	3.184498e+06	1.346000e+03	3.181505e+06	1.346000e+03	3.194598e+06	1.346000e+03	3.189497e+06	1.346000e+03	3.191932e+06	1.346000e+03	3.196084e+06	1.346000e+03	3.192996e+06	1.346000e+03	3.190848e+06	1.346000e+03	3.180196e+06	1.346000e+03	3.188393e+06	1.346000e+03	3.181976e+06	1.346000e+03	3.178917e+06	1.346000e+03	3.182775e+06	1.346000e+03	3.185631e+06	1.346000e+03	3.188194e+06	1.346000e+03	3.184995e+06	1.346000e+03	3.182833e+06	1.346000e+03	3.185794e+06	1.346000e+03	3.184249e+06	1.346000e+03	3.188782e+06	1.346000e+03	3.196024e+06	1.346000e+03	3.191441e+06	1.346000e+03	3.201438e+06	1.346000e+03	3.184458e+06	1.346000e+03	3.188692e+06	1.346000e+03	3.192488e+06	1.346000e+03	3.199496e+06	1.346000e+03	3.195535e+06	1.346000e+03	3.205338e+06	1.346000e+03	3.201934e+06	1.346000e+03	3.198976e+06	1.346000e+03	3.191343e+06	1.346000e+03	3.192544e+06	1.346000e+03	3.197424e+06	1.346000e+03	3.196037e+06	1.346000e+03	3.215951e+06	1.346000e+03	3.206860e+06	1.346000e+03	3.202549e+06	1.346000e+03	3.210325e+06	1.346000e+03	3.206964e+06	1.346000e+03	3.203677e+06	1.346000e+03	3.203821e+06	1.346000e+03	3.195223e+06	1.346000e+03	3.202735e+06	1.346000e+03	3.206680e+06	1.346000e+03	3.201035e+06	1.346000e+03	3.209794e+06	1.346000e+03	3.197186e+06	1.346000e+03	3.202739e+06	1.346000e+03	3.206114e+06	1.346000e+03	3.200844e+06	1.346000e+03	3.208375e+06	1.346000e+03	3.205262e+06	1.346000e+03	3.210749e+06	1.346000e+03	3.208864e+06	1.346000e+03	3.206473e+06	1.346000e+03	3.213101e+06	1.346000e+03	3.208268e+06	1.346000e+03	3.208556e+06	1.346000e+03	3.206631e+06	1.346000e+03	3.208045e+06
1.347000e+03	3.117745e+06	1.347000e+03	3.132168e+06	1.347000e+03	3.139632e+06	1.347000e+03	3.119607e+06	1.347000e+03	3.128637e+06	1.347000e+03	3.128456e+06	1.347000e+03	3.140332e+06	1.347000e+03	3.139798e+06	1.347000e+03	3.146627e+06	1.347000e+03	3.152577e+06	1.347000e+03	3.173279e+06	1.347000e+03	3.174217e+06	1.347000e+03	3.167255e+06	1.347000e+03	3.162371e+06	1.347000e+03	3.158911e+06	1.347000e+03	3.157667e+06	1.347000e+03	3.170490e+06	1.347000e+03	3.151625e+06	1.347000e+03	3.162198e+06	1.347000e+03	3.154021e+06	1.347000e+03	3.155810e+06	1.347000e+03	3.154407e+06	1.347000e+03	3.158898e+06	1.347000e+03	3.172976e+06	1.347000e+03	3.162122e+06	1.347000e+03	3.166316e+06	1.347000e+03	3.157190e+06	1.347000e+03	3.150059e+06	1.347000e+03	3.153625e+06	1.347000e+03	3.151570e+06	1.347000e+03	3.154542e+06	1.347000e+03	3.143016e+06	1.347000e+03	3.162742e+06	1.347000e+03	3.157346e+06	1.347000e+03	3.170202e+06	1.347000e+03	3.162050e+06	1.347000e+03	3.174165e+06	1.347000e+03	3.163505e+06	1.347000e+03	3.157337e+06	1.347000e+03	3.148286e+06	1.347000e+03	3.158716e+06	1.347000e+03	3.152647e+06	1.347000e+03	3.159245e+06	1.347000e+03	3.154122e+06	1.347000e+03	3.162098e+06	1.347000e+03	3.157720e+06	1.347000e+03	3.161644e+06	1.347000e+03	3.161794e+06	1.347000e+03	3.159196e+06	1.347000e+03	3.161686e+06	1.347000e+03	3.162955e+06	1.347000e+03	3.163312e+06	1.347000e+03	3.165800e+06	1.347000e+03	3.158206e+06	1.347000e+03	3.167842e+06	1.347000e+03	3.162062e+06	1.347000e+03	3.162759e+06	1.347000e+03	3.179448e+06	1.347000e+03	3.166642e+06	1.347000e+03	3.158059e+06	1.347000e+03	3.163475e+06	1.347000e+03	3.161312e+06	1.347000e+03	3.162995e+06	1.347000e+03	3.169321e+06	1.347000e+03	3.173979e+06	1.347000e+03	3.167483e+06	1.347000e+03	3.174365e+06	1.347000e+03	3.178843e+06	1.347000e+03	3.173714e+06	1.347000e+03	3.172458e+06	1.347000e+03	3.165793e+06	1.347000e+03	3.174604e+06	1.347000e+03	3.180466e+06	1.347000e+03	3.173334e+06	1.347000e+03	3.178931e+06	1.347000e+03	3.171875e+06	1.347000e+03	3.170107e+06	1.347000e+03	3.174245e+06	1.347000e+03	3.180345e+06	1.347000e+03	3.171723e+06	1.347000e+03	3.182386e+06	1.347000e+03	3.180306e+06	1.347000e+03	3.188691e+06	1.347000e+03	3.174655e+06	1.347000e+03	3.180961e+06	1.347000e+03	3.187111e+06	1.347000e+03	3.182048e+06	1.347000e+03	3.185697e+06	1.347000e+03	3.176287e+06	1.347000e+03	3.180254e+06	1.347000e+03	3.183875e+06	1.347000e+03	3.175133e+06	1.347000e+03	3.180124e+06	1.347000e+03	3.184415e+06	1.347000e+03	3.169585e+06	1.347000e+03	3.189475e+06	1.347000e+03	3.176327e+06	1.347000e+03	3.186755e+06	1.347000e+03	3.189529e+06	1.347000e+03	3.186547e+06	1.347000e+03	3.196259e+06	1.347000e+03	3.184137e+06	1.347000e+03	3.189466e+06	1.347000e+03	3.194157e+06	1.347000e+03	3.187801e+06	1.347000e+03	3.179897e+06	1.347000e+03	3.186850e+06	1.347000e+03	3.189939e+06	1.347000e+03	3.181135e+06	1.347000e+03	3.191644e+06	1.347000e+03	3.189898e+06	1.347000e+03	3.196262e+06	1.347000e+03	3.184889e+06	1.347000e+03	3.187736e+06	1.347000e+03	3.180160e+06	1.347000e+03	3.187077e+06	1.347000e+03	3.191448e+06	1.347000e+03	3.184729e+06	1.347000e+03	3.190229e+06	1.347000e+03	3.189175e+06	1.347000e+03	3.194301e+06	1.347000e+03	3.191381e+06	1.347000e+03	3.189914e+06	1.347000e+03	3.196817e+06	1.347000e+03	3.193440e+06	1.347000e+03	3.160782e+06	1.347000e+03	3.186752e+06	1.347000e+03	3.188194e+06	1.347000e+03	3.182422e+06	1.347000e+03	3.186178e+06	1.347000e+03	3.200567e+06	1.347000e+03	3.200504e+06	1.347000e+03	3.190329e+06	1.347000e+03	3.195768e+06	1.347000e+03	3.194947e+06	1.347000e+03	3.170543e+06	1.347000e+03	3.186959e+06	1.347000e+03	3.186270e+06	1.347000e+03	3.180391e+06	1.347000e+03	3.185802e+06	1.347000e+03	3.185759e+06	1.347000e+03	3.192903e+06	1.347000e+03	3.192853e+06	1.347000e+03	3.189827e+06	1.347000e+03	3.196488e+06	1.347000e+03	3.178340e+06	1.347000e+03	3.190398e+06	1.347000e+03	3.187857e+06	1.347000e+03	3.187902e+06	1.347000e+03	3.195239e+06	1.347000e+03	3.187123e+06	1.347000e+03	3.188414e+06	1.347000e+03	3.195302e+06	1.347000e+03	3.190484e+06	1.347000e+03	3.191475e+06	1.347000e+03	3.182987e+06	1.347000e+03	3.196309e+06	1.347000e+03	3.183908e+06	1.347000e+03	3.179730e+06	1.347000e+03	3.182517e+06	1.347000e+03	3.187446e+06	1.347000e+03	3.185276e+06	1.347000e+03	3.184953e+06	1.347000e+03	3.184733e+06	1.347000e+03	3.182689e+06	1.347000e+03	3.186027e+06	1.347000e+03	3.189274e+06	1.347000e+03	3.194813e+06	1.347000e+03	3.194105e+06	1.347000e+03	3.200448e+06	1.347000e+03	3.185375e+06	1.347000e+03	3.185424e+06	1.347000e+03	3.198653e+06	1.347000e+03	3.200517e+06	1.347000e+03	3.196339e+06	1.347000e+03	3.207703e+06	1.347000e+03	3.205044e+06	1.347000e+03	3.201761e+06	1.347000e+03	3.193145e+06	1.347000e+03	3.194584e+06	1.347000e+03	3.193014e+06	1.347000e+03	3.194475e+06	1.347000e+03	3.212849e+06	1.347000e+03	3.206382e+06	1.347000e+03	3.199806e+06	1.347000e+03	3.209273e+06	1.347000e+03	3.201694e+06	1.347000e+03	3.201151e+06	1.347000e+03	3.205720e+06	1.347000e+03	3.196364e+06	1.347000e+03	3.206828e+06	1.347000e+03	3.205592e+06	1.347000e+03	3.202671e+06	1.347000e+03	3.211704e+06	1.347000e+03	3.199640e+06	1.347000e+03	3.206425e+06	1.347000e+03	3.207594e+06	1.347000e+03	3.198294e+06	1.347000e+03	3.206565e+06	1.347000e+03	3.205284e+06	1.347000e+03	3.209903e+06	1.347000e+03	3.207145e+06	1.347000e+03	3.207320e+06	1.347000e+03	3.211149e+06	1.347000e+03	3.205433e+06	1.347000e+03	3.209596e+06	1.347000e+03	3.206383e+06	1.347000e+03	3.211479e+06
1.348000e+03	3.114527e+06	1.348000e+03	3.128538e+06	1.348000e+03	3.136279e+06	1.348000e+03	3.121816e+06	1.348000e+03	3.132774e+06	1.348000e+03	3.128760e+06	1.348000e+03	3.145365e+06	1.348000e+03	3.143877e+06	1.348000e+03	3.143261e+06	1.348000e+03	3.148246e+06	1.348000e+03	3.169509e+06	1.348000e+03	3.173649e+06	1.348000e+03	3.168352e+06	1.348000e+03	3.165068e+06	1.348000e+03	3.158216e+06	1.348000e+03	3.160472e+06	1.348000e+03	3.166485e+06	1.348000e+03	3.153830e+06	1.348000e+03	3.162313e+06	1.348000e+03	3.156125e+06	1.348000e+03	3.158471e+06	1.348000e+03	3.155550e+06	1.348000e+03	3.157324e+06	1.348000e+03	3.172458e+06	1.348000e+03	3.161028e+06	1.348000e+03	3.163085e+06	1.348000e+03	3.156624e+06	1.348000e+03	3.152610e+06	1.348000e+03	3.158895e+06	1.348000e+03	3.152856e+06	1.348000e+03	3.157344e+06	1.348000e+03	3.148709e+06	1.348000e+03	3.162334e+06	1.348000e+03	3.163193e+06	1.348000e+03	3.172012e+06	1.348000e+03	3.169542e+06	1.348000e+03	3.174983e+06	1.348000e+03	3.164109e+06	1.348000e+03	3.155639e+06	1.348000e+03	3.147288e+06	1.348000e+03	3.159923e+06	1.348000e+03	3.155504e+06	1.348000e+03	3.158748e+06	1.348000e+03	3.153743e+06	1.348000e+03	3.163549e+06	1.348000e+03	3.152811e+06	1.348000e+03	3.159915e+06	1.348000e+03	3.161566e+06	1.348000e+03	3.159054e+06	1.348000e+03	3.162919e+06	1.348000e+03	3.164280e+06	1.348000e+03	3.165920e+06	1.348000e+03	3.167825e+06	1.348000e+03	3.160062e+06	1.348000e+03	3.166108e+06	1.348000e+03	3.163235e+06	1.348000e+03	3.161801e+06	1.348000e+03	3.177104e+06	1.348000e+03	3.164004e+06	1.348000e+03	3.155843e+06	1.348000e+03	3.161838e+06	1.348000e+03	3.162925e+06	1.348000e+03	3.162058e+06	1.348000e+03	3.165110e+06	1.348000e+03	3.174382e+06	1.348000e+03	3.169765e+06	1.348000e+03	3.172412e+06	1.348000e+03	3.175332e+06	1.348000e+03	3.171644e+06	1.348000e+03	3.165139e+06	1.348000e+03	3.169588e+06	1.348000e+03	3.170521e+06	1.348000e+03	3.177819e+06	1.348000e+03	3.174401e+06	1.348000e+03	3.178665e+06	1.348000e+03	3.173100e+06	1.348000e+03	3.169500e+06	1.348000e+03	3.176210e+06	1.348000e+03	3.178217e+06	1.348000e+03	3.171283e+06	1.348000e+03	3.182812e+06	1.348000e+03	3.183715e+06	1.348000e+03	3.189910e+06	1.348000e+03	3.172189e+06	1.348000e+03	3.178432e+06	1.348000e+03	3.186355e+06	1.348000e+03	3.186197e+06	1.348000e+03	3.185591e+06	1.348000e+03	3.179876e+06	1.348000e+03	3.174538e+06	1.348000e+03	3.181495e+06	1.348000e+03	3.174366e+06	1.348000e+03	3.178785e+06	1.348000e+03	3.185784e+06	1.348000e+03	3.180025e+06	1.348000e+03	3.186682e+06	1.348000e+03	3.177520e+06	1.348000e+03	3.183878e+06	1.348000e+03	3.185364e+06	1.348000e+03	3.185720e+06	1.348000e+03	3.195659e+06	1.348000e+03	3.184946e+06	1.348000e+03	3.191205e+06	1.348000e+03	3.192676e+06	1.348000e+03	3.185043e+06	1.348000e+03	3.183977e+06	1.348000e+03	3.186951e+06	1.348000e+03	3.196236e+06	1.348000e+03	3.187750e+06	1.348000e+03	3.190684e+06	1.348000e+03	3.191434e+06	1.348000e+03	3.195471e+06	1.348000e+03	3.182667e+06	1.348000e+03	3.179778e+06	1.348000e+03	3.178147e+06	1.348000e+03	3.190344e+06	1.348000e+03	3.188505e+06	1.348000e+03	3.185656e+06	1.348000e+03	3.187429e+06	1.348000e+03	3.196252e+06	1.348000e+03	3.195386e+06	1.348000e+03	3.191740e+06	1.348000e+03	3.190642e+06	1.348000e+03	3.195925e+06	1.348000e+03	3.193034e+06	1.348000e+03	3.161875e+06	1.348000e+03	3.184108e+06	1.348000e+03	3.192183e+06	1.348000e+03	3.183999e+06	1.348000e+03	3.188102e+06	1.348000e+03	3.194094e+06	1.348000e+03	3.199486e+06	1.348000e+03	3.187723e+06	1.348000e+03	3.194471e+06	1.348000e+03	3.193250e+06	1.348000e+03	3.169225e+06	1.348000e+03	3.185709e+06	1.348000e+03	3.188948e+06	1.348000e+03	3.184389e+06	1.348000e+03	3.186816e+06	1.348000e+03	3.187802e+06	1.348000e+03	3.188539e+06	1.348000e+03	3.192953e+06	1.348000e+03	3.187655e+06	1.348000e+03	3.195155e+06	1.348000e+03	3.183969e+06	1.348000e+03	3.183930e+06	1.348000e+03	3.185554e+06	1.348000e+03	3.187222e+06	1.348000e+03	3.189266e+06	1.348000e+03	3.185501e+06	1.348000e+03	3.188457e+06	1.348000e+03	3.194384e+06	1.348000e+03	3.191500e+06	1.348000e+03	3.190478e+06	1.348000e+03	3.182401e+06	1.348000e+03	3.193170e+06	1.348000e+03	3.179931e+06	1.348000e+03	3.184657e+06	1.348000e+03	3.183789e+06	1.348000e+03	3.186895e+06	1.348000e+03	3.185293e+06	1.348000e+03	3.185674e+06	1.348000e+03	3.183868e+06	1.348000e+03	3.185887e+06	1.348000e+03	3.183447e+06	1.348000e+03	3.184546e+06	1.348000e+03	3.196843e+06	1.348000e+03	3.192019e+06	1.348000e+03	3.203396e+06	1.348000e+03	3.188830e+06	1.348000e+03	3.190691e+06	1.348000e+03	3.199486e+06	1.348000e+03	3.196282e+06	1.348000e+03	3.194606e+06	1.348000e+03	3.208558e+06	1.348000e+03	3.202593e+06	1.348000e+03	3.203101e+06	1.348000e+03	3.199487e+06	1.348000e+03	3.194731e+06	1.348000e+03	3.193876e+06	1.348000e+03	3.193417e+06	1.348000e+03	3.206074e+06	1.348000e+03	3.206298e+06	1.348000e+03	3.198523e+06	1.348000e+03	3.209894e+06	1.348000e+03	3.203567e+06	1.348000e+03	3.197344e+06	1.348000e+03	3.202044e+06	1.348000e+03	3.193966e+06	1.348000e+03	3.205513e+06	1.348000e+03	3.205672e+06	1.348000e+03	3.203293e+06	1.348000e+03	3.208290e+06	1.348000e+03	3.198400e+06	1.348000e+03	3.205482e+06	1.348000e+03	3.205966e+06	1.348000e+03	3.200245e+06	1.348000e+03	3.209379e+06	1.348000e+03	3.206531e+06	1.348000e+03	3.210555e+06	1.348000e+03	3.212837e+06	1.348000e+03	3.206536e+06	1.348000e+03	3.211503e+06	1.348000e+03	3.207196e+06	1.348000e+03	3.209439e+06	1.348000e+03	3.210175e+06	1.348000e+03	3.211313e+06
1.349000e+03	3.117166e+06	1.349000e+03	3.129491e+06	1.349000e+03	3.132764e+06	1.349000e+03	3.120791e+06	1.349000e+03	3.132529e+06	1.349000e+03	3.127101e+06	1.349000e+03	3.143491e+06	1.349000e+03	3.141321e+06	1.349000e+03	3.146432e+06	1.349000e+03	3.152538e+06	1.349000e+03	3.173838e+06	1.349000e+03	3.173179e+06	1.349000e+03	3.172749e+06	1.349000e+03	3.160598e+06	1.349000e+03	3.159277e+06	1.349000e+03	3.160094e+06	1.349000e+03	3.173090e+06	1.349000e+03	3.153057e+06	1.349000e+03	3.160478e+06	1.349000e+03	3.156660e+06	1.349000e+03	3.156965e+06	1.349000e+03	3.155078e+06	1.349000e+03	3.156335e+06	1.349000e+03	3.172218e+06	1.349000e+03	3.158674e+06	1.349000e+03	3.164578e+06	1.349000e+03	3.153529e+06	1.349000e+03	3.144938e+06	1.349000e+03	3.156464e+06	1.349000e+03	3.159368e+06	1.349000e+03	3.156351e+06	1.349000e+03	3.150205e+06	1.349000e+03	3.162803e+06	1.349000e+03	3.159943e+06	1.349000e+03	3.175196e+06	1.349000e+03	3.163944e+06	1.349000e+03	3.182732e+06	1.349000e+03	3.163314e+06	1.349000e+03	3.159382e+06	1.349000e+03	3.149479e+06	1.349000e+03	3.161844e+06	1.349000e+03	3.154495e+06	1.349000e+03	3.161543e+06	1.349000e+03	3.153395e+06	1.349000e+03	3.158748e+06	1.349000e+03	3.155150e+06	1.349000e+03	3.161562e+06	1.349000e+03	3.162079e+06	1.349000e+03	3.160887e+06	1.349000e+03	3.162663e+06	1.349000e+03	3.167036e+06	1.349000e+03	3.163881e+06	1.349000e+03	3.164511e+06	1.349000e+03	3.162417e+06	1.349000e+03	3.168352e+06	1.349000e+03	3.170386e+06	1.349000e+03	3.163543e+06	1.349000e+03	3.178163e+06	1.349000e+03	3.167264e+06	1.349000e+03	3.153832e+06	1.349000e+03	3.165599e+06	1.349000e+03	3.159869e+06	1.349000e+03	3.158818e+06	1.349000e+03	3.170650e+06	1.349000e+03	3.175105e+06	1.349000e+03	3.169072e+06	1.349000e+03	3.174715e+06	1.349000e+03	3.177483e+06	1.349000e+03	3.172726e+06	1.349000e+03	3.169593e+06	1.349000e+03	3.168772e+06	1.349000e+03	3.170985e+06	1.349000e+03	3.176434e+06	1.349000e+03	3.172321e+06	1.349000e+03	3.180605e+06	1.349000e+03	3.172672e+06	1.349000e+03	3.168719e+06	1.349000e+03	3.178127e+06	1.349000e+03	3.179192e+06	1.349000e+03	3.170237e+06	1.349000e+03	3.183573e+06	1.349000e+03	3.182362e+06	1.349000e+03	3.186957e+06	1.349000e+03	3.172020e+06	1.349000e+03	3.175531e+06	1.349000e+03	3.191986e+06	1.349000e+03	3.185372e+06	1.349000e+03	3.181319e+06	1.349000e+03	3.178616e+06	1.349000e+03	3.177626e+06	1.349000e+03	3.182841e+06	1.349000e+03	3.177923e+06	1.349000e+03	3.182566e+06	1.349000e+03	3.188748e+06	1.349000e+03	3.188585e+06	1.349000e+03	3.190785e+06	1.349000e+03	3.178485e+06	1.349000e+03	3.183726e+06	1.349000e+03	3.188287e+06	1.349000e+03	3.190144e+06	1.349000e+03	3.192509e+06	1.349000e+03	3.188723e+06	1.349000e+03	3.193243e+06	1.349000e+03	3.188705e+06	1.349000e+03	3.183594e+06	1.349000e+03	3.182850e+06	1.349000e+03	3.183298e+06	1.349000e+03	3.194057e+06	1.349000e+03	3.190762e+06	1.349000e+03	3.191686e+06	1.349000e+03	3.191064e+06	1.349000e+03	3.193044e+06	1.349000e+03	3.179169e+06	1.349000e+03	3.184662e+06	1.349000e+03	3.182646e+06	1.349000e+03	3.191237e+06	1.349000e+03	3.188321e+06	1.349000e+03	3.186453e+06	1.349000e+03	3.186695e+06	1.349000e+03	3.196892e+06	1.349000e+03	3.183037e+06	1.349000e+03	3.185317e+06	1.349000e+03	3.197705e+06	1.349000e+03	3.198724e+06	1.349000e+03	3.194713e+06	1.349000e+03	3.161859e+06	1.349000e+03	3.184792e+06	1.349000e+03	3.184596e+06	1.349000e+03	3.182081e+06	1.349000e+03	3.190199e+06	1.349000e+03	3.190228e+06	1.349000e+03	3.195363e+06	1.349000e+03	3.190658e+06	1.349000e+03	3.189150e+06	1.349000e+03	3.191612e+06	1.349000e+03	3.173319e+06	1.349000e+03	3.182834e+06	1.349000e+03	3.182690e+06	1.349000e+03	3.181357e+06	1.349000e+03	3.190244e+06	1.349000e+03	3.188890e+06	1.349000e+03	3.192754e+06	1.349000e+03	3.190622e+06	1.349000e+03	3.186454e+06	1.349000e+03	3.190287e+06	1.349000e+03	3.181715e+06	1.349000e+03	3.182053e+06	1.349000e+03	3.180280e+06	1.349000e+03	3.187250e+06	1.349000e+03	3.191150e+06	1.349000e+03	3.186700e+06	1.349000e+03	3.193175e+06	1.349000e+03	3.195361e+06	1.349000e+03	3.192158e+06	1.349000e+03	3.189113e+06	1.349000e+03	3.180970e+06	1.349000e+03	3.191900e+06	1.349000e+03	3.183711e+06	1.349000e+03	3.180100e+06	1.349000e+03	3.184330e+06	1.349000e+03	3.185845e+06	1.349000e+03	3.188264e+06	1.349000e+03	3.185451e+06	1.349000e+03	3.180934e+06	1.349000e+03	3.187803e+06	1.349000e+03	3.187423e+06	1.349000e+03	3.185014e+06	1.349000e+03	3.196868e+06	1.349000e+03	3.195205e+06	1.349000e+03	3.203520e+06	1.349000e+03	3.187750e+06	1.349000e+03	3.192945e+06	1.349000e+03	3.202392e+06	1.349000e+03	3.200194e+06	1.349000e+03	3.197826e+06	1.349000e+03	3.208942e+06	1.349000e+03	3.203438e+06	1.349000e+03	3.200736e+06	1.349000e+03	3.203815e+06	1.349000e+03	3.192874e+06	1.349000e+03	3.193729e+06	1.349000e+03	3.195586e+06	1.349000e+03	3.212272e+06	1.349000e+03	3.208877e+06	1.349000e+03	3.197841e+06	1.349000e+03	3.211245e+06	1.349000e+03	3.204471e+06	1.349000e+03	3.198659e+06	1.349000e+03	3.205341e+06	1.349000e+03	3.191123e+06	1.349000e+03	3.203983e+06	1.349000e+03	3.203607e+06	1.349000e+03	3.201656e+06	1.349000e+03	3.213027e+06	1.349000e+03	3.195604e+06	1.349000e+03	3.203631e+06	1.349000e+03	3.208188e+06	1.349000e+03	3.200857e+06	1.349000e+03	3.210333e+06	1.349000e+03	3.208116e+06	1.349000e+03	3.210261e+06	1.349000e+03	3.210542e+06	1.349000e+03	3.207943e+06	1.349000e+03	3.211747e+06	1.349000e+03	3.212970e+06	1.349000e+03	3.211728e+06	1.349000e+03	3.204876e+06	1.349000e+03	3.208952e+06
1.350000e+03	3.117093e+06	1.350000e+03	3.126929e+06	1.350000e+03	3.137231e+06	1.350000e+03	3.121030e+06	1.350000e+03	3.129283e+06	1.350000e+03	3.128137e+06	1.350000e+03	3.142044e+06	1.350000e+03	3.141053e+06	1.350000e+03	3.145437e+06	1.350000e+03	3.152781e+06	1.350000e+03	3.173372e+06	1.350000e+03	3.172001e+06	1.350000e+03	3.174615e+06	1.350000e+03	3.160768e+06	1.350000e+03	3.157170e+06	1.350000e+03	3.160829e+06	1.350000e+03	3.174123e+06	1.350000e+03	3.157092e+06	1.350000e+03	3.157396e+06	1.350000e+03	3.162908e+06	1.350000e+03	3.157639e+06	1.350000e+03	3.154665e+06	1.350000e+03	3.155154e+06	1.350000e+03	3.176486e+06	1.350000e+03	3.161597e+06	1.350000e+03	3.164950e+06	1.350000e+03	3.152080e+06	1.350000e+03	3.148930e+06	1.350000e+03	3.153992e+06	1.350000e+03	3.155020e+06	1.350000e+03	3.162363e+06	1.350000e+03	3.151420e+06	1.350000e+03	3.166542e+06	1.350000e+03	3.164918e+06	1.350000e+03	3.166378e+06	1.350000e+03	3.166041e+06	1.350000e+03	3.174354e+06	1.350000e+03	3.161944e+06	1.350000e+03	3.157838e+06	1.350000e+03	3.151999e+06	1.350000e+03	3.160989e+06	1.350000e+03	3.162193e+06	1.350000e+03	3.161871e+06	1.350000e+03	3.156285e+06	1.350000e+03	3.156825e+06	1.350000e+03	3.152165e+06	1.350000e+03	3.167212e+06	1.350000e+03	3.162850e+06	1.350000e+03	3.163372e+06	1.350000e+03	3.161423e+06	1.350000e+03	3.165146e+06	1.350000e+03	3.165511e+06	1.350000e+03	3.165803e+06	1.350000e+03	3.158906e+06	1.350000e+03	3.169420e+06	1.350000e+03	3.168234e+06	1.350000e+03	3.164235e+06	1.350000e+03	3.179426e+06	1.350000e+03	3.161801e+06	1.350000e+03	3.156940e+06	1.350000e+03	3.161273e+06	1.350000e+03	3.160739e+06	1.350000e+03	3.162717e+06	1.350000e+03	3.167128e+06	1.350000e+03	3.167538e+06	1.350000e+03	3.175042e+06	1.350000e+03	3.173893e+06	1.350000e+03	3.174625e+06	1.350000e+03	3.175534e+06	1.350000e+03	3.168500e+06	1.350000e+03	3.169042e+06	1.350000e+03	3.167628e+06	1.350000e+03	3.175660e+06	1.350000e+03	3.172612e+06	1.350000e+03	3.183845e+06	1.350000e+03	3.170851e+06	1.350000e+03	3.169431e+06	1.350000e+03	3.173865e+06	1.350000e+03	3.178793e+06	1.350000e+03	3.172490e+06	1.350000e+03	3.183035e+06	1.350000e+03	3.176108e+06	1.350000e+03	3.187306e+06	1.350000e+03	3.172715e+06	1.350000e+03	3.177380e+06	1.350000e+03	3.190678e+06	1.350000e+03	3.183847e+06	1.350000e+03	3.183617e+06	1.350000e+03	3.177996e+06	1.350000e+03	3.179760e+06	1.350000e+03	3.183333e+06	1.350000e+03	3.178726e+06	1.350000e+03	3.180381e+06	1.350000e+03	3.187672e+06	1.350000e+03	3.189301e+06	1.350000e+03	3.190464e+06	1.350000e+03	3.179929e+06	1.350000e+03	3.183184e+06	1.350000e+03	3.187258e+06	1.350000e+03	3.190443e+06	1.350000e+03	3.194389e+06	1.350000e+03	3.190955e+06	1.350000e+03	3.192759e+06	1.350000e+03	3.191257e+06	1.350000e+03	3.183729e+06	1.350000e+03	3.187495e+06	1.350000e+03	3.183833e+06	1.350000e+03	3.194759e+06	1.350000e+03	3.186437e+06	1.350000e+03	3.192760e+06	1.350000e+03	3.194401e+06	1.350000e+03	3.193611e+06	1.350000e+03	3.182134e+06	1.350000e+03	3.185204e+06	1.350000e+03	3.186392e+06	1.350000e+03	3.190593e+06	1.350000e+03	3.186507e+06	1.350000e+03	3.187858e+06	1.350000e+03	3.186281e+06	1.350000e+03	3.196489e+06	1.350000e+03	3.188044e+06	1.350000e+03	3.188074e+06	1.350000e+03	3.190047e+06	1.350000e+03	3.196768e+06	1.350000e+03	3.190109e+06	1.350000e+03	3.151812e+06	1.350000e+03	3.183463e+06	1.350000e+03	3.187020e+06	1.350000e+03	3.183704e+06	1.350000e+03	3.190919e+06	1.350000e+03	3.195308e+06	1.350000e+03	3.184470e+06	1.350000e+03	3.187714e+06	1.350000e+03	3.191760e+06	1.350000e+03	3.190200e+06	1.350000e+03	3.172015e+06	1.350000e+03	3.189155e+06	1.350000e+03	3.183531e+06	1.350000e+03	3.183181e+06	1.350000e+03	3.184186e+06	1.350000e+03	3.183192e+06	1.350000e+03	3.188220e+06	1.350000e+03	3.186495e+06	1.350000e+03	3.187994e+06	1.350000e+03	3.195086e+06	1.350000e+03	3.183161e+06	1.350000e+03	3.185864e+06	1.350000e+03	3.184698e+06	1.350000e+03	3.188406e+06	1.350000e+03	3.190747e+06	1.350000e+03	3.188180e+06	1.350000e+03	3.193453e+06	1.350000e+03	3.199278e+06	1.350000e+03	3.189034e+06	1.350000e+03	3.189769e+06	1.350000e+03	3.182678e+06	1.350000e+03	3.189200e+06	1.350000e+03	3.182581e+06	1.350000e+03	3.179632e+06	1.350000e+03	3.181748e+06	1.350000e+03	3.187374e+06	1.350000e+03	3.189817e+06	1.350000e+03	3.184238e+06	1.350000e+03	3.183722e+06	1.350000e+03	3.187475e+06	1.350000e+03	3.189476e+06	1.350000e+03	3.187551e+06	1.350000e+03	3.197479e+06	1.350000e+03	3.192506e+06	1.350000e+03	3.198192e+06	1.350000e+03	3.185021e+06	1.350000e+03	3.194403e+06	1.350000e+03	3.201727e+06	1.350000e+03	3.202431e+06	1.350000e+03	3.201854e+06	1.350000e+03	3.203957e+06	1.350000e+03	3.204335e+06	1.350000e+03	3.201083e+06	1.350000e+03	3.197566e+06	1.350000e+03	3.196002e+06	1.350000e+03	3.200690e+06	1.350000e+03	3.193951e+06	1.350000e+03	3.215036e+06	1.350000e+03	3.210251e+06	1.350000e+03	3.198964e+06	1.350000e+03	3.206946e+06	1.350000e+03	3.202667e+06	1.350000e+03	3.198837e+06	1.350000e+03	3.202862e+06	1.350000e+03	3.194644e+06	1.350000e+03	3.208122e+06	1.350000e+03	3.203469e+06	1.350000e+03	3.203926e+06	1.350000e+03	3.212501e+06	1.350000e+03	3.196805e+06	1.350000e+03	3.207462e+06	1.350000e+03	3.206239e+06	1.350000e+03	3.201183e+06	1.350000e+03	3.210965e+06	1.350000e+03	3.207067e+06	1.350000e+03	3.208110e+06	1.350000e+03	3.206597e+06	1.350000e+03	3.212190e+06	1.350000e+03	3.211948e+06	1.350000e+03	3.209993e+06	1.350000e+03	3.209443e+06	1.350000e+03	3.207873e+06	1.350000e+03	3.211050e+06
1.351000e+03	3.117500e+06	1.351000e+03	3.129313e+06	1.351000e+03	3.137615e+06	1.351000e+03	3.123193e+06	1.351000e+03	3.134445e+06	1.351000e+03	3.130598e+06	1.351000e+03	3.145578e+06	1.351000e+03	3.138676e+06	1.351000e+03	3.145852e+06	1.351000e+03	3.148390e+06	1.351000e+03	3.172745e+06	1.351000e+03	3.172520e+06	1.351000e+03	3.173337e+06	1.351000e+03	3.164792e+06	1.351000e+03	3.161092e+06	1.351000e+03	3.157780e+06	1.351000e+03	3.174634e+06	1.351000e+03	3.157639e+06	1.351000e+03	3.153320e+06	1.351000e+03	3.158187e+06	1.351000e+03	3.153610e+06	1.351000e+03	3.152074e+06	1.351000e+03	3.154232e+06	1.351000e+03	3.173100e+06	1.351000e+03	3.160555e+06	1.351000e+03	3.166786e+06	1.351000e+03	3.155513e+06	1.351000e+03	3.155652e+06	1.351000e+03	3.153521e+06	1.351000e+03	3.152104e+06	1.351000e+03	3.163622e+06	1.351000e+03	3.149606e+06	1.351000e+03	3.166753e+06	1.351000e+03	3.156565e+06	1.351000e+03	3.170684e+06	1.351000e+03	3.164717e+06	1.351000e+03	3.169527e+06	1.351000e+03	3.160190e+06	1.351000e+03	3.160556e+06	1.351000e+03	3.152048e+06	1.351000e+03	3.163689e+06	1.351000e+03	3.159039e+06	1.351000e+03	3.158881e+06	1.351000e+03	3.158322e+06	1.351000e+03	3.155702e+06	1.351000e+03	3.150797e+06	1.351000e+03	3.167729e+06	1.351000e+03	3.164231e+06	1.351000e+03	3.168161e+06	1.351000e+03	3.165386e+06	1.351000e+03	3.163826e+06	1.351000e+03	3.166382e+06	1.351000e+03	3.166614e+06	1.351000e+03	3.158437e+06	1.351000e+03	3.166737e+06	1.351000e+03	3.169283e+06	1.351000e+03	3.166184e+06	1.351000e+03	3.179105e+06	1.351000e+03	3.157897e+06	1.351000e+03	3.156163e+06	1.351000e+03	3.161966e+06	1.351000e+03	3.164523e+06	1.351000e+03	3.161693e+06	1.351000e+03	3.168017e+06	1.351000e+03	3.165609e+06	1.351000e+03	3.175752e+06	1.351000e+03	3.168889e+06	1.351000e+03	3.172924e+06	1.351000e+03	3.179199e+06	1.351000e+03	3.165818e+06	1.351000e+03	3.169960e+06	1.351000e+03	3.170662e+06	1.351000e+03	3.179919e+06	1.351000e+03	3.170865e+06	1.351000e+03	3.181477e+06	1.351000e+03	3.171051e+06	1.351000e+03	3.166100e+06	1.351000e+03	3.173586e+06	1.351000e+03	3.180000e+06	1.351000e+03	3.171945e+06	1.351000e+03	3.183504e+06	1.351000e+03	3.181405e+06	1.351000e+03	3.189429e+06	1.351000e+03	3.172903e+06	1.351000e+03	3.170939e+06	1.351000e+03	3.186207e+06	1.351000e+03	3.181322e+06	1.351000e+03	3.185927e+06	1.351000e+03	3.178743e+06	1.351000e+03	3.176599e+06	1.351000e+03	3.187102e+06	1.351000e+03	3.181454e+06	1.351000e+03	3.180710e+06	1.351000e+03	3.189900e+06	1.351000e+03	3.183921e+06	1.351000e+03	3.189168e+06	1.351000e+03	3.178383e+06	1.351000e+03	3.181170e+06	1.351000e+03	3.186223e+06	1.351000e+03	3.185475e+06	1.351000e+03	3.194486e+06	1.351000e+03	3.187872e+06	1.351000e+03	3.194988e+06	1.351000e+03	3.191847e+06	1.351000e+03	3.188679e+06	1.351000e+03	3.186498e+06	1.351000e+03	3.183279e+06	1.351000e+03	3.191927e+06	1.351000e+03	3.185239e+06	1.351000e+03	3.189138e+06	1.351000e+03	3.195830e+06	1.351000e+03	3.195231e+06	1.351000e+03	3.186194e+06	1.351000e+03	3.182937e+06	1.351000e+03	3.185237e+06	1.351000e+03	3.190231e+06	1.351000e+03	3.186771e+06	1.351000e+03	3.183867e+06	1.351000e+03	3.185974e+06	1.351000e+03	3.200756e+06	1.351000e+03	3.189526e+06	1.351000e+03	3.189448e+06	1.351000e+03	3.188739e+06	1.351000e+03	3.193276e+06	1.351000e+03	3.191031e+06	1.351000e+03	3.155798e+06	1.351000e+03	3.186586e+06	1.351000e+03	3.186078e+06	1.351000e+03	3.183709e+06	1.351000e+03	3.186825e+06	1.351000e+03	3.191318e+06	1.351000e+03	3.180799e+06	1.351000e+03	3.187236e+06	1.351000e+03	3.186816e+06	1.351000e+03	3.189133e+06	1.351000e+03	3.173195e+06	1.351000e+03	3.190548e+06	1.351000e+03	3.185460e+06	1.351000e+03	3.183192e+06	1.351000e+03	3.187522e+06	1.351000e+03	3.185944e+06	1.351000e+03	3.189027e+06	1.351000e+03	3.185954e+06	1.351000e+03	3.188046e+06	1.351000e+03	3.197715e+06	1.351000e+03	3.183803e+06	1.351000e+03	3.186941e+06	1.351000e+03	3.184457e+06	1.351000e+03	3.185979e+06	1.351000e+03	3.193998e+06	1.351000e+03	3.189605e+06	1.351000e+03	3.194000e+06	1.351000e+03	3.194953e+06	1.351000e+03	3.191332e+06	1.351000e+03	3.191735e+06	1.351000e+03	3.182460e+06	1.351000e+03	3.187025e+06	1.351000e+03	3.182868e+06	1.351000e+03	3.181824e+06	1.351000e+03	3.178908e+06	1.351000e+03	3.185455e+06	1.351000e+03	3.188252e+06	1.351000e+03	3.181335e+06	1.351000e+03	3.181085e+06	1.351000e+03	3.190090e+06	1.351000e+03	3.187226e+06	1.351000e+03	3.193136e+06	1.351000e+03	3.195865e+06	1.351000e+03	3.198039e+06	1.351000e+03	3.199006e+06	1.351000e+03	3.188353e+06	1.351000e+03	3.195606e+06	1.351000e+03	3.196724e+06	1.351000e+03	3.197304e+06	1.351000e+03	3.203857e+06	1.351000e+03	3.207159e+06	1.351000e+03	3.198771e+06	1.351000e+03	3.202122e+06	1.351000e+03	3.196456e+06	1.351000e+03	3.193174e+06	1.351000e+03	3.196575e+06	1.351000e+03	3.196199e+06	1.351000e+03	3.215668e+06	1.351000e+03	3.209032e+06	1.351000e+03	3.196819e+06	1.351000e+03	3.209852e+06	1.351000e+03	3.201800e+06	1.351000e+03	3.200344e+06	1.351000e+03	3.198707e+06	1.351000e+03	3.200670e+06	1.351000e+03	3.207799e+06	1.351000e+03	3.201464e+06	1.351000e+03	3.203291e+06	1.351000e+03	3.216471e+06	1.351000e+03	3.194358e+06	1.351000e+03	3.202976e+06	1.351000e+03	3.204880e+06	1.351000e+03	3.198262e+06	1.351000e+03	3.206716e+06	1.351000e+03	3.204474e+06	1.351000e+03	3.207998e+06	1.351000e+03	3.206336e+06	1.351000e+03	3.202548e+06	1.351000e+03	3.211461e+06	1.351000e+03	3.208604e+06	1.351000e+03	3.206246e+06	1.351000e+03	3.207807e+06	1.351000e+03	3.211573e+06
1.352000e+03	3.119316e+06	1.352000e+03	3.131117e+06	1.352000e+03	3.136846e+06	1.352000e+03	3.118938e+06	1.352000e+03	3.134159e+06	1.352000e+03	3.131498e+06	1.352000e+03	3.142948e+06	1.352000e+03	3.138986e+06	1.352000e+03	3.146384e+06	1.352000e+03	3.146664e+06	1.352000e+03	3.170010e+06	1.352000e+03	3.171008e+06	1.352000e+03	3.171551e+06	1.352000e+03	3.166795e+06	1.352000e+03	3.162976e+06	1.352000e+03	3.159772e+06	1.352000e+03	3.175217e+06	1.352000e+03	3.152715e+06	1.352000e+03	3.152339e+06	1.352000e+03	3.158568e+06	1.352000e+03	3.153902e+06	1.352000e+03	3.152058e+06	1.352000e+03	3.159830e+06	1.352000e+03	3.179851e+06	1.352000e+03	3.161936e+06	1.352000e+03	3.163836e+06	1.352000e+03	3.155494e+06	1.352000e+03	3.152747e+06	1.352000e+03	3.153579e+06	1.352000e+03	3.150962e+06	1.352000e+03	3.162385e+06	1.352000e+03	3.148798e+06	1.352000e+03	3.164959e+06	1.352000e+03	3.155713e+06	1.352000e+03	3.168338e+06	1.352000e+03	3.164646e+06	1.352000e+03	3.175179e+06	1.352000e+03	3.164383e+06	1.352000e+03	3.163025e+06	1.352000e+03	3.147502e+06	1.352000e+03	3.168939e+06	1.352000e+03	3.158924e+06	1.352000e+03	3.160356e+06	1.352000e+03	3.157042e+06	1.352000e+03	3.156994e+06	1.352000e+03	3.147820e+06	1.352000e+03	3.163261e+06	1.352000e+03	3.164248e+06	1.352000e+03	3.158327e+06	1.352000e+03	3.161663e+06	1.352000e+03	3.163696e+06	1.352000e+03	3.165831e+06	1.352000e+03	3.165540e+06	1.352000e+03	3.158066e+06	1.352000e+03	3.167575e+06	1.352000e+03	3.166378e+06	1.352000e+03	3.169687e+06	1.352000e+03	3.174924e+06	1.352000e+03	3.162314e+06	1.352000e+03	3.155376e+06	1.352000e+03	3.165360e+06	1.352000e+03	3.165419e+06	1.352000e+03	3.162024e+06	1.352000e+03	3.172282e+06	1.352000e+03	3.166225e+06	1.352000e+03	3.176300e+06	1.352000e+03	3.167865e+06	1.352000e+03	3.176148e+06	1.352000e+03	3.176411e+06	1.352000e+03	3.168115e+06	1.352000e+03	3.170096e+06	1.352000e+03	3.170137e+06	1.352000e+03	3.179530e+06	1.352000e+03	3.168271e+06	1.352000e+03	3.175717e+06	1.352000e+03	3.170653e+06	1.352000e+03	3.167274e+06	1.352000e+03	3.178588e+06	1.352000e+03	3.180293e+06	1.352000e+03	3.173024e+06	1.352000e+03	3.181468e+06	1.352000e+03	3.181646e+06	1.352000e+03	3.188119e+06	1.352000e+03	3.169347e+06	1.352000e+03	3.178740e+06	1.352000e+03	3.182046e+06	1.352000e+03	3.182284e+06	1.352000e+03	3.185173e+06	1.352000e+03	3.181838e+06	1.352000e+03	3.175505e+06	1.352000e+03	3.185509e+06	1.352000e+03	3.177551e+06	1.352000e+03	3.183109e+06	1.352000e+03	3.189364e+06	1.352000e+03	3.182686e+06	1.352000e+03	3.187267e+06	1.352000e+03	3.180926e+06	1.352000e+03	3.179683e+06	1.352000e+03	3.192642e+06	1.352000e+03	3.183281e+06	1.352000e+03	3.196360e+06	1.352000e+03	3.188750e+06	1.352000e+03	3.192448e+06	1.352000e+03	3.189342e+06	1.352000e+03	3.195790e+06	1.352000e+03	3.184762e+06	1.352000e+03	3.187049e+06	1.352000e+03	3.192394e+06	1.352000e+03	3.186502e+06	1.352000e+03	3.190201e+06	1.352000e+03	3.190994e+06	1.352000e+03	3.196996e+06	1.352000e+03	3.189418e+06	1.352000e+03	3.188877e+06	1.352000e+03	3.183764e+06	1.352000e+03	3.193790e+06	1.352000e+03	3.188323e+06	1.352000e+03	3.184049e+06	1.352000e+03	3.188007e+06	1.352000e+03	3.193332e+06	1.352000e+03	3.189108e+06	1.352000e+03	3.190816e+06	1.352000e+03	3.192544e+06	1.352000e+03	3.197096e+06	1.352000e+03	3.190728e+06	1.352000e+03	3.159159e+06	1.352000e+03	3.185003e+06	1.352000e+03	3.185945e+06	1.352000e+03	3.181327e+06	1.352000e+03	3.185576e+06	1.352000e+03	3.190415e+06	1.352000e+03	3.181876e+06	1.352000e+03	3.189815e+06	1.352000e+03	3.187992e+06	1.352000e+03	3.190609e+06	1.352000e+03	3.175334e+06	1.352000e+03	3.183873e+06	1.352000e+03	3.184178e+06	1.352000e+03	3.188080e+06	1.352000e+03	3.189137e+06	1.352000e+03	3.186577e+06	1.352000e+03	3.187906e+06	1.352000e+03	3.192236e+06	1.352000e+03	3.185968e+06	1.352000e+03	3.192119e+06	1.352000e+03	3.184451e+06	1.352000e+03	3.185642e+06	1.352000e+03	3.184772e+06	1.352000e+03	3.190293e+06	1.352000e+03	3.195427e+06	1.352000e+03	3.189239e+06	1.352000e+03	3.194747e+06	1.352000e+03	3.199280e+06	1.352000e+03	3.193581e+06	1.352000e+03	3.188713e+06	1.352000e+03	3.180743e+06	1.352000e+03	3.194484e+06	1.352000e+03	3.182603e+06	1.352000e+03	3.182618e+06	1.352000e+03	3.180673e+06	1.352000e+03	3.188032e+06	1.352000e+03	3.184767e+06	1.352000e+03	3.178287e+06	1.352000e+03	3.182417e+06	1.352000e+03	3.193864e+06	1.352000e+03	3.187107e+06	1.352000e+03	3.193305e+06	1.352000e+03	3.194128e+06	1.352000e+03	3.197359e+06	1.352000e+03	3.198104e+06	1.352000e+03	3.189033e+06	1.352000e+03	3.196283e+06	1.352000e+03	3.198053e+06	1.352000e+03	3.196086e+06	1.352000e+03	3.201161e+06	1.352000e+03	3.211636e+06	1.352000e+03	3.199080e+06	1.352000e+03	3.204211e+06	1.352000e+03	3.202823e+06	1.352000e+03	3.194412e+06	1.352000e+03	3.195634e+06	1.352000e+03	3.195794e+06	1.352000e+03	3.210873e+06	1.352000e+03	3.208856e+06	1.352000e+03	3.200882e+06	1.352000e+03	3.211840e+06	1.352000e+03	3.203684e+06	1.352000e+03	3.197387e+06	1.352000e+03	3.202783e+06	1.352000e+03	3.195980e+06	1.352000e+03	3.211466e+06	1.352000e+03	3.200059e+06	1.352000e+03	3.202679e+06	1.352000e+03	3.210606e+06	1.352000e+03	3.196681e+06	1.352000e+03	3.203623e+06	1.352000e+03	3.205643e+06	1.352000e+03	3.200818e+06	1.352000e+03	3.209899e+06	1.352000e+03	3.207192e+06	1.352000e+03	3.213842e+06	1.352000e+03	3.205390e+06	1.352000e+03	3.204534e+06	1.352000e+03	3.213264e+06	1.352000e+03	3.208157e+06	1.352000e+03	3.209915e+06	1.352000e+03	3.210044e+06	1.352000e+03	3.212574e+06
1.353000e+03	3.121547e+06	1.353000e+03	3.132427e+06	1.353000e+03	3.137493e+06	1.353000e+03	3.127196e+06	1.353000e+03	3.132132e+06	1.353000e+03	3.128576e+06	1.353000e+03	3.146228e+06	1.353000e+03	3.145087e+06	1.353000e+03	3.143898e+06	1.353000e+03	3.146136e+06	1.353000e+03	3.170575e+06	1.353000e+03	3.170045e+06	1.353000e+03	3.169767e+06	1.353000e+03	3.167091e+06	1.353000e+03	3.160324e+06	1.353000e+03	3.157115e+06	1.353000e+03	3.173340e+06	1.353000e+03	3.149991e+06	1.353000e+03	3.155189e+06	1.353000e+03	3.160897e+06	1.353000e+03	3.153482e+06	1.353000e+03	3.150544e+06	1.353000e+03	3.156386e+06	1.353000e+03	3.174990e+06	1.353000e+03	3.159823e+06	1.353000e+03	3.162890e+06	1.353000e+03	3.155339e+06	1.353000e+03	3.153893e+06	1.353000e+03	3.155406e+06	1.353000e+03	3.149977e+06	1.353000e+03	3.161729e+06	1.353000e+03	3.145949e+06	1.353000e+03	3.162639e+06	1.353000e+03	3.158208e+06	1.353000e+03	3.168739e+06	1.353000e+03	3.163991e+06	1.353000e+03	3.170964e+06	1.353000e+03	3.167041e+06	1.353000e+03	3.162070e+06	1.353000e+03	3.145295e+06	1.353000e+03	3.164352e+06	1.353000e+03	3.166256e+06	1.353000e+03	3.159927e+06	1.353000e+03	3.156121e+06	1.353000e+03	3.160386e+06	1.353000e+03	3.145158e+06	1.353000e+03	3.158766e+06	1.353000e+03	3.161780e+06	1.353000e+03	3.157398e+06	1.353000e+03	3.161674e+06	1.353000e+03	3.161689e+06	1.353000e+03	3.165601e+06	1.353000e+03	3.169147e+06	1.353000e+03	3.159599e+06	1.353000e+03	3.171590e+06	1.353000e+03	3.170946e+06	1.353000e+03	3.171462e+06	1.353000e+03	3.175131e+06	1.353000e+03	3.161404e+06	1.353000e+03	3.155066e+06	1.353000e+03	3.169579e+06	1.353000e+03	3.164421e+06	1.353000e+03	3.164590e+06	1.353000e+03	3.168229e+06	1.353000e+03	3.164044e+06	1.353000e+03	3.178111e+06	1.353000e+03	3.169326e+06	1.353000e+03	3.174304e+06	1.353000e+03	3.174716e+06	1.353000e+03	3.166494e+06	1.353000e+03	3.174562e+06	1.353000e+03	3.171792e+06	1.353000e+03	3.174839e+06	1.353000e+03	3.162976e+06	1.353000e+03	3.180739e+06	1.353000e+03	3.171963e+06	1.353000e+03	3.171086e+06	1.353000e+03	3.175275e+06	1.353000e+03	3.180045e+06	1.353000e+03	3.173296e+06	1.353000e+03	3.180449e+06	1.353000e+03	3.180678e+06	1.353000e+03	3.190362e+06	1.353000e+03	3.177731e+06	1.353000e+03	3.182660e+06	1.353000e+03	3.183285e+06	1.353000e+03	3.184192e+06	1.353000e+03	3.183008e+06	1.353000e+03	3.182304e+06	1.353000e+03	3.172080e+06	1.353000e+03	3.188605e+06	1.353000e+03	3.175391e+06	1.353000e+03	3.182231e+06	1.353000e+03	3.185011e+06	1.353000e+03	3.182725e+06	1.353000e+03	3.190127e+06	1.353000e+03	3.180413e+06	1.353000e+03	3.177318e+06	1.353000e+03	3.191510e+06	1.353000e+03	3.186149e+06	1.353000e+03	3.196362e+06	1.353000e+03	3.191384e+06	1.353000e+03	3.193969e+06	1.353000e+03	3.192845e+06	1.353000e+03	3.192719e+06	1.353000e+03	3.184338e+06	1.353000e+03	3.187664e+06	1.353000e+03	3.191917e+06	1.353000e+03	3.185565e+06	1.353000e+03	3.191980e+06	1.353000e+03	3.192858e+06	1.353000e+03	3.194491e+06	1.353000e+03	3.192677e+06	1.353000e+03	3.180678e+06	1.353000e+03	3.189491e+06	1.353000e+03	3.194630e+06	1.353000e+03	3.192659e+06	1.353000e+03	3.188861e+06	1.353000e+03	3.185903e+06	1.353000e+03	3.193602e+06	1.353000e+03	3.193235e+06	1.353000e+03	3.189838e+06	1.353000e+03	3.189807e+06	1.353000e+03	3.195923e+06	1.353000e+03	3.193491e+06	1.353000e+03	3.158141e+06	1.353000e+03	3.182659e+06	1.353000e+03	3.188904e+06	1.353000e+03	3.184862e+06	1.353000e+03	3.189142e+06	1.353000e+03	3.190800e+06	1.353000e+03	3.183842e+06	1.353000e+03	3.185824e+06	1.353000e+03	3.188000e+06	1.353000e+03	3.193772e+06	1.353000e+03	3.172959e+06	1.353000e+03	3.178335e+06	1.353000e+03	3.185420e+06	1.353000e+03	3.186811e+06	1.353000e+03	3.194167e+06	1.353000e+03	3.188052e+06	1.353000e+03	3.190545e+06	1.353000e+03	3.188946e+06	1.353000e+03	3.189755e+06	1.353000e+03	3.192098e+06	1.353000e+03	3.191644e+06	1.353000e+03	3.181145e+06	1.353000e+03	3.183875e+06	1.353000e+03	3.187746e+06	1.353000e+03	3.194502e+06	1.353000e+03	3.184638e+06	1.353000e+03	3.194111e+06	1.353000e+03	3.196717e+06	1.353000e+03	3.194575e+06	1.353000e+03	3.190755e+06	1.353000e+03	3.183247e+06	1.353000e+03	3.193058e+06	1.353000e+03	3.180827e+06	1.353000e+03	3.184210e+06	1.353000e+03	3.184327e+06	1.353000e+03	3.186156e+06	1.353000e+03	3.184372e+06	1.353000e+03	3.180983e+06	1.353000e+03	3.184643e+06	1.353000e+03	3.189379e+06	1.353000e+03	3.188874e+06	1.353000e+03	3.193642e+06	1.353000e+03	3.194360e+06	1.353000e+03	3.199738e+06	1.353000e+03	3.198513e+06	1.353000e+03	3.186688e+06	1.353000e+03	3.195995e+06	1.353000e+03	3.201354e+06	1.353000e+03	3.196302e+06	1.353000e+03	3.207041e+06	1.353000e+03	3.204972e+06	1.353000e+03	3.201162e+06	1.353000e+03	3.204846e+06	1.353000e+03	3.200528e+06	1.353000e+03	3.192652e+06	1.353000e+03	3.195663e+06	1.353000e+03	3.194056e+06	1.353000e+03	3.212590e+06	1.353000e+03	3.210385e+06	1.353000e+03	3.203576e+06	1.353000e+03	3.216269e+06	1.353000e+03	3.207491e+06	1.353000e+03	3.200138e+06	1.353000e+03	3.200394e+06	1.353000e+03	3.196027e+06	1.353000e+03	3.209095e+06	1.353000e+03	3.201809e+06	1.353000e+03	3.202199e+06	1.353000e+03	3.208724e+06	1.353000e+03	3.198237e+06	1.353000e+03	3.201900e+06	1.353000e+03	3.206231e+06	1.353000e+03	3.200560e+06	1.353000e+03	3.210616e+06	1.353000e+03	3.205258e+06	1.353000e+03	3.217496e+06	1.353000e+03	3.212887e+06	1.353000e+03	3.207144e+06	1.353000e+03	3.215730e+06	1.353000e+03	3.207546e+06	1.353000e+03	3.209214e+06	1.353000e+03	3.210430e+06	1.353000e+03	3.208884e+06
1.354000e+03	3.118941e+06	1.354000e+03	3.133594e+06	1.354000e+03	3.139724e+06	1.354000e+03	3.124585e+06	1.354000e+03	3.131011e+06	1.354000e+03	3.138398e+06	1.354000e+03	3.145721e+06	1.354000e+03	3.143423e+06	1.354000e+03	3.145927e+06	1.354000e+03	3.145768e+06	1.354000e+03	3.168668e+06	1.354000e+03	3.167829e+06	1.354000e+03	3.165881e+06	1.354000e+03	3.163532e+06	1.354000e+03	3.162208e+06	1.354000e+03	3.160406e+06	1.354000e+03	3.172280e+06	1.354000e+03	3.153359e+06	1.354000e+03	3.155601e+06	1.354000e+03	3.160172e+06	1.354000e+03	3.156958e+06	1.354000e+03	3.152365e+06	1.354000e+03	3.156884e+06	1.354000e+03	3.175679e+06	1.354000e+03	3.165962e+06	1.354000e+03	3.160420e+06	1.354000e+03	3.155184e+06	1.354000e+03	3.153621e+06	1.354000e+03	3.157044e+06	1.354000e+03	3.151727e+06	1.354000e+03	3.161433e+06	1.354000e+03	3.144201e+06	1.354000e+03	3.163332e+06	1.354000e+03	3.154668e+06	1.354000e+03	3.167791e+06	1.354000e+03	3.163523e+06	1.354000e+03	3.169461e+06	1.354000e+03	3.164820e+06	1.354000e+03	3.166873e+06	1.354000e+03	3.153381e+06	1.354000e+03	3.164084e+06	1.354000e+03	3.170799e+06	1.354000e+03	3.159704e+06	1.354000e+03	3.155887e+06	1.354000e+03	3.159227e+06	1.354000e+03	3.150333e+06	1.354000e+03	3.162521e+06	1.354000e+03	3.163119e+06	1.354000e+03	3.159100e+06	1.354000e+03	3.165197e+06	1.354000e+03	3.161086e+06	1.354000e+03	3.161841e+06	1.354000e+03	3.171035e+06	1.354000e+03	3.164402e+06	1.354000e+03	3.173443e+06	1.354000e+03	3.174170e+06	1.354000e+03	3.168094e+06	1.354000e+03	3.173350e+06	1.354000e+03	3.162557e+06	1.354000e+03	3.153483e+06	1.354000e+03	3.160863e+06	1.354000e+03	3.169024e+06	1.354000e+03	3.169576e+06	1.354000e+03	3.168028e+06	1.354000e+03	3.161752e+06	1.354000e+03	3.179141e+06	1.354000e+03	3.168520e+06	1.354000e+03	3.172181e+06	1.354000e+03	3.168611e+06	1.354000e+03	3.174103e+06	1.354000e+03	3.172665e+06	1.354000e+03	3.167850e+06	1.354000e+03	3.180976e+06	1.354000e+03	3.163885e+06	1.354000e+03	3.175942e+06	1.354000e+03	3.167441e+06	1.354000e+03	3.170401e+06	1.354000e+03	3.177140e+06	1.354000e+03	3.185948e+06	1.354000e+03	3.172601e+06	1.354000e+03	3.182428e+06	1.354000e+03	3.178367e+06	1.354000e+03	3.189380e+06	1.354000e+03	3.175814e+06	1.354000e+03	3.176855e+06	1.354000e+03	3.186977e+06	1.354000e+03	3.183946e+06	1.354000e+03	3.184580e+06	1.354000e+03	3.182814e+06	1.354000e+03	3.171813e+06	1.354000e+03	3.189235e+06	1.354000e+03	3.174000e+06	1.354000e+03	3.183495e+06	1.354000e+03	3.187214e+06	1.354000e+03	3.185025e+06	1.354000e+03	3.189063e+06	1.354000e+03	3.180415e+06	1.354000e+03	3.176521e+06	1.354000e+03	3.191221e+06	1.354000e+03	3.189269e+06	1.354000e+03	3.195217e+06	1.354000e+03	3.187141e+06	1.354000e+03	3.195230e+06	1.354000e+03	3.193919e+06	1.354000e+03	3.194144e+06	1.354000e+03	3.184148e+06	1.354000e+03	3.186848e+06	1.354000e+03	3.195648e+06	1.354000e+03	3.186517e+06	1.354000e+03	3.186141e+06	1.354000e+03	3.193951e+06	1.354000e+03	3.196520e+06	1.354000e+03	3.184688e+06	1.354000e+03	3.180130e+06	1.354000e+03	3.192082e+06	1.354000e+03	3.196043e+06	1.354000e+03	3.191726e+06	1.354000e+03	3.190427e+06	1.354000e+03	3.190330e+06	1.354000e+03	3.197151e+06	1.354000e+03	3.194763e+06	1.354000e+03	3.187898e+06	1.354000e+03	3.190499e+06	1.354000e+03	3.199706e+06	1.354000e+03	3.188870e+06	1.354000e+03	3.156360e+06	1.354000e+03	3.185471e+06	1.354000e+03	3.185853e+06	1.354000e+03	3.182863e+06	1.354000e+03	3.194314e+06	1.354000e+03	3.193623e+06	1.354000e+03	3.185316e+06	1.354000e+03	3.187849e+06	1.354000e+03	3.189286e+06	1.354000e+03	3.191819e+06	1.354000e+03	3.176580e+06	1.354000e+03	3.184585e+06	1.354000e+03	3.183591e+06	1.354000e+03	3.189063e+06	1.354000e+03	3.199935e+06	1.354000e+03	3.190871e+06	1.354000e+03	3.187442e+06	1.354000e+03	3.188695e+06	1.354000e+03	3.188398e+06	1.354000e+03	3.192367e+06	1.354000e+03	3.195567e+06	1.354000e+03	3.182301e+06	1.354000e+03	3.183921e+06	1.354000e+03	3.190995e+06	1.354000e+03	3.194113e+06	1.354000e+03	3.184100e+06	1.354000e+03	3.193876e+06	1.354000e+03	3.199231e+06	1.354000e+03	3.197302e+06	1.354000e+03	3.191896e+06	1.354000e+03	3.184497e+06	1.354000e+03	3.191885e+06	1.354000e+03	3.183859e+06	1.354000e+03	3.183421e+06	1.354000e+03	3.182309e+06	1.354000e+03	3.188988e+06	1.354000e+03	3.184236e+06	1.354000e+03	3.180640e+06	1.354000e+03	3.185266e+06	1.354000e+03	3.188428e+06	1.354000e+03	3.188820e+06	1.354000e+03	3.190664e+06	1.354000e+03	3.195182e+06	1.354000e+03	3.196541e+06	1.354000e+03	3.195044e+06	1.354000e+03	3.184136e+06	1.354000e+03	3.193646e+06	1.354000e+03	3.200641e+06	1.354000e+03	3.199085e+06	1.354000e+03	3.205614e+06	1.354000e+03	3.205749e+06	1.354000e+03	3.200911e+06	1.354000e+03	3.207820e+06	1.354000e+03	3.195510e+06	1.354000e+03	3.193519e+06	1.354000e+03	3.195809e+06	1.354000e+03	3.190344e+06	1.354000e+03	3.215738e+06	1.354000e+03	3.208131e+06	1.354000e+03	3.202590e+06	1.354000e+03	3.210718e+06	1.354000e+03	3.206484e+06	1.354000e+03	3.199009e+06	1.354000e+03	3.203338e+06	1.354000e+03	3.200347e+06	1.354000e+03	3.206657e+06	1.354000e+03	3.203972e+06	1.354000e+03	3.203049e+06	1.354000e+03	3.211178e+06	1.354000e+03	3.195436e+06	1.354000e+03	3.200830e+06	1.354000e+03	3.207356e+06	1.354000e+03	3.203360e+06	1.354000e+03	3.209006e+06	1.354000e+03	3.206480e+06	1.354000e+03	3.216316e+06	1.354000e+03	3.210522e+06	1.354000e+03	3.211856e+06	1.354000e+03	3.214833e+06	1.354000e+03	3.208336e+06	1.354000e+03	3.211186e+06	1.354000e+03	3.210590e+06	1.354000e+03	3.209940e+06
1.355000e+03	3.116341e+06	1.355000e+03	3.134302e+06	1.355000e+03	3.128652e+06	1.355000e+03	3.125863e+06	1.355000e+03	3.132932e+06	1.355000e+03	3.136363e+06	1.355000e+03	3.142273e+06	1.355000e+03	3.142662e+06	1.355000e+03	3.143211e+06	1.355000e+03	3.149607e+06	1.355000e+03	3.170031e+06	1.355000e+03	3.172876e+06	1.355000e+03	3.164044e+06	1.355000e+03	3.167397e+06	1.355000e+03	3.159290e+06	1.355000e+03	3.157250e+06	1.355000e+03	3.164355e+06	1.355000e+03	3.148566e+06	1.355000e+03	3.159547e+06	1.355000e+03	3.162297e+06	1.355000e+03	3.154520e+06	1.355000e+03	3.152995e+06	1.355000e+03	3.154250e+06	1.355000e+03	3.175292e+06	1.355000e+03	3.167995e+06	1.355000e+03	3.160116e+06	1.355000e+03	3.159422e+06	1.355000e+03	3.154955e+06	1.355000e+03	3.155945e+06	1.355000e+03	3.159440e+06	1.355000e+03	3.161196e+06	1.355000e+03	3.141980e+06	1.355000e+03	3.161023e+06	1.355000e+03	3.163147e+06	1.355000e+03	3.171744e+06	1.355000e+03	3.165789e+06	1.355000e+03	3.169578e+06	1.355000e+03	3.165325e+06	1.355000e+03	3.163819e+06	1.355000e+03	3.150048e+06	1.355000e+03	3.165393e+06	1.355000e+03	3.161598e+06	1.355000e+03	3.157208e+06	1.355000e+03	3.151884e+06	1.355000e+03	3.158870e+06	1.355000e+03	3.149749e+06	1.355000e+03	3.162867e+06	1.355000e+03	3.163416e+06	1.355000e+03	3.162781e+06	1.355000e+03	3.161316e+06	1.355000e+03	3.150000e+06	1.355000e+03	3.165889e+06	1.355000e+03	3.169322e+06	1.355000e+03	3.164108e+06	1.355000e+03	3.175161e+06	1.355000e+03	3.177714e+06	1.355000e+03	3.167868e+06	1.355000e+03	3.173614e+06	1.355000e+03	3.162157e+06	1.355000e+03	3.151223e+06	1.355000e+03	3.157474e+06	1.355000e+03	3.163988e+06	1.355000e+03	3.168925e+06	1.355000e+03	3.172445e+06	1.355000e+03	3.163481e+06	1.355000e+03	3.179746e+06	1.355000e+03	3.169042e+06	1.355000e+03	3.176720e+06	1.355000e+03	3.171539e+06	1.355000e+03	3.166596e+06	1.355000e+03	3.168725e+06	1.355000e+03	3.169865e+06	1.355000e+03	3.178384e+06	1.355000e+03	3.169131e+06	1.355000e+03	3.178509e+06	1.355000e+03	3.173814e+06	1.355000e+03	3.168171e+06	1.355000e+03	3.179695e+06	1.355000e+03	3.180388e+06	1.355000e+03	3.173499e+06	1.355000e+03	3.184182e+06	1.355000e+03	3.180371e+06	1.355000e+03	3.191408e+06	1.355000e+03	3.174960e+06	1.355000e+03	3.178880e+06	1.355000e+03	3.182039e+06	1.355000e+03	3.183491e+06	1.355000e+03	3.181475e+06	1.355000e+03	3.181702e+06	1.355000e+03	3.171900e+06	1.355000e+03	3.188991e+06	1.355000e+03	3.179522e+06	1.355000e+03	3.182421e+06	1.355000e+03	3.186521e+06	1.355000e+03	3.188113e+06	1.355000e+03	3.187060e+06	1.355000e+03	3.179933e+06	1.355000e+03	3.177539e+06	1.355000e+03	3.189104e+06	1.355000e+03	3.186171e+06	1.355000e+03	3.198287e+06	1.355000e+03	3.180602e+06	1.355000e+03	3.196830e+06	1.355000e+03	3.190921e+06	1.355000e+03	3.198719e+06	1.355000e+03	3.186317e+06	1.355000e+03	3.187672e+06	1.355000e+03	3.195158e+06	1.355000e+03	3.181157e+06	1.355000e+03	3.193830e+06	1.355000e+03	3.193027e+06	1.355000e+03	3.197332e+06	1.355000e+03	3.183380e+06	1.355000e+03	3.183108e+06	1.355000e+03	3.188068e+06	1.355000e+03	3.198206e+06	1.355000e+03	3.192267e+06	1.355000e+03	3.188788e+06	1.355000e+03	3.187424e+06	1.355000e+03	3.198839e+06	1.355000e+03	3.192354e+06	1.355000e+03	3.189249e+06	1.355000e+03	3.195358e+06	1.355000e+03	3.199169e+06	1.355000e+03	3.189220e+06	1.355000e+03	3.157930e+06	1.355000e+03	3.181722e+06	1.355000e+03	3.184230e+06	1.355000e+03	3.182048e+06	1.355000e+03	3.199691e+06	1.355000e+03	3.191772e+06	1.355000e+03	3.185609e+06	1.355000e+03	3.188667e+06	1.355000e+03	3.190736e+06	1.355000e+03	3.193397e+06	1.355000e+03	3.177830e+06	1.355000e+03	3.183482e+06	1.355000e+03	3.184559e+06	1.355000e+03	3.183618e+06	1.355000e+03	3.197516e+06	1.355000e+03	3.187887e+06	1.355000e+03	3.189674e+06	1.355000e+03	3.187162e+06	1.355000e+03	3.184882e+06	1.355000e+03	3.195124e+06	1.355000e+03	3.188253e+06	1.355000e+03	3.181180e+06	1.355000e+03	3.183179e+06	1.355000e+03	3.196352e+06	1.355000e+03	3.196217e+06	1.355000e+03	3.187218e+06	1.355000e+03	3.189434e+06	1.355000e+03	3.196711e+06	1.355000e+03	3.198079e+06	1.355000e+03	3.189751e+06	1.355000e+03	3.185888e+06	1.355000e+03	3.192828e+06	1.355000e+03	3.182139e+06	1.355000e+03	3.183341e+06	1.355000e+03	3.179603e+06	1.355000e+03	3.186145e+06	1.355000e+03	3.184459e+06	1.355000e+03	3.183234e+06	1.355000e+03	3.187244e+06	1.355000e+03	3.189431e+06	1.355000e+03	3.186203e+06	1.355000e+03	3.191706e+06	1.355000e+03	3.201507e+06	1.355000e+03	3.198767e+06	1.355000e+03	3.195684e+06	1.355000e+03	3.185345e+06	1.355000e+03	3.194486e+06	1.355000e+03	3.197236e+06	1.355000e+03	3.199887e+06	1.355000e+03	3.199964e+06	1.355000e+03	3.205677e+06	1.355000e+03	3.198843e+06	1.355000e+03	3.205686e+06	1.355000e+03	3.198940e+06	1.355000e+03	3.197628e+06	1.355000e+03	3.191704e+06	1.355000e+03	3.191406e+06	1.355000e+03	3.213174e+06	1.355000e+03	3.206893e+06	1.355000e+03	3.200951e+06	1.355000e+03	3.209697e+06	1.355000e+03	3.206624e+06	1.355000e+03	3.197998e+06	1.355000e+03	3.203122e+06	1.355000e+03	3.199017e+06	1.355000e+03	3.210457e+06	1.355000e+03	3.202954e+06	1.355000e+03	3.201055e+06	1.355000e+03	3.209869e+06	1.355000e+03	3.195454e+06	1.355000e+03	3.206616e+06	1.355000e+03	3.211573e+06	1.355000e+03	3.202271e+06	1.355000e+03	3.209839e+06	1.355000e+03	3.204475e+06	1.355000e+03	3.215478e+06	1.355000e+03	3.214363e+06	1.355000e+03	3.207094e+06	1.355000e+03	3.213579e+06	1.355000e+03	3.209639e+06	1.355000e+03	3.209908e+06	1.355000e+03	3.211956e+06	1.355000e+03	3.209526e+06
1.356000e+03	3.119848e+06	1.356000e+03	3.139244e+06	1.356000e+03	3.124263e+06	1.356000e+03	3.120516e+06	1.356000e+03	3.136126e+06	1.356000e+03	3.133967e+06	1.356000e+03	3.143994e+06	1.356000e+03	3.149823e+06	1.356000e+03	3.142795e+06	1.356000e+03	3.143321e+06	1.356000e+03	3.168827e+06	1.356000e+03	3.169167e+06	1.356000e+03	3.168389e+06	1.356000e+03	3.164544e+06	1.356000e+03	3.160801e+06	1.356000e+03	3.157815e+06	1.356000e+03	3.156985e+06	1.356000e+03	3.150088e+06	1.356000e+03	3.155465e+06	1.356000e+03	3.161091e+06	1.356000e+03	3.154305e+06	1.356000e+03	3.154657e+06	1.356000e+03	3.158650e+06	1.356000e+03	3.174802e+06	1.356000e+03	3.169819e+06	1.356000e+03	3.160327e+06	1.356000e+03	3.160048e+06	1.356000e+03	3.157396e+06	1.356000e+03	3.153555e+06	1.356000e+03	3.161549e+06	1.356000e+03	3.165502e+06	1.356000e+03	3.146571e+06	1.356000e+03	3.165135e+06	1.356000e+03	3.160804e+06	1.356000e+03	3.173330e+06	1.356000e+03	3.162539e+06	1.356000e+03	3.172924e+06	1.356000e+03	3.162993e+06	1.356000e+03	3.161322e+06	1.356000e+03	3.160607e+06	1.356000e+03	3.161635e+06	1.356000e+03	3.159688e+06	1.356000e+03	3.161820e+06	1.356000e+03	3.152637e+06	1.356000e+03	3.154210e+06	1.356000e+03	3.150627e+06	1.356000e+03	3.158722e+06	1.356000e+03	3.162898e+06	1.356000e+03	3.166262e+06	1.356000e+03	3.159070e+06	1.356000e+03	3.162804e+06	1.356000e+03	3.164237e+06	1.356000e+03	3.163388e+06	1.356000e+03	3.161960e+06	1.356000e+03	3.170391e+06	1.356000e+03	3.176071e+06	1.356000e+03	3.170229e+06	1.356000e+03	3.173973e+06	1.356000e+03	3.162998e+06	1.356000e+03	3.152514e+06	1.356000e+03	3.164056e+06	1.356000e+03	3.164369e+06	1.356000e+03	3.168903e+06	1.356000e+03	3.167827e+06	1.356000e+03	3.164483e+06	1.356000e+03	3.173107e+06	1.356000e+03	3.173163e+06	1.356000e+03	3.173264e+06	1.356000e+03	3.169856e+06	1.356000e+03	3.165740e+06	1.356000e+03	3.169650e+06	1.356000e+03	3.169346e+06	1.356000e+03	3.178355e+06	1.356000e+03	3.169267e+06	1.356000e+03	3.176988e+06	1.356000e+03	3.172083e+06	1.356000e+03	3.170113e+06	1.356000e+03	3.183191e+06	1.356000e+03	3.177862e+06	1.356000e+03	3.175888e+06	1.356000e+03	3.184560e+06	1.356000e+03	3.180740e+06	1.356000e+03	3.190104e+06	1.356000e+03	3.172476e+06	1.356000e+03	3.181978e+06	1.356000e+03	3.188423e+06	1.356000e+03	3.183683e+06	1.356000e+03	3.180171e+06	1.356000e+03	3.183980e+06	1.356000e+03	3.173307e+06	1.356000e+03	3.186990e+06	1.356000e+03	3.178256e+06	1.356000e+03	3.182804e+06	1.356000e+03	3.185207e+06	1.356000e+03	3.186306e+06	1.356000e+03	3.184057e+06	1.356000e+03	3.178389e+06	1.356000e+03	3.176694e+06	1.356000e+03	3.194301e+06	1.356000e+03	3.190708e+06	1.356000e+03	3.193485e+06	1.356000e+03	3.178905e+06	1.356000e+03	3.197755e+06	1.356000e+03	3.193034e+06	1.356000e+03	3.194383e+06	1.356000e+03	3.187280e+06	1.356000e+03	3.187107e+06	1.356000e+03	3.196014e+06	1.356000e+03	3.181599e+06	1.356000e+03	3.194625e+06	1.356000e+03	3.196011e+06	1.356000e+03	3.195079e+06	1.356000e+03	3.188785e+06	1.356000e+03	3.177428e+06	1.356000e+03	3.188144e+06	1.356000e+03	3.197750e+06	1.356000e+03	3.192745e+06	1.356000e+03	3.189038e+06	1.356000e+03	3.187739e+06	1.356000e+03	3.197100e+06	1.356000e+03	3.192765e+06	1.356000e+03	3.193441e+06	1.356000e+03	3.191157e+06	1.356000e+03	3.196477e+06	1.356000e+03	3.188450e+06	1.356000e+03	3.159293e+06	1.356000e+03	3.184197e+06	1.356000e+03	3.188821e+06	1.356000e+03	3.184015e+06	1.356000e+03	3.195787e+06	1.356000e+03	3.193793e+06	1.356000e+03	3.193999e+06	1.356000e+03	3.188827e+06	1.356000e+03	3.190118e+06	1.356000e+03	3.192537e+06	1.356000e+03	3.176333e+06	1.356000e+03	3.188693e+06	1.356000e+03	3.183537e+06	1.356000e+03	3.185162e+06	1.356000e+03	3.187076e+06	1.356000e+03	3.191448e+06	1.356000e+03	3.192692e+06	1.356000e+03	3.187477e+06	1.356000e+03	3.187356e+06	1.356000e+03	3.196668e+06	1.356000e+03	3.184677e+06	1.356000e+03	3.182522e+06	1.356000e+03	3.182142e+06	1.356000e+03	3.194360e+06	1.356000e+03	3.198296e+06	1.356000e+03	3.188856e+06	1.356000e+03	3.195460e+06	1.356000e+03	3.195580e+06	1.356000e+03	3.196863e+06	1.356000e+03	3.192961e+06	1.356000e+03	3.186420e+06	1.356000e+03	3.194506e+06	1.356000e+03	3.179295e+06	1.356000e+03	3.181888e+06	1.356000e+03	3.181547e+06	1.356000e+03	3.186485e+06	1.356000e+03	3.180463e+06	1.356000e+03	3.186141e+06	1.356000e+03	3.187354e+06	1.356000e+03	3.189872e+06	1.356000e+03	3.186862e+06	1.356000e+03	3.189820e+06	1.356000e+03	3.199849e+06	1.356000e+03	3.198718e+06	1.356000e+03	3.199196e+06	1.356000e+03	3.184680e+06	1.356000e+03	3.194600e+06	1.356000e+03	3.198517e+06	1.356000e+03	3.197950e+06	1.356000e+03	3.198314e+06	1.356000e+03	3.207202e+06	1.356000e+03	3.198867e+06	1.356000e+03	3.207123e+06	1.356000e+03	3.195010e+06	1.356000e+03	3.200141e+06	1.356000e+03	3.197353e+06	1.356000e+03	3.194538e+06	1.356000e+03	3.212311e+06	1.356000e+03	3.208213e+06	1.356000e+03	3.201028e+06	1.356000e+03	3.213629e+06	1.356000e+03	3.202262e+06	1.356000e+03	3.197301e+06	1.356000e+03	3.206396e+06	1.356000e+03	3.197926e+06	1.356000e+03	3.208715e+06	1.356000e+03	3.204244e+06	1.356000e+03	3.204626e+06	1.356000e+03	3.208677e+06	1.356000e+03	3.200124e+06	1.356000e+03	3.206993e+06	1.356000e+03	3.205592e+06	1.356000e+03	3.201862e+06	1.356000e+03	3.211638e+06	1.356000e+03	3.203297e+06	1.356000e+03	3.215422e+06	1.356000e+03	3.210030e+06	1.356000e+03	3.202382e+06	1.356000e+03	3.214118e+06	1.356000e+03	3.212106e+06	1.356000e+03	3.213027e+06	1.356000e+03	3.208339e+06	1.356000e+03	3.209411e+06
1.357000e+03	3.118711e+06	1.357000e+03	3.137087e+06	1.357000e+03	3.119183e+06	1.357000e+03	3.125120e+06	1.357000e+03	3.139088e+06	1.357000e+03	3.135781e+06	1.357000e+03	3.145977e+06	1.357000e+03	3.146771e+06	1.357000e+03	3.143982e+06	1.357000e+03	3.145887e+06	1.357000e+03	3.172805e+06	1.357000e+03	3.167512e+06	1.357000e+03	3.162724e+06	1.357000e+03	3.171090e+06	1.357000e+03	3.160065e+06	1.357000e+03	3.154335e+06	1.357000e+03	3.156879e+06	1.357000e+03	3.152132e+06	1.357000e+03	3.154349e+06	1.357000e+03	3.163922e+06	1.357000e+03	3.155789e+06	1.357000e+03	3.155963e+06	1.357000e+03	3.159962e+06	1.357000e+03	3.175718e+06	1.357000e+03	3.163778e+06	1.357000e+03	3.163001e+06	1.357000e+03	3.154266e+06	1.357000e+03	3.158859e+06	1.357000e+03	3.149642e+06	1.357000e+03	3.156169e+06	1.357000e+03	3.167952e+06	1.357000e+03	3.146737e+06	1.357000e+03	3.164574e+06	1.357000e+03	3.161513e+06	1.357000e+03	3.167401e+06	1.357000e+03	3.160437e+06	1.357000e+03	3.176925e+06	1.357000e+03	3.159131e+06	1.357000e+03	3.164870e+06	1.357000e+03	3.159271e+06	1.357000e+03	3.161144e+06	1.357000e+03	3.161151e+06	1.357000e+03	3.164663e+06	1.357000e+03	3.150697e+06	1.357000e+03	3.158115e+06	1.357000e+03	3.149797e+06	1.357000e+03	3.156920e+06	1.357000e+03	3.166267e+06	1.357000e+03	3.168988e+06	1.357000e+03	3.159435e+06	1.357000e+03	3.164027e+06	1.357000e+03	3.166183e+06	1.357000e+03	3.171751e+06	1.357000e+03	3.169147e+06	1.357000e+03	3.168192e+06	1.357000e+03	3.177608e+06	1.357000e+03	3.172169e+06	1.357000e+03	3.170901e+06	1.357000e+03	3.165698e+06	1.357000e+03	3.141315e+06	1.357000e+03	3.162636e+06	1.357000e+03	3.166550e+06	1.357000e+03	3.170302e+06	1.357000e+03	3.174078e+06	1.357000e+03	3.165739e+06	1.357000e+03	3.173915e+06	1.357000e+03	3.168859e+06	1.357000e+03	3.173308e+06	1.357000e+03	3.172897e+06	1.357000e+03	3.168662e+06	1.357000e+03	3.169427e+06	1.357000e+03	3.171982e+06	1.357000e+03	3.181078e+06	1.357000e+03	3.171742e+06	1.357000e+03	3.175395e+06	1.357000e+03	3.178548e+06	1.357000e+03	3.171370e+06	1.357000e+03	3.188876e+06	1.357000e+03	3.178191e+06	1.357000e+03	3.173923e+06	1.357000e+03	3.180008e+06	1.357000e+03	3.180339e+06	1.357000e+03	3.190216e+06	1.357000e+03	3.173127e+06	1.357000e+03	3.177337e+06	1.357000e+03	3.193174e+06	1.357000e+03	3.181487e+06	1.357000e+03	3.181967e+06	1.357000e+03	3.182828e+06	1.357000e+03	3.172068e+06	1.357000e+03	3.186417e+06	1.357000e+03	3.180674e+06	1.357000e+03	3.181928e+06	1.357000e+03	3.184907e+06	1.357000e+03	3.185634e+06	1.357000e+03	3.184982e+06	1.357000e+03	3.179590e+06	1.357000e+03	3.179385e+06	1.357000e+03	3.186720e+06	1.357000e+03	3.193788e+06	1.357000e+03	3.194312e+06	1.357000e+03	3.183872e+06	1.357000e+03	3.195379e+06	1.357000e+03	3.191927e+06	1.357000e+03	3.194857e+06	1.357000e+03	3.185034e+06	1.357000e+03	3.185543e+06	1.357000e+03	3.195776e+06	1.357000e+03	3.181205e+06	1.357000e+03	3.191250e+06	1.357000e+03	3.195409e+06	1.357000e+03	3.195381e+06	1.357000e+03	3.187140e+06	1.357000e+03	3.181840e+06	1.357000e+03	3.183386e+06	1.357000e+03	3.194030e+06	1.357000e+03	3.190949e+06	1.357000e+03	3.186015e+06	1.357000e+03	3.189239e+06	1.357000e+03	3.198847e+06	1.357000e+03	3.195406e+06	1.357000e+03	3.194207e+06	1.357000e+03	3.192692e+06	1.357000e+03	3.195291e+06	1.357000e+03	3.191660e+06	1.357000e+03	3.156744e+06	1.357000e+03	3.190037e+06	1.357000e+03	3.190169e+06	1.357000e+03	3.183464e+06	1.357000e+03	3.193400e+06	1.357000e+03	3.193264e+06	1.357000e+03	3.183818e+06	1.357000e+03	3.189812e+06	1.357000e+03	3.193323e+06	1.357000e+03	3.194929e+06	1.357000e+03	3.175148e+06	1.357000e+03	3.187753e+06	1.357000e+03	3.189706e+06	1.357000e+03	3.186971e+06	1.357000e+03	3.188939e+06	1.357000e+03	3.184628e+06	1.357000e+03	3.194303e+06	1.357000e+03	3.188671e+06	1.357000e+03	3.184760e+06	1.357000e+03	3.193052e+06	1.357000e+03	3.186732e+06	1.357000e+03	3.182468e+06	1.357000e+03	3.181492e+06	1.357000e+03	3.192316e+06	1.357000e+03	3.193928e+06	1.357000e+03	3.185917e+06	1.357000e+03	3.194427e+06	1.357000e+03	3.195519e+06	1.357000e+03	3.188831e+06	1.357000e+03	3.196352e+06	1.357000e+03	3.187769e+06	1.357000e+03	3.194559e+06	1.357000e+03	3.182976e+06	1.357000e+03	3.182854e+06	1.357000e+03	3.183258e+06	1.357000e+03	3.186399e+06	1.357000e+03	3.184413e+06	1.357000e+03	3.182591e+06	1.357000e+03	3.186281e+06	1.357000e+03	3.194016e+06	1.357000e+03	3.186829e+06	1.357000e+03	3.191868e+06	1.357000e+03	3.200947e+06	1.357000e+03	3.202226e+06	1.357000e+03	3.197140e+06	1.357000e+03	3.188347e+06	1.357000e+03	3.198814e+06	1.357000e+03	3.198600e+06	1.357000e+03	3.197155e+06	1.357000e+03	3.198634e+06	1.357000e+03	3.206610e+06	1.357000e+03	3.205417e+06	1.357000e+03	3.208742e+06	1.357000e+03	3.195946e+06	1.357000e+03	3.193985e+06	1.357000e+03	3.195020e+06	1.357000e+03	3.193168e+06	1.357000e+03	3.211736e+06	1.357000e+03	3.207425e+06	1.357000e+03	3.201765e+06	1.357000e+03	3.212106e+06	1.357000e+03	3.204769e+06	1.357000e+03	3.202010e+06	1.357000e+03	3.206212e+06	1.357000e+03	3.194969e+06	1.357000e+03	3.211387e+06	1.357000e+03	3.200564e+06	1.357000e+03	3.202857e+06	1.357000e+03	3.206947e+06	1.357000e+03	3.202122e+06	1.357000e+03	3.209601e+06	1.357000e+03	3.205761e+06	1.357000e+03	3.202271e+06	1.357000e+03	3.210006e+06	1.357000e+03	3.205594e+06	1.357000e+03	3.220599e+06	1.357000e+03	3.208001e+06	1.357000e+03	3.205140e+06	1.357000e+03	3.212808e+06	1.357000e+03	3.209633e+06	1.357000e+03	3.214997e+06	1.357000e+03	3.209582e+06	1.357000e+03	3.211083e+06
1.358000e+03	3.115872e+06	1.358000e+03	3.136927e+06	1.358000e+03	3.117356e+06	1.358000e+03	3.123985e+06	1.358000e+03	3.138259e+06	1.358000e+03	3.138886e+06	1.358000e+03	3.147878e+06	1.358000e+03	3.146553e+06	1.358000e+03	3.144368e+06	1.358000e+03	3.149351e+06	1.358000e+03	3.175174e+06	1.358000e+03	3.169645e+06	1.358000e+03	3.169826e+06	1.358000e+03	3.165477e+06	1.358000e+03	3.163480e+06	1.358000e+03	3.156967e+06	1.358000e+03	3.162226e+06	1.358000e+03	3.156334e+06	1.358000e+03	3.155532e+06	1.358000e+03	3.165039e+06	1.358000e+03	3.155120e+06	1.358000e+03	3.153795e+06	1.358000e+03	3.159038e+06	1.358000e+03	3.175017e+06	1.358000e+03	3.162131e+06	1.358000e+03	3.158568e+06	1.358000e+03	3.151348e+06	1.358000e+03	3.161273e+06	1.358000e+03	3.148243e+06	1.358000e+03	3.152423e+06	1.358000e+03	3.169186e+06	1.358000e+03	3.152235e+06	1.358000e+03	3.163219e+06	1.358000e+03	3.163013e+06	1.358000e+03	3.167407e+06	1.358000e+03	3.164566e+06	1.358000e+03	3.174289e+06	1.358000e+03	3.161737e+06	1.358000e+03	3.163244e+06	1.358000e+03	3.162199e+06	1.358000e+03	3.164116e+06	1.358000e+03	3.159001e+06	1.358000e+03	3.164458e+06	1.358000e+03	3.152437e+06	1.358000e+03	3.158899e+06	1.358000e+03	3.155595e+06	1.358000e+03	3.155614e+06	1.358000e+03	3.160275e+06	1.358000e+03	3.166573e+06	1.358000e+03	3.161564e+06	1.358000e+03	3.163080e+06	1.358000e+03	3.164104e+06	1.358000e+03	3.174751e+06	1.358000e+03	3.165591e+06	1.358000e+03	3.169499e+06	1.358000e+03	3.175195e+06	1.358000e+03	3.172202e+06	1.358000e+03	3.170177e+06	1.358000e+03	3.169480e+06	1.358000e+03	3.143092e+06	1.358000e+03	3.164167e+06	1.358000e+03	3.167884e+06	1.358000e+03	3.169667e+06	1.358000e+03	3.169552e+06	1.358000e+03	3.168563e+06	1.358000e+03	3.174818e+06	1.358000e+03	3.170669e+06	1.358000e+03	3.172066e+06	1.358000e+03	3.169278e+06	1.358000e+03	3.169221e+06	1.358000e+03	3.169779e+06	1.358000e+03	3.168790e+06	1.358000e+03	3.184479e+06	1.358000e+03	3.174971e+06	1.358000e+03	3.177717e+06	1.358000e+03	3.171247e+06	1.358000e+03	3.171720e+06	1.358000e+03	3.186337e+06	1.358000e+03	3.179851e+06	1.358000e+03	3.173645e+06	1.358000e+03	3.182678e+06	1.358000e+03	3.181006e+06	1.358000e+03	3.191175e+06	1.358000e+03	3.175766e+06	1.358000e+03	3.179373e+06	1.358000e+03	3.186206e+06	1.358000e+03	3.183284e+06	1.358000e+03	3.182821e+06	1.358000e+03	3.177551e+06	1.358000e+03	3.176120e+06	1.358000e+03	3.187426e+06	1.358000e+03	3.180932e+06	1.358000e+03	3.184648e+06	1.358000e+03	3.186277e+06	1.358000e+03	3.185666e+06	1.358000e+03	3.186201e+06	1.358000e+03	3.179519e+06	1.358000e+03	3.181675e+06	1.358000e+03	3.186542e+06	1.358000e+03	3.192679e+06	1.358000e+03	3.197320e+06	1.358000e+03	3.187087e+06	1.358000e+03	3.196369e+06	1.358000e+03	3.192414e+06	1.358000e+03	3.188189e+06	1.358000e+03	3.186153e+06	1.358000e+03	3.186679e+06	1.358000e+03	3.195374e+06	1.358000e+03	3.184649e+06	1.358000e+03	3.187392e+06	1.358000e+03	3.193407e+06	1.358000e+03	3.193243e+06	1.358000e+03	3.182828e+06	1.358000e+03	3.181430e+06	1.358000e+03	3.188283e+06	1.358000e+03	3.194141e+06	1.358000e+03	3.193446e+06	1.358000e+03	3.187773e+06	1.358000e+03	3.187815e+06	1.358000e+03	3.195867e+06	1.358000e+03	3.189662e+06	1.358000e+03	3.198214e+06	1.358000e+03	3.193133e+06	1.358000e+03	3.203674e+06	1.358000e+03	3.187974e+06	1.358000e+03	3.156786e+06	1.358000e+03	3.189598e+06	1.358000e+03	3.186289e+06	1.358000e+03	3.181902e+06	1.358000e+03	3.188791e+06	1.358000e+03	3.189883e+06	1.358000e+03	3.184867e+06	1.358000e+03	3.190683e+06	1.358000e+03	3.199505e+06	1.358000e+03	3.196638e+06	1.358000e+03	3.177285e+06	1.358000e+03	3.182781e+06	1.358000e+03	3.193617e+06	1.358000e+03	3.188516e+06	1.358000e+03	3.187673e+06	1.358000e+03	3.186814e+06	1.358000e+03	3.197192e+06	1.358000e+03	3.188414e+06	1.358000e+03	3.187389e+06	1.358000e+03	3.189217e+06	1.358000e+03	3.188434e+06	1.358000e+03	3.182666e+06	1.358000e+03	3.182080e+06	1.358000e+03	3.193961e+06	1.358000e+03	3.193100e+06	1.358000e+03	3.188056e+06	1.358000e+03	3.195314e+06	1.358000e+03	3.194198e+06	1.358000e+03	3.197209e+06	1.358000e+03	3.189861e+06	1.358000e+03	3.183540e+06	1.358000e+03	3.193828e+06	1.358000e+03	3.183982e+06	1.358000e+03	3.185123e+06	1.358000e+03	3.182837e+06	1.358000e+03	3.188149e+06	1.358000e+03	3.187085e+06	1.358000e+03	3.178257e+06	1.358000e+03	3.193427e+06	1.358000e+03	3.193601e+06	1.358000e+03	3.187462e+06	1.358000e+03	3.188056e+06	1.358000e+03	3.195821e+06	1.358000e+03	3.200927e+06	1.358000e+03	3.196778e+06	1.358000e+03	3.188107e+06	1.358000e+03	3.197538e+06	1.358000e+03	3.196751e+06	1.358000e+03	3.198794e+06	1.358000e+03	3.203971e+06	1.358000e+03	3.205623e+06	1.358000e+03	3.199599e+06	1.358000e+03	3.211069e+06	1.358000e+03	3.201228e+06	1.358000e+03	3.197847e+06	1.358000e+03	3.195949e+06	1.358000e+03	3.193832e+06	1.358000e+03	3.217264e+06	1.358000e+03	3.210474e+06	1.358000e+03	3.200610e+06	1.358000e+03	3.215762e+06	1.358000e+03	3.201814e+06	1.358000e+03	3.196858e+06	1.358000e+03	3.210019e+06	1.358000e+03	3.192401e+06	1.358000e+03	3.203650e+06	1.358000e+03	3.198929e+06	1.358000e+03	3.204482e+06	1.358000e+03	3.211509e+06	1.358000e+03	3.202251e+06	1.358000e+03	3.208937e+06	1.358000e+03	3.206815e+06	1.358000e+03	3.205896e+06	1.358000e+03	3.212802e+06	1.358000e+03	3.206115e+06	1.358000e+03	3.214159e+06	1.358000e+03	3.210253e+06	1.358000e+03	3.207224e+06	1.358000e+03	3.210605e+06	1.358000e+03	3.211387e+06	1.358000e+03	3.214107e+06	1.358000e+03	3.206953e+06	1.358000e+03	3.208292e+06
1.359000e+03	3.115897e+06	1.359000e+03	3.140885e+06	1.359000e+03	3.120710e+06	1.359000e+03	3.123814e+06	1.359000e+03	3.140988e+06	1.359000e+03	3.138481e+06	1.359000e+03	3.148710e+06	1.359000e+03	3.142548e+06	1.359000e+03	3.149222e+06	1.359000e+03	3.152493e+06	1.359000e+03	3.174747e+06	1.359000e+03	3.169970e+06	1.359000e+03	3.166220e+06	1.359000e+03	3.170013e+06	1.359000e+03	3.163317e+06	1.359000e+03	3.156520e+06	1.359000e+03	3.162165e+06	1.359000e+03	3.155049e+06	1.359000e+03	3.151536e+06	1.359000e+03	3.165775e+06	1.359000e+03	3.153904e+06	1.359000e+03	3.155303e+06	1.359000e+03	3.163157e+06	1.359000e+03	3.174420e+06	1.359000e+03	3.159990e+06	1.359000e+03	3.159474e+06	1.359000e+03	3.153517e+06	1.359000e+03	3.162478e+06	1.359000e+03	3.150990e+06	1.359000e+03	3.154322e+06	1.359000e+03	3.166421e+06	1.359000e+03	3.143771e+06	1.359000e+03	3.163200e+06	1.359000e+03	3.162044e+06	1.359000e+03	3.168518e+06	1.359000e+03	3.167039e+06	1.359000e+03	3.177015e+06	1.359000e+03	3.162397e+06	1.359000e+03	3.163793e+06	1.359000e+03	3.163752e+06	1.359000e+03	3.165446e+06	1.359000e+03	3.163843e+06	1.359000e+03	3.160242e+06	1.359000e+03	3.155893e+06	1.359000e+03	3.156929e+06	1.359000e+03	3.151726e+06	1.359000e+03	3.156033e+06	1.359000e+03	3.161854e+06	1.359000e+03	3.165422e+06	1.359000e+03	3.164480e+06	1.359000e+03	3.165639e+06	1.359000e+03	3.164453e+06	1.359000e+03	3.172885e+06	1.359000e+03	3.168313e+06	1.359000e+03	3.174707e+06	1.359000e+03	3.175926e+06	1.359000e+03	3.174739e+06	1.359000e+03	3.176458e+06	1.359000e+03	3.172966e+06	1.359000e+03	3.142551e+06	1.359000e+03	3.161051e+06	1.359000e+03	3.164083e+06	1.359000e+03	3.170688e+06	1.359000e+03	3.172864e+06	1.359000e+03	3.166173e+06	1.359000e+03	3.177225e+06	1.359000e+03	3.165984e+06	1.359000e+03	3.173915e+06	1.359000e+03	3.167551e+06	1.359000e+03	3.170625e+06	1.359000e+03	3.172913e+06	1.359000e+03	3.169372e+06	1.359000e+03	3.178431e+06	1.359000e+03	3.175398e+06	1.359000e+03	3.182156e+06	1.359000e+03	3.172838e+06	1.359000e+03	3.171934e+06	1.359000e+03	3.187624e+06	1.359000e+03	3.176850e+06	1.359000e+03	3.177311e+06	1.359000e+03	3.182205e+06	1.359000e+03	3.185923e+06	1.359000e+03	3.198036e+06	1.359000e+03	3.172882e+06	1.359000e+03	3.178234e+06	1.359000e+03	3.190737e+06	1.359000e+03	3.186919e+06	1.359000e+03	3.182726e+06	1.359000e+03	3.178527e+06	1.359000e+03	3.174153e+06	1.359000e+03	3.189879e+06	1.359000e+03	3.178382e+06	1.359000e+03	3.184880e+06	1.359000e+03	3.186351e+06	1.359000e+03	3.190201e+06	1.359000e+03	3.185701e+06	1.359000e+03	3.178972e+06	1.359000e+03	3.179504e+06	1.359000e+03	3.186687e+06	1.359000e+03	3.188160e+06	1.359000e+03	3.195257e+06	1.359000e+03	3.186800e+06	1.359000e+03	3.194897e+06	1.359000e+03	3.190328e+06	1.359000e+03	3.194893e+06	1.359000e+03	3.188555e+06	1.359000e+03	3.183447e+06	1.359000e+03	3.196480e+06	1.359000e+03	3.187323e+06	1.359000e+03	3.187379e+06	1.359000e+03	3.194281e+06	1.359000e+03	3.194645e+06	1.359000e+03	3.185691e+06	1.359000e+03	3.181593e+06	1.359000e+03	3.185316e+06	1.359000e+03	3.192366e+06	1.359000e+03	3.192818e+06	1.359000e+03	3.183869e+06	1.359000e+03	3.188248e+06	1.359000e+03	3.196906e+06	1.359000e+03	3.189859e+06	1.359000e+03	3.194968e+06	1.359000e+03	3.192276e+06	1.359000e+03	3.196021e+06	1.359000e+03	3.187833e+06	1.359000e+03	3.159753e+06	1.359000e+03	3.189164e+06	1.359000e+03	3.187883e+06	1.359000e+03	3.180212e+06	1.359000e+03	3.191049e+06	1.359000e+03	3.191223e+06	1.359000e+03	3.186389e+06	1.359000e+03	3.193379e+06	1.359000e+03	3.197383e+06	1.359000e+03	3.193753e+06	1.359000e+03	3.178349e+06	1.359000e+03	3.180426e+06	1.359000e+03	3.184828e+06	1.359000e+03	3.188998e+06	1.359000e+03	3.188031e+06	1.359000e+03	3.190859e+06	1.359000e+03	3.192439e+06	1.359000e+03	3.188296e+06	1.359000e+03	3.186570e+06	1.359000e+03	3.192024e+06	1.359000e+03	3.188973e+06	1.359000e+03	3.183004e+06	1.359000e+03	3.182558e+06	1.359000e+03	3.189308e+06	1.359000e+03	3.194232e+06	1.359000e+03	3.191037e+06	1.359000e+03	3.194429e+06	1.359000e+03	3.194920e+06	1.359000e+03	3.195701e+06	1.359000e+03	3.190179e+06	1.359000e+03	3.184081e+06	1.359000e+03	3.191499e+06	1.359000e+03	3.186413e+06	1.359000e+03	3.180967e+06	1.359000e+03	3.184368e+06	1.359000e+03	3.188319e+06	1.359000e+03	3.184888e+06	1.359000e+03	3.182544e+06	1.359000e+03	3.188474e+06	1.359000e+03	3.190806e+06	1.359000e+03	3.183949e+06	1.359000e+03	3.188188e+06	1.359000e+03	3.195094e+06	1.359000e+03	3.199128e+06	1.359000e+03	3.192016e+06	1.359000e+03	3.186904e+06	1.359000e+03	3.196593e+06	1.359000e+03	3.198921e+06	1.359000e+03	3.201498e+06	1.359000e+03	3.202987e+06	1.359000e+03	3.199561e+06	1.359000e+03	3.198529e+06	1.359000e+03	3.209579e+06	1.359000e+03	3.203523e+06	1.359000e+03	3.197853e+06	1.359000e+03	3.188258e+06	1.359000e+03	3.192926e+06	1.359000e+03	3.219887e+06	1.359000e+03	3.208665e+06	1.359000e+03	3.204504e+06	1.359000e+03	3.211688e+06	1.359000e+03	3.200742e+06	1.359000e+03	3.201771e+06	1.359000e+03	3.207618e+06	1.359000e+03	3.194885e+06	1.359000e+03	3.205049e+06	1.359000e+03	3.203073e+06	1.359000e+03	3.206165e+06	1.359000e+03	3.206559e+06	1.359000e+03	3.202162e+06	1.359000e+03	3.210900e+06	1.359000e+03	3.203206e+06	1.359000e+03	3.201648e+06	1.359000e+03	3.210503e+06	1.359000e+03	3.209922e+06	1.359000e+03	3.212140e+06	1.359000e+03	3.206594e+06	1.359000e+03	3.209301e+06	1.359000e+03	3.212017e+06	1.359000e+03	3.210645e+06	1.359000e+03	3.210155e+06	1.359000e+03	3.209392e+06	1.359000e+03	3.209754e+06
1.360000e+03	3.118163e+06	1.360000e+03	3.137946e+06	1.360000e+03	3.122071e+06	1.360000e+03	3.121268e+06	1.360000e+03	3.140333e+06	1.360000e+03	3.137176e+06	1.360000e+03	3.150756e+06	1.360000e+03	3.145224e+06	1.360000e+03	3.142763e+06	1.360000e+03	3.155095e+06	1.360000e+03	3.172431e+06	1.360000e+03	3.168767e+06	1.360000e+03	3.165761e+06	1.360000e+03	3.173871e+06	1.360000e+03	3.166828e+06	1.360000e+03	3.152617e+06	1.360000e+03	3.160546e+06	1.360000e+03	3.156660e+06	1.360000e+03	3.157649e+06	1.360000e+03	3.164999e+06	1.360000e+03	3.151076e+06	1.360000e+03	3.160553e+06	1.360000e+03	3.161223e+06	1.360000e+03	3.174528e+06	1.360000e+03	3.162178e+06	1.360000e+03	3.161052e+06	1.360000e+03	3.157670e+06	1.360000e+03	3.159357e+06	1.360000e+03	3.155240e+06	1.360000e+03	3.155544e+06	1.360000e+03	3.169361e+06	1.360000e+03	3.147765e+06	1.360000e+03	3.164932e+06	1.360000e+03	3.161989e+06	1.360000e+03	3.166137e+06	1.360000e+03	3.162785e+06	1.360000e+03	3.173285e+06	1.360000e+03	3.160995e+06	1.360000e+03	3.165880e+06	1.360000e+03	3.160661e+06	1.360000e+03	3.164409e+06	1.360000e+03	3.162929e+06	1.360000e+03	3.166174e+06	1.360000e+03	3.150352e+06	1.360000e+03	3.156483e+06	1.360000e+03	3.149042e+06	1.360000e+03	3.157647e+06	1.360000e+03	3.159474e+06	1.360000e+03	3.166405e+06	1.360000e+03	3.158612e+06	1.360000e+03	3.166849e+06	1.360000e+03	3.163071e+06	1.360000e+03	3.173039e+06	1.360000e+03	3.168630e+06	1.360000e+03	3.167307e+06	1.360000e+03	3.173345e+06	1.360000e+03	3.168630e+06	1.360000e+03	3.177554e+06	1.360000e+03	3.171817e+06	1.360000e+03	3.141095e+06	1.360000e+03	3.163511e+06	1.360000e+03	3.164029e+06	1.360000e+03	3.159291e+06	1.360000e+03	3.171157e+06	1.360000e+03	3.168415e+06	1.360000e+03	3.177564e+06	1.360000e+03	3.162872e+06	1.360000e+03	3.174496e+06	1.360000e+03	3.173051e+06	1.360000e+03	3.169899e+06	1.360000e+03	3.174514e+06	1.360000e+03	3.166240e+06	1.360000e+03	3.178593e+06	1.360000e+03	3.173417e+06	1.360000e+03	3.179128e+06	1.360000e+03	3.173379e+06	1.360000e+03	3.172015e+06	1.360000e+03	3.179005e+06	1.360000e+03	3.180200e+06	1.360000e+03	3.171626e+06	1.360000e+03	3.184581e+06	1.360000e+03	3.179517e+06	1.360000e+03	3.202551e+06	1.360000e+03	3.150270e+06	1.360000e+03	3.177005e+06	1.360000e+03	3.186306e+06	1.360000e+03	3.188493e+06	1.360000e+03	3.179866e+06	1.360000e+03	3.179707e+06	1.360000e+03	3.172035e+06	1.360000e+03	3.190907e+06	1.360000e+03	3.178377e+06	1.360000e+03	3.189669e+06	1.360000e+03	3.183232e+06	1.360000e+03	3.189370e+06	1.360000e+03	3.183653e+06	1.360000e+03	3.179906e+06	1.360000e+03	3.181559e+06	1.360000e+03	3.188082e+06	1.360000e+03	3.187974e+06	1.360000e+03	3.195565e+06	1.360000e+03	3.192475e+06	1.360000e+03	3.191886e+06	1.360000e+03	3.193256e+06	1.360000e+03	3.193224e+06	1.360000e+03	3.186829e+06	1.360000e+03	3.186631e+06	1.360000e+03	3.193460e+06	1.360000e+03	3.181798e+06	1.360000e+03	3.185473e+06	1.360000e+03	3.194384e+06	1.360000e+03	3.194539e+06	1.360000e+03	3.186341e+06	1.360000e+03	3.181366e+06	1.360000e+03	3.185915e+06	1.360000e+03	3.196618e+06	1.360000e+03	3.190890e+06	1.360000e+03	3.189243e+06	1.360000e+03	3.187176e+06	1.360000e+03	3.193310e+06	1.360000e+03	3.189335e+06	1.360000e+03	3.196912e+06	1.360000e+03	3.191407e+06	1.360000e+03	3.195989e+06	1.360000e+03	3.188916e+06	1.360000e+03	3.160215e+06	1.360000e+03	3.187278e+06	1.360000e+03	3.188751e+06	1.360000e+03	3.181973e+06	1.360000e+03	3.193354e+06	1.360000e+03	3.191200e+06	1.360000e+03	3.192359e+06	1.360000e+03	3.191109e+06	1.360000e+03	3.193408e+06	1.360000e+03	3.194933e+06	1.360000e+03	3.179677e+06	1.360000e+03	3.183805e+06	1.360000e+03	3.188727e+06	1.360000e+03	3.191743e+06	1.360000e+03	3.185669e+06	1.360000e+03	3.190960e+06	1.360000e+03	3.192992e+06	1.360000e+03	3.189012e+06	1.360000e+03	3.184607e+06	1.360000e+03	3.189736e+06	1.360000e+03	3.183923e+06	1.360000e+03	3.181828e+06	1.360000e+03	3.180102e+06	1.360000e+03	3.194161e+06	1.360000e+03	3.187078e+06	1.360000e+03	3.191683e+06	1.360000e+03	3.197923e+06	1.360000e+03	3.194065e+06	1.360000e+03	3.198737e+06	1.360000e+03	3.198136e+06	1.360000e+03	3.180610e+06	1.360000e+03	3.190422e+06	1.360000e+03	3.183625e+06	1.360000e+03	3.185261e+06	1.360000e+03	3.182855e+06	1.360000e+03	3.189251e+06	1.360000e+03	3.186286e+06	1.360000e+03	3.180279e+06	1.360000e+03	3.189111e+06	1.360000e+03	3.188573e+06	1.360000e+03	3.185440e+06	1.360000e+03	3.189260e+06	1.360000e+03	3.195360e+06	1.360000e+03	3.196329e+06	1.360000e+03	3.192369e+06	1.360000e+03	3.190361e+06	1.360000e+03	3.194925e+06	1.360000e+03	3.197724e+06	1.360000e+03	3.201477e+06	1.360000e+03	3.204635e+06	1.360000e+03	3.203220e+06	1.360000e+03	3.195380e+06	1.360000e+03	3.206937e+06	1.360000e+03	3.201962e+06	1.360000e+03	3.200644e+06	1.360000e+03	3.191956e+06	1.360000e+03	3.194275e+06	1.360000e+03	3.215186e+06	1.360000e+03	3.205334e+06	1.360000e+03	3.206536e+06	1.360000e+03	3.212061e+06	1.360000e+03	3.201546e+06	1.360000e+03	3.202231e+06	1.360000e+03	3.203898e+06	1.360000e+03	3.192721e+06	1.360000e+03	3.203303e+06	1.360000e+03	3.206642e+06	1.360000e+03	3.203420e+06	1.360000e+03	3.206498e+06	1.360000e+03	3.205628e+06	1.360000e+03	3.203894e+06	1.360000e+03	3.205526e+06	1.360000e+03	3.201510e+06	1.360000e+03	3.206727e+06	1.360000e+03	3.203356e+06	1.360000e+03	3.210246e+06	1.360000e+03	3.210312e+06	1.360000e+03	3.209736e+06	1.360000e+03	3.212176e+06	1.360000e+03	3.210126e+06	1.360000e+03	3.212456e+06	1.360000e+03	3.205938e+06	1.360000e+03	3.211286e+06
1.361000e+03	3.121773e+06	1.361000e+03	3.132939e+06	1.361000e+03	3.114517e+06	1.361000e+03	3.122323e+06	1.361000e+03	3.141540e+06	1.361000e+03	3.134378e+06	1.361000e+03	3.149183e+06	1.361000e+03	3.142671e+06	1.361000e+03	3.139865e+06	1.361000e+03	3.153074e+06	1.361000e+03	3.169393e+06	1.361000e+03	3.167535e+06	1.361000e+03	3.167456e+06	1.361000e+03	3.162636e+06	1.361000e+03	3.165717e+06	1.361000e+03	3.156977e+06	1.361000e+03	3.160840e+06	1.361000e+03	3.164320e+06	1.361000e+03	3.155241e+06	1.361000e+03	3.167376e+06	1.361000e+03	3.152405e+06	1.361000e+03	3.157616e+06	1.361000e+03	3.163304e+06	1.361000e+03	3.175778e+06	1.361000e+03	3.165213e+06	1.361000e+03	3.159241e+06	1.361000e+03	3.155821e+06	1.361000e+03	3.153582e+06	1.361000e+03	3.156820e+06	1.361000e+03	3.156197e+06	1.361000e+03	3.164018e+06	1.361000e+03	3.151610e+06	1.361000e+03	3.159186e+06	1.361000e+03	3.160027e+06	1.361000e+03	3.162544e+06	1.361000e+03	3.165056e+06	1.361000e+03	3.172726e+06	1.361000e+03	3.159873e+06	1.361000e+03	3.164023e+06	1.361000e+03	3.162637e+06	1.361000e+03	3.164283e+06	1.361000e+03	3.163137e+06	1.361000e+03	3.161512e+06	1.361000e+03	3.147885e+06	1.361000e+03	3.157946e+06	1.361000e+03	3.151311e+06	1.361000e+03	3.160869e+06	1.361000e+03	3.160526e+06	1.361000e+03	3.163555e+06	1.361000e+03	3.161986e+06	1.361000e+03	3.163442e+06	1.361000e+03	3.163042e+06	1.361000e+03	3.172706e+06	1.361000e+03	3.169639e+06	1.361000e+03	3.168554e+06	1.361000e+03	3.174655e+06	1.361000e+03	3.168129e+06	1.361000e+03	3.176638e+06	1.361000e+03	3.171975e+06	1.361000e+03	3.143767e+06	1.361000e+03	3.163519e+06	1.361000e+03	3.164463e+06	1.361000e+03	3.159842e+06	1.361000e+03	3.170945e+06	1.361000e+03	3.164102e+06	1.361000e+03	3.181612e+06	1.361000e+03	3.163238e+06	1.361000e+03	3.177422e+06	1.361000e+03	3.169497e+06	1.361000e+03	3.169640e+06	1.361000e+03	3.173432e+06	1.361000e+03	3.169224e+06	1.361000e+03	3.179855e+06	1.361000e+03	3.170010e+06	1.361000e+03	3.179463e+06	1.361000e+03	3.175505e+06	1.361000e+03	3.174082e+06	1.361000e+03	3.179345e+06	1.361000e+03	3.179404e+06	1.361000e+03	3.178552e+06	1.361000e+03	3.184000e+06	1.361000e+03	3.179650e+06	1.361000e+03	3.200352e+06	1.361000e+03	3.146615e+06	1.361000e+03	3.177982e+06	1.361000e+03	3.186448e+06	1.361000e+03	3.186753e+06	1.361000e+03	3.178247e+06	1.361000e+03	3.182552e+06	1.361000e+03	3.172557e+06	1.361000e+03	3.190780e+06	1.361000e+03	3.175212e+06	1.361000e+03	3.190205e+06	1.361000e+03	3.184327e+06	1.361000e+03	3.188858e+06	1.361000e+03	3.184587e+06	1.361000e+03	3.176041e+06	1.361000e+03	3.178933e+06	1.361000e+03	3.194181e+06	1.361000e+03	3.190040e+06	1.361000e+03	3.198409e+06	1.361000e+03	3.192943e+06	1.361000e+03	3.194511e+06	1.361000e+03	3.193679e+06	1.361000e+03	3.189390e+06	1.361000e+03	3.185160e+06	1.361000e+03	3.185400e+06	1.361000e+03	3.194404e+06	1.361000e+03	3.182066e+06	1.361000e+03	3.186239e+06	1.361000e+03	3.195259e+06	1.361000e+03	3.197646e+06	1.361000e+03	3.184403e+06	1.361000e+03	3.181022e+06	1.361000e+03	3.184850e+06	1.361000e+03	3.192878e+06	1.361000e+03	3.191671e+06	1.361000e+03	3.186648e+06	1.361000e+03	3.186959e+06	1.361000e+03	3.200423e+06	1.361000e+03	3.194827e+06	1.361000e+03	3.189800e+06	1.361000e+03	3.188945e+06	1.361000e+03	3.194957e+06	1.361000e+03	3.189772e+06	1.361000e+03	3.161194e+06	1.361000e+03	3.186094e+06	1.361000e+03	3.188835e+06	1.361000e+03	3.179843e+06	1.361000e+03	3.190468e+06	1.361000e+03	3.191388e+06	1.361000e+03	3.185337e+06	1.361000e+03	3.191840e+06	1.361000e+03	3.193577e+06	1.361000e+03	3.196204e+06	1.361000e+03	3.177408e+06	1.361000e+03	3.181279e+06	1.361000e+03	3.186496e+06	1.361000e+03	3.186176e+06	1.361000e+03	3.184726e+06	1.361000e+03	3.188844e+06	1.361000e+03	3.189015e+06	1.361000e+03	3.188010e+06	1.361000e+03	3.187433e+06	1.361000e+03	3.194409e+06	1.361000e+03	3.187944e+06	1.361000e+03	3.185987e+06	1.361000e+03	3.185395e+06	1.361000e+03	3.192819e+06	1.361000e+03	3.190162e+06	1.361000e+03	3.187751e+06	1.361000e+03	3.199639e+06	1.361000e+03	3.196715e+06	1.361000e+03	3.199254e+06	1.361000e+03	3.200227e+06	1.361000e+03	3.180818e+06	1.361000e+03	3.187999e+06	1.361000e+03	3.179953e+06	1.361000e+03	3.181383e+06	1.361000e+03	3.185198e+06	1.361000e+03	3.185477e+06	1.361000e+03	3.190603e+06	1.361000e+03	3.179988e+06	1.361000e+03	3.192194e+06	1.361000e+03	3.190054e+06	1.361000e+03	3.186945e+06	1.361000e+03	3.191165e+06	1.361000e+03	3.194692e+06	1.361000e+03	3.198087e+06	1.361000e+03	3.193989e+06	1.361000e+03	3.189990e+06	1.361000e+03	3.198625e+06	1.361000e+03	3.198496e+06	1.361000e+03	3.199511e+06	1.361000e+03	3.203864e+06	1.361000e+03	3.202852e+06	1.361000e+03	3.196413e+06	1.361000e+03	3.202727e+06	1.361000e+03	3.202629e+06	1.361000e+03	3.200122e+06	1.361000e+03	3.188873e+06	1.361000e+03	3.192255e+06	1.361000e+03	3.216682e+06	1.361000e+03	3.206977e+06	1.361000e+03	3.202305e+06	1.361000e+03	3.212932e+06	1.361000e+03	3.200840e+06	1.361000e+03	3.199669e+06	1.361000e+03	3.202763e+06	1.361000e+03	3.192342e+06	1.361000e+03	3.204420e+06	1.361000e+03	3.204213e+06	1.361000e+03	3.209868e+06	1.361000e+03	3.207118e+06	1.361000e+03	3.204043e+06	1.361000e+03	3.207243e+06	1.361000e+03	3.202190e+06	1.361000e+03	3.202739e+06	1.361000e+03	3.206124e+06	1.361000e+03	3.207319e+06	1.361000e+03	3.208111e+06	1.361000e+03	3.211256e+06	1.361000e+03	3.211753e+06	1.361000e+03	3.211169e+06	1.361000e+03	3.211168e+06	1.361000e+03	3.212817e+06	1.361000e+03	3.206851e+06	1.361000e+03	3.211800e+06
1.362000e+03	3.117270e+06	1.362000e+03	3.137136e+06	1.362000e+03	3.113095e+06	1.362000e+03	3.122333e+06	1.362000e+03	3.141199e+06	1.362000e+03	3.135704e+06	1.362000e+03	3.148330e+06	1.362000e+03	3.144457e+06	1.362000e+03	3.143188e+06	1.362000e+03	3.155506e+06	1.362000e+03	3.170308e+06	1.362000e+03	3.170498e+06	1.362000e+03	3.171450e+06	1.362000e+03	3.159236e+06	1.362000e+03	3.163302e+06	1.362000e+03	3.158573e+06	1.362000e+03	3.165234e+06	1.362000e+03	3.162399e+06	1.362000e+03	3.157666e+06	1.362000e+03	3.165503e+06	1.362000e+03	3.151545e+06	1.362000e+03	3.166768e+06	1.362000e+03	3.167373e+06	1.362000e+03	3.173910e+06	1.362000e+03	3.159878e+06	1.362000e+03	3.159749e+06	1.362000e+03	3.158288e+06	1.362000e+03	3.151748e+06	1.362000e+03	3.152495e+06	1.362000e+03	3.154815e+06	1.362000e+03	3.161620e+06	1.362000e+03	3.148136e+06	1.362000e+03	3.157053e+06	1.362000e+03	3.158459e+06	1.362000e+03	3.157721e+06	1.362000e+03	3.165023e+06	1.362000e+03	3.172699e+06	1.362000e+03	3.163378e+06	1.362000e+03	3.166412e+06	1.362000e+03	3.160198e+06	1.362000e+03	3.163491e+06	1.362000e+03	3.166194e+06	1.362000e+03	3.160517e+06	1.362000e+03	3.149441e+06	1.362000e+03	3.159643e+06	1.362000e+03	3.156009e+06	1.362000e+03	3.157988e+06	1.362000e+03	3.161531e+06	1.362000e+03	3.164437e+06	1.362000e+03	3.162749e+06	1.362000e+03	3.160467e+06	1.362000e+03	3.163369e+06	1.362000e+03	3.170905e+06	1.362000e+03	3.167601e+06	1.362000e+03	3.165914e+06	1.362000e+03	3.172309e+06	1.362000e+03	3.172355e+06	1.362000e+03	3.172458e+06	1.362000e+03	3.168149e+06	1.362000e+03	3.143874e+06	1.362000e+03	3.163348e+06	1.362000e+03	3.160938e+06	1.362000e+03	3.160407e+06	1.362000e+03	3.173563e+06	1.362000e+03	3.169306e+06	1.362000e+03	3.178536e+06	1.362000e+03	3.158194e+06	1.362000e+03	3.179823e+06	1.362000e+03	3.168493e+06	1.362000e+03	3.169427e+06	1.362000e+03	3.173102e+06	1.362000e+03	3.171373e+06	1.362000e+03	3.177947e+06	1.362000e+03	3.168218e+06	1.362000e+03	3.172322e+06	1.362000e+03	3.174893e+06	1.362000e+03	3.171091e+06	1.362000e+03	3.181272e+06	1.362000e+03	3.181571e+06	1.362000e+03	3.178883e+06	1.362000e+03	3.188384e+06	1.362000e+03	3.177081e+06	1.362000e+03	3.199916e+06	1.362000e+03	3.154876e+06	1.362000e+03	3.181044e+06	1.362000e+03	3.184002e+06	1.362000e+03	3.184164e+06	1.362000e+03	3.178337e+06	1.362000e+03	3.183187e+06	1.362000e+03	3.180057e+06	1.362000e+03	3.190230e+06	1.362000e+03	3.175951e+06	1.362000e+03	3.199185e+06	1.362000e+03	3.182056e+06	1.362000e+03	3.190516e+06	1.362000e+03	3.185180e+06	1.362000e+03	3.179419e+06	1.362000e+03	3.178090e+06	1.362000e+03	3.192168e+06	1.362000e+03	3.188194e+06	1.362000e+03	3.193088e+06	1.362000e+03	3.186534e+06	1.362000e+03	3.197914e+06	1.362000e+03	3.191744e+06	1.362000e+03	3.187465e+06	1.362000e+03	3.182184e+06	1.362000e+03	3.186110e+06	1.362000e+03	3.195000e+06	1.362000e+03	3.181209e+06	1.362000e+03	3.189337e+06	1.362000e+03	3.194798e+06	1.362000e+03	3.200780e+06	1.362000e+03	3.182162e+06	1.362000e+03	3.179271e+06	1.362000e+03	3.185658e+06	1.362000e+03	3.190430e+06	1.362000e+03	3.193374e+06	1.362000e+03	3.187796e+06	1.362000e+03	3.187107e+06	1.362000e+03	3.200374e+06	1.362000e+03	3.192208e+06	1.362000e+03	3.190089e+06	1.362000e+03	3.188934e+06	1.362000e+03	3.198831e+06	1.362000e+03	3.186886e+06	1.362000e+03	3.170920e+06	1.362000e+03	3.186787e+06	1.362000e+03	3.193032e+06	1.362000e+03	3.182134e+06	1.362000e+03	3.188641e+06	1.362000e+03	3.193878e+06	1.362000e+03	3.187770e+06	1.362000e+03	3.193278e+06	1.362000e+03	3.197678e+06	1.362000e+03	3.194990e+06	1.362000e+03	3.182983e+06	1.362000e+03	3.187241e+06	1.362000e+03	3.186452e+06	1.362000e+03	3.189113e+06	1.362000e+03	3.185272e+06	1.362000e+03	3.187683e+06	1.362000e+03	3.191246e+06	1.362000e+03	3.191998e+06	1.362000e+03	3.187834e+06	1.362000e+03	3.194530e+06	1.362000e+03	3.187840e+06	1.362000e+03	3.185500e+06	1.362000e+03	3.180074e+06	1.362000e+03	3.189188e+06	1.362000e+03	3.186229e+06	1.362000e+03	3.188778e+06	1.362000e+03	3.200628e+06	1.362000e+03	3.198934e+06	1.362000e+03	3.198015e+06	1.362000e+03	3.200280e+06	1.362000e+03	3.183612e+06	1.362000e+03	3.181561e+06	1.362000e+03	3.181370e+06	1.362000e+03	3.182922e+06	1.362000e+03	3.183400e+06	1.362000e+03	3.183297e+06	1.362000e+03	3.186563e+06	1.362000e+03	3.182090e+06	1.362000e+03	3.189384e+06	1.362000e+03	3.197146e+06	1.362000e+03	3.196322e+06	1.362000e+03	3.191758e+06	1.362000e+03	3.189686e+06	1.362000e+03	3.196445e+06	1.362000e+03	3.197752e+06	1.362000e+03	3.191851e+06	1.362000e+03	3.196991e+06	1.362000e+03	3.196934e+06	1.362000e+03	3.197905e+06	1.362000e+03	3.202875e+06	1.362000e+03	3.203965e+06	1.362000e+03	3.199246e+06	1.362000e+03	3.205468e+06	1.362000e+03	3.202956e+06	1.362000e+03	3.199349e+06	1.362000e+03	3.191456e+06	1.362000e+03	3.193687e+06	1.362000e+03	3.214735e+06	1.362000e+03	3.207604e+06	1.362000e+03	3.202395e+06	1.362000e+03	3.214211e+06	1.362000e+03	3.201827e+06	1.362000e+03	3.200702e+06	1.362000e+03	3.200507e+06	1.362000e+03	3.195392e+06	1.362000e+03	3.203359e+06	1.362000e+03	3.204014e+06	1.362000e+03	3.208593e+06	1.362000e+03	3.209084e+06	1.362000e+03	3.204625e+06	1.362000e+03	3.210503e+06	1.362000e+03	3.200989e+06	1.362000e+03	3.203825e+06	1.362000e+03	3.208650e+06	1.362000e+03	3.204188e+06	1.362000e+03	3.211608e+06	1.362000e+03	3.210717e+06	1.362000e+03	3.209148e+06	1.362000e+03	3.211920e+06	1.362000e+03	3.213025e+06	1.362000e+03	3.210644e+06	1.362000e+03	3.204620e+06	1.362000e+03	3.213263e+06
1.363000e+03	3.118255e+06	1.363000e+03	3.129496e+06	1.363000e+03	3.116020e+06	1.363000e+03	3.128373e+06	1.363000e+03	3.140712e+06	1.363000e+03	3.139135e+06	1.363000e+03	3.149290e+06	1.363000e+03	3.145791e+06	1.363000e+03	3.145570e+06	1.363000e+03	3.162320e+06	1.363000e+03	3.179413e+06	1.363000e+03	3.175260e+06	1.363000e+03	3.168844e+06	1.363000e+03	3.154931e+06	1.363000e+03	3.165103e+06	1.363000e+03	3.160194e+06	1.363000e+03	3.164540e+06	1.363000e+03	3.156346e+06	1.363000e+03	3.151075e+06	1.363000e+03	3.161271e+06	1.363000e+03	3.153491e+06	1.363000e+03	3.163242e+06	1.363000e+03	3.165117e+06	1.363000e+03	3.176695e+06	1.363000e+03	3.165376e+06	1.363000e+03	3.162164e+06	1.363000e+03	3.156149e+06	1.363000e+03	3.150099e+06	1.363000e+03	3.153317e+06	1.363000e+03	3.150308e+06	1.363000e+03	3.163428e+06	1.363000e+03	3.148403e+06	1.363000e+03	3.152908e+06	1.363000e+03	3.162931e+06	1.363000e+03	3.163498e+06	1.363000e+03	3.161643e+06	1.363000e+03	3.181488e+06	1.363000e+03	3.157965e+06	1.363000e+03	3.168485e+06	1.363000e+03	3.154575e+06	1.363000e+03	3.164513e+06	1.363000e+03	3.163912e+06	1.363000e+03	3.161444e+06	1.363000e+03	3.152435e+06	1.363000e+03	3.162343e+06	1.363000e+03	3.156142e+06	1.363000e+03	3.156684e+06	1.363000e+03	3.162823e+06	1.363000e+03	3.163953e+06	1.363000e+03	3.163159e+06	1.363000e+03	3.160665e+06	1.363000e+03	3.164339e+06	1.363000e+03	3.171015e+06	1.363000e+03	3.170303e+06	1.363000e+03	3.167375e+06	1.363000e+03	3.173229e+06	1.363000e+03	3.170362e+06	1.363000e+03	3.172279e+06	1.363000e+03	3.162240e+06	1.363000e+03	3.143544e+06	1.363000e+03	3.156305e+06	1.363000e+03	3.163366e+06	1.363000e+03	3.164006e+06	1.363000e+03	3.173094e+06	1.363000e+03	3.169457e+06	1.363000e+03	3.175911e+06	1.363000e+03	3.163435e+06	1.363000e+03	3.168788e+06	1.363000e+03	3.173111e+06	1.363000e+03	3.172744e+06	1.363000e+03	3.176418e+06	1.363000e+03	3.170588e+06	1.363000e+03	3.182904e+06	1.363000e+03	3.169115e+06	1.363000e+03	3.173263e+06	1.363000e+03	3.173036e+06	1.363000e+03	3.174063e+06	1.363000e+03	3.179772e+06	1.363000e+03	3.179921e+06	1.363000e+03	3.180437e+06	1.363000e+03	3.186250e+06	1.363000e+03	3.173714e+06	1.363000e+03	3.192594e+06	1.363000e+03	3.178180e+06	1.363000e+03	3.180679e+06	1.363000e+03	3.184005e+06	1.363000e+03	3.186882e+06	1.363000e+03	3.184576e+06	1.363000e+03	3.182570e+06	1.363000e+03	3.175537e+06	1.363000e+03	3.184892e+06	1.363000e+03	3.176804e+06	1.363000e+03	3.193500e+06	1.363000e+03	3.185171e+06	1.363000e+03	3.192141e+06	1.363000e+03	3.186565e+06	1.363000e+03	3.183548e+06	1.363000e+03	3.177516e+06	1.363000e+03	3.186973e+06	1.363000e+03	3.188830e+06	1.363000e+03	3.193649e+06	1.363000e+03	3.182010e+06	1.363000e+03	3.188900e+06	1.363000e+03	3.193459e+06	1.363000e+03	3.189649e+06	1.363000e+03	3.182963e+06	1.363000e+03	3.186469e+06	1.363000e+03	3.191882e+06	1.363000e+03	3.180706e+06	1.363000e+03	3.189842e+06	1.363000e+03	3.195777e+06	1.363000e+03	3.205850e+06	1.363000e+03	3.183416e+06	1.363000e+03	3.182527e+06	1.363000e+03	3.188953e+06	1.363000e+03	3.195101e+06	1.363000e+03	3.195543e+06	1.363000e+03	3.185770e+06	1.363000e+03	3.187966e+06	1.363000e+03	3.196095e+06	1.363000e+03	3.201574e+06	1.363000e+03	3.189644e+06	1.363000e+03	3.187402e+06	1.363000e+03	3.196569e+06	1.363000e+03	3.189545e+06	1.363000e+03	3.169942e+06	1.363000e+03	3.184081e+06	1.363000e+03	3.191327e+06	1.363000e+03	3.183804e+06	1.363000e+03	3.193192e+06	1.363000e+03	3.190375e+06	1.363000e+03	3.189714e+06	1.363000e+03	3.188904e+06	1.363000e+03	3.202288e+06	1.363000e+03	3.196818e+06	1.363000e+03	3.180373e+06	1.363000e+03	3.188147e+06	1.363000e+03	3.181423e+06	1.363000e+03	3.188038e+06	1.363000e+03	3.185153e+06	1.363000e+03	3.188450e+06	1.363000e+03	3.193279e+06	1.363000e+03	3.189415e+06	1.363000e+03	3.190673e+06	1.363000e+03	3.193182e+06	1.363000e+03	3.189498e+06	1.363000e+03	3.187870e+06	1.363000e+03	3.181229e+06	1.363000e+03	3.192135e+06	1.363000e+03	3.189175e+06	1.363000e+03	3.190599e+06	1.363000e+03	3.196569e+06	1.363000e+03	3.195810e+06	1.363000e+03	3.197304e+06	1.363000e+03	3.198543e+06	1.363000e+03	3.181148e+06	1.363000e+03	3.187483e+06	1.363000e+03	3.183596e+06	1.363000e+03	3.184932e+06	1.363000e+03	3.187257e+06	1.363000e+03	3.180683e+06	1.363000e+03	3.184303e+06	1.363000e+03	3.180771e+06	1.363000e+03	3.188416e+06	1.363000e+03	3.190810e+06	1.363000e+03	3.187081e+06	1.363000e+03	3.192865e+06	1.363000e+03	3.190314e+06	1.363000e+03	3.196130e+06	1.363000e+03	3.198036e+06	1.363000e+03	3.191295e+06	1.363000e+03	3.199109e+06	1.363000e+03	3.202730e+06	1.363000e+03	3.196255e+06	1.363000e+03	3.206786e+06	1.363000e+03	3.201019e+06	1.363000e+03	3.200733e+06	1.363000e+03	3.208676e+06	1.363000e+03	3.197929e+06	1.363000e+03	3.197751e+06	1.363000e+03	3.190880e+06	1.363000e+03	3.194906e+06	1.363000e+03	3.214352e+06	1.363000e+03	3.204092e+06	1.363000e+03	3.203037e+06	1.363000e+03	3.211273e+06	1.363000e+03	3.198671e+06	1.363000e+03	3.195373e+06	1.363000e+03	3.203088e+06	1.363000e+03	3.194635e+06	1.363000e+03	3.205786e+06	1.363000e+03	3.203249e+06	1.363000e+03	3.207586e+06	1.363000e+03	3.205478e+06	1.363000e+03	3.199631e+06	1.363000e+03	3.205464e+06	1.363000e+03	3.202833e+06	1.363000e+03	3.205476e+06	1.363000e+03	3.211831e+06	1.363000e+03	3.204952e+06	1.363000e+03	3.209901e+06	1.363000e+03	3.206027e+06	1.363000e+03	3.206432e+06	1.363000e+03	3.212996e+06	1.363000e+03	3.212750e+06	1.363000e+03	3.211583e+06	1.363000e+03	3.205876e+06	1.363000e+03	3.213756e+06
1.364000e+03	3.119540e+06	1.364000e+03	3.134290e+06	1.364000e+03	3.111619e+06	1.364000e+03	3.126094e+06	1.364000e+03	3.138149e+06	1.364000e+03	3.135393e+06	1.364000e+03	3.145780e+06	1.364000e+03	3.146588e+06	1.364000e+03	3.144430e+06	1.364000e+03	3.161975e+06	1.364000e+03	3.174257e+06	1.364000e+03	3.173540e+06	1.364000e+03	3.170941e+06	1.364000e+03	3.154612e+06	1.364000e+03	3.164712e+06	1.364000e+03	3.161527e+06	1.364000e+03	3.172633e+06	1.364000e+03	3.150750e+06	1.364000e+03	3.147782e+06	1.364000e+03	3.158922e+06	1.364000e+03	3.147290e+06	1.364000e+03	3.157335e+06	1.364000e+03	3.153794e+06	1.364000e+03	3.178834e+06	1.364000e+03	3.164789e+06	1.364000e+03	3.157192e+06	1.364000e+03	3.155409e+06	1.364000e+03	3.156577e+06	1.364000e+03	3.157298e+06	1.364000e+03	3.146418e+06	1.364000e+03	3.168298e+06	1.364000e+03	3.149555e+06	1.364000e+03	3.155227e+06	1.364000e+03	3.160602e+06	1.364000e+03	3.153779e+06	1.364000e+03	3.164844e+06	1.364000e+03	3.180158e+06	1.364000e+03	3.158502e+06	1.364000e+03	3.170514e+06	1.364000e+03	3.151490e+06	1.364000e+03	3.166751e+06	1.364000e+03	3.165639e+06	1.364000e+03	3.163833e+06	1.364000e+03	3.151805e+06	1.364000e+03	3.161074e+06	1.364000e+03	3.154336e+06	1.364000e+03	3.158852e+06	1.364000e+03	3.162197e+06	1.364000e+03	3.162891e+06	1.364000e+03	3.160085e+06	1.364000e+03	3.156514e+06	1.364000e+03	3.166148e+06	1.364000e+03	3.171370e+06	1.364000e+03	3.166971e+06	1.364000e+03	3.169916e+06	1.364000e+03	3.170790e+06	1.364000e+03	3.167515e+06	1.364000e+03	3.173078e+06	1.364000e+03	3.163284e+06	1.364000e+03	3.147347e+06	1.364000e+03	3.155501e+06	1.364000e+03	3.165300e+06	1.364000e+03	3.165111e+06	1.364000e+03	3.177346e+06	1.364000e+03	3.171475e+06	1.364000e+03	3.176040e+06	1.364000e+03	3.171498e+06	1.364000e+03	3.169270e+06	1.364000e+03	3.170286e+06	1.364000e+03	3.174904e+06	1.364000e+03	3.176556e+06	1.364000e+03	3.173428e+06	1.364000e+03	3.185443e+06	1.364000e+03	3.169455e+06	1.364000e+03	3.172623e+06	1.364000e+03	3.173604e+06	1.364000e+03	3.174788e+06	1.364000e+03	3.181635e+06	1.364000e+03	3.177956e+06	1.364000e+03	3.176174e+06	1.364000e+03	3.193567e+06	1.364000e+03	3.175810e+06	1.364000e+03	3.198202e+06	1.364000e+03	3.185080e+06	1.364000e+03	3.180425e+06	1.364000e+03	3.182814e+06	1.364000e+03	3.192235e+06	1.364000e+03	3.181846e+06	1.364000e+03	3.178684e+06	1.364000e+03	3.175510e+06	1.364000e+03	3.188805e+06	1.364000e+03	3.178864e+06	1.364000e+03	3.184277e+06	1.364000e+03	3.179575e+06	1.364000e+03	3.189435e+06	1.364000e+03	3.182282e+06	1.364000e+03	3.185264e+06	1.364000e+03	3.179420e+06	1.364000e+03	3.187471e+06	1.364000e+03	3.185517e+06	1.364000e+03	3.198622e+06	1.364000e+03	3.188809e+06	1.364000e+03	3.191516e+06	1.364000e+03	3.194659e+06	1.364000e+03	3.187532e+06	1.364000e+03	3.187748e+06	1.364000e+03	3.183167e+06	1.364000e+03	3.192846e+06	1.364000e+03	3.184760e+06	1.364000e+03	3.187154e+06	1.364000e+03	3.191319e+06	1.364000e+03	3.202748e+06	1.364000e+03	3.185881e+06	1.364000e+03	3.184025e+06	1.364000e+03	3.186309e+06	1.364000e+03	3.193485e+06	1.364000e+03	3.196275e+06	1.364000e+03	3.188135e+06	1.364000e+03	3.185823e+06	1.364000e+03	3.194152e+06	1.364000e+03	3.192961e+06	1.364000e+03	3.192451e+06	1.364000e+03	3.187732e+06	1.364000e+03	3.192903e+06	1.364000e+03	3.188419e+06	1.364000e+03	3.166653e+06	1.364000e+03	3.184306e+06	1.364000e+03	3.190107e+06	1.364000e+03	3.184112e+06	1.364000e+03	3.186924e+06	1.364000e+03	3.195632e+06	1.364000e+03	3.192427e+06	1.364000e+03	3.185087e+06	1.364000e+03	3.196894e+06	1.364000e+03	3.192609e+06	1.364000e+03	3.182016e+06	1.364000e+03	3.183715e+06	1.364000e+03	3.185720e+06	1.364000e+03	3.185368e+06	1.364000e+03	3.185995e+06	1.364000e+03	3.188455e+06	1.364000e+03	3.194103e+06	1.364000e+03	3.186706e+06	1.364000e+03	3.186695e+06	1.364000e+03	3.194896e+06	1.364000e+03	3.186599e+06	1.364000e+03	3.184757e+06	1.364000e+03	3.181678e+06	1.364000e+03	3.190741e+06	1.364000e+03	3.190153e+06	1.364000e+03	3.189450e+06	1.364000e+03	3.188748e+06	1.364000e+03	3.198558e+06	1.364000e+03	3.197252e+06	1.364000e+03	3.193015e+06	1.364000e+03	3.183386e+06	1.364000e+03	3.186070e+06	1.364000e+03	3.183372e+06	1.364000e+03	3.187156e+06	1.364000e+03	3.182704e+06	1.364000e+03	3.182524e+06	1.364000e+03	3.186017e+06	1.364000e+03	3.179660e+06	1.364000e+03	3.192692e+06	1.364000e+03	3.188351e+06	1.364000e+03	3.187585e+06	1.364000e+03	3.192486e+06	1.364000e+03	3.195184e+06	1.364000e+03	3.193429e+06	1.364000e+03	3.199596e+06	1.364000e+03	3.188944e+06	1.364000e+03	3.198848e+06	1.364000e+03	3.196148e+06	1.364000e+03	3.199467e+06	1.364000e+03	3.200207e+06	1.364000e+03	3.199634e+06	1.364000e+03	3.198589e+06	1.364000e+03	3.203789e+06	1.364000e+03	3.197849e+06	1.364000e+03	3.194937e+06	1.364000e+03	3.187833e+06	1.364000e+03	3.195106e+06	1.364000e+03	3.212575e+06	1.364000e+03	3.206623e+06	1.364000e+03	3.203666e+06	1.364000e+03	3.212248e+06	1.364000e+03	3.203699e+06	1.364000e+03	3.199864e+06	1.364000e+03	3.205683e+06	1.364000e+03	3.196366e+06	1.364000e+03	3.198280e+06	1.364000e+03	3.204939e+06	1.364000e+03	3.205333e+06	1.364000e+03	3.204342e+06	1.364000e+03	3.202353e+06	1.364000e+03	3.207979e+06	1.364000e+03	3.198708e+06	1.364000e+03	3.205724e+06	1.364000e+03	3.213531e+06	1.364000e+03	3.202332e+06	1.364000e+03	3.210127e+06	1.364000e+03	3.210021e+06	1.364000e+03	3.211731e+06	1.364000e+03	3.210050e+06	1.364000e+03	3.211398e+06	1.364000e+03	3.215710e+06	1.364000e+03	3.203865e+06	1.364000e+03	3.214988e+06
1.365000e+03	3.122310e+06	1.365000e+03	3.130897e+06	1.365000e+03	3.114236e+06	1.365000e+03	3.131770e+06	1.365000e+03	3.141808e+06	1.365000e+03	3.133424e+06	1.365000e+03	3.142416e+06	1.365000e+03	3.151021e+06	1.365000e+03	3.148320e+06	1.365000e+03	3.161224e+06	1.365000e+03	3.173996e+06	1.365000e+03	3.173737e+06	1.365000e+03	3.169631e+06	1.365000e+03	3.155901e+06	1.365000e+03	3.161258e+06	1.365000e+03	3.155975e+06	1.365000e+03	3.173252e+06	1.365000e+03	3.144182e+06	1.365000e+03	3.154286e+06	1.365000e+03	3.155828e+06	1.365000e+03	3.146150e+06	1.365000e+03	3.161537e+06	1.365000e+03	3.154603e+06	1.365000e+03	3.174843e+06	1.365000e+03	3.161433e+06	1.365000e+03	3.157835e+06	1.365000e+03	3.153148e+06	1.365000e+03	3.154123e+06	1.365000e+03	3.149103e+06	1.365000e+03	3.147484e+06	1.365000e+03	3.166122e+06	1.365000e+03	3.149569e+06	1.365000e+03	3.154936e+06	1.365000e+03	3.165981e+06	1.365000e+03	3.156852e+06	1.365000e+03	3.167799e+06	1.365000e+03	3.174935e+06	1.365000e+03	3.161125e+06	1.365000e+03	3.164287e+06	1.365000e+03	3.151778e+06	1.365000e+03	3.167725e+06	1.365000e+03	3.170811e+06	1.365000e+03	3.159786e+06	1.365000e+03	3.156037e+06	1.365000e+03	3.163946e+06	1.365000e+03	3.150372e+06	1.365000e+03	3.154578e+06	1.365000e+03	3.167547e+06	1.365000e+03	3.162684e+06	1.365000e+03	3.159946e+06	1.365000e+03	3.157719e+06	1.365000e+03	3.162558e+06	1.365000e+03	3.169612e+06	1.365000e+03	3.169393e+06	1.365000e+03	3.171145e+06	1.365000e+03	3.171456e+06	1.365000e+03	3.171964e+06	1.365000e+03	3.176927e+06	1.365000e+03	3.166473e+06	1.365000e+03	3.147273e+06	1.365000e+03	3.161902e+06	1.365000e+03	3.164103e+06	1.365000e+03	3.160282e+06	1.365000e+03	3.174171e+06	1.365000e+03	3.173536e+06	1.365000e+03	3.179028e+06	1.365000e+03	3.169287e+06	1.365000e+03	3.169609e+06	1.365000e+03	3.174017e+06	1.365000e+03	3.177353e+06	1.365000e+03	3.177057e+06	1.365000e+03	3.173827e+06	1.365000e+03	3.184211e+06	1.365000e+03	3.166337e+06	1.365000e+03	3.173366e+06	1.365000e+03	3.180511e+06	1.365000e+03	3.174143e+06	1.365000e+03	3.183355e+06	1.365000e+03	3.179656e+06	1.365000e+03	3.177046e+06	1.365000e+03	3.182666e+06	1.365000e+03	3.174179e+06	1.365000e+03	3.192965e+06	1.365000e+03	3.179802e+06	1.365000e+03	3.181349e+06	1.365000e+03	3.184313e+06	1.365000e+03	3.187591e+06	1.365000e+03	3.181660e+06	1.365000e+03	3.181020e+06	1.365000e+03	3.173844e+06	1.365000e+03	3.188208e+06	1.365000e+03	3.175045e+06	1.365000e+03	3.179559e+06	1.365000e+03	3.183978e+06	1.365000e+03	3.190631e+06	1.365000e+03	3.186995e+06	1.365000e+03	3.183261e+06	1.365000e+03	3.180751e+06	1.365000e+03	3.190126e+06	1.365000e+03	3.185212e+06	1.365000e+03	3.194381e+06	1.365000e+03	3.187259e+06	1.365000e+03	3.186402e+06	1.365000e+03	3.193536e+06	1.365000e+03	3.190550e+06	1.365000e+03	3.184383e+06	1.365000e+03	3.184520e+06	1.365000e+03	3.192478e+06	1.365000e+03	3.187247e+06	1.365000e+03	3.189188e+06	1.365000e+03	3.189723e+06	1.365000e+03	3.197665e+06	1.365000e+03	3.185547e+06	1.365000e+03	3.183675e+06	1.365000e+03	3.189305e+06	1.365000e+03	3.191707e+06	1.365000e+03	3.201311e+06	1.365000e+03	3.189375e+06	1.365000e+03	3.187097e+06	1.365000e+03	3.194664e+06	1.365000e+03	3.194049e+06	1.365000e+03	3.193308e+06	1.365000e+03	3.185175e+06	1.365000e+03	3.195510e+06	1.365000e+03	3.192126e+06	1.365000e+03	3.167407e+06	1.365000e+03	3.182252e+06	1.365000e+03	3.188550e+06	1.365000e+03	3.185500e+06	1.365000e+03	3.190988e+06	1.365000e+03	3.194978e+06	1.365000e+03	3.188551e+06	1.365000e+03	3.193499e+06	1.365000e+03	3.196841e+06	1.365000e+03	3.194058e+06	1.365000e+03	3.178228e+06	1.365000e+03	3.183664e+06	1.365000e+03	3.182253e+06	1.365000e+03	3.186792e+06	1.365000e+03	3.188143e+06	1.365000e+03	3.183328e+06	1.365000e+03	3.193544e+06	1.365000e+03	3.188401e+06	1.365000e+03	3.186409e+06	1.365000e+03	3.195805e+06	1.365000e+03	3.189914e+06	1.365000e+03	3.184382e+06	1.365000e+03	3.182850e+06	1.365000e+03	3.191010e+06	1.365000e+03	3.192300e+06	1.365000e+03	3.189718e+06	1.365000e+03	3.191907e+06	1.365000e+03	3.196621e+06	1.365000e+03	3.195360e+06	1.365000e+03	3.193464e+06	1.365000e+03	3.184071e+06	1.365000e+03	3.189928e+06	1.365000e+03	3.192161e+06	1.365000e+03	3.185337e+06	1.365000e+03	3.185002e+06	1.365000e+03	3.183540e+06	1.365000e+03	3.184779e+06	1.365000e+03	3.177549e+06	1.365000e+03	3.188926e+06	1.365000e+03	3.190338e+06	1.365000e+03	3.187150e+06	1.365000e+03	3.190848e+06	1.365000e+03	3.191371e+06	1.365000e+03	3.199419e+06	1.365000e+03	3.200185e+06	1.365000e+03	3.186642e+06	1.365000e+03	3.201132e+06	1.365000e+03	3.197340e+06	1.365000e+03	3.198640e+06	1.365000e+03	3.204266e+06	1.365000e+03	3.195190e+06	1.365000e+03	3.197613e+06	1.365000e+03	3.202232e+06	1.365000e+03	3.196899e+06	1.365000e+03	3.198807e+06	1.365000e+03	3.191183e+06	1.365000e+03	3.195715e+06	1.365000e+03	3.212375e+06	1.365000e+03	3.202631e+06	1.365000e+03	3.206306e+06	1.365000e+03	3.210940e+06	1.365000e+03	3.199375e+06	1.365000e+03	3.199841e+06	1.365000e+03	3.201759e+06	1.365000e+03	3.194625e+06	1.365000e+03	3.195586e+06	1.365000e+03	3.204910e+06	1.365000e+03	3.202890e+06	1.365000e+03	3.206505e+06	1.365000e+03	3.201365e+06	1.365000e+03	3.208756e+06	1.365000e+03	3.203623e+06	1.365000e+03	3.211987e+06	1.365000e+03	3.219566e+06	1.365000e+03	3.206386e+06	1.365000e+03	3.213234e+06	1.365000e+03	3.210274e+06	1.365000e+03	3.212939e+06	1.365000e+03	3.209240e+06	1.365000e+03	3.213695e+06	1.365000e+03	3.212381e+06	1.365000e+03	3.205114e+06	1.365000e+03	3.212604e+06
1.366000e+03	3.118691e+06	1.366000e+03	3.131667e+06	1.366000e+03	3.112809e+06	1.366000e+03	3.127089e+06	1.366000e+03	3.145184e+06	1.366000e+03	3.131475e+06	1.366000e+03	3.141227e+06	1.366000e+03	3.150441e+06	1.366000e+03	3.146789e+06	1.366000e+03	3.167905e+06	1.366000e+03	3.173445e+06	1.366000e+03	3.175512e+06	1.366000e+03	3.171184e+06	1.366000e+03	3.151980e+06	1.366000e+03	3.163952e+06	1.366000e+03	3.155573e+06	1.366000e+03	3.175785e+06	1.366000e+03	3.154249e+06	1.366000e+03	3.148293e+06	1.366000e+03	3.158268e+06	1.366000e+03	3.145860e+06	1.366000e+03	3.162061e+06	1.366000e+03	3.156646e+06	1.366000e+03	3.174233e+06	1.366000e+03	3.166457e+06	1.366000e+03	3.160023e+06	1.366000e+03	3.156682e+06	1.366000e+03	3.151823e+06	1.366000e+03	3.147051e+06	1.366000e+03	3.144516e+06	1.366000e+03	3.172516e+06	1.366000e+03	3.150032e+06	1.366000e+03	3.154919e+06	1.366000e+03	3.158659e+06	1.366000e+03	3.156019e+06	1.366000e+03	3.168980e+06	1.366000e+03	3.170031e+06	1.366000e+03	3.160600e+06	1.366000e+03	3.162223e+06	1.366000e+03	3.154850e+06	1.366000e+03	3.169226e+06	1.366000e+03	3.173092e+06	1.366000e+03	3.158335e+06	1.366000e+03	3.156218e+06	1.366000e+03	3.167371e+06	1.366000e+03	3.153073e+06	1.366000e+03	3.152485e+06	1.366000e+03	3.168516e+06	1.366000e+03	3.149163e+06	1.366000e+03	3.164420e+06	1.366000e+03	3.155832e+06	1.366000e+03	3.165729e+06	1.366000e+03	3.171201e+06	1.366000e+03	3.167989e+06	1.366000e+03	3.167235e+06	1.366000e+03	3.176802e+06	1.366000e+03	3.172531e+06	1.366000e+03	3.177204e+06	1.366000e+03	3.162180e+06	1.366000e+03	3.148264e+06	1.366000e+03	3.160078e+06	1.366000e+03	3.163126e+06	1.366000e+03	3.162543e+06	1.366000e+03	3.172931e+06	1.366000e+03	3.176159e+06	1.366000e+03	3.181058e+06	1.366000e+03	3.165366e+06	1.366000e+03	3.168323e+06	1.366000e+03	3.170261e+06	1.366000e+03	3.174074e+06	1.366000e+03	3.177389e+06	1.366000e+03	3.170576e+06	1.366000e+03	3.184570e+06	1.366000e+03	3.173486e+06	1.366000e+03	3.170100e+06	1.366000e+03	3.182400e+06	1.366000e+03	3.171230e+06	1.366000e+03	3.182941e+06	1.366000e+03	3.178298e+06	1.366000e+03	3.178845e+06	1.366000e+03	3.183306e+06	1.366000e+03	3.172401e+06	1.366000e+03	3.189237e+06	1.366000e+03	3.180251e+06	1.366000e+03	3.183819e+06	1.366000e+03	3.181333e+06	1.366000e+03	3.187163e+06	1.366000e+03	3.182882e+06	1.366000e+03	3.188284e+06	1.366000e+03	3.175966e+06	1.366000e+03	3.188283e+06	1.366000e+03	3.177615e+06	1.366000e+03	3.180321e+06	1.366000e+03	3.181452e+06	1.366000e+03	3.192234e+06	1.366000e+03	3.186497e+06	1.366000e+03	3.181157e+06	1.366000e+03	3.175688e+06	1.366000e+03	3.187736e+06	1.366000e+03	3.186256e+06	1.366000e+03	3.190935e+06	1.366000e+03	3.186716e+06	1.366000e+03	3.191103e+06	1.366000e+03	3.198136e+06	1.366000e+03	3.190744e+06	1.366000e+03	3.187395e+06	1.366000e+03	3.182453e+06	1.366000e+03	3.188891e+06	1.366000e+03	3.185626e+06	1.366000e+03	3.187410e+06	1.366000e+03	3.191880e+06	1.366000e+03	3.197046e+06	1.366000e+03	3.188138e+06	1.366000e+03	3.187022e+06	1.366000e+03	3.192240e+06	1.366000e+03	3.193949e+06	1.366000e+03	3.198996e+06	1.366000e+03	3.182863e+06	1.366000e+03	3.188553e+06	1.366000e+03	3.197280e+06	1.366000e+03	3.195998e+06	1.366000e+03	3.197128e+06	1.366000e+03	3.186167e+06	1.366000e+03	3.192809e+06	1.366000e+03	3.188557e+06	1.366000e+03	3.170526e+06	1.366000e+03	3.180159e+06	1.366000e+03	3.185808e+06	1.366000e+03	3.183458e+06	1.366000e+03	3.190663e+06	1.366000e+03	3.195530e+06	1.366000e+03	3.190097e+06	1.366000e+03	3.193411e+06	1.366000e+03	3.192268e+06	1.366000e+03	3.192605e+06	1.366000e+03	3.174180e+06	1.366000e+03	3.182903e+06	1.366000e+03	3.183588e+06	1.366000e+03	3.189253e+06	1.366000e+03	3.186418e+06	1.366000e+03	3.188467e+06	1.366000e+03	3.192903e+06	1.366000e+03	3.185888e+06	1.366000e+03	3.191620e+06	1.366000e+03	3.201253e+06	1.366000e+03	3.187379e+06	1.366000e+03	3.182961e+06	1.366000e+03	3.181312e+06	1.366000e+03	3.194825e+06	1.366000e+03	3.195834e+06	1.366000e+03	3.190996e+06	1.366000e+03	3.193476e+06	1.366000e+03	3.196488e+06	1.366000e+03	3.188828e+06	1.366000e+03	3.193305e+06	1.366000e+03	3.185863e+06	1.366000e+03	3.188725e+06	1.366000e+03	3.191870e+06	1.366000e+03	3.185452e+06	1.366000e+03	3.187858e+06	1.366000e+03	3.183699e+06	1.366000e+03	3.185242e+06	1.366000e+03	3.184115e+06	1.366000e+03	3.187788e+06	1.366000e+03	3.187671e+06	1.366000e+03	3.187425e+06	1.366000e+03	3.193861e+06	1.366000e+03	3.191434e+06	1.366000e+03	3.198944e+06	1.366000e+03	3.200869e+06	1.366000e+03	3.189458e+06	1.366000e+03	3.201992e+06	1.366000e+03	3.196235e+06	1.366000e+03	3.197663e+06	1.366000e+03	3.197565e+06	1.366000e+03	3.197272e+06	1.366000e+03	3.196233e+06	1.366000e+03	3.204776e+06	1.366000e+03	3.201320e+06	1.366000e+03	3.194003e+06	1.366000e+03	3.191551e+06	1.366000e+03	3.196532e+06	1.366000e+03	3.210929e+06	1.366000e+03	3.200730e+06	1.366000e+03	3.204773e+06	1.366000e+03	3.209585e+06	1.366000e+03	3.199499e+06	1.366000e+03	3.198664e+06	1.366000e+03	3.206819e+06	1.366000e+03	3.197879e+06	1.366000e+03	3.193116e+06	1.366000e+03	3.204797e+06	1.366000e+03	3.205502e+06	1.366000e+03	3.208800e+06	1.366000e+03	3.200970e+06	1.366000e+03	3.205827e+06	1.366000e+03	3.201048e+06	1.366000e+03	3.206713e+06	1.366000e+03	3.217055e+06	1.366000e+03	3.208879e+06	1.366000e+03	3.210519e+06	1.366000e+03	3.208116e+06	1.366000e+03	3.214736e+06	1.366000e+03	3.210120e+06	1.366000e+03	3.209773e+06	1.366000e+03	3.213711e+06	1.366000e+03	3.203555e+06	1.366000e+03	3.214234e+06
1.367000e+03	3.118601e+06	1.367000e+03	3.130791e+06	1.367000e+03	3.112498e+06	1.367000e+03	3.128775e+06	1.367000e+03	3.141428e+06	1.367000e+03	3.132342e+06	1.367000e+03	3.146017e+06	1.367000e+03	3.146592e+06	1.367000e+03	3.144296e+06	1.367000e+03	3.160559e+06	1.367000e+03	3.171361e+06	1.367000e+03	3.174560e+06	1.367000e+03	3.175013e+06	1.367000e+03	3.153763e+06	1.367000e+03	3.167502e+06	1.367000e+03	3.157395e+06	1.367000e+03	3.172873e+06	1.367000e+03	3.151124e+06	1.367000e+03	3.147862e+06	1.367000e+03	3.157110e+06	1.367000e+03	3.149229e+06	1.367000e+03	3.161103e+06	1.367000e+03	3.155607e+06	1.367000e+03	3.171081e+06	1.367000e+03	3.165687e+06	1.367000e+03	3.159631e+06	1.367000e+03	3.155613e+06	1.367000e+03	3.153400e+06	1.367000e+03	3.150917e+06	1.367000e+03	3.150951e+06	1.367000e+03	3.174123e+06	1.367000e+03	3.157361e+06	1.367000e+03	3.155357e+06	1.367000e+03	3.161093e+06	1.367000e+03	3.161233e+06	1.367000e+03	3.165030e+06	1.367000e+03	3.171386e+06	1.367000e+03	3.161042e+06	1.367000e+03	3.161090e+06	1.367000e+03	3.152549e+06	1.367000e+03	3.170279e+06	1.367000e+03	3.170735e+06	1.367000e+03	3.158725e+06	1.367000e+03	3.159190e+06	1.367000e+03	3.160263e+06	1.367000e+03	3.154745e+06	1.367000e+03	3.150519e+06	1.367000e+03	3.165879e+06	1.367000e+03	3.150275e+06	1.367000e+03	3.161266e+06	1.367000e+03	3.158787e+06	1.367000e+03	3.163231e+06	1.367000e+03	3.167409e+06	1.367000e+03	3.168888e+06	1.367000e+03	3.168602e+06	1.367000e+03	3.176435e+06	1.367000e+03	3.172737e+06	1.367000e+03	3.178678e+06	1.367000e+03	3.164546e+06	1.367000e+03	3.151132e+06	1.367000e+03	3.164416e+06	1.367000e+03	3.160423e+06	1.367000e+03	3.162950e+06	1.367000e+03	3.173960e+06	1.367000e+03	3.176235e+06	1.367000e+03	3.181243e+06	1.367000e+03	3.161941e+06	1.367000e+03	3.166719e+06	1.367000e+03	3.174898e+06	1.367000e+03	3.175822e+06	1.367000e+03	3.178282e+06	1.367000e+03	3.163508e+06	1.367000e+03	3.174988e+06	1.367000e+03	3.176635e+06	1.367000e+03	3.169365e+06	1.367000e+03	3.183058e+06	1.367000e+03	3.173910e+06	1.367000e+03	3.188815e+06	1.367000e+03	3.177877e+06	1.367000e+03	3.179167e+06	1.367000e+03	3.181759e+06	1.367000e+03	3.178675e+06	1.367000e+03	3.192326e+06	1.367000e+03	3.171753e+06	1.367000e+03	3.182823e+06	1.367000e+03	3.180435e+06	1.367000e+03	3.186313e+06	1.367000e+03	3.184186e+06	1.367000e+03	3.180948e+06	1.367000e+03	3.175278e+06	1.367000e+03	3.187969e+06	1.367000e+03	3.178181e+06	1.367000e+03	3.180142e+06	1.367000e+03	3.185376e+06	1.367000e+03	3.189351e+06	1.367000e+03	3.191671e+06	1.367000e+03	3.185043e+06	1.367000e+03	3.185328e+06	1.367000e+03	3.190902e+06	1.367000e+03	3.190420e+06	1.367000e+03	3.199202e+06	1.367000e+03	3.182813e+06	1.367000e+03	3.190466e+06	1.367000e+03	3.190654e+06	1.367000e+03	3.190922e+06	1.367000e+03	3.187099e+06	1.367000e+03	3.185440e+06	1.367000e+03	3.188819e+06	1.367000e+03	3.184469e+06	1.367000e+03	3.192605e+06	1.367000e+03	3.189399e+06	1.367000e+03	3.194954e+06	1.367000e+03	3.183828e+06	1.367000e+03	3.186596e+06	1.367000e+03	3.193025e+06	1.367000e+03	3.188847e+06	1.367000e+03	3.199050e+06	1.367000e+03	3.180772e+06	1.367000e+03	3.188554e+06	1.367000e+03	3.197714e+06	1.367000e+03	3.192060e+06	1.367000e+03	3.195625e+06	1.367000e+03	3.188811e+06	1.367000e+03	3.193657e+06	1.367000e+03	3.192783e+06	1.367000e+03	3.170122e+06	1.367000e+03	3.181489e+06	1.367000e+03	3.189077e+06	1.367000e+03	3.184901e+06	1.367000e+03	3.189458e+06	1.367000e+03	3.188979e+06	1.367000e+03	3.193491e+06	1.367000e+03	3.190207e+06	1.367000e+03	3.193125e+06	1.367000e+03	3.192473e+06	1.367000e+03	3.177101e+06	1.367000e+03	3.182257e+06	1.367000e+03	3.182073e+06	1.367000e+03	3.185595e+06	1.367000e+03	3.189431e+06	1.367000e+03	3.188293e+06	1.367000e+03	3.190773e+06	1.367000e+03	3.187197e+06	1.367000e+03	3.189899e+06	1.367000e+03	3.200265e+06	1.367000e+03	3.187987e+06	1.367000e+03	3.181522e+06	1.367000e+03	3.181071e+06	1.367000e+03	3.190623e+06	1.367000e+03	3.189062e+06	1.367000e+03	3.192274e+06	1.367000e+03	3.193315e+06	1.367000e+03	3.196514e+06	1.367000e+03	3.189630e+06	1.367000e+03	3.191260e+06	1.367000e+03	3.182354e+06	1.367000e+03	3.186275e+06	1.367000e+03	3.190281e+06	1.367000e+03	3.190036e+06	1.367000e+03	3.188498e+06	1.367000e+03	3.183629e+06	1.367000e+03	3.190492e+06	1.367000e+03	3.183652e+06	1.367000e+03	3.188385e+06	1.367000e+03	3.192865e+06	1.367000e+03	3.188290e+06	1.367000e+03	3.193977e+06	1.367000e+03	3.188975e+06	1.367000e+03	3.200973e+06	1.367000e+03	3.199482e+06	1.367000e+03	3.185099e+06	1.367000e+03	3.201046e+06	1.367000e+03	3.195107e+06	1.367000e+03	3.196622e+06	1.367000e+03	3.200365e+06	1.367000e+03	3.200079e+06	1.367000e+03	3.199746e+06	1.367000e+03	3.205437e+06	1.367000e+03	3.200322e+06	1.367000e+03	3.196170e+06	1.367000e+03	3.193450e+06	1.367000e+03	3.197504e+06	1.367000e+03	3.208226e+06	1.367000e+03	3.201421e+06	1.367000e+03	3.201917e+06	1.367000e+03	3.210594e+06	1.367000e+03	3.198209e+06	1.367000e+03	3.199542e+06	1.367000e+03	3.205982e+06	1.367000e+03	3.193018e+06	1.367000e+03	3.196085e+06	1.367000e+03	3.207809e+06	1.367000e+03	3.206843e+06	1.367000e+03	3.208129e+06	1.367000e+03	3.203762e+06	1.367000e+03	3.208102e+06	1.367000e+03	3.201754e+06	1.367000e+03	3.207230e+06	1.367000e+03	3.217036e+06	1.367000e+03	3.204595e+06	1.367000e+03	3.212344e+06	1.367000e+03	3.209263e+06	1.367000e+03	3.215505e+06	1.367000e+03	3.209894e+06	1.367000e+03	3.208138e+06	1.367000e+03	3.212584e+06	1.367000e+03	3.201379e+06	1.367000e+03	3.211064e+06
1.368000e+03	3.121226e+06	1.368000e+03	3.131692e+06	1.368000e+03	3.107720e+06	1.368000e+03	3.123615e+06	1.368000e+03	3.143500e+06	1.368000e+03	3.134138e+06	1.368000e+03	3.145737e+06	1.368000e+03	3.146251e+06	1.368000e+03	3.144548e+06	1.368000e+03	3.163932e+06	1.368000e+03	3.172175e+06	1.368000e+03	3.171990e+06	1.368000e+03	3.171288e+06	1.368000e+03	3.157343e+06	1.368000e+03	3.162737e+06	1.368000e+03	3.156470e+06	1.368000e+03	3.176319e+06	1.368000e+03	3.152583e+06	1.368000e+03	3.150213e+06	1.368000e+03	3.158374e+06	1.368000e+03	3.151626e+06	1.368000e+03	3.167296e+06	1.368000e+03	3.157428e+06	1.368000e+03	3.168231e+06	1.368000e+03	3.167179e+06	1.368000e+03	3.158488e+06	1.368000e+03	3.154355e+06	1.368000e+03	3.150940e+06	1.368000e+03	3.152319e+06	1.368000e+03	3.146283e+06	1.368000e+03	3.166986e+06	1.368000e+03	3.152410e+06	1.368000e+03	3.154219e+06	1.368000e+03	3.156254e+06	1.368000e+03	3.155813e+06	1.368000e+03	3.168371e+06	1.368000e+03	3.171858e+06	1.368000e+03	3.159865e+06	1.368000e+03	3.161035e+06	1.368000e+03	3.157144e+06	1.368000e+03	3.169755e+06	1.368000e+03	3.171651e+06	1.368000e+03	3.160038e+06	1.368000e+03	3.162363e+06	1.368000e+03	3.159715e+06	1.368000e+03	3.161049e+06	1.368000e+03	3.155659e+06	1.368000e+03	3.165246e+06	1.368000e+03	3.151230e+06	1.368000e+03	3.162338e+06	1.368000e+03	3.165339e+06	1.368000e+03	3.164198e+06	1.368000e+03	3.168843e+06	1.368000e+03	3.173399e+06	1.368000e+03	3.172077e+06	1.368000e+03	3.174235e+06	1.368000e+03	3.174255e+06	1.368000e+03	3.173800e+06	1.368000e+03	3.163529e+06	1.368000e+03	3.149393e+06	1.368000e+03	3.165988e+06	1.368000e+03	3.164343e+06	1.368000e+03	3.156991e+06	1.368000e+03	3.173208e+06	1.368000e+03	3.174467e+06	1.368000e+03	3.178522e+06	1.368000e+03	3.162734e+06	1.368000e+03	3.160814e+06	1.368000e+03	3.177882e+06	1.368000e+03	3.177995e+06	1.368000e+03	3.175507e+06	1.368000e+03	3.167037e+06	1.368000e+03	3.178762e+06	1.368000e+03	3.173734e+06	1.368000e+03	3.173793e+06	1.368000e+03	3.180711e+06	1.368000e+03	3.177429e+06	1.368000e+03	3.190905e+06	1.368000e+03	3.177281e+06	1.368000e+03	3.179621e+06	1.368000e+03	3.182401e+06	1.368000e+03	3.175487e+06	1.368000e+03	3.192506e+06	1.368000e+03	3.176961e+06	1.368000e+03	3.177837e+06	1.368000e+03	3.184258e+06	1.368000e+03	3.191316e+06	1.368000e+03	3.184119e+06	1.368000e+03	3.182318e+06	1.368000e+03	3.175290e+06	1.368000e+03	3.181576e+06	1.368000e+03	3.175290e+06	1.368000e+03	3.178054e+06	1.368000e+03	3.186759e+06	1.368000e+03	3.191905e+06	1.368000e+03	3.191501e+06	1.368000e+03	3.187811e+06	1.368000e+03	3.190791e+06	1.368000e+03	3.192341e+06	1.368000e+03	3.190806e+06	1.368000e+03	3.197400e+06	1.368000e+03	3.187212e+06	1.368000e+03	3.189561e+06	1.368000e+03	3.186855e+06	1.368000e+03	3.190764e+06	1.368000e+03	3.185376e+06	1.368000e+03	3.183239e+06	1.368000e+03	3.185169e+06	1.368000e+03	3.190826e+06	1.368000e+03	3.195227e+06	1.368000e+03	3.189537e+06	1.368000e+03	3.197059e+06	1.368000e+03	3.185827e+06	1.368000e+03	3.185424e+06	1.368000e+03	3.192033e+06	1.368000e+03	3.189130e+06	1.368000e+03	3.197970e+06	1.368000e+03	3.184346e+06	1.368000e+03	3.190138e+06	1.368000e+03	3.193072e+06	1.368000e+03	3.193925e+06	1.368000e+03	3.195402e+06	1.368000e+03	3.186693e+06	1.368000e+03	3.200255e+06	1.368000e+03	3.192890e+06	1.368000e+03	3.169659e+06	1.368000e+03	3.181233e+06	1.368000e+03	3.194201e+06	1.368000e+03	3.185703e+06	1.368000e+03	3.191264e+06	1.368000e+03	3.192477e+06	1.368000e+03	3.193146e+06	1.368000e+03	3.188800e+06	1.368000e+03	3.188304e+06	1.368000e+03	3.190680e+06	1.368000e+03	3.189749e+06	1.368000e+03	3.184156e+06	1.368000e+03	3.179440e+06	1.368000e+03	3.184869e+06	1.368000e+03	3.189567e+06	1.368000e+03	3.187968e+06	1.368000e+03	3.192193e+06	1.368000e+03	3.186517e+06	1.368000e+03	3.191457e+06	1.368000e+03	3.194119e+06	1.368000e+03	3.184684e+06	1.368000e+03	3.180037e+06	1.368000e+03	3.182658e+06	1.368000e+03	3.191948e+06	1.368000e+03	3.191646e+06	1.368000e+03	3.190094e+06	1.368000e+03	3.197388e+06	1.368000e+03	3.195977e+06	1.368000e+03	3.190461e+06	1.368000e+03	3.191867e+06	1.368000e+03	3.183805e+06	1.368000e+03	3.183679e+06	1.368000e+03	3.187770e+06	1.368000e+03	3.192092e+06	1.368000e+03	3.186925e+06	1.368000e+03	3.185399e+06	1.368000e+03	3.190583e+06	1.368000e+03	3.181631e+06	1.368000e+03	3.186678e+06	1.368000e+03	3.193393e+06	1.368000e+03	3.185378e+06	1.368000e+03	3.193547e+06	1.368000e+03	3.188652e+06	1.368000e+03	3.201207e+06	1.368000e+03	3.197343e+06	1.368000e+03	3.186581e+06	1.368000e+03	3.199560e+06	1.368000e+03	3.196412e+06	1.368000e+03	3.197079e+06	1.368000e+03	3.196586e+06	1.368000e+03	3.200847e+06	1.368000e+03	3.197405e+06	1.368000e+03	3.202941e+06	1.368000e+03	3.199902e+06	1.368000e+03	3.193823e+06	1.368000e+03	3.188638e+06	1.368000e+03	3.201317e+06	1.368000e+03	3.208926e+06	1.368000e+03	3.205472e+06	1.368000e+03	3.204208e+06	1.368000e+03	3.207212e+06	1.368000e+03	3.206101e+06	1.368000e+03	3.198960e+06	1.368000e+03	3.206055e+06	1.368000e+03	3.195257e+06	1.368000e+03	3.193082e+06	1.368000e+03	3.211854e+06	1.368000e+03	3.208285e+06	1.368000e+03	3.206036e+06	1.368000e+03	3.204851e+06	1.368000e+03	3.208606e+06	1.368000e+03	3.204161e+06	1.368000e+03	3.206106e+06	1.368000e+03	3.215921e+06	1.368000e+03	3.204999e+06	1.368000e+03	3.210636e+06	1.368000e+03	3.207097e+06	1.368000e+03	3.210590e+06	1.368000e+03	3.208734e+06	1.368000e+03	3.207330e+06	1.368000e+03	3.210842e+06	1.368000e+03	3.206697e+06	1.368000e+03	3.211075e+06
1.369000e+03	3.119400e+06	1.369000e+03	3.126077e+06	1.369000e+03	3.108514e+06	1.369000e+03	3.121757e+06	1.369000e+03	3.143422e+06	1.369000e+03	3.135979e+06	1.369000e+03	3.149372e+06	1.369000e+03	3.146569e+06	1.369000e+03	3.147580e+06	1.369000e+03	3.161453e+06	1.369000e+03	3.170561e+06	1.369000e+03	3.173504e+06	1.369000e+03	3.168340e+06	1.369000e+03	3.158224e+06	1.369000e+03	3.162199e+06	1.369000e+03	3.154487e+06	1.369000e+03	3.177328e+06	1.369000e+03	3.153577e+06	1.369000e+03	3.149958e+06	1.369000e+03	3.159173e+06	1.369000e+03	3.155030e+06	1.369000e+03	3.167333e+06	1.369000e+03	3.157670e+06	1.369000e+03	3.172580e+06	1.369000e+03	3.168202e+06	1.369000e+03	3.163230e+06	1.369000e+03	3.153330e+06	1.369000e+03	3.156495e+06	1.369000e+03	3.150914e+06	1.369000e+03	3.147576e+06	1.369000e+03	3.165132e+06	1.369000e+03	3.157703e+06	1.369000e+03	3.156957e+06	1.369000e+03	3.163214e+06	1.369000e+03	3.157522e+06	1.369000e+03	3.164171e+06	1.369000e+03	3.170599e+06	1.369000e+03	3.159184e+06	1.369000e+03	3.162576e+06	1.369000e+03	3.158368e+06	1.369000e+03	3.164587e+06	1.369000e+03	3.172395e+06	1.369000e+03	3.160239e+06	1.369000e+03	3.155011e+06	1.369000e+03	3.155938e+06	1.369000e+03	3.157989e+06	1.369000e+03	3.153942e+06	1.369000e+03	3.165717e+06	1.369000e+03	3.155681e+06	1.369000e+03	3.164518e+06	1.369000e+03	3.164412e+06	1.369000e+03	3.158434e+06	1.369000e+03	3.172727e+06	1.369000e+03	3.171015e+06	1.369000e+03	3.169701e+06	1.369000e+03	3.171851e+06	1.369000e+03	3.166126e+06	1.369000e+03	3.172425e+06	1.369000e+03	3.161745e+06	1.369000e+03	3.148414e+06	1.369000e+03	3.164319e+06	1.369000e+03	3.163253e+06	1.369000e+03	3.162103e+06	1.369000e+03	3.169508e+06	1.369000e+03	3.165701e+06	1.369000e+03	3.178926e+06	1.369000e+03	3.169319e+06	1.369000e+03	3.169452e+06	1.369000e+03	3.174658e+06	1.369000e+03	3.177212e+06	1.369000e+03	3.173112e+06	1.369000e+03	3.165878e+06	1.369000e+03	3.178386e+06	1.369000e+03	3.173769e+06	1.369000e+03	3.173501e+06	1.369000e+03	3.184491e+06	1.369000e+03	3.178352e+06	1.369000e+03	3.191778e+06	1.369000e+03	3.177652e+06	1.369000e+03	3.181096e+06	1.369000e+03	3.183702e+06	1.369000e+03	3.176012e+06	1.369000e+03	3.190793e+06	1.369000e+03	3.180767e+06	1.369000e+03	3.176246e+06	1.369000e+03	3.180859e+06	1.369000e+03	3.193053e+06	1.369000e+03	3.184995e+06	1.369000e+03	3.181436e+06	1.369000e+03	3.175726e+06	1.369000e+03	3.189437e+06	1.369000e+03	3.175416e+06	1.369000e+03	3.177740e+06	1.369000e+03	3.186836e+06	1.369000e+03	3.189590e+06	1.369000e+03	3.188931e+06	1.369000e+03	3.184261e+06	1.369000e+03	3.186482e+06	1.369000e+03	3.190131e+06	1.369000e+03	3.188940e+06	1.369000e+03	3.194723e+06	1.369000e+03	3.181934e+06	1.369000e+03	3.192993e+06	1.369000e+03	3.186101e+06	1.369000e+03	3.190677e+06	1.369000e+03	3.184881e+06	1.369000e+03	3.186030e+06	1.369000e+03	3.189671e+06	1.369000e+03	3.182573e+06	1.369000e+03	3.194815e+06	1.369000e+03	3.191731e+06	1.369000e+03	3.194543e+06	1.369000e+03	3.184988e+06	1.369000e+03	3.189409e+06	1.369000e+03	3.191952e+06	1.369000e+03	3.192661e+06	1.369000e+03	3.199655e+06	1.369000e+03	3.187714e+06	1.369000e+03	3.192273e+06	1.369000e+03	3.189193e+06	1.369000e+03	3.191714e+06	1.369000e+03	3.194610e+06	1.369000e+03	3.189652e+06	1.369000e+03	3.203543e+06	1.369000e+03	3.191176e+06	1.369000e+03	3.168229e+06	1.369000e+03	3.182582e+06	1.369000e+03	3.191081e+06	1.369000e+03	3.190103e+06	1.369000e+03	3.192166e+06	1.369000e+03	3.190655e+06	1.369000e+03	3.194841e+06	1.369000e+03	3.193446e+06	1.369000e+03	3.189704e+06	1.369000e+03	3.195758e+06	1.369000e+03	3.187965e+06	1.369000e+03	3.187678e+06	1.369000e+03	3.185849e+06	1.369000e+03	3.180514e+06	1.369000e+03	3.182829e+06	1.369000e+03	3.190309e+06	1.369000e+03	3.189261e+06	1.369000e+03	3.186030e+06	1.369000e+03	3.187792e+06	1.369000e+03	3.191815e+06	1.369000e+03	3.191336e+06	1.369000e+03	3.180700e+06	1.369000e+03	3.182194e+06	1.369000e+03	3.193473e+06	1.369000e+03	3.196786e+06	1.369000e+03	3.191441e+06	1.369000e+03	3.195126e+06	1.369000e+03	3.199265e+06	1.369000e+03	3.193536e+06	1.369000e+03	3.192005e+06	1.369000e+03	3.189063e+06	1.369000e+03	3.187200e+06	1.369000e+03	3.186414e+06	1.369000e+03	3.185620e+06	1.369000e+03	3.188446e+06	1.369000e+03	3.183297e+06	1.369000e+03	3.187688e+06	1.369000e+03	3.178867e+06	1.369000e+03	3.188141e+06	1.369000e+03	3.193670e+06	1.369000e+03	3.183135e+06	1.369000e+03	3.186722e+06	1.369000e+03	3.189531e+06	1.369000e+03	3.203239e+06	1.369000e+03	3.197401e+06	1.369000e+03	3.192619e+06	1.369000e+03	3.195972e+06	1.369000e+03	3.196491e+06	1.369000e+03	3.199520e+06	1.369000e+03	3.199519e+06	1.369000e+03	3.204345e+06	1.369000e+03	3.198158e+06	1.369000e+03	3.203971e+06	1.369000e+03	3.191596e+06	1.369000e+03	3.199466e+06	1.369000e+03	3.191430e+06	1.369000e+03	3.196944e+06	1.369000e+03	3.208505e+06	1.369000e+03	3.203172e+06	1.369000e+03	3.203574e+06	1.369000e+03	3.204486e+06	1.369000e+03	3.203057e+06	1.369000e+03	3.201212e+06	1.369000e+03	3.207080e+06	1.369000e+03	3.195704e+06	1.369000e+03	3.194956e+06	1.369000e+03	3.207489e+06	1.369000e+03	3.208268e+06	1.369000e+03	3.207476e+06	1.369000e+03	3.205567e+06	1.369000e+03	3.210106e+06	1.369000e+03	3.204089e+06	1.369000e+03	3.204833e+06	1.369000e+03	3.214431e+06	1.369000e+03	3.207772e+06	1.369000e+03	3.209345e+06	1.369000e+03	3.213930e+06	1.369000e+03	3.210693e+06	1.369000e+03	3.207591e+06	1.369000e+03	3.207623e+06	1.369000e+03	3.212357e+06	1.369000e+03	3.208284e+06	1.369000e+03	3.212082e+06
1.370000e+03	3.119033e+06	1.370000e+03	3.125974e+06	1.370000e+03	3.107676e+06	1.370000e+03	3.123856e+06	1.370000e+03	3.142718e+06	1.370000e+03	3.134905e+06	1.370000e+03	3.145776e+06	1.370000e+03	3.146967e+06	1.370000e+03	3.151740e+06	1.370000e+03	3.163563e+06	1.370000e+03	3.170222e+06	1.370000e+03	3.179856e+06	1.370000e+03	3.168902e+06	1.370000e+03	3.160721e+06	1.370000e+03	3.165772e+06	1.370000e+03	3.157839e+06	1.370000e+03	3.178338e+06	1.370000e+03	3.153187e+06	1.370000e+03	3.149613e+06	1.370000e+03	3.166940e+06	1.370000e+03	3.156348e+06	1.370000e+03	3.165537e+06	1.370000e+03	3.160544e+06	1.370000e+03	3.173175e+06	1.370000e+03	3.164865e+06	1.370000e+03	3.165655e+06	1.370000e+03	3.152244e+06	1.370000e+03	3.158380e+06	1.370000e+03	3.154504e+06	1.370000e+03	3.152270e+06	1.370000e+03	3.174437e+06	1.370000e+03	3.160363e+06	1.370000e+03	3.158624e+06	1.370000e+03	3.154429e+06	1.370000e+03	3.156045e+06	1.370000e+03	3.163773e+06	1.370000e+03	3.169514e+06	1.370000e+03	3.161802e+06	1.370000e+03	3.164326e+06	1.370000e+03	3.156067e+06	1.370000e+03	3.165736e+06	1.370000e+03	3.167267e+06	1.370000e+03	3.163260e+06	1.370000e+03	3.153675e+06	1.370000e+03	3.156037e+06	1.370000e+03	3.157392e+06	1.370000e+03	3.153966e+06	1.370000e+03	3.163871e+06	1.370000e+03	3.155740e+06	1.370000e+03	3.161472e+06	1.370000e+03	3.162035e+06	1.370000e+03	3.163634e+06	1.370000e+03	3.171167e+06	1.370000e+03	3.169484e+06	1.370000e+03	3.171255e+06	1.370000e+03	3.172025e+06	1.370000e+03	3.169336e+06	1.370000e+03	3.175532e+06	1.370000e+03	3.164946e+06	1.370000e+03	3.148945e+06	1.370000e+03	3.167320e+06	1.370000e+03	3.165009e+06	1.370000e+03	3.157493e+06	1.370000e+03	3.172333e+06	1.370000e+03	3.169705e+06	1.370000e+03	3.175899e+06	1.370000e+03	3.169680e+06	1.370000e+03	3.166030e+06	1.370000e+03	3.171226e+06	1.370000e+03	3.174956e+06	1.370000e+03	3.171927e+06	1.370000e+03	3.163951e+06	1.370000e+03	3.175658e+06	1.370000e+03	3.174451e+06	1.370000e+03	3.173016e+06	1.370000e+03	3.182792e+06	1.370000e+03	3.183801e+06	1.370000e+03	3.191228e+06	1.370000e+03	3.177123e+06	1.370000e+03	3.183019e+06	1.370000e+03	3.179932e+06	1.370000e+03	3.176711e+06	1.370000e+03	3.187460e+06	1.370000e+03	3.176104e+06	1.370000e+03	3.183891e+06	1.370000e+03	3.182311e+06	1.370000e+03	3.190515e+06	1.370000e+03	3.184884e+06	1.370000e+03	3.185497e+06	1.370000e+03	3.177035e+06	1.370000e+03	3.189990e+06	1.370000e+03	3.178960e+06	1.370000e+03	3.178727e+06	1.370000e+03	3.188808e+06	1.370000e+03	3.189981e+06	1.370000e+03	3.191796e+06	1.370000e+03	3.184409e+06	1.370000e+03	3.181173e+06	1.370000e+03	3.188371e+06	1.370000e+03	3.186515e+06	1.370000e+03	3.193425e+06	1.370000e+03	3.182306e+06	1.370000e+03	3.191647e+06	1.370000e+03	3.184336e+06	1.370000e+03	3.190260e+06	1.370000e+03	3.186714e+06	1.370000e+03	3.186128e+06	1.370000e+03	3.188311e+06	1.370000e+03	3.187510e+06	1.370000e+03	3.195861e+06	1.370000e+03	3.186316e+06	1.370000e+03	3.196421e+06	1.370000e+03	3.186459e+06	1.370000e+03	3.189493e+06	1.370000e+03	3.191831e+06	1.370000e+03	3.189904e+06	1.370000e+03	3.194886e+06	1.370000e+03	3.188054e+06	1.370000e+03	3.194414e+06	1.370000e+03	3.191156e+06	1.370000e+03	3.192415e+06	1.370000e+03	3.189801e+06	1.370000e+03	3.188184e+06	1.370000e+03	3.198158e+06	1.370000e+03	3.196566e+06	1.370000e+03	3.171070e+06	1.370000e+03	3.184008e+06	1.370000e+03	3.187330e+06	1.370000e+03	3.191414e+06	1.370000e+03	3.198684e+06	1.370000e+03	3.188945e+06	1.370000e+03	3.195366e+06	1.370000e+03	3.196827e+06	1.370000e+03	3.189509e+06	1.370000e+03	3.189705e+06	1.370000e+03	3.188285e+06	1.370000e+03	3.190623e+06	1.370000e+03	3.183880e+06	1.370000e+03	3.182113e+06	1.370000e+03	3.185964e+06	1.370000e+03	3.188959e+06	1.370000e+03	3.190703e+06	1.370000e+03	3.185467e+06	1.370000e+03	3.190544e+06	1.370000e+03	3.192239e+06	1.370000e+03	3.189546e+06	1.370000e+03	3.180485e+06	1.370000e+03	3.183208e+06	1.370000e+03	3.192204e+06	1.370000e+03	3.196711e+06	1.370000e+03	3.195749e+06	1.370000e+03	3.197616e+06	1.370000e+03	3.199312e+06	1.370000e+03	3.192769e+06	1.370000e+03	3.192192e+06	1.370000e+03	3.188289e+06	1.370000e+03	3.186891e+06	1.370000e+03	3.189530e+06	1.370000e+03	3.185614e+06	1.370000e+03	3.186633e+06	1.370000e+03	3.187282e+06	1.370000e+03	3.189380e+06	1.370000e+03	3.179755e+06	1.370000e+03	3.187821e+06	1.370000e+03	3.191630e+06	1.370000e+03	3.186022e+06	1.370000e+03	3.190433e+06	1.370000e+03	3.190270e+06	1.370000e+03	3.200112e+06	1.370000e+03	3.195125e+06	1.370000e+03	3.190474e+06	1.370000e+03	3.198125e+06	1.370000e+03	3.198128e+06	1.370000e+03	3.202729e+06	1.370000e+03	3.200242e+06	1.370000e+03	3.203133e+06	1.370000e+03	3.193784e+06	1.370000e+03	3.203016e+06	1.370000e+03	3.191527e+06	1.370000e+03	3.202695e+06	1.370000e+03	3.189204e+06	1.370000e+03	3.194543e+06	1.370000e+03	3.203293e+06	1.370000e+03	3.204085e+06	1.370000e+03	3.205453e+06	1.370000e+03	3.207980e+06	1.370000e+03	3.202899e+06	1.370000e+03	3.201845e+06	1.370000e+03	3.202328e+06	1.370000e+03	3.198368e+06	1.370000e+03	3.193600e+06	1.370000e+03	3.199985e+06	1.370000e+03	3.209731e+06	1.370000e+03	3.203940e+06	1.370000e+03	3.207328e+06	1.370000e+03	3.209490e+06	1.370000e+03	3.206398e+06	1.370000e+03	3.207237e+06	1.370000e+03	3.209912e+06	1.370000e+03	3.209787e+06	1.370000e+03	3.205598e+06	1.370000e+03	3.213589e+06	1.370000e+03	3.212702e+06	1.370000e+03	3.210611e+06	1.370000e+03	3.205958e+06	1.370000e+03	3.211969e+06	1.370000e+03	3.205083e+06	1.370000e+03	3.213129e+06
1.371000e+03	3.119354e+06	1.371000e+03	3.126435e+06	1.371000e+03	3.107397e+06	1.371000e+03	3.122012e+06	1.371000e+03	3.138741e+06	1.371000e+03	3.138392e+06	1.371000e+03	3.146544e+06	1.371000e+03	3.143738e+06	1.371000e+03	3.149626e+06	1.371000e+03	3.164038e+06	1.371000e+03	3.172661e+06	1.371000e+03	3.180672e+06	1.371000e+03	3.168093e+06	1.371000e+03	3.158300e+06	1.371000e+03	3.164874e+06	1.371000e+03	3.151794e+06	1.371000e+03	3.172751e+06	1.371000e+03	3.150937e+06	1.371000e+03	3.150590e+06	1.371000e+03	3.166222e+06	1.371000e+03	3.159854e+06	1.371000e+03	3.166882e+06	1.371000e+03	3.165777e+06	1.371000e+03	3.171295e+06	1.371000e+03	3.165018e+06	1.371000e+03	3.162579e+06	1.371000e+03	3.152848e+06	1.371000e+03	3.155207e+06	1.371000e+03	3.150007e+06	1.371000e+03	3.150975e+06	1.371000e+03	3.166425e+06	1.371000e+03	3.152747e+06	1.371000e+03	3.159739e+06	1.371000e+03	3.157768e+06	1.371000e+03	3.155653e+06	1.371000e+03	3.170405e+06	1.371000e+03	3.172444e+06	1.371000e+03	3.164558e+06	1.371000e+03	3.165661e+06	1.371000e+03	3.155688e+06	1.371000e+03	3.166384e+06	1.371000e+03	3.167713e+06	1.371000e+03	3.162958e+06	1.371000e+03	3.155656e+06	1.371000e+03	3.157786e+06	1.371000e+03	3.152454e+06	1.371000e+03	3.158821e+06	1.371000e+03	3.162781e+06	1.371000e+03	3.157351e+06	1.371000e+03	3.167331e+06	1.371000e+03	3.162839e+06	1.371000e+03	3.163868e+06	1.371000e+03	3.170885e+06	1.371000e+03	3.167280e+06	1.371000e+03	3.167369e+06	1.371000e+03	3.171089e+06	1.371000e+03	3.168551e+06	1.371000e+03	3.172796e+06	1.371000e+03	3.162627e+06	1.371000e+03	3.152443e+06	1.371000e+03	3.163988e+06	1.371000e+03	3.162487e+06	1.371000e+03	3.163076e+06	1.371000e+03	3.173460e+06	1.371000e+03	3.175488e+06	1.371000e+03	3.179936e+06	1.371000e+03	3.170143e+06	1.371000e+03	3.165372e+06	1.371000e+03	3.173672e+06	1.371000e+03	3.171747e+06	1.371000e+03	3.177547e+06	1.371000e+03	3.168610e+06	1.371000e+03	3.174778e+06	1.371000e+03	3.177570e+06	1.371000e+03	3.172574e+06	1.371000e+03	3.182016e+06	1.371000e+03	3.182635e+06	1.371000e+03	3.187675e+06	1.371000e+03	3.174519e+06	1.371000e+03	3.182556e+06	1.371000e+03	3.178874e+06	1.371000e+03	3.176275e+06	1.371000e+03	3.190836e+06	1.371000e+03	3.180534e+06	1.371000e+03	3.185587e+06	1.371000e+03	3.181884e+06	1.371000e+03	3.195349e+06	1.371000e+03	3.182972e+06	1.371000e+03	3.178251e+06	1.371000e+03	3.178083e+06	1.371000e+03	3.185543e+06	1.371000e+03	3.176567e+06	1.371000e+03	3.182058e+06	1.371000e+03	3.186516e+06	1.371000e+03	3.192374e+06	1.371000e+03	3.189221e+06	1.371000e+03	3.183689e+06	1.371000e+03	3.182051e+06	1.371000e+03	3.186632e+06	1.371000e+03	3.187276e+06	1.371000e+03	3.194180e+06	1.371000e+03	3.182315e+06	1.371000e+03	3.191174e+06	1.371000e+03	3.187078e+06	1.371000e+03	3.191259e+06	1.371000e+03	3.187996e+06	1.371000e+03	3.185458e+06	1.371000e+03	3.183716e+06	1.371000e+03	3.184956e+06	1.371000e+03	3.197204e+06	1.371000e+03	3.186726e+06	1.371000e+03	3.194349e+06	1.371000e+03	3.185349e+06	1.371000e+03	3.190548e+06	1.371000e+03	3.190550e+06	1.371000e+03	3.192941e+06	1.371000e+03	3.198052e+06	1.371000e+03	3.183895e+06	1.371000e+03	3.192238e+06	1.371000e+03	3.194784e+06	1.371000e+03	3.191538e+06	1.371000e+03	3.191433e+06	1.371000e+03	3.190065e+06	1.371000e+03	3.196393e+06	1.371000e+03	3.193321e+06	1.371000e+03	3.171808e+06	1.371000e+03	3.182730e+06	1.371000e+03	3.189780e+06	1.371000e+03	3.185480e+06	1.371000e+03	3.193894e+06	1.371000e+03	3.188831e+06	1.371000e+03	3.194408e+06	1.371000e+03	3.195472e+06	1.371000e+03	3.186157e+06	1.371000e+03	3.189372e+06	1.371000e+03	3.186957e+06	1.371000e+03	3.190254e+06	1.371000e+03	3.185252e+06	1.371000e+03	3.185410e+06	1.371000e+03	3.188009e+06	1.371000e+03	3.192368e+06	1.371000e+03	3.193887e+06	1.371000e+03	3.182845e+06	1.371000e+03	3.188422e+06	1.371000e+03	3.189873e+06	1.371000e+03	3.186481e+06	1.371000e+03	3.181366e+06	1.371000e+03	3.183817e+06	1.371000e+03	3.186476e+06	1.371000e+03	3.195016e+06	1.371000e+03	3.198732e+06	1.371000e+03	3.202407e+06	1.371000e+03	3.198707e+06	1.371000e+03	3.194189e+06	1.371000e+03	3.194750e+06	1.371000e+03	3.187645e+06	1.371000e+03	3.186248e+06	1.371000e+03	3.190605e+06	1.371000e+03	3.183012e+06	1.371000e+03	3.186453e+06	1.371000e+03	3.187246e+06	1.371000e+03	3.185847e+06	1.371000e+03	3.178074e+06	1.371000e+03	3.192662e+06	1.371000e+03	3.193766e+06	1.371000e+03	3.182391e+06	1.371000e+03	3.190331e+06	1.371000e+03	3.190129e+06	1.371000e+03	3.202291e+06	1.371000e+03	3.195696e+06	1.371000e+03	3.193257e+06	1.371000e+03	3.195245e+06	1.371000e+03	3.197524e+06	1.371000e+03	3.203552e+06	1.371000e+03	3.199315e+06	1.371000e+03	3.200301e+06	1.371000e+03	3.195166e+06	1.371000e+03	3.203704e+06	1.371000e+03	3.194413e+06	1.371000e+03	3.198608e+06	1.371000e+03	3.193680e+06	1.371000e+03	3.196953e+06	1.371000e+03	3.206390e+06	1.371000e+03	3.207283e+06	1.371000e+03	3.201431e+06	1.371000e+03	3.209892e+06	1.371000e+03	3.198901e+06	1.371000e+03	3.200513e+06	1.371000e+03	3.201880e+06	1.371000e+03	3.195377e+06	1.371000e+03	3.194517e+06	1.371000e+03	3.199636e+06	1.371000e+03	3.213987e+06	1.371000e+03	3.207322e+06	1.371000e+03	3.205789e+06	1.371000e+03	3.209327e+06	1.371000e+03	3.205558e+06	1.371000e+03	3.206248e+06	1.371000e+03	3.210258e+06	1.371000e+03	3.210742e+06	1.371000e+03	3.204817e+06	1.371000e+03	3.210336e+06	1.371000e+03	3.213323e+06	1.371000e+03	3.212916e+06	1.371000e+03	3.208825e+06	1.371000e+03	3.214928e+06	1.371000e+03	3.202679e+06	1.371000e+03	3.215248e+06
1.372000e+03	3.123369e+06	1.372000e+03	3.131852e+06	1.372000e+03	3.112347e+06	1.372000e+03	3.122097e+06	1.372000e+03	3.140236e+06	1.372000e+03	3.137034e+06	1.372000e+03	3.151720e+06	1.372000e+03	3.142572e+06	1.372000e+03	3.149252e+06	1.372000e+03	3.157140e+06	1.372000e+03	3.167847e+06	1.372000e+03	3.182362e+06	1.372000e+03	3.172925e+06	1.372000e+03	3.154433e+06	1.372000e+03	3.164355e+06	1.372000e+03	3.155494e+06	1.372000e+03	3.174412e+06	1.372000e+03	3.154149e+06	1.372000e+03	3.154303e+06	1.372000e+03	3.164835e+06	1.372000e+03	3.156388e+06	1.372000e+03	3.167324e+06	1.372000e+03	3.169694e+06	1.372000e+03	3.169740e+06	1.372000e+03	3.165700e+06	1.372000e+03	3.167141e+06	1.372000e+03	3.153155e+06	1.372000e+03	3.157890e+06	1.372000e+03	3.151746e+06	1.372000e+03	3.150958e+06	1.372000e+03	3.168527e+06	1.372000e+03	3.152622e+06	1.372000e+03	3.156494e+06	1.372000e+03	3.157858e+06	1.372000e+03	3.155790e+06	1.372000e+03	3.170250e+06	1.372000e+03	3.168184e+06	1.372000e+03	3.156843e+06	1.372000e+03	3.167530e+06	1.372000e+03	3.158542e+06	1.372000e+03	3.165974e+06	1.372000e+03	3.167562e+06	1.372000e+03	3.160527e+06	1.372000e+03	3.150536e+06	1.372000e+03	3.161449e+06	1.372000e+03	3.156292e+06	1.372000e+03	3.156288e+06	1.372000e+03	3.160995e+06	1.372000e+03	3.157462e+06	1.372000e+03	3.162121e+06	1.372000e+03	3.161547e+06	1.372000e+03	3.166435e+06	1.372000e+03	3.168503e+06	1.372000e+03	3.168537e+06	1.372000e+03	3.168226e+06	1.372000e+03	3.174591e+06	1.372000e+03	3.171106e+06	1.372000e+03	3.174346e+06	1.372000e+03	3.165481e+06	1.372000e+03	3.145720e+06	1.372000e+03	3.168463e+06	1.372000e+03	3.165293e+06	1.372000e+03	3.168725e+06	1.372000e+03	3.172672e+06	1.372000e+03	3.168696e+06	1.372000e+03	3.177237e+06	1.372000e+03	3.168039e+06	1.372000e+03	3.164010e+06	1.372000e+03	3.171869e+06	1.372000e+03	3.172831e+06	1.372000e+03	3.178512e+06	1.372000e+03	3.166277e+06	1.372000e+03	3.174567e+06	1.372000e+03	3.175148e+06	1.372000e+03	3.177062e+06	1.372000e+03	3.183699e+06	1.372000e+03	3.185864e+06	1.372000e+03	3.187422e+06	1.372000e+03	3.177676e+06	1.372000e+03	3.186028e+06	1.372000e+03	3.185096e+06	1.372000e+03	3.173076e+06	1.372000e+03	3.188894e+06	1.372000e+03	3.178019e+06	1.372000e+03	3.179526e+06	1.372000e+03	3.184613e+06	1.372000e+03	3.192093e+06	1.372000e+03	3.180777e+06	1.372000e+03	3.176408e+06	1.372000e+03	3.175156e+06	1.372000e+03	3.185769e+06	1.372000e+03	3.176954e+06	1.372000e+03	3.183349e+06	1.372000e+03	3.186544e+06	1.372000e+03	3.189548e+06	1.372000e+03	3.190876e+06	1.372000e+03	3.183369e+06	1.372000e+03	3.181200e+06	1.372000e+03	3.189404e+06	1.372000e+03	3.184405e+06	1.372000e+03	3.199738e+06	1.372000e+03	3.189568e+06	1.372000e+03	3.195329e+06	1.372000e+03	3.190800e+06	1.372000e+03	3.187942e+06	1.372000e+03	3.187363e+06	1.372000e+03	3.185731e+06	1.372000e+03	3.185278e+06	1.372000e+03	3.187417e+06	1.372000e+03	3.196471e+06	1.372000e+03	3.186327e+06	1.372000e+03	3.199382e+06	1.372000e+03	3.188410e+06	1.372000e+03	3.194103e+06	1.372000e+03	3.190640e+06	1.372000e+03	3.195369e+06	1.372000e+03	3.196713e+06	1.372000e+03	3.185096e+06	1.372000e+03	3.192774e+06	1.372000e+03	3.194929e+06	1.372000e+03	3.195491e+06	1.372000e+03	3.192234e+06	1.372000e+03	3.186917e+06	1.372000e+03	3.195530e+06	1.372000e+03	3.192123e+06	1.372000e+03	3.167932e+06	1.372000e+03	3.190022e+06	1.372000e+03	3.189060e+06	1.372000e+03	3.184288e+06	1.372000e+03	3.188539e+06	1.372000e+03	3.189806e+06	1.372000e+03	3.195981e+06	1.372000e+03	3.193908e+06	1.372000e+03	3.185429e+06	1.372000e+03	3.189093e+06	1.372000e+03	3.186676e+06	1.372000e+03	3.191255e+06	1.372000e+03	3.186551e+06	1.372000e+03	3.186026e+06	1.372000e+03	3.188939e+06	1.372000e+03	3.190988e+06	1.372000e+03	3.192317e+06	1.372000e+03	3.188862e+06	1.372000e+03	3.193855e+06	1.372000e+03	3.191452e+06	1.372000e+03	3.187616e+06	1.372000e+03	3.180279e+06	1.372000e+03	3.181552e+06	1.372000e+03	3.185448e+06	1.372000e+03	3.190129e+06	1.372000e+03	3.188951e+06	1.372000e+03	3.203674e+06	1.372000e+03	3.201395e+06	1.372000e+03	3.194241e+06	1.372000e+03	3.194906e+06	1.372000e+03	3.186156e+06	1.372000e+03	3.187113e+06	1.372000e+03	3.188802e+06	1.372000e+03	3.182729e+06	1.372000e+03	3.183471e+06	1.372000e+03	3.187873e+06	1.372000e+03	3.189562e+06	1.372000e+03	3.180930e+06	1.372000e+03	3.194727e+06	1.372000e+03	3.192237e+06	1.372000e+03	3.182521e+06	1.372000e+03	3.189717e+06	1.372000e+03	3.188632e+06	1.372000e+03	3.201800e+06	1.372000e+03	3.197885e+06	1.372000e+03	3.192129e+06	1.372000e+03	3.196877e+06	1.372000e+03	3.198562e+06	1.372000e+03	3.199396e+06	1.372000e+03	3.203045e+06	1.372000e+03	3.196357e+06	1.372000e+03	3.192837e+06	1.372000e+03	3.202978e+06	1.372000e+03	3.192818e+06	1.372000e+03	3.198891e+06	1.372000e+03	3.195105e+06	1.372000e+03	3.199769e+06	1.372000e+03	3.204889e+06	1.372000e+03	3.209343e+06	1.372000e+03	3.205811e+06	1.372000e+03	3.207134e+06	1.372000e+03	3.203347e+06	1.372000e+03	3.203845e+06	1.372000e+03	3.201278e+06	1.372000e+03	3.192800e+06	1.372000e+03	3.194520e+06	1.372000e+03	3.196946e+06	1.372000e+03	3.210038e+06	1.372000e+03	3.204591e+06	1.372000e+03	3.208942e+06	1.372000e+03	3.207953e+06	1.372000e+03	3.205461e+06	1.372000e+03	3.204751e+06	1.372000e+03	3.205595e+06	1.372000e+03	3.209316e+06	1.372000e+03	3.207066e+06	1.372000e+03	3.209896e+06	1.372000e+03	3.212080e+06	1.372000e+03	3.210408e+06	1.372000e+03	3.208824e+06	1.372000e+03	3.212591e+06	1.372000e+03	3.202769e+06	1.372000e+03	3.215953e+06
1.373000e+03	3.119176e+06	1.373000e+03	3.130326e+06	1.373000e+03	3.107119e+06	1.373000e+03	3.126888e+06	1.373000e+03	3.140085e+06	1.373000e+03	3.136464e+06	1.373000e+03	3.152699e+06	1.373000e+03	3.146242e+06	1.373000e+03	3.149437e+06	1.373000e+03	3.156903e+06	1.373000e+03	3.164675e+06	1.373000e+03	3.180327e+06	1.373000e+03	3.172615e+06	1.373000e+03	3.154446e+06	1.373000e+03	3.167707e+06	1.373000e+03	3.156085e+06	1.373000e+03	3.171751e+06	1.373000e+03	3.154592e+06	1.373000e+03	3.156440e+06	1.373000e+03	3.168537e+06	1.373000e+03	3.154279e+06	1.373000e+03	3.160688e+06	1.373000e+03	3.167424e+06	1.373000e+03	3.168242e+06	1.373000e+03	3.163362e+06	1.373000e+03	3.169694e+06	1.373000e+03	3.152342e+06	1.373000e+03	3.154768e+06	1.373000e+03	3.154433e+06	1.373000e+03	3.148920e+06	1.373000e+03	3.165541e+06	1.373000e+03	3.155681e+06	1.373000e+03	3.157935e+06	1.373000e+03	3.163364e+06	1.373000e+03	3.156532e+06	1.373000e+03	3.171968e+06	1.373000e+03	3.169208e+06	1.373000e+03	3.159211e+06	1.373000e+03	3.166668e+06	1.373000e+03	3.156347e+06	1.373000e+03	3.165445e+06	1.373000e+03	3.166438e+06	1.373000e+03	3.163296e+06	1.373000e+03	3.151802e+06	1.373000e+03	3.162401e+06	1.373000e+03	3.156784e+06	1.373000e+03	3.156371e+06	1.373000e+03	3.164162e+06	1.373000e+03	3.158555e+06	1.373000e+03	3.163569e+06	1.373000e+03	3.164713e+06	1.373000e+03	3.164409e+06	1.373000e+03	3.164381e+06	1.373000e+03	3.166797e+06	1.373000e+03	3.164317e+06	1.373000e+03	3.173426e+06	1.373000e+03	3.170022e+06	1.373000e+03	3.172904e+06	1.373000e+03	3.165293e+06	1.373000e+03	3.144123e+06	1.373000e+03	3.168648e+06	1.373000e+03	3.169174e+06	1.373000e+03	3.167294e+06	1.373000e+03	3.171881e+06	1.373000e+03	3.174926e+06	1.373000e+03	3.180618e+06	1.373000e+03	3.168664e+06	1.373000e+03	3.164974e+06	1.373000e+03	3.175196e+06	1.373000e+03	3.172850e+06	1.373000e+03	3.177925e+06	1.373000e+03	3.166931e+06	1.373000e+03	3.175727e+06	1.373000e+03	3.174598e+06	1.373000e+03	3.176351e+06	1.373000e+03	3.182044e+06	1.373000e+03	3.186034e+06	1.373000e+03	3.187073e+06	1.373000e+03	3.179474e+06	1.373000e+03	3.182658e+06	1.373000e+03	3.185813e+06	1.373000e+03	3.173042e+06	1.373000e+03	3.187565e+06	1.373000e+03	3.179723e+06	1.373000e+03	3.177951e+06	1.373000e+03	3.182820e+06	1.373000e+03	3.188122e+06	1.373000e+03	3.182241e+06	1.373000e+03	3.178840e+06	1.373000e+03	3.172231e+06	1.373000e+03	3.186042e+06	1.373000e+03	3.182377e+06	1.373000e+03	3.184926e+06	1.373000e+03	3.187604e+06	1.373000e+03	3.193465e+06	1.373000e+03	3.190054e+06	1.373000e+03	3.185220e+06	1.373000e+03	3.182468e+06	1.373000e+03	3.188963e+06	1.373000e+03	3.190728e+06	1.373000e+03	3.197721e+06	1.373000e+03	3.190863e+06	1.373000e+03	3.194072e+06	1.373000e+03	3.189792e+06	1.373000e+03	3.187716e+06	1.373000e+03	3.186970e+06	1.373000e+03	3.181548e+06	1.373000e+03	3.188519e+06	1.373000e+03	3.186027e+06	1.373000e+03	3.195797e+06	1.373000e+03	3.187879e+06	1.373000e+03	3.193214e+06	1.373000e+03	3.188611e+06	1.373000e+03	3.195401e+06	1.373000e+03	3.189546e+06	1.373000e+03	3.193411e+06	1.373000e+03	3.198659e+06	1.373000e+03	3.183629e+06	1.373000e+03	3.188939e+06	1.373000e+03	3.190810e+06	1.373000e+03	3.201855e+06	1.373000e+03	3.195507e+06	1.373000e+03	3.185910e+06	1.373000e+03	3.191624e+06	1.373000e+03	3.196287e+06	1.373000e+03	3.170983e+06	1.373000e+03	3.186715e+06	1.373000e+03	3.188565e+06	1.373000e+03	3.190094e+06	1.373000e+03	3.193675e+06	1.373000e+03	3.193289e+06	1.373000e+03	3.192163e+06	1.373000e+03	3.189109e+06	1.373000e+03	3.188104e+06	1.373000e+03	3.184148e+06	1.373000e+03	3.184713e+06	1.373000e+03	3.188814e+06	1.373000e+03	3.186293e+06	1.373000e+03	3.190287e+06	1.373000e+03	3.190622e+06	1.373000e+03	3.191590e+06	1.373000e+03	3.189714e+06	1.373000e+03	3.186736e+06	1.373000e+03	3.191807e+06	1.373000e+03	3.191502e+06	1.373000e+03	3.187586e+06	1.373000e+03	3.177494e+06	1.373000e+03	3.184015e+06	1.373000e+03	3.186831e+06	1.373000e+03	3.189136e+06	1.373000e+03	3.191515e+06	1.373000e+03	3.199924e+06	1.373000e+03	3.200414e+06	1.373000e+03	3.196467e+06	1.373000e+03	3.194766e+06	1.373000e+03	3.184111e+06	1.373000e+03	3.190211e+06	1.373000e+03	3.185773e+06	1.373000e+03	3.185577e+06	1.373000e+03	3.184766e+06	1.373000e+03	3.180105e+06	1.373000e+03	3.189995e+06	1.373000e+03	3.180087e+06	1.373000e+03	3.196655e+06	1.373000e+03	3.194846e+06	1.373000e+03	3.184351e+06	1.373000e+03	3.188225e+06	1.373000e+03	3.190250e+06	1.373000e+03	3.200885e+06	1.373000e+03	3.194578e+06	1.373000e+03	3.190540e+06	1.373000e+03	3.196690e+06	1.373000e+03	3.198081e+06	1.373000e+03	3.203170e+06	1.373000e+03	3.200434e+06	1.373000e+03	3.201431e+06	1.373000e+03	3.192678e+06	1.373000e+03	3.206786e+06	1.373000e+03	3.196684e+06	1.373000e+03	3.196514e+06	1.373000e+03	3.193956e+06	1.373000e+03	3.199393e+06	1.373000e+03	3.206749e+06	1.373000e+03	3.202315e+06	1.373000e+03	3.202106e+06	1.373000e+03	3.208188e+06	1.373000e+03	3.202046e+06	1.373000e+03	3.204425e+06	1.373000e+03	3.202892e+06	1.373000e+03	3.195046e+06	1.373000e+03	3.191668e+06	1.373000e+03	3.198116e+06	1.373000e+03	3.208191e+06	1.373000e+03	3.206599e+06	1.373000e+03	3.203420e+06	1.373000e+03	3.212813e+06	1.373000e+03	3.199776e+06	1.373000e+03	3.206126e+06	1.373000e+03	3.216406e+06	1.373000e+03	3.209966e+06	1.373000e+03	3.207981e+06	1.373000e+03	3.213358e+06	1.373000e+03	3.210699e+06	1.373000e+03	3.214950e+06	1.373000e+03	3.210016e+06	1.373000e+03	3.208369e+06	1.373000e+03	3.204755e+06	1.373000e+03	3.213205e+06
1.374000e+03	3.121222e+06	1.374000e+03	3.129320e+06	1.374000e+03	3.105893e+06	1.374000e+03	3.127589e+06	1.374000e+03	3.143062e+06	1.374000e+03	3.132243e+06	1.374000e+03	3.147990e+06	1.374000e+03	3.144735e+06	1.374000e+03	3.149018e+06	1.374000e+03	3.161210e+06	1.374000e+03	3.163927e+06	1.374000e+03	3.178465e+06	1.374000e+03	3.170163e+06	1.374000e+03	3.158947e+06	1.374000e+03	3.169675e+06	1.374000e+03	3.152268e+06	1.374000e+03	3.176540e+06	1.374000e+03	3.154727e+06	1.374000e+03	3.156260e+06	1.374000e+03	3.166930e+06	1.374000e+03	3.149367e+06	1.374000e+03	3.155256e+06	1.374000e+03	3.162383e+06	1.374000e+03	3.168705e+06	1.374000e+03	3.163555e+06	1.374000e+03	3.167447e+06	1.374000e+03	3.154156e+06	1.374000e+03	3.150795e+06	1.374000e+03	3.155156e+06	1.374000e+03	3.151732e+06	1.374000e+03	3.164893e+06	1.374000e+03	3.152181e+06	1.374000e+03	3.161775e+06	1.374000e+03	3.162394e+06	1.374000e+03	3.150310e+06	1.374000e+03	3.179030e+06	1.374000e+03	3.168314e+06	1.374000e+03	3.161059e+06	1.374000e+03	3.167202e+06	1.374000e+03	3.155168e+06	1.374000e+03	3.165944e+06	1.374000e+03	3.166652e+06	1.374000e+03	3.163472e+06	1.374000e+03	3.158153e+06	1.374000e+03	3.158004e+06	1.374000e+03	3.157028e+06	1.374000e+03	3.156294e+06	1.374000e+03	3.167983e+06	1.374000e+03	3.154498e+06	1.374000e+03	3.166012e+06	1.374000e+03	3.165117e+06	1.374000e+03	3.163382e+06	1.374000e+03	3.164908e+06	1.374000e+03	3.167701e+06	1.374000e+03	3.164555e+06	1.374000e+03	3.172822e+06	1.374000e+03	3.172278e+06	1.374000e+03	3.174533e+06	1.374000e+03	3.168044e+06	1.374000e+03	3.149798e+06	1.374000e+03	3.168610e+06	1.374000e+03	3.164993e+06	1.374000e+03	3.164879e+06	1.374000e+03	3.177266e+06	1.374000e+03	3.172407e+06	1.374000e+03	3.181948e+06	1.374000e+03	3.166825e+06	1.374000e+03	3.164773e+06	1.374000e+03	3.180211e+06	1.374000e+03	3.174589e+06	1.374000e+03	3.177752e+06	1.374000e+03	3.168280e+06	1.374000e+03	3.177669e+06	1.374000e+03	3.174741e+06	1.374000e+03	3.173512e+06	1.374000e+03	3.179643e+06	1.374000e+03	3.187169e+06	1.374000e+03	3.189022e+06	1.374000e+03	3.182000e+06	1.374000e+03	3.183671e+06	1.374000e+03	3.186599e+06	1.374000e+03	3.172559e+06	1.374000e+03	3.189450e+06	1.374000e+03	3.181508e+06	1.374000e+03	3.178478e+06	1.374000e+03	3.179742e+06	1.374000e+03	3.189969e+06	1.374000e+03	3.185061e+06	1.374000e+03	3.177252e+06	1.374000e+03	3.170692e+06	1.374000e+03	3.185025e+06	1.374000e+03	3.186768e+06	1.374000e+03	3.183337e+06	1.374000e+03	3.187327e+06	1.374000e+03	3.190465e+06	1.374000e+03	3.188692e+06	1.374000e+03	3.184752e+06	1.374000e+03	3.184407e+06	1.374000e+03	3.191248e+06	1.374000e+03	3.188531e+06	1.374000e+03	3.199516e+06	1.374000e+03	3.186796e+06	1.374000e+03	3.192707e+06	1.374000e+03	3.192749e+06	1.374000e+03	3.187856e+06	1.374000e+03	3.181069e+06	1.374000e+03	3.183267e+06	1.374000e+03	3.188228e+06	1.374000e+03	3.186202e+06	1.374000e+03	3.189941e+06	1.374000e+03	3.188139e+06	1.374000e+03	3.200676e+06	1.374000e+03	3.187313e+06	1.374000e+03	3.194832e+06	1.374000e+03	3.190089e+06	1.374000e+03	3.193625e+06	1.374000e+03	3.194861e+06	1.374000e+03	3.181568e+06	1.374000e+03	3.190947e+06	1.374000e+03	3.194234e+06	1.374000e+03	3.200342e+06	1.374000e+03	3.190475e+06	1.374000e+03	3.188836e+06	1.374000e+03	3.194145e+06	1.374000e+03	3.189260e+06	1.374000e+03	3.176001e+06	1.374000e+03	3.184820e+06	1.374000e+03	3.189699e+06	1.374000e+03	3.188898e+06	1.374000e+03	3.190135e+06	1.374000e+03	3.192564e+06	1.374000e+03	3.192863e+06	1.374000e+03	3.184688e+06	1.374000e+03	3.189714e+06	1.374000e+03	3.188413e+06	1.374000e+03	3.187236e+06	1.374000e+03	3.188328e+06	1.374000e+03	3.188097e+06	1.374000e+03	3.192161e+06	1.374000e+03	3.191024e+06	1.374000e+03	3.192516e+06	1.374000e+03	3.196787e+06	1.374000e+03	3.185394e+06	1.374000e+03	3.190482e+06	1.374000e+03	3.189998e+06	1.374000e+03	3.185820e+06	1.374000e+03	3.180576e+06	1.374000e+03	3.187108e+06	1.374000e+03	3.188448e+06	1.374000e+03	3.188154e+06	1.374000e+03	3.191262e+06	1.374000e+03	3.201174e+06	1.374000e+03	3.197728e+06	1.374000e+03	3.194443e+06	1.374000e+03	3.193846e+06	1.374000e+03	3.185949e+06	1.374000e+03	3.192934e+06	1.374000e+03	3.187127e+06	1.374000e+03	3.184585e+06	1.374000e+03	3.187409e+06	1.374000e+03	3.183050e+06	1.374000e+03	3.189093e+06	1.374000e+03	3.180267e+06	1.374000e+03	3.190864e+06	1.374000e+03	3.196204e+06	1.374000e+03	3.179095e+06	1.374000e+03	3.186347e+06	1.374000e+03	3.192750e+06	1.374000e+03	3.203149e+06	1.374000e+03	3.194872e+06	1.374000e+03	3.194991e+06	1.374000e+03	3.194553e+06	1.374000e+03	3.197555e+06	1.374000e+03	3.203326e+06	1.374000e+03	3.200177e+06	1.374000e+03	3.201858e+06	1.374000e+03	3.195344e+06	1.374000e+03	3.208089e+06	1.374000e+03	3.197631e+06	1.374000e+03	3.198030e+06	1.374000e+03	3.194488e+06	1.374000e+03	3.199897e+06	1.374000e+03	3.206541e+06	1.374000e+03	3.199060e+06	1.374000e+03	3.202864e+06	1.374000e+03	3.209463e+06	1.374000e+03	3.201251e+06	1.374000e+03	3.203410e+06	1.374000e+03	3.205963e+06	1.374000e+03	3.196361e+06	1.374000e+03	3.191562e+06	1.374000e+03	3.201719e+06	1.374000e+03	3.206493e+06	1.374000e+03	3.206275e+06	1.374000e+03	3.203410e+06	1.374000e+03	3.216630e+06	1.374000e+03	3.201033e+06	1.374000e+03	3.206336e+06	1.374000e+03	3.214893e+06	1.374000e+03	3.212996e+06	1.374000e+03	3.209431e+06	1.374000e+03	3.216111e+06	1.374000e+03	3.212617e+06	1.374000e+03	3.216243e+06	1.374000e+03	3.211591e+06	1.374000e+03	3.207511e+06	1.374000e+03	3.202156e+06	1.374000e+03	3.211500e+06
1.375000e+03	3.122340e+06	1.375000e+03	3.129043e+06	1.375000e+03	3.108428e+06	1.375000e+03	3.125352e+06	1.375000e+03	3.140702e+06	1.375000e+03	3.134328e+06	1.375000e+03	3.146392e+06	1.375000e+03	3.146194e+06	1.375000e+03	3.147088e+06	1.375000e+03	3.164343e+06	1.375000e+03	3.164036e+06	1.375000e+03	3.175103e+06	1.375000e+03	3.172476e+06	1.375000e+03	3.156470e+06	1.375000e+03	3.170672e+06	1.375000e+03	3.158245e+06	1.375000e+03	3.175877e+06	1.375000e+03	3.154337e+06	1.375000e+03	3.156204e+06	1.375000e+03	3.168517e+06	1.375000e+03	3.153603e+06	1.375000e+03	3.157005e+06	1.375000e+03	3.163263e+06	1.375000e+03	3.169798e+06	1.375000e+03	3.161408e+06	1.375000e+03	3.160989e+06	1.375000e+03	3.153788e+06	1.375000e+03	3.154113e+06	1.375000e+03	3.156873e+06	1.375000e+03	3.151529e+06	1.375000e+03	3.164924e+06	1.375000e+03	3.158423e+06	1.375000e+03	3.163603e+06	1.375000e+03	3.164732e+06	1.375000e+03	3.151521e+06	1.375000e+03	3.169207e+06	1.375000e+03	3.165107e+06	1.375000e+03	3.160399e+06	1.375000e+03	3.166240e+06	1.375000e+03	3.161728e+06	1.375000e+03	3.163545e+06	1.375000e+03	3.167406e+06	1.375000e+03	3.166718e+06	1.375000e+03	3.164990e+06	1.375000e+03	3.159735e+06	1.375000e+03	3.155602e+06	1.375000e+03	3.159861e+06	1.375000e+03	3.167034e+06	1.375000e+03	3.158144e+06	1.375000e+03	3.162910e+06	1.375000e+03	3.157992e+06	1.375000e+03	3.164191e+06	1.375000e+03	3.164610e+06	1.375000e+03	3.164833e+06	1.375000e+03	3.167303e+06	1.375000e+03	3.168649e+06	1.375000e+03	3.168657e+06	1.375000e+03	3.172772e+06	1.375000e+03	3.167201e+06	1.375000e+03	3.153008e+06	1.375000e+03	3.171239e+06	1.375000e+03	3.167289e+06	1.375000e+03	3.169430e+06	1.375000e+03	3.174539e+06	1.375000e+03	3.175209e+06	1.375000e+03	3.174995e+06	1.375000e+03	3.165369e+06	1.375000e+03	3.163730e+06	1.375000e+03	3.179151e+06	1.375000e+03	3.173628e+06	1.375000e+03	3.172598e+06	1.375000e+03	3.168720e+06	1.375000e+03	3.178851e+06	1.375000e+03	3.176060e+06	1.375000e+03	3.173774e+06	1.375000e+03	3.180766e+06	1.375000e+03	3.183663e+06	1.375000e+03	3.186388e+06	1.375000e+03	3.183374e+06	1.375000e+03	3.185559e+06	1.375000e+03	3.186621e+06	1.375000e+03	3.170549e+06	1.375000e+03	3.188581e+06	1.375000e+03	3.181161e+06	1.375000e+03	3.179122e+06	1.375000e+03	3.182770e+06	1.375000e+03	3.188373e+06	1.375000e+03	3.186958e+06	1.375000e+03	3.175825e+06	1.375000e+03	3.172718e+06	1.375000e+03	3.187471e+06	1.375000e+03	3.180832e+06	1.375000e+03	3.180088e+06	1.375000e+03	3.187107e+06	1.375000e+03	3.193885e+06	1.375000e+03	3.190667e+06	1.375000e+03	3.185843e+06	1.375000e+03	3.183826e+06	1.375000e+03	3.191323e+06	1.375000e+03	3.189638e+06	1.375000e+03	3.195055e+06	1.375000e+03	3.186800e+06	1.375000e+03	3.193066e+06	1.375000e+03	3.193911e+06	1.375000e+03	3.187441e+06	1.375000e+03	3.183019e+06	1.375000e+03	3.181965e+06	1.375000e+03	3.188611e+06	1.375000e+03	3.187920e+06	1.375000e+03	3.190247e+06	1.375000e+03	3.189955e+06	1.375000e+03	3.199051e+06	1.375000e+03	3.187423e+06	1.375000e+03	3.189061e+06	1.375000e+03	3.192847e+06	1.375000e+03	3.193297e+06	1.375000e+03	3.197930e+06	1.375000e+03	3.181577e+06	1.375000e+03	3.189992e+06	1.375000e+03	3.195630e+06	1.375000e+03	3.201629e+06	1.375000e+03	3.193627e+06	1.375000e+03	3.184830e+06	1.375000e+03	3.197610e+06	1.375000e+03	3.190561e+06	1.375000e+03	3.177960e+06	1.375000e+03	3.180622e+06	1.375000e+03	3.189422e+06	1.375000e+03	3.192273e+06	1.375000e+03	3.191670e+06	1.375000e+03	3.192449e+06	1.375000e+03	3.192098e+06	1.375000e+03	3.187533e+06	1.375000e+03	3.189469e+06	1.375000e+03	3.186055e+06	1.375000e+03	3.185141e+06	1.375000e+03	3.188611e+06	1.375000e+03	3.185458e+06	1.375000e+03	3.184115e+06	1.375000e+03	3.187319e+06	1.375000e+03	3.196907e+06	1.375000e+03	3.190177e+06	1.375000e+03	3.187195e+06	1.375000e+03	3.191783e+06	1.375000e+03	3.193113e+06	1.375000e+03	3.185084e+06	1.375000e+03	3.181378e+06	1.375000e+03	3.186171e+06	1.375000e+03	3.193328e+06	1.375000e+03	3.193506e+06	1.375000e+03	3.189152e+06	1.375000e+03	3.201392e+06	1.375000e+03	3.198629e+06	1.375000e+03	3.195289e+06	1.375000e+03	3.198361e+06	1.375000e+03	3.185141e+06	1.375000e+03	3.190241e+06	1.375000e+03	3.185816e+06	1.375000e+03	3.186683e+06	1.375000e+03	3.189584e+06	1.375000e+03	3.188031e+06	1.375000e+03	3.188990e+06	1.375000e+03	3.185965e+06	1.375000e+03	3.191484e+06	1.375000e+03	3.196466e+06	1.375000e+03	3.180885e+06	1.375000e+03	3.189506e+06	1.375000e+03	3.191269e+06	1.375000e+03	3.204820e+06	1.375000e+03	3.197074e+06	1.375000e+03	3.195125e+06	1.375000e+03	3.192102e+06	1.375000e+03	3.198545e+06	1.375000e+03	3.203248e+06	1.375000e+03	3.201194e+06	1.375000e+03	3.199811e+06	1.375000e+03	3.193459e+06	1.375000e+03	3.209753e+06	1.375000e+03	3.196207e+06	1.375000e+03	3.198241e+06	1.375000e+03	3.192162e+06	1.375000e+03	3.201556e+06	1.375000e+03	3.209660e+06	1.375000e+03	3.206710e+06	1.375000e+03	3.205871e+06	1.375000e+03	3.212606e+06	1.375000e+03	3.197869e+06	1.375000e+03	3.200566e+06	1.375000e+03	3.207018e+06	1.375000e+03	3.193702e+06	1.375000e+03	3.198032e+06	1.375000e+03	3.200918e+06	1.375000e+03	3.205016e+06	1.375000e+03	3.205779e+06	1.375000e+03	3.206912e+06	1.375000e+03	3.214495e+06	1.375000e+03	3.202724e+06	1.375000e+03	3.206209e+06	1.375000e+03	3.212884e+06	1.375000e+03	3.211691e+06	1.375000e+03	3.208695e+06	1.375000e+03	3.219155e+06	1.375000e+03	3.210038e+06	1.375000e+03	3.219149e+06	1.375000e+03	3.213122e+06	1.375000e+03	3.210659e+06	1.375000e+03	3.203460e+06	1.375000e+03	3.211858e+06
1.376000e+03	3.123455e+06	1.376000e+03	3.132668e+06	1.376000e+03	3.110364e+06	1.376000e+03	3.120331e+06	1.376000e+03	3.142295e+06	1.376000e+03	3.135295e+06	1.376000e+03	3.147440e+06	1.376000e+03	3.139137e+06	1.376000e+03	3.147812e+06	1.376000e+03	3.161910e+06	1.376000e+03	3.166334e+06	1.376000e+03	3.175581e+06	1.376000e+03	3.167483e+06	1.376000e+03	3.157159e+06	1.376000e+03	3.168326e+06	1.376000e+03	3.156258e+06	1.376000e+03	3.176062e+06	1.376000e+03	3.154739e+06	1.376000e+03	3.154161e+06	1.376000e+03	3.170047e+06	1.376000e+03	3.155423e+06	1.376000e+03	3.157825e+06	1.376000e+03	3.164243e+06	1.376000e+03	3.167004e+06	1.376000e+03	3.161779e+06	1.376000e+03	3.164372e+06	1.376000e+03	3.154569e+06	1.376000e+03	3.151301e+06	1.376000e+03	3.152153e+06	1.376000e+03	3.153189e+06	1.376000e+03	3.162411e+06	1.376000e+03	3.163017e+06	1.376000e+03	3.166179e+06	1.376000e+03	3.156484e+06	1.376000e+03	3.153117e+06	1.376000e+03	3.174058e+06	1.376000e+03	3.167148e+06	1.376000e+03	3.166679e+06	1.376000e+03	3.166590e+06	1.376000e+03	3.161791e+06	1.376000e+03	3.165600e+06	1.376000e+03	3.168338e+06	1.376000e+03	3.166284e+06	1.376000e+03	3.167304e+06	1.376000e+03	3.162289e+06	1.376000e+03	3.157284e+06	1.376000e+03	3.161122e+06	1.376000e+03	3.164283e+06	1.376000e+03	3.152109e+06	1.376000e+03	3.159694e+06	1.376000e+03	3.163931e+06	1.376000e+03	3.162761e+06	1.376000e+03	3.169666e+06	1.376000e+03	3.164640e+06	1.376000e+03	3.171870e+06	1.376000e+03	3.167742e+06	1.376000e+03	3.169003e+06	1.376000e+03	3.172253e+06	1.376000e+03	3.167509e+06	1.376000e+03	3.150244e+06	1.376000e+03	3.172536e+06	1.376000e+03	3.164955e+06	1.376000e+03	3.165381e+06	1.376000e+03	3.173869e+06	1.376000e+03	3.173570e+06	1.376000e+03	3.175108e+06	1.376000e+03	3.169049e+06	1.376000e+03	3.164887e+06	1.376000e+03	3.179109e+06	1.376000e+03	3.176884e+06	1.376000e+03	3.170779e+06	1.376000e+03	3.166930e+06	1.376000e+03	3.176276e+06	1.376000e+03	3.174277e+06	1.376000e+03	3.173640e+06	1.376000e+03	3.177769e+06	1.376000e+03	3.184281e+06	1.376000e+03	3.182838e+06	1.376000e+03	3.184036e+06	1.376000e+03	3.181230e+06	1.376000e+03	3.187946e+06	1.376000e+03	3.170665e+06	1.376000e+03	3.184228e+06	1.376000e+03	3.180006e+06	1.376000e+03	3.182171e+06	1.376000e+03	3.187806e+06	1.376000e+03	3.197029e+06	1.376000e+03	3.187826e+06	1.376000e+03	3.182493e+06	1.376000e+03	3.171665e+06	1.376000e+03	3.189822e+06	1.376000e+03	3.177753e+06	1.376000e+03	3.184416e+06	1.376000e+03	3.188813e+06	1.376000e+03	3.195748e+06	1.376000e+03	3.187550e+06	1.376000e+03	3.185431e+06	1.376000e+03	3.182717e+06	1.376000e+03	3.195265e+06	1.376000e+03	3.192117e+06	1.376000e+03	3.194938e+06	1.376000e+03	3.182381e+06	1.376000e+03	3.192567e+06	1.376000e+03	3.194005e+06	1.376000e+03	3.184965e+06	1.376000e+03	3.183083e+06	1.376000e+03	3.184823e+06	1.376000e+03	3.193774e+06	1.376000e+03	3.187920e+06	1.376000e+03	3.192100e+06	1.376000e+03	3.191492e+06	1.376000e+03	3.197956e+06	1.376000e+03	3.190910e+06	1.376000e+03	3.191124e+06	1.376000e+03	3.192755e+06	1.376000e+03	3.197077e+06	1.376000e+03	3.195981e+06	1.376000e+03	3.179163e+06	1.376000e+03	3.189578e+06	1.376000e+03	3.193438e+06	1.376000e+03	3.205023e+06	1.376000e+03	3.192314e+06	1.376000e+03	3.184131e+06	1.376000e+03	3.193504e+06	1.376000e+03	3.191532e+06	1.376000e+03	3.179695e+06	1.376000e+03	3.183129e+06	1.376000e+03	3.188076e+06	1.376000e+03	3.191792e+06	1.376000e+03	3.190474e+06	1.376000e+03	3.198121e+06	1.376000e+03	3.191685e+06	1.376000e+03	3.188042e+06	1.376000e+03	3.190125e+06	1.376000e+03	3.189559e+06	1.376000e+03	3.183017e+06	1.376000e+03	3.187832e+06	1.376000e+03	3.184014e+06	1.376000e+03	3.183561e+06	1.376000e+03	3.187418e+06	1.376000e+03	3.195717e+06	1.376000e+03	3.192443e+06	1.376000e+03	3.185811e+06	1.376000e+03	3.195448e+06	1.376000e+03	3.194704e+06	1.376000e+03	3.186317e+06	1.376000e+03	3.178789e+06	1.376000e+03	3.184641e+06	1.376000e+03	3.193917e+06	1.376000e+03	3.192566e+06	1.376000e+03	3.190359e+06	1.376000e+03	3.198653e+06	1.376000e+03	3.197684e+06	1.376000e+03	3.192548e+06	1.376000e+03	3.198946e+06	1.376000e+03	3.181088e+06	1.376000e+03	3.191000e+06	1.376000e+03	3.181681e+06	1.376000e+03	3.189605e+06	1.376000e+03	3.187288e+06	1.376000e+03	3.189760e+06	1.376000e+03	3.187580e+06	1.376000e+03	3.183329e+06	1.376000e+03	3.191248e+06	1.376000e+03	3.197326e+06	1.376000e+03	3.182986e+06	1.376000e+03	3.191292e+06	1.376000e+03	3.195039e+06	1.376000e+03	3.205109e+06	1.376000e+03	3.196117e+06	1.376000e+03	3.193030e+06	1.376000e+03	3.193394e+06	1.376000e+03	3.197623e+06	1.376000e+03	3.200430e+06	1.376000e+03	3.194547e+06	1.376000e+03	3.200933e+06	1.376000e+03	3.196132e+06	1.376000e+03	3.211182e+06	1.376000e+03	3.193636e+06	1.376000e+03	3.196396e+06	1.376000e+03	3.193703e+06	1.376000e+03	3.206491e+06	1.376000e+03	3.210777e+06	1.376000e+03	3.204163e+06	1.376000e+03	3.199277e+06	1.376000e+03	3.212254e+06	1.376000e+03	3.200096e+06	1.376000e+03	3.203971e+06	1.376000e+03	3.209037e+06	1.376000e+03	3.194374e+06	1.376000e+03	3.194844e+06	1.376000e+03	3.201435e+06	1.376000e+03	3.207970e+06	1.376000e+03	3.201929e+06	1.376000e+03	3.206264e+06	1.376000e+03	3.206767e+06	1.376000e+03	3.200590e+06	1.376000e+03	3.204570e+06	1.376000e+03	3.211546e+06	1.376000e+03	3.212266e+06	1.376000e+03	3.209981e+06	1.376000e+03	3.215013e+06	1.376000e+03	3.209736e+06	1.376000e+03	3.218230e+06	1.376000e+03	3.212106e+06	1.376000e+03	3.210276e+06	1.376000e+03	3.204645e+06	1.376000e+03	3.215529e+06
1.377000e+03	3.123070e+06	1.377000e+03	3.130339e+06	1.377000e+03	3.108308e+06	1.377000e+03	3.120312e+06	1.377000e+03	3.147288e+06	1.377000e+03	3.134417e+06	1.377000e+03	3.146698e+06	1.377000e+03	3.140349e+06	1.377000e+03	3.147730e+06	1.377000e+03	3.161040e+06	1.377000e+03	3.168507e+06	1.377000e+03	3.171948e+06	1.377000e+03	3.169572e+06	1.377000e+03	3.157931e+06	1.377000e+03	3.172228e+06	1.377000e+03	3.155356e+06	1.377000e+03	3.179378e+06	1.377000e+03	3.156131e+06	1.377000e+03	3.156186e+06	1.377000e+03	3.165668e+06	1.377000e+03	3.149891e+06	1.377000e+03	3.151246e+06	1.377000e+03	3.166424e+06	1.377000e+03	3.167748e+06	1.377000e+03	3.163311e+06	1.377000e+03	3.161011e+06	1.377000e+03	3.148967e+06	1.377000e+03	3.154062e+06	1.377000e+03	3.153879e+06	1.377000e+03	3.151649e+06	1.377000e+03	3.166644e+06	1.377000e+03	3.163488e+06	1.377000e+03	3.170419e+06	1.377000e+03	3.156913e+06	1.377000e+03	3.141860e+06	1.377000e+03	3.177679e+06	1.377000e+03	3.168466e+06	1.377000e+03	3.169275e+06	1.377000e+03	3.164789e+06	1.377000e+03	3.164878e+06	1.377000e+03	3.167566e+06	1.377000e+03	3.169118e+06	1.377000e+03	3.168324e+06	1.377000e+03	3.158395e+06	1.377000e+03	3.159590e+06	1.377000e+03	3.159407e+06	1.377000e+03	3.167054e+06	1.377000e+03	3.164159e+06	1.377000e+03	3.156439e+06	1.377000e+03	3.162184e+06	1.377000e+03	3.162312e+06	1.377000e+03	3.163132e+06	1.377000e+03	3.164798e+06	1.377000e+03	3.168577e+06	1.377000e+03	3.168019e+06	1.377000e+03	3.168363e+06	1.377000e+03	3.172416e+06	1.377000e+03	3.178622e+06	1.377000e+03	3.170520e+06	1.377000e+03	3.152472e+06	1.377000e+03	3.173560e+06	1.377000e+03	3.162871e+06	1.377000e+03	3.163331e+06	1.377000e+03	3.170277e+06	1.377000e+03	3.176735e+06	1.377000e+03	3.179102e+06	1.377000e+03	3.171071e+06	1.377000e+03	3.165540e+06	1.377000e+03	3.176048e+06	1.377000e+03	3.177384e+06	1.377000e+03	3.172455e+06	1.377000e+03	3.167212e+06	1.377000e+03	3.175827e+06	1.377000e+03	3.178770e+06	1.377000e+03	3.175949e+06	1.377000e+03	3.177569e+06	1.377000e+03	3.187601e+06	1.377000e+03	3.182121e+06	1.377000e+03	3.184265e+06	1.377000e+03	3.177665e+06	1.377000e+03	3.186449e+06	1.377000e+03	3.171043e+06	1.377000e+03	3.186070e+06	1.377000e+03	3.179124e+06	1.377000e+03	3.184712e+06	1.377000e+03	3.185758e+06	1.377000e+03	3.189541e+06	1.377000e+03	3.186111e+06	1.377000e+03	3.181567e+06	1.377000e+03	3.177223e+06	1.377000e+03	3.187070e+06	1.377000e+03	3.178738e+06	1.377000e+03	3.182295e+06	1.377000e+03	3.186174e+06	1.377000e+03	3.192075e+06	1.377000e+03	3.185230e+06	1.377000e+03	3.187310e+06	1.377000e+03	3.183357e+06	1.377000e+03	3.195931e+06	1.377000e+03	3.188700e+06	1.377000e+03	3.195584e+06	1.377000e+03	3.186194e+06	1.377000e+03	3.193386e+06	1.377000e+03	3.190091e+06	1.377000e+03	3.183588e+06	1.377000e+03	3.185697e+06	1.377000e+03	3.185027e+06	1.377000e+03	3.192665e+06	1.377000e+03	3.187096e+06	1.377000e+03	3.190718e+06	1.377000e+03	3.195672e+06	1.377000e+03	3.199068e+06	1.377000e+03	3.189021e+06	1.377000e+03	3.192953e+06	1.377000e+03	3.197258e+06	1.377000e+03	3.197112e+06	1.377000e+03	3.195178e+06	1.377000e+03	3.186184e+06	1.377000e+03	3.191438e+06	1.377000e+03	3.190164e+06	1.377000e+03	3.203468e+06	1.377000e+03	3.193272e+06	1.377000e+03	3.185559e+06	1.377000e+03	3.194983e+06	1.377000e+03	3.190743e+06	1.377000e+03	3.177865e+06	1.377000e+03	3.178297e+06	1.377000e+03	3.190637e+06	1.377000e+03	3.192874e+06	1.377000e+03	3.187554e+06	1.377000e+03	3.192643e+06	1.377000e+03	3.193927e+06	1.377000e+03	3.186835e+06	1.377000e+03	3.192621e+06	1.377000e+03	3.192357e+06	1.377000e+03	3.185571e+06	1.377000e+03	3.188966e+06	1.377000e+03	3.180065e+06	1.377000e+03	3.184334e+06	1.377000e+03	3.187293e+06	1.377000e+03	3.195384e+06	1.377000e+03	3.192394e+06	1.377000e+03	3.184702e+06	1.377000e+03	3.193794e+06	1.377000e+03	3.194926e+06	1.377000e+03	3.186404e+06	1.377000e+03	3.180733e+06	1.377000e+03	3.184646e+06	1.377000e+03	3.189999e+06	1.377000e+03	3.191017e+06	1.377000e+03	3.186794e+06	1.377000e+03	3.197630e+06	1.377000e+03	3.200477e+06	1.377000e+03	3.193399e+06	1.377000e+03	3.201173e+06	1.377000e+03	3.182556e+06	1.377000e+03	3.189465e+06	1.377000e+03	3.186243e+06	1.377000e+03	3.187891e+06	1.377000e+03	3.190393e+06	1.377000e+03	3.185033e+06	1.377000e+03	3.190279e+06	1.377000e+03	3.182321e+06	1.377000e+03	3.194262e+06	1.377000e+03	3.195202e+06	1.377000e+03	3.181653e+06	1.377000e+03	3.189676e+06	1.377000e+03	3.197514e+06	1.377000e+03	3.204899e+06	1.377000e+03	3.192083e+06	1.377000e+03	3.196633e+06	1.377000e+03	3.195706e+06	1.377000e+03	3.192211e+06	1.377000e+03	3.201349e+06	1.377000e+03	3.198021e+06	1.377000e+03	3.201695e+06	1.377000e+03	3.193815e+06	1.377000e+03	3.208086e+06	1.377000e+03	3.197362e+06	1.377000e+03	3.194670e+06	1.377000e+03	3.187838e+06	1.377000e+03	3.201180e+06	1.377000e+03	3.206048e+06	1.377000e+03	3.205492e+06	1.377000e+03	3.199914e+06	1.377000e+03	3.213778e+06	1.377000e+03	3.197060e+06	1.377000e+03	3.206801e+06	1.377000e+03	3.209726e+06	1.377000e+03	3.195944e+06	1.377000e+03	3.194967e+06	1.377000e+03	3.199015e+06	1.377000e+03	3.207143e+06	1.377000e+03	3.202628e+06	1.377000e+03	3.204757e+06	1.377000e+03	3.205862e+06	1.377000e+03	3.202586e+06	1.377000e+03	3.207217e+06	1.377000e+03	3.208901e+06	1.377000e+03	3.210300e+06	1.377000e+03	3.212767e+06	1.377000e+03	3.214521e+06	1.377000e+03	3.208735e+06	1.377000e+03	3.211955e+06	1.377000e+03	3.213311e+06	1.377000e+03	3.209751e+06	1.377000e+03	3.203708e+06	1.377000e+03	3.214970e+06
1.378000e+03	3.122755e+06	1.378000e+03	3.136031e+06	1.378000e+03	3.112709e+06	1.378000e+03	3.121011e+06	1.378000e+03	3.145800e+06	1.378000e+03	3.137421e+06	1.378000e+03	3.108679e+06	1.378000e+03	3.139139e+06	1.378000e+03	3.142892e+06	1.378000e+03	3.162396e+06	1.378000e+03	3.168745e+06	1.378000e+03	3.171786e+06	1.378000e+03	3.170587e+06	1.378000e+03	3.160433e+06	1.378000e+03	3.167771e+06	1.378000e+03	3.154911e+06	1.378000e+03	3.176307e+06	1.378000e+03	3.159624e+06	1.378000e+03	3.155339e+06	1.378000e+03	3.168458e+06	1.378000e+03	3.149714e+06	1.378000e+03	3.151155e+06	1.378000e+03	3.167415e+06	1.378000e+03	3.167310e+06	1.378000e+03	3.162447e+06	1.378000e+03	3.162778e+06	1.378000e+03	3.142545e+06	1.378000e+03	3.156594e+06	1.378000e+03	3.154423e+06	1.378000e+03	3.154508e+06	1.378000e+03	3.174194e+06	1.378000e+03	3.159144e+06	1.378000e+03	3.164678e+06	1.378000e+03	3.161205e+06	1.378000e+03	3.150790e+06	1.378000e+03	3.177459e+06	1.378000e+03	3.164203e+06	1.378000e+03	3.168817e+06	1.378000e+03	3.162520e+06	1.378000e+03	3.163730e+06	1.378000e+03	3.168782e+06	1.378000e+03	3.163911e+06	1.378000e+03	3.161635e+06	1.378000e+03	3.158162e+06	1.378000e+03	3.161301e+06	1.378000e+03	3.158922e+06	1.378000e+03	3.166745e+06	1.378000e+03	3.161661e+06	1.378000e+03	3.156283e+06	1.378000e+03	3.161766e+06	1.378000e+03	3.159420e+06	1.378000e+03	3.164732e+06	1.378000e+03	3.172192e+06	1.378000e+03	3.169634e+06	1.378000e+03	3.172129e+06	1.378000e+03	3.170007e+06	1.378000e+03	3.169082e+06	1.378000e+03	3.177287e+06	1.378000e+03	3.162196e+06	1.378000e+03	3.156745e+06	1.378000e+03	3.164990e+06	1.378000e+03	3.163720e+06	1.378000e+03	3.164928e+06	1.378000e+03	3.176883e+06	1.378000e+03	3.169747e+06	1.378000e+03	3.179445e+06	1.378000e+03	3.174573e+06	1.378000e+03	3.165513e+06	1.378000e+03	3.181289e+06	1.378000e+03	3.175763e+06	1.378000e+03	3.174081e+06	1.378000e+03	3.168457e+06	1.378000e+03	3.180112e+06	1.378000e+03	3.174305e+06	1.378000e+03	3.169336e+06	1.378000e+03	3.180339e+06	1.378000e+03	3.189022e+06	1.378000e+03	3.186407e+06	1.378000e+03	3.181842e+06	1.378000e+03	3.177823e+06	1.378000e+03	3.184856e+06	1.378000e+03	3.172646e+06	1.378000e+03	3.188084e+06	1.378000e+03	3.180851e+06	1.378000e+03	3.184000e+06	1.378000e+03	3.184358e+06	1.378000e+03	3.197705e+06	1.378000e+03	3.187426e+06	1.378000e+03	3.183583e+06	1.378000e+03	3.175192e+06	1.378000e+03	3.187246e+06	1.378000e+03	3.178560e+06	1.378000e+03	3.180380e+06	1.378000e+03	3.184657e+06	1.378000e+03	3.189080e+06	1.378000e+03	3.186382e+06	1.378000e+03	3.185368e+06	1.378000e+03	3.182612e+06	1.378000e+03	3.197541e+06	1.378000e+03	3.187469e+06	1.378000e+03	3.195387e+06	1.378000e+03	3.185819e+06	1.378000e+03	3.193969e+06	1.378000e+03	3.191101e+06	1.378000e+03	3.187688e+06	1.378000e+03	3.188639e+06	1.378000e+03	3.179489e+06	1.378000e+03	3.191408e+06	1.378000e+03	3.187245e+06	1.378000e+03	3.189498e+06	1.378000e+03	3.194992e+06	1.378000e+03	3.197981e+06	1.378000e+03	3.185501e+06	1.378000e+03	3.191261e+06	1.378000e+03	3.194446e+06	1.378000e+03	3.195810e+06	1.378000e+03	3.193480e+06	1.378000e+03	3.185243e+06	1.378000e+03	3.193351e+06	1.378000e+03	3.192242e+06	1.378000e+03	3.207664e+06	1.378000e+03	3.190965e+06	1.378000e+03	3.192078e+06	1.378000e+03	3.197383e+06	1.378000e+03	3.190081e+06	1.378000e+03	3.176005e+06	1.378000e+03	3.182394e+06	1.378000e+03	3.190579e+06	1.378000e+03	3.195332e+06	1.378000e+03	3.190368e+06	1.378000e+03	3.189211e+06	1.378000e+03	3.196750e+06	1.378000e+03	3.187960e+06	1.378000e+03	3.195577e+06	1.378000e+03	3.187413e+06	1.378000e+03	3.187038e+06	1.378000e+03	3.191232e+06	1.378000e+03	3.182239e+06	1.378000e+03	3.181921e+06	1.378000e+03	3.188893e+06	1.378000e+03	3.193785e+06	1.378000e+03	3.190661e+06	1.378000e+03	3.187106e+06	1.378000e+03	3.191385e+06	1.378000e+03	3.196498e+06	1.378000e+03	3.188728e+06	1.378000e+03	3.177385e+06	1.378000e+03	3.184362e+06	1.378000e+03	3.191869e+06	1.378000e+03	3.189661e+06	1.378000e+03	3.196954e+06	1.378000e+03	3.194252e+06	1.378000e+03	3.195988e+06	1.378000e+03	3.193833e+06	1.378000e+03	3.198457e+06	1.378000e+03	3.183504e+06	1.378000e+03	3.193429e+06	1.378000e+03	3.186736e+06	1.378000e+03	3.186778e+06	1.378000e+03	3.190296e+06	1.378000e+03	3.185350e+06	1.378000e+03	3.192993e+06	1.378000e+03	3.182404e+06	1.378000e+03	3.195007e+06	1.378000e+03	3.193032e+06	1.378000e+03	3.182624e+06	1.378000e+03	3.198213e+06	1.378000e+03	3.198808e+06	1.378000e+03	3.201963e+06	1.378000e+03	3.194531e+06	1.378000e+03	3.199857e+06	1.378000e+03	3.196594e+06	1.378000e+03	3.193611e+06	1.378000e+03	3.202349e+06	1.378000e+03	3.196530e+06	1.378000e+03	3.200456e+06	1.378000e+03	3.194782e+06	1.378000e+03	3.209348e+06	1.378000e+03	3.194899e+06	1.378000e+03	3.197551e+06	1.378000e+03	3.189798e+06	1.378000e+03	3.201821e+06	1.378000e+03	3.207409e+06	1.378000e+03	3.203516e+06	1.378000e+03	3.200067e+06	1.378000e+03	3.210831e+06	1.378000e+03	3.195820e+06	1.378000e+03	3.204624e+06	1.378000e+03	3.206513e+06	1.378000e+03	3.195367e+06	1.378000e+03	3.195578e+06	1.378000e+03	3.202497e+06	1.378000e+03	3.210055e+06	1.378000e+03	3.199556e+06	1.378000e+03	3.204455e+06	1.378000e+03	3.205831e+06	1.378000e+03	3.206554e+06	1.378000e+03	3.205183e+06	1.378000e+03	3.210770e+06	1.378000e+03	3.215040e+06	1.378000e+03	3.213023e+06	1.378000e+03	3.213554e+06	1.378000e+03	3.212087e+06	1.378000e+03	3.212340e+06	1.378000e+03	3.213885e+06	1.378000e+03	3.210356e+06	1.378000e+03	3.207130e+06	1.378000e+03	3.214936e+06
1.379000e+03	3.121150e+06	1.379000e+03	3.137691e+06	1.379000e+03	3.111458e+06	1.379000e+03	3.121231e+06	1.379000e+03	3.145164e+06	1.379000e+03	3.135315e+06	1.379000e+03	3.108257e+06	1.379000e+03	3.142577e+06	1.379000e+03	3.141276e+06	1.379000e+03	3.161374e+06	1.379000e+03	3.167020e+06	1.379000e+03	3.171509e+06	1.379000e+03	3.169892e+06	1.379000e+03	3.163997e+06	1.379000e+03	3.166249e+06	1.379000e+03	3.157265e+06	1.379000e+03	3.163462e+06	1.379000e+03	3.152720e+06	1.379000e+03	3.158148e+06	1.379000e+03	3.173648e+06	1.379000e+03	3.151667e+06	1.379000e+03	3.152926e+06	1.379000e+03	3.169306e+06	1.379000e+03	3.170092e+06	1.379000e+03	3.164600e+06	1.379000e+03	3.164062e+06	1.379000e+03	3.144231e+06	1.379000e+03	3.154148e+06	1.379000e+03	3.152545e+06	1.379000e+03	3.153926e+06	1.379000e+03	3.169819e+06	1.379000e+03	3.160827e+06	1.379000e+03	3.167093e+06	1.379000e+03	3.156104e+06	1.379000e+03	3.146770e+06	1.379000e+03	3.177296e+06	1.379000e+03	3.161763e+06	1.379000e+03	3.166024e+06	1.379000e+03	3.162520e+06	1.379000e+03	3.161121e+06	1.379000e+03	3.166717e+06	1.379000e+03	3.168715e+06	1.379000e+03	3.161648e+06	1.379000e+03	3.159527e+06	1.379000e+03	3.163707e+06	1.379000e+03	3.161809e+06	1.379000e+03	3.163130e+06	1.379000e+03	3.166039e+06	1.379000e+03	3.155627e+06	1.379000e+03	3.161051e+06	1.379000e+03	3.162990e+06	1.379000e+03	3.166414e+06	1.379000e+03	3.170385e+06	1.379000e+03	3.167059e+06	1.379000e+03	3.170118e+06	1.379000e+03	3.169727e+06	1.379000e+03	3.169767e+06	1.379000e+03	3.178382e+06	1.379000e+03	3.164733e+06	1.379000e+03	3.148725e+06	1.379000e+03	3.167050e+06	1.379000e+03	3.160828e+06	1.379000e+03	3.159226e+06	1.379000e+03	3.174152e+06	1.379000e+03	3.172653e+06	1.379000e+03	3.176778e+06	1.379000e+03	3.177488e+06	1.379000e+03	3.163733e+06	1.379000e+03	3.179008e+06	1.379000e+03	3.178612e+06	1.379000e+03	3.169662e+06	1.379000e+03	3.171620e+06	1.379000e+03	3.179108e+06	1.379000e+03	3.171239e+06	1.379000e+03	3.171289e+06	1.379000e+03	3.184919e+06	1.379000e+03	3.183514e+06	1.379000e+03	3.188707e+06	1.379000e+03	3.182046e+06	1.379000e+03	3.181303e+06	1.379000e+03	3.182109e+06	1.379000e+03	3.170558e+06	1.379000e+03	3.185378e+06	1.379000e+03	3.178685e+06	1.379000e+03	3.183555e+06	1.379000e+03	3.182088e+06	1.379000e+03	3.195867e+06	1.379000e+03	3.179015e+06	1.379000e+03	3.182528e+06	1.379000e+03	3.175095e+06	1.379000e+03	3.185625e+06	1.379000e+03	3.179873e+06	1.379000e+03	3.182055e+06	1.379000e+03	3.184013e+06	1.379000e+03	3.191556e+06	1.379000e+03	3.185852e+06	1.379000e+03	3.189021e+06	1.379000e+03	3.182685e+06	1.379000e+03	3.193023e+06	1.379000e+03	3.190770e+06	1.379000e+03	3.197793e+06	1.379000e+03	3.189191e+06	1.379000e+03	3.196817e+06	1.379000e+03	3.194638e+06	1.379000e+03	3.186282e+06	1.379000e+03	3.186649e+06	1.379000e+03	3.179537e+06	1.379000e+03	3.187281e+06	1.379000e+03	3.184509e+06	1.379000e+03	3.192621e+06	1.379000e+03	3.195414e+06	1.379000e+03	3.195657e+06	1.379000e+03	3.188265e+06	1.379000e+03	3.189635e+06	1.379000e+03	3.193664e+06	1.379000e+03	3.198550e+06	1.379000e+03	3.191409e+06	1.379000e+03	3.180432e+06	1.379000e+03	3.191422e+06	1.379000e+03	3.192620e+06	1.379000e+03	3.205619e+06	1.379000e+03	3.192230e+06	1.379000e+03	3.185587e+06	1.379000e+03	3.196458e+06	1.379000e+03	3.191155e+06	1.379000e+03	3.176388e+06	1.379000e+03	3.183834e+06	1.379000e+03	3.187765e+06	1.379000e+03	3.192427e+06	1.379000e+03	3.187959e+06	1.379000e+03	3.187673e+06	1.379000e+03	3.197191e+06	1.379000e+03	3.188702e+06	1.379000e+03	3.195863e+06	1.379000e+03	3.188709e+06	1.379000e+03	3.187889e+06	1.379000e+03	3.188864e+06	1.379000e+03	3.183782e+06	1.379000e+03	3.183023e+06	1.379000e+03	3.186254e+06	1.379000e+03	3.191759e+06	1.379000e+03	3.194512e+06	1.379000e+03	3.184931e+06	1.379000e+03	3.192915e+06	1.379000e+03	3.192774e+06	1.379000e+03	3.190531e+06	1.379000e+03	3.179160e+06	1.379000e+03	3.185770e+06	1.379000e+03	3.187122e+06	1.379000e+03	3.190954e+06	1.379000e+03	3.192638e+06	1.379000e+03	3.193775e+06	1.379000e+03	3.191057e+06	1.379000e+03	3.191558e+06	1.379000e+03	3.198245e+06	1.379000e+03	3.187258e+06	1.379000e+03	3.191732e+06	1.379000e+03	3.186516e+06	1.379000e+03	3.190239e+06	1.379000e+03	3.189177e+06	1.379000e+03	3.184627e+06	1.379000e+03	3.187397e+06	1.379000e+03	3.182575e+06	1.379000e+03	3.195676e+06	1.379000e+03	3.193245e+06	1.379000e+03	3.183303e+06	1.379000e+03	3.194801e+06	1.379000e+03	3.193618e+06	1.379000e+03	3.200236e+06	1.379000e+03	3.192502e+06	1.379000e+03	3.201222e+06	1.379000e+03	3.198049e+06	1.379000e+03	3.190957e+06	1.379000e+03	3.206509e+06	1.379000e+03	3.196233e+06	1.379000e+03	3.200699e+06	1.379000e+03	3.194456e+06	1.379000e+03	3.207183e+06	1.379000e+03	3.195305e+06	1.379000e+03	3.198167e+06	1.379000e+03	3.191136e+06	1.379000e+03	3.204321e+06	1.379000e+03	3.205791e+06	1.379000e+03	3.200639e+06	1.379000e+03	3.203949e+06	1.379000e+03	3.208632e+06	1.379000e+03	3.194543e+06	1.379000e+03	3.204734e+06	1.379000e+03	3.203423e+06	1.379000e+03	3.192142e+06	1.379000e+03	3.194127e+06	1.379000e+03	3.205052e+06	1.379000e+03	3.211578e+06	1.379000e+03	3.198370e+06	1.379000e+03	3.204689e+06	1.379000e+03	3.206665e+06	1.379000e+03	3.209149e+06	1.379000e+03	3.204633e+06	1.379000e+03	3.210919e+06	1.379000e+03	3.208967e+06	1.379000e+03	3.212311e+06	1.379000e+03	3.212891e+06	1.379000e+03	3.214177e+06	1.379000e+03	3.209469e+06	1.379000e+03	3.211122e+06	1.379000e+03	3.210807e+06	1.379000e+03	3.206629e+06	1.379000e+03	3.214808e+06
1.380000e+03	3.120126e+06	1.380000e+03	3.128888e+06	1.380000e+03	3.110111e+06	1.380000e+03	3.118490e+06	1.380000e+03	3.139169e+06	1.380000e+03	3.135084e+06	1.380000e+03	3.117031e+06	1.380000e+03	3.138227e+06	1.380000e+03	3.146836e+06	1.380000e+03	3.165180e+06	1.380000e+03	3.170636e+06	1.380000e+03	3.175589e+06	1.380000e+03	3.174707e+06	1.380000e+03	3.162845e+06	1.380000e+03	3.167643e+06	1.380000e+03	3.154057e+06	1.380000e+03	3.156226e+06	1.380000e+03	3.145506e+06	1.380000e+03	3.159291e+06	1.380000e+03	3.169780e+06	1.380000e+03	3.155873e+06	1.380000e+03	3.151237e+06	1.380000e+03	3.174296e+06	1.380000e+03	3.164822e+06	1.380000e+03	3.166647e+06	1.380000e+03	3.168356e+06	1.380000e+03	3.144771e+06	1.380000e+03	3.152620e+06	1.380000e+03	3.149327e+06	1.380000e+03	3.151725e+06	1.380000e+03	3.167597e+06	1.380000e+03	3.155153e+06	1.380000e+03	3.166765e+06	1.380000e+03	3.161606e+06	1.380000e+03	3.146202e+06	1.380000e+03	3.176644e+06	1.380000e+03	3.163833e+06	1.380000e+03	3.166813e+06	1.380000e+03	3.163275e+06	1.380000e+03	3.162476e+06	1.380000e+03	3.165878e+06	1.380000e+03	3.172746e+06	1.380000e+03	3.161675e+06	1.380000e+03	3.161849e+06	1.380000e+03	3.156947e+06	1.380000e+03	3.165237e+06	1.380000e+03	3.155119e+06	1.380000e+03	3.165402e+06	1.380000e+03	3.155147e+06	1.380000e+03	3.161282e+06	1.380000e+03	3.164100e+06	1.380000e+03	3.167574e+06	1.380000e+03	3.169899e+06	1.380000e+03	3.172434e+06	1.380000e+03	3.170262e+06	1.380000e+03	3.171426e+06	1.380000e+03	3.174777e+06	1.380000e+03	3.178586e+06	1.380000e+03	3.163273e+06	1.380000e+03	3.152280e+06	1.380000e+03	3.162117e+06	1.380000e+03	3.163561e+06	1.380000e+03	3.158118e+06	1.380000e+03	3.173686e+06	1.380000e+03	3.172442e+06	1.380000e+03	3.178631e+06	1.380000e+03	3.174346e+06	1.380000e+03	3.159547e+06	1.380000e+03	3.172347e+06	1.380000e+03	3.177629e+06	1.380000e+03	3.167357e+06	1.380000e+03	3.173586e+06	1.380000e+03	3.174006e+06	1.380000e+03	3.173505e+06	1.380000e+03	3.173157e+06	1.380000e+03	3.182911e+06	1.380000e+03	3.185148e+06	1.380000e+03	3.189422e+06	1.380000e+03	3.180453e+06	1.380000e+03	3.180754e+06	1.380000e+03	3.182112e+06	1.380000e+03	3.171260e+06	1.380000e+03	3.182318e+06	1.380000e+03	3.183921e+06	1.380000e+03	3.175113e+06	1.380000e+03	3.181403e+06	1.380000e+03	3.198134e+06	1.380000e+03	3.181936e+06	1.380000e+03	3.178641e+06	1.380000e+03	3.175799e+06	1.380000e+03	3.182467e+06	1.380000e+03	3.177462e+06	1.380000e+03	3.180811e+06	1.380000e+03	3.186750e+06	1.380000e+03	3.188954e+06	1.380000e+03	3.188153e+06	1.380000e+03	3.185454e+06	1.380000e+03	3.181860e+06	1.380000e+03	3.192975e+06	1.380000e+03	3.189225e+06	1.380000e+03	3.197118e+06	1.380000e+03	3.187548e+06	1.380000e+03	3.198434e+06	1.380000e+03	3.191661e+06	1.380000e+03	3.183912e+06	1.380000e+03	3.186273e+06	1.380000e+03	3.182695e+06	1.380000e+03	3.188937e+06	1.380000e+03	3.188363e+06	1.380000e+03	3.189270e+06	1.380000e+03	3.187852e+06	1.380000e+03	3.193502e+06	1.380000e+03	3.189530e+06	1.380000e+03	3.185579e+06	1.380000e+03	3.193030e+06	1.380000e+03	3.199809e+06	1.380000e+03	3.188183e+06	1.380000e+03	3.180570e+06	1.380000e+03	3.192089e+06	1.380000e+03	3.194432e+06	1.380000e+03	3.204343e+06	1.380000e+03	3.191503e+06	1.380000e+03	3.188700e+06	1.380000e+03	3.195001e+06	1.380000e+03	3.193207e+06	1.380000e+03	3.175150e+06	1.380000e+03	3.180675e+06	1.380000e+03	3.191492e+06	1.380000e+03	3.189569e+06	1.380000e+03	3.192323e+06	1.380000e+03	3.188322e+06	1.380000e+03	3.194927e+06	1.380000e+03	3.189824e+06	1.380000e+03	3.197245e+06	1.380000e+03	3.193268e+06	1.380000e+03	3.188120e+06	1.380000e+03	3.183845e+06	1.380000e+03	3.183961e+06	1.380000e+03	3.180954e+06	1.380000e+03	3.186494e+06	1.380000e+03	3.193036e+06	1.380000e+03	3.192661e+06	1.380000e+03	3.187959e+06	1.380000e+03	3.192141e+06	1.380000e+03	3.194291e+06	1.380000e+03	3.187672e+06	1.380000e+03	3.181949e+06	1.380000e+03	3.182237e+06	1.380000e+03	3.194877e+06	1.380000e+03	3.193277e+06	1.380000e+03	3.189444e+06	1.380000e+03	3.193306e+06	1.380000e+03	3.193808e+06	1.380000e+03	3.196736e+06	1.380000e+03	3.196196e+06	1.380000e+03	3.183946e+06	1.380000e+03	3.190644e+06	1.380000e+03	3.185709e+06	1.380000e+03	3.189421e+06	1.380000e+03	3.194921e+06	1.380000e+03	3.180749e+06	1.380000e+03	3.189257e+06	1.380000e+03	3.182141e+06	1.380000e+03	3.195602e+06	1.380000e+03	3.193842e+06	1.380000e+03	3.181764e+06	1.380000e+03	3.193642e+06	1.380000e+03	3.196277e+06	1.380000e+03	3.199043e+06	1.380000e+03	3.195239e+06	1.380000e+03	3.200267e+06	1.380000e+03	3.200058e+06	1.380000e+03	3.196504e+06	1.380000e+03	3.203842e+06	1.380000e+03	3.193361e+06	1.380000e+03	3.201980e+06	1.380000e+03	3.193186e+06	1.380000e+03	3.205461e+06	1.380000e+03	3.197401e+06	1.380000e+03	3.202976e+06	1.380000e+03	3.194267e+06	1.380000e+03	3.205184e+06	1.380000e+03	3.202971e+06	1.380000e+03	3.200624e+06	1.380000e+03	3.202853e+06	1.380000e+03	3.205771e+06	1.380000e+03	3.202655e+06	1.380000e+03	3.207030e+06	1.380000e+03	3.206135e+06	1.380000e+03	3.196483e+06	1.380000e+03	3.193996e+06	1.380000e+03	3.203769e+06	1.380000e+03	3.210521e+06	1.380000e+03	3.197625e+06	1.380000e+03	3.208617e+06	1.380000e+03	3.206006e+06	1.380000e+03	3.203024e+06	1.380000e+03	3.207676e+06	1.380000e+03	3.210050e+06	1.380000e+03	3.209210e+06	1.380000e+03	3.212735e+06	1.380000e+03	3.201861e+06	1.380000e+03	3.211136e+06	1.380000e+03	3.210125e+06	1.380000e+03	3.214070e+06	1.380000e+03	3.209689e+06	1.380000e+03	3.207190e+06	1.380000e+03	3.211339e+06
1.381000e+03	3.118526e+06	1.381000e+03	3.129575e+06	1.381000e+03	3.113054e+06	1.381000e+03	3.119431e+06	1.381000e+03	3.125524e+06	1.381000e+03	3.137585e+06	1.381000e+03	3.118724e+06	1.381000e+03	3.144832e+06	1.381000e+03	3.144430e+06	1.381000e+03	3.168121e+06	1.381000e+03	3.171227e+06	1.381000e+03	3.179110e+06	1.381000e+03	3.172779e+06	1.381000e+03	3.163323e+06	1.381000e+03	3.166206e+06	1.381000e+03	3.153307e+06	1.381000e+03	3.159207e+06	1.381000e+03	3.152581e+06	1.381000e+03	3.158797e+06	1.381000e+03	3.167706e+06	1.381000e+03	3.151646e+06	1.381000e+03	3.149237e+06	1.381000e+03	3.171928e+06	1.381000e+03	3.164709e+06	1.381000e+03	3.162442e+06	1.381000e+03	3.168392e+06	1.381000e+03	3.143708e+06	1.381000e+03	3.155566e+06	1.381000e+03	3.150290e+06	1.381000e+03	3.152392e+06	1.381000e+03	3.173696e+06	1.381000e+03	3.158955e+06	1.381000e+03	3.173029e+06	1.381000e+03	3.158396e+06	1.381000e+03	3.143547e+06	1.381000e+03	3.179716e+06	1.381000e+03	3.163550e+06	1.381000e+03	3.171157e+06	1.381000e+03	3.163541e+06	1.381000e+03	3.161196e+06	1.381000e+03	3.163746e+06	1.381000e+03	3.171139e+06	1.381000e+03	3.160297e+06	1.381000e+03	3.158269e+06	1.381000e+03	3.158239e+06	1.381000e+03	3.165282e+06	1.381000e+03	3.153583e+06	1.381000e+03	3.161550e+06	1.381000e+03	3.154164e+06	1.381000e+03	3.162101e+06	1.381000e+03	3.168283e+06	1.381000e+03	3.164276e+06	1.381000e+03	3.170055e+06	1.381000e+03	3.167584e+06	1.381000e+03	3.169953e+06	1.381000e+03	3.174693e+06	1.381000e+03	3.174868e+06	1.381000e+03	3.176624e+06	1.381000e+03	3.164570e+06	1.381000e+03	3.148182e+06	1.381000e+03	3.162005e+06	1.381000e+03	3.166398e+06	1.381000e+03	3.162148e+06	1.381000e+03	3.177275e+06	1.381000e+03	3.168532e+06	1.381000e+03	3.179486e+06	1.381000e+03	3.177391e+06	1.381000e+03	3.167625e+06	1.381000e+03	3.172980e+06	1.381000e+03	3.178404e+06	1.381000e+03	3.166425e+06	1.381000e+03	3.173700e+06	1.381000e+03	3.178387e+06	1.381000e+03	3.173070e+06	1.381000e+03	3.173567e+06	1.381000e+03	3.182154e+06	1.381000e+03	3.184329e+06	1.381000e+03	3.180651e+06	1.381000e+03	3.180315e+06	1.381000e+03	3.178148e+06	1.381000e+03	3.180631e+06	1.381000e+03	3.171608e+06	1.381000e+03	3.182717e+06	1.381000e+03	3.180673e+06	1.381000e+03	3.176662e+06	1.381000e+03	3.180684e+06	1.381000e+03	3.196320e+06	1.381000e+03	3.183034e+06	1.381000e+03	3.183358e+06	1.381000e+03	3.177385e+06	1.381000e+03	3.182069e+06	1.381000e+03	3.180761e+06	1.381000e+03	3.187539e+06	1.381000e+03	3.188065e+06	1.381000e+03	3.188330e+06	1.381000e+03	3.183562e+06	1.381000e+03	3.187288e+06	1.381000e+03	3.182419e+06	1.381000e+03	3.190583e+06	1.381000e+03	3.187590e+06	1.381000e+03	3.196575e+06	1.381000e+03	3.189799e+06	1.381000e+03	3.194956e+06	1.381000e+03	3.189176e+06	1.381000e+03	3.185282e+06	1.381000e+03	3.180272e+06	1.381000e+03	3.179339e+06	1.381000e+03	3.187893e+06	1.381000e+03	3.189491e+06	1.381000e+03	3.191945e+06	1.381000e+03	3.189131e+06	1.381000e+03	3.191946e+06	1.381000e+03	3.187261e+06	1.381000e+03	3.192160e+06	1.381000e+03	3.193661e+06	1.381000e+03	3.202524e+06	1.381000e+03	3.190369e+06	1.381000e+03	3.184192e+06	1.381000e+03	3.193615e+06	1.381000e+03	3.191658e+06	1.381000e+03	3.203267e+06	1.381000e+03	3.191179e+06	1.381000e+03	3.191003e+06	1.381000e+03	3.198605e+06	1.381000e+03	3.188964e+06	1.381000e+03	3.178979e+06	1.381000e+03	3.175932e+06	1.381000e+03	3.189857e+06	1.381000e+03	3.191038e+06	1.381000e+03	3.191535e+06	1.381000e+03	3.183224e+06	1.381000e+03	3.193792e+06	1.381000e+03	3.192453e+06	1.381000e+03	3.196509e+06	1.381000e+03	3.198106e+06	1.381000e+03	3.184397e+06	1.381000e+03	3.181162e+06	1.381000e+03	3.180538e+06	1.381000e+03	3.183166e+06	1.381000e+03	3.188538e+06	1.381000e+03	3.192598e+06	1.381000e+03	3.191480e+06	1.381000e+03	3.187298e+06	1.381000e+03	3.198594e+06	1.381000e+03	3.194266e+06	1.381000e+03	3.187885e+06	1.381000e+03	3.181017e+06	1.381000e+03	3.184998e+06	1.381000e+03	3.193554e+06	1.381000e+03	3.194865e+06	1.381000e+03	3.188446e+06	1.381000e+03	3.195387e+06	1.381000e+03	3.195429e+06	1.381000e+03	3.190405e+06	1.381000e+03	3.194107e+06	1.381000e+03	3.187550e+06	1.381000e+03	3.188593e+06	1.381000e+03	3.187599e+06	1.381000e+03	3.193770e+06	1.381000e+03	3.189933e+06	1.381000e+03	3.183643e+06	1.381000e+03	3.185916e+06	1.381000e+03	3.184591e+06	1.381000e+03	3.199290e+06	1.381000e+03	3.192989e+06	1.381000e+03	3.179227e+06	1.381000e+03	3.194840e+06	1.381000e+03	3.196006e+06	1.381000e+03	3.199849e+06	1.381000e+03	3.196452e+06	1.381000e+03	3.201240e+06	1.381000e+03	3.198021e+06	1.381000e+03	3.193032e+06	1.381000e+03	3.198898e+06	1.381000e+03	3.193246e+06	1.381000e+03	3.201393e+06	1.381000e+03	3.191217e+06	1.381000e+03	3.207844e+06	1.381000e+03	3.198769e+06	1.381000e+03	3.200683e+06	1.381000e+03	3.193151e+06	1.381000e+03	3.201024e+06	1.381000e+03	3.205059e+06	1.381000e+03	3.198846e+06	1.381000e+03	3.199272e+06	1.381000e+03	3.208987e+06	1.381000e+03	3.200084e+06	1.381000e+03	3.210208e+06	1.381000e+03	3.206944e+06	1.381000e+03	3.194134e+06	1.381000e+03	3.192416e+06	1.381000e+03	3.209040e+06	1.381000e+03	3.209214e+06	1.381000e+03	3.197592e+06	1.381000e+03	3.207489e+06	1.381000e+03	3.209425e+06	1.381000e+03	3.206276e+06	1.381000e+03	3.206971e+06	1.381000e+03	3.214183e+06	1.381000e+03	3.208930e+06	1.381000e+03	3.208545e+06	1.381000e+03	3.204784e+06	1.381000e+03	3.208853e+06	1.381000e+03	3.212355e+06	1.381000e+03	3.215148e+06	1.381000e+03	3.213344e+06	1.381000e+03	3.208511e+06	1.381000e+03	3.213016e+06
1.382000e+03	3.123295e+06	1.382000e+03	3.123847e+06	1.382000e+03	3.113533e+06	1.382000e+03	3.121550e+06	1.382000e+03	3.126296e+06	1.382000e+03	3.137736e+06	1.382000e+03	3.127725e+06	1.382000e+03	3.148725e+06	1.382000e+03	3.147321e+06	1.382000e+03	3.171409e+06	1.382000e+03	3.168308e+06	1.382000e+03	3.183309e+06	1.382000e+03	3.171455e+06	1.382000e+03	3.161854e+06	1.382000e+03	3.167602e+06	1.382000e+03	3.155110e+06	1.382000e+03	3.155782e+06	1.382000e+03	3.149311e+06	1.382000e+03	3.162067e+06	1.382000e+03	3.168994e+06	1.382000e+03	3.152260e+06	1.382000e+03	3.150320e+06	1.382000e+03	3.176429e+06	1.382000e+03	3.171337e+06	1.382000e+03	3.163955e+06	1.382000e+03	3.171736e+06	1.382000e+03	3.142586e+06	1.382000e+03	3.154841e+06	1.382000e+03	3.148584e+06	1.382000e+03	3.153638e+06	1.382000e+03	3.166436e+06	1.382000e+03	3.157264e+06	1.382000e+03	3.179036e+06	1.382000e+03	3.159608e+06	1.382000e+03	3.142798e+06	1.382000e+03	3.177005e+06	1.382000e+03	3.165416e+06	1.382000e+03	3.171035e+06	1.382000e+03	3.164774e+06	1.382000e+03	3.165012e+06	1.382000e+03	3.166402e+06	1.382000e+03	3.169104e+06	1.382000e+03	3.160781e+06	1.382000e+03	3.157288e+06	1.382000e+03	3.158115e+06	1.382000e+03	3.165930e+06	1.382000e+03	3.155460e+06	1.382000e+03	3.162758e+06	1.382000e+03	3.153569e+06	1.382000e+03	3.160452e+06	1.382000e+03	3.163201e+06	1.382000e+03	3.165869e+06	1.382000e+03	3.169624e+06	1.382000e+03	3.166374e+06	1.382000e+03	3.171655e+06	1.382000e+03	3.171678e+06	1.382000e+03	3.170558e+06	1.382000e+03	3.174475e+06	1.382000e+03	3.163451e+06	1.382000e+03	3.152001e+06	1.382000e+03	3.165342e+06	1.382000e+03	3.161515e+06	1.382000e+03	3.163926e+06	1.382000e+03	3.172498e+06	1.382000e+03	3.170381e+06	1.382000e+03	3.176815e+06	1.382000e+03	3.173307e+06	1.382000e+03	3.164123e+06	1.382000e+03	3.173878e+06	1.382000e+03	3.178082e+06	1.382000e+03	3.166269e+06	1.382000e+03	3.177220e+06	1.382000e+03	3.178969e+06	1.382000e+03	3.174805e+06	1.382000e+03	3.177325e+06	1.382000e+03	3.180955e+06	1.382000e+03	3.186155e+06	1.382000e+03	3.189954e+06	1.382000e+03	3.179858e+06	1.382000e+03	3.185119e+06	1.382000e+03	3.183779e+06	1.382000e+03	3.170652e+06	1.382000e+03	3.179553e+06	1.382000e+03	3.184679e+06	1.382000e+03	3.180646e+06	1.382000e+03	3.182273e+06	1.382000e+03	3.189004e+06	1.382000e+03	3.181572e+06	1.382000e+03	3.181479e+06	1.382000e+03	3.175278e+06	1.382000e+03	3.180271e+06	1.382000e+03	3.179832e+06	1.382000e+03	3.186950e+06	1.382000e+03	3.186425e+06	1.382000e+03	3.189994e+06	1.382000e+03	3.184668e+06	1.382000e+03	3.186691e+06	1.382000e+03	3.182425e+06	1.382000e+03	3.190093e+06	1.382000e+03	3.189345e+06	1.382000e+03	3.197094e+06	1.382000e+03	3.184612e+06	1.382000e+03	3.192750e+06	1.382000e+03	3.189760e+06	1.382000e+03	3.191903e+06	1.382000e+03	3.179276e+06	1.382000e+03	3.184600e+06	1.382000e+03	3.189838e+06	1.382000e+03	3.185630e+06	1.382000e+03	3.194340e+06	1.382000e+03	3.191757e+06	1.382000e+03	3.192080e+06	1.382000e+03	3.186798e+06	1.382000e+03	3.187245e+06	1.382000e+03	3.193550e+06	1.382000e+03	3.197254e+06	1.382000e+03	3.189061e+06	1.382000e+03	3.184490e+06	1.382000e+03	3.191396e+06	1.382000e+03	3.194067e+06	1.382000e+03	3.196292e+06	1.382000e+03	3.193455e+06	1.382000e+03	3.197054e+06	1.382000e+03	3.195076e+06	1.382000e+03	3.189123e+06	1.382000e+03	3.178510e+06	1.382000e+03	3.180637e+06	1.382000e+03	3.187636e+06	1.382000e+03	3.192678e+06	1.382000e+03	3.191595e+06	1.382000e+03	3.185950e+06	1.382000e+03	3.195623e+06	1.382000e+03	3.190961e+06	1.382000e+03	3.196346e+06	1.382000e+03	3.192636e+06	1.382000e+03	3.187498e+06	1.382000e+03	3.189554e+06	1.382000e+03	3.183096e+06	1.382000e+03	3.184372e+06	1.382000e+03	3.185859e+06	1.382000e+03	3.191621e+06	1.382000e+03	3.189957e+06	1.382000e+03	3.187321e+06	1.382000e+03	3.197541e+06	1.382000e+03	3.192329e+06	1.382000e+03	3.191927e+06	1.382000e+03	3.184651e+06	1.382000e+03	3.184493e+06	1.382000e+03	3.191358e+06	1.382000e+03	3.192187e+06	1.382000e+03	3.193628e+06	1.382000e+03	3.195580e+06	1.382000e+03	3.192048e+06	1.382000e+03	3.193277e+06	1.382000e+03	3.198114e+06	1.382000e+03	3.186619e+06	1.382000e+03	3.185020e+06	1.382000e+03	3.186809e+06	1.382000e+03	3.194303e+06	1.382000e+03	3.191278e+06	1.382000e+03	3.182265e+06	1.382000e+03	3.193597e+06	1.382000e+03	3.186235e+06	1.382000e+03	3.202244e+06	1.382000e+03	3.194535e+06	1.382000e+03	3.174681e+06	1.382000e+03	3.193021e+06	1.382000e+03	3.197595e+06	1.382000e+03	3.200240e+06	1.382000e+03	3.191154e+06	1.382000e+03	3.203657e+06	1.382000e+03	3.197792e+06	1.382000e+03	3.192025e+06	1.382000e+03	3.198578e+06	1.382000e+03	3.194889e+06	1.382000e+03	3.199822e+06	1.382000e+03	3.197018e+06	1.382000e+03	3.204701e+06	1.382000e+03	3.192849e+06	1.382000e+03	3.200104e+06	1.382000e+03	3.192389e+06	1.382000e+03	3.197294e+06	1.382000e+03	3.199712e+06	1.382000e+03	3.199578e+06	1.382000e+03	3.199579e+06	1.382000e+03	3.209935e+06	1.382000e+03	3.200511e+06	1.382000e+03	3.206198e+06	1.382000e+03	3.206803e+06	1.382000e+03	3.193495e+06	1.382000e+03	3.191871e+06	1.382000e+03	3.207037e+06	1.382000e+03	3.214052e+06	1.382000e+03	3.193554e+06	1.382000e+03	3.204010e+06	1.382000e+03	3.207329e+06	1.382000e+03	3.206944e+06	1.382000e+03	3.205672e+06	1.382000e+03	3.213455e+06	1.382000e+03	3.213024e+06	1.382000e+03	3.210750e+06	1.382000e+03	3.204389e+06	1.382000e+03	3.207709e+06	1.382000e+03	3.206444e+06	1.382000e+03	3.217079e+06	1.382000e+03	3.215545e+06	1.382000e+03	3.209475e+06	1.382000e+03	3.212812e+06
1.383000e+03	3.122289e+06	1.383000e+03	3.125159e+06	1.383000e+03	3.115281e+06	1.383000e+03	3.120934e+06	1.383000e+03	3.123805e+06	1.383000e+03	3.141103e+06	1.383000e+03	3.124384e+06	1.383000e+03	3.144548e+06	1.383000e+03	3.147322e+06	1.383000e+03	3.166771e+06	1.383000e+03	3.170088e+06	1.383000e+03	3.181360e+06	1.383000e+03	3.168189e+06	1.383000e+03	3.164401e+06	1.383000e+03	3.170364e+06	1.383000e+03	3.155391e+06	1.383000e+03	3.157704e+06	1.383000e+03	3.146015e+06	1.383000e+03	3.159359e+06	1.383000e+03	3.167752e+06	1.383000e+03	3.150728e+06	1.383000e+03	3.151263e+06	1.383000e+03	3.168478e+06	1.383000e+03	3.166372e+06	1.383000e+03	3.162143e+06	1.383000e+03	3.179189e+06	1.383000e+03	3.143049e+06	1.383000e+03	3.155666e+06	1.383000e+03	3.150706e+06	1.383000e+03	3.157528e+06	1.383000e+03	3.164086e+06	1.383000e+03	3.160699e+06	1.383000e+03	3.175429e+06	1.383000e+03	3.158237e+06	1.383000e+03	3.144006e+06	1.383000e+03	3.174971e+06	1.383000e+03	3.165435e+06	1.383000e+03	3.169997e+06	1.383000e+03	3.165178e+06	1.383000e+03	3.166292e+06	1.383000e+03	3.166693e+06	1.383000e+03	3.168308e+06	1.383000e+03	3.164638e+06	1.383000e+03	3.157820e+06	1.383000e+03	3.157908e+06	1.383000e+03	3.158726e+06	1.383000e+03	3.155761e+06	1.383000e+03	3.161428e+06	1.383000e+03	3.156366e+06	1.383000e+03	3.160239e+06	1.383000e+03	3.166897e+06	1.383000e+03	3.164054e+06	1.383000e+03	3.165980e+06	1.383000e+03	3.166661e+06	1.383000e+03	3.171543e+06	1.383000e+03	3.170448e+06	1.383000e+03	3.171220e+06	1.383000e+03	3.172997e+06	1.383000e+03	3.164314e+06	1.383000e+03	3.152781e+06	1.383000e+03	3.169368e+06	1.383000e+03	3.163943e+06	1.383000e+03	3.160715e+06	1.383000e+03	3.173493e+06	1.383000e+03	3.170446e+06	1.383000e+03	3.181392e+06	1.383000e+03	3.174085e+06	1.383000e+03	3.165962e+06	1.383000e+03	3.171696e+06	1.383000e+03	3.178581e+06	1.383000e+03	3.168276e+06	1.383000e+03	3.179974e+06	1.383000e+03	3.179964e+06	1.383000e+03	3.175300e+06	1.383000e+03	3.178975e+06	1.383000e+03	3.184206e+06	1.383000e+03	3.186999e+06	1.383000e+03	3.187748e+06	1.383000e+03	3.180670e+06	1.383000e+03	3.185184e+06	1.383000e+03	3.179913e+06	1.383000e+03	3.171822e+06	1.383000e+03	3.175810e+06	1.383000e+03	3.191099e+06	1.383000e+03	3.182929e+06	1.383000e+03	3.187662e+06	1.383000e+03	3.192192e+06	1.383000e+03	3.183341e+06	1.383000e+03	3.179629e+06	1.383000e+03	3.174146e+06	1.383000e+03	3.184213e+06	1.383000e+03	3.178123e+06	1.383000e+03	3.187011e+06	1.383000e+03	3.185860e+06	1.383000e+03	3.188696e+06	1.383000e+03	3.184940e+06	1.383000e+03	3.183391e+06	1.383000e+03	3.182555e+06	1.383000e+03	3.186892e+06	1.383000e+03	3.186670e+06	1.383000e+03	3.197493e+06	1.383000e+03	3.184132e+06	1.383000e+03	3.197731e+06	1.383000e+03	3.193558e+06	1.383000e+03	3.185749e+06	1.383000e+03	3.181073e+06	1.383000e+03	3.183756e+06	1.383000e+03	3.191344e+06	1.383000e+03	3.189846e+06	1.383000e+03	3.192306e+06	1.383000e+03	3.189485e+06	1.383000e+03	3.191150e+06	1.383000e+03	3.193154e+06	1.383000e+03	3.189739e+06	1.383000e+03	3.193731e+06	1.383000e+03	3.194891e+06	1.383000e+03	3.190937e+06	1.383000e+03	3.183945e+06	1.383000e+03	3.188625e+06	1.383000e+03	3.189589e+06	1.383000e+03	3.193297e+06	1.383000e+03	3.190224e+06	1.383000e+03	3.192650e+06	1.383000e+03	3.199547e+06	1.383000e+03	3.191068e+06	1.383000e+03	3.176497e+06	1.383000e+03	3.182537e+06	1.383000e+03	3.189782e+06	1.383000e+03	3.195686e+06	1.383000e+03	3.190113e+06	1.383000e+03	3.187960e+06	1.383000e+03	3.197617e+06	1.383000e+03	3.188778e+06	1.383000e+03	3.194150e+06	1.383000e+03	3.196419e+06	1.383000e+03	3.183588e+06	1.383000e+03	3.186799e+06	1.383000e+03	3.184083e+06	1.383000e+03	3.185796e+06	1.383000e+03	3.186674e+06	1.383000e+03	3.191233e+06	1.383000e+03	3.192942e+06	1.383000e+03	3.186960e+06	1.383000e+03	3.196154e+06	1.383000e+03	3.195963e+06	1.383000e+03	3.190876e+06	1.383000e+03	3.185453e+06	1.383000e+03	3.182968e+06	1.383000e+03	3.191942e+06	1.383000e+03	3.190720e+06	1.383000e+03	3.188909e+06	1.383000e+03	3.191966e+06	1.383000e+03	3.195085e+06	1.383000e+03	3.197741e+06	1.383000e+03	3.196492e+06	1.383000e+03	3.180828e+06	1.383000e+03	3.188352e+06	1.383000e+03	3.188072e+06	1.383000e+03	3.192058e+06	1.383000e+03	3.190073e+06	1.383000e+03	3.186038e+06	1.383000e+03	3.189374e+06	1.383000e+03	3.186438e+06	1.383000e+03	3.199323e+06	1.383000e+03	3.193283e+06	1.383000e+03	3.180164e+06	1.383000e+03	3.192604e+06	1.383000e+03	3.196909e+06	1.383000e+03	3.199377e+06	1.383000e+03	3.195042e+06	1.383000e+03	3.193732e+06	1.383000e+03	3.195393e+06	1.383000e+03	3.192222e+06	1.383000e+03	3.203694e+06	1.383000e+03	3.192865e+06	1.383000e+03	3.197852e+06	1.383000e+03	3.197943e+06	1.383000e+03	3.209080e+06	1.383000e+03	3.191352e+06	1.383000e+03	3.201806e+06	1.383000e+03	3.191853e+06	1.383000e+03	3.196692e+06	1.383000e+03	3.202785e+06	1.383000e+03	3.202437e+06	1.383000e+03	3.199241e+06	1.383000e+03	3.208822e+06	1.383000e+03	3.201397e+06	1.383000e+03	3.200629e+06	1.383000e+03	3.208698e+06	1.383000e+03	3.195797e+06	1.383000e+03	3.192126e+06	1.383000e+03	3.206250e+06	1.383000e+03	3.210162e+06	1.383000e+03	3.197159e+06	1.383000e+03	3.204618e+06	1.383000e+03	3.209033e+06	1.383000e+03	3.205010e+06	1.383000e+03	3.203452e+06	1.383000e+03	3.214079e+06	1.383000e+03	3.212626e+06	1.383000e+03	3.208792e+06	1.383000e+03	3.206468e+06	1.383000e+03	3.210265e+06	1.383000e+03	3.210352e+06	1.383000e+03	3.212139e+06	1.383000e+03	3.213964e+06	1.383000e+03	3.208974e+06	1.383000e+03	3.212815e+06
1.384000e+03	3.121653e+06	1.384000e+03	3.127979e+06	1.384000e+03	3.114066e+06	1.384000e+03	3.121667e+06	1.384000e+03	3.129514e+06	1.384000e+03	3.139307e+06	1.384000e+03	3.128661e+06	1.384000e+03	3.146218e+06	1.384000e+03	3.150408e+06	1.384000e+03	3.169152e+06	1.384000e+03	3.170626e+06	1.384000e+03	3.179247e+06	1.384000e+03	3.169246e+06	1.384000e+03	3.163998e+06	1.384000e+03	3.166578e+06	1.384000e+03	3.151205e+06	1.384000e+03	3.158625e+06	1.384000e+03	3.151484e+06	1.384000e+03	3.164393e+06	1.384000e+03	3.170996e+06	1.384000e+03	3.150018e+06	1.384000e+03	3.150093e+06	1.384000e+03	3.169156e+06	1.384000e+03	3.169533e+06	1.384000e+03	3.163691e+06	1.384000e+03	3.178021e+06	1.384000e+03	3.146978e+06	1.384000e+03	3.157437e+06	1.384000e+03	3.149445e+06	1.384000e+03	3.156468e+06	1.384000e+03	3.161774e+06	1.384000e+03	3.158983e+06	1.384000e+03	3.177527e+06	1.384000e+03	3.158579e+06	1.384000e+03	3.142838e+06	1.384000e+03	3.177313e+06	1.384000e+03	3.168005e+06	1.384000e+03	3.169716e+06	1.384000e+03	3.167761e+06	1.384000e+03	3.167226e+06	1.384000e+03	3.164463e+06	1.384000e+03	3.167132e+06	1.384000e+03	3.161856e+06	1.384000e+03	3.151799e+06	1.384000e+03	3.160580e+06	1.384000e+03	3.153049e+06	1.384000e+03	3.155659e+06	1.384000e+03	3.163633e+06	1.384000e+03	3.154929e+06	1.384000e+03	3.158127e+06	1.384000e+03	3.162654e+06	1.384000e+03	3.166331e+06	1.384000e+03	3.164608e+06	1.384000e+03	3.165376e+06	1.384000e+03	3.170675e+06	1.384000e+03	3.169251e+06	1.384000e+03	3.173982e+06	1.384000e+03	3.174725e+06	1.384000e+03	3.166236e+06	1.384000e+03	3.153673e+06	1.384000e+03	3.171240e+06	1.384000e+03	3.160170e+06	1.384000e+03	3.163780e+06	1.384000e+03	3.173320e+06	1.384000e+03	3.170447e+06	1.384000e+03	3.182741e+06	1.384000e+03	3.177386e+06	1.384000e+03	3.166463e+06	1.384000e+03	3.171097e+06	1.384000e+03	3.170914e+06	1.384000e+03	3.167157e+06	1.384000e+03	3.163167e+06	1.384000e+03	3.175784e+06	1.384000e+03	3.176777e+06	1.384000e+03	3.176864e+06	1.384000e+03	3.184551e+06	1.384000e+03	3.191350e+06	1.384000e+03	3.184532e+06	1.384000e+03	3.177869e+06	1.384000e+03	3.180446e+06	1.384000e+03	3.180730e+06	1.384000e+03	3.171775e+06	1.384000e+03	3.176510e+06	1.384000e+03	3.188348e+06	1.384000e+03	3.176751e+06	1.384000e+03	3.181915e+06	1.384000e+03	3.190741e+06	1.384000e+03	3.180054e+06	1.384000e+03	3.179703e+06	1.384000e+03	3.173666e+06	1.384000e+03	3.183184e+06	1.384000e+03	3.177845e+06	1.384000e+03	3.185625e+06	1.384000e+03	3.190327e+06	1.384000e+03	3.190787e+06	1.384000e+03	3.190477e+06	1.384000e+03	3.181838e+06	1.384000e+03	3.182916e+06	1.384000e+03	3.187356e+06	1.384000e+03	3.186480e+06	1.384000e+03	3.192941e+06	1.384000e+03	3.184898e+06	1.384000e+03	3.199340e+06	1.384000e+03	3.189406e+06	1.384000e+03	3.190175e+06	1.384000e+03	3.181991e+06	1.384000e+03	3.183357e+06	1.384000e+03	3.187005e+06	1.384000e+03	3.188109e+06	1.384000e+03	3.196604e+06	1.384000e+03	3.192584e+06	1.384000e+03	3.193442e+06	1.384000e+03	3.189338e+06	1.384000e+03	3.191339e+06	1.384000e+03	3.193099e+06	1.384000e+03	3.194130e+06	1.384000e+03	3.187868e+06	1.384000e+03	3.184533e+06	1.384000e+03	3.187343e+06	1.384000e+03	3.190800e+06	1.384000e+03	3.199213e+06	1.384000e+03	3.191638e+06	1.384000e+03	3.191319e+06	1.384000e+03	3.199327e+06	1.384000e+03	3.191864e+06	1.384000e+03	3.178032e+06	1.384000e+03	3.183739e+06	1.384000e+03	3.196942e+06	1.384000e+03	3.194802e+06	1.384000e+03	3.188597e+06	1.384000e+03	3.190181e+06	1.384000e+03	3.198409e+06	1.384000e+03	3.191382e+06	1.384000e+03	3.195403e+06	1.384000e+03	3.192119e+06	1.384000e+03	3.188618e+06	1.384000e+03	3.186937e+06	1.384000e+03	3.185254e+06	1.384000e+03	3.183963e+06	1.384000e+03	3.189271e+06	1.384000e+03	3.194099e+06	1.384000e+03	3.187048e+06	1.384000e+03	3.187489e+06	1.384000e+03	3.201621e+06	1.384000e+03	3.192196e+06	1.384000e+03	3.187065e+06	1.384000e+03	3.180016e+06	1.384000e+03	3.188150e+06	1.384000e+03	3.192097e+06	1.384000e+03	3.183543e+06	1.384000e+03	3.186509e+06	1.384000e+03	3.197416e+06	1.384000e+03	3.195693e+06	1.384000e+03	3.198965e+06	1.384000e+03	3.194216e+06	1.384000e+03	3.187479e+06	1.384000e+03	3.190671e+06	1.384000e+03	3.185855e+06	1.384000e+03	3.188426e+06	1.384000e+03	3.186912e+06	1.384000e+03	3.185772e+06	1.384000e+03	3.190685e+06	1.384000e+03	3.188034e+06	1.384000e+03	3.200765e+06	1.384000e+03	3.191810e+06	1.384000e+03	3.177671e+06	1.384000e+03	3.194241e+06	1.384000e+03	3.202171e+06	1.384000e+03	3.200887e+06	1.384000e+03	3.199085e+06	1.384000e+03	3.195861e+06	1.384000e+03	3.196603e+06	1.384000e+03	3.195933e+06	1.384000e+03	3.201214e+06	1.384000e+03	3.195473e+06	1.384000e+03	3.203996e+06	1.384000e+03	3.197174e+06	1.384000e+03	3.209441e+06	1.384000e+03	3.191357e+06	1.384000e+03	3.198025e+06	1.384000e+03	3.193102e+06	1.384000e+03	3.200396e+06	1.384000e+03	3.204437e+06	1.384000e+03	3.201022e+06	1.384000e+03	3.199671e+06	1.384000e+03	3.207706e+06	1.384000e+03	3.200356e+06	1.384000e+03	3.202907e+06	1.384000e+03	3.209115e+06	1.384000e+03	3.196284e+06	1.384000e+03	3.192080e+06	1.384000e+03	3.206354e+06	1.384000e+03	3.212004e+06	1.384000e+03	3.192999e+06	1.384000e+03	3.205956e+06	1.384000e+03	3.209336e+06	1.384000e+03	3.201544e+06	1.384000e+03	3.207140e+06	1.384000e+03	3.214282e+06	1.384000e+03	3.210242e+06	1.384000e+03	3.209317e+06	1.384000e+03	3.204207e+06	1.384000e+03	3.211022e+06	1.384000e+03	3.213438e+06	1.384000e+03	3.215417e+06	1.384000e+03	3.214807e+06	1.384000e+03	3.208308e+06	1.384000e+03	3.209963e+06
1.385000e+03	3.118348e+06	1.385000e+03	3.128963e+06	1.385000e+03	3.113254e+06	1.385000e+03	3.119643e+06	1.385000e+03	3.135383e+06	1.385000e+03	3.140029e+06	1.385000e+03	3.122352e+06	1.385000e+03	3.151249e+06	1.385000e+03	3.145782e+06	1.385000e+03	3.169097e+06	1.385000e+03	3.171547e+06	1.385000e+03	3.178589e+06	1.385000e+03	3.172966e+06	1.385000e+03	3.162471e+06	1.385000e+03	3.170511e+06	1.385000e+03	3.151246e+06	1.385000e+03	3.156953e+06	1.385000e+03	3.146057e+06	1.385000e+03	3.163387e+06	1.385000e+03	3.164123e+06	1.385000e+03	3.152708e+06	1.385000e+03	3.156698e+06	1.385000e+03	3.168342e+06	1.385000e+03	3.171088e+06	1.385000e+03	3.162961e+06	1.385000e+03	3.178150e+06	1.385000e+03	3.146226e+06	1.385000e+03	3.162474e+06	1.385000e+03	3.153841e+06	1.385000e+03	3.158596e+06	1.385000e+03	3.158238e+06	1.385000e+03	3.159496e+06	1.385000e+03	3.179087e+06	1.385000e+03	3.164203e+06	1.385000e+03	3.145949e+06	1.385000e+03	3.174421e+06	1.385000e+03	3.167118e+06	1.385000e+03	3.169089e+06	1.385000e+03	3.163404e+06	1.385000e+03	3.171932e+06	1.385000e+03	3.165676e+06	1.385000e+03	3.165451e+06	1.385000e+03	3.165435e+06	1.385000e+03	3.155290e+06	1.385000e+03	3.155090e+06	1.385000e+03	3.152993e+06	1.385000e+03	3.155520e+06	1.385000e+03	3.161426e+06	1.385000e+03	3.158082e+06	1.385000e+03	3.161386e+06	1.385000e+03	3.166687e+06	1.385000e+03	3.169198e+06	1.385000e+03	3.167158e+06	1.385000e+03	3.164912e+06	1.385000e+03	3.169005e+06	1.385000e+03	3.170557e+06	1.385000e+03	3.168627e+06	1.385000e+03	3.170792e+06	1.385000e+03	3.166676e+06	1.385000e+03	3.150942e+06	1.385000e+03	3.170397e+06	1.385000e+03	3.153494e+06	1.385000e+03	3.162499e+06	1.385000e+03	3.169291e+06	1.385000e+03	3.173644e+06	1.385000e+03	3.179689e+06	1.385000e+03	3.173623e+06	1.385000e+03	3.165277e+06	1.385000e+03	3.169386e+06	1.385000e+03	3.172430e+06	1.385000e+03	3.166833e+06	1.385000e+03	3.169142e+06	1.385000e+03	3.178642e+06	1.385000e+03	3.175624e+06	1.385000e+03	3.176490e+06	1.385000e+03	3.180774e+06	1.385000e+03	3.193864e+06	1.385000e+03	3.186535e+06	1.385000e+03	3.182815e+06	1.385000e+03	3.181331e+06	1.385000e+03	3.180249e+06	1.385000e+03	3.170951e+06	1.385000e+03	3.179763e+06	1.385000e+03	3.182671e+06	1.385000e+03	3.177552e+06	1.385000e+03	3.182037e+06	1.385000e+03	3.189767e+06	1.385000e+03	3.180761e+06	1.385000e+03	3.180594e+06	1.385000e+03	3.169807e+06	1.385000e+03	3.187977e+06	1.385000e+03	3.181103e+06	1.385000e+03	3.185198e+06	1.385000e+03	3.186893e+06	1.385000e+03	3.187988e+06	1.385000e+03	3.185240e+06	1.385000e+03	3.185305e+06	1.385000e+03	3.184942e+06	1.385000e+03	3.186430e+06	1.385000e+03	3.189595e+06	1.385000e+03	3.191418e+06	1.385000e+03	3.182520e+06	1.385000e+03	3.197442e+06	1.385000e+03	3.193289e+06	1.385000e+03	3.184839e+06	1.385000e+03	3.181607e+06	1.385000e+03	3.184319e+06	1.385000e+03	3.185538e+06	1.385000e+03	3.187104e+06	1.385000e+03	3.194779e+06	1.385000e+03	3.190365e+06	1.385000e+03	3.194392e+06	1.385000e+03	3.188235e+06	1.385000e+03	3.189030e+06	1.385000e+03	3.192235e+06	1.385000e+03	3.190990e+06	1.385000e+03	3.188370e+06	1.385000e+03	3.182193e+06	1.385000e+03	3.193906e+06	1.385000e+03	3.187607e+06	1.385000e+03	3.199158e+06	1.385000e+03	3.194006e+06	1.385000e+03	3.193898e+06	1.385000e+03	3.197608e+06	1.385000e+03	3.189008e+06	1.385000e+03	3.180009e+06	1.385000e+03	3.183944e+06	1.385000e+03	3.196533e+06	1.385000e+03	3.193792e+06	1.385000e+03	3.190955e+06	1.385000e+03	3.189607e+06	1.385000e+03	3.195910e+06	1.385000e+03	3.192228e+06	1.385000e+03	3.196038e+06	1.385000e+03	3.196631e+06	1.385000e+03	3.188198e+06	1.385000e+03	3.186448e+06	1.385000e+03	3.192514e+06	1.385000e+03	3.186053e+06	1.385000e+03	3.185229e+06	1.385000e+03	3.194014e+06	1.385000e+03	3.189728e+06	1.385000e+03	3.186733e+06	1.385000e+03	3.194547e+06	1.385000e+03	3.190041e+06	1.385000e+03	3.188737e+06	1.385000e+03	3.182018e+06	1.385000e+03	3.184669e+06	1.385000e+03	3.194125e+06	1.385000e+03	3.184483e+06	1.385000e+03	3.189742e+06	1.385000e+03	3.195583e+06	1.385000e+03	3.191890e+06	1.385000e+03	3.198970e+06	1.385000e+03	3.192941e+06	1.385000e+03	3.187380e+06	1.385000e+03	3.184902e+06	1.385000e+03	3.187987e+06	1.385000e+03	3.190879e+06	1.385000e+03	3.187747e+06	1.385000e+03	3.188075e+06	1.385000e+03	3.196144e+06	1.385000e+03	3.187897e+06	1.385000e+03	3.192307e+06	1.385000e+03	3.190594e+06	1.385000e+03	3.178123e+06	1.385000e+03	3.195999e+06	1.385000e+03	3.198131e+06	1.385000e+03	3.197588e+06	1.385000e+03	3.196666e+06	1.385000e+03	3.199879e+06	1.385000e+03	3.194507e+06	1.385000e+03	3.193613e+06	1.385000e+03	3.202597e+06	1.385000e+03	3.194194e+06	1.385000e+03	3.198326e+06	1.385000e+03	3.199122e+06	1.385000e+03	3.204689e+06	1.385000e+03	3.193126e+06	1.385000e+03	3.196865e+06	1.385000e+03	3.190072e+06	1.385000e+03	3.199957e+06	1.385000e+03	3.201777e+06	1.385000e+03	3.202398e+06	1.385000e+03	3.208527e+06	1.385000e+03	3.211135e+06	1.385000e+03	3.200020e+06	1.385000e+03	3.205992e+06	1.385000e+03	3.202764e+06	1.385000e+03	3.196391e+06	1.385000e+03	3.193288e+06	1.385000e+03	3.209452e+06	1.385000e+03	3.209732e+06	1.385000e+03	3.201218e+06	1.385000e+03	3.206268e+06	1.385000e+03	3.204664e+06	1.385000e+03	3.203211e+06	1.385000e+03	3.203589e+06	1.385000e+03	3.213503e+06	1.385000e+03	3.209280e+06	1.385000e+03	3.206307e+06	1.385000e+03	3.205679e+06	1.385000e+03	3.213634e+06	1.385000e+03	3.211753e+06	1.385000e+03	3.212401e+06	1.385000e+03	3.209282e+06	1.385000e+03	3.207938e+06	1.385000e+03	3.208603e+06
1.386000e+03	3.118337e+06	1.386000e+03	3.124924e+06	1.386000e+03	3.114699e+06	1.386000e+03	3.122475e+06	1.386000e+03	3.133645e+06	1.386000e+03	3.138583e+06	1.386000e+03	3.124546e+06	1.386000e+03	3.147911e+06	1.386000e+03	3.147319e+06	1.386000e+03	3.171911e+06	1.386000e+03	3.168297e+06	1.386000e+03	3.177872e+06	1.386000e+03	3.175397e+06	1.386000e+03	3.160420e+06	1.386000e+03	3.168911e+06	1.386000e+03	3.155866e+06	1.386000e+03	3.158374e+06	1.386000e+03	3.143438e+06	1.386000e+03	3.163196e+06	1.386000e+03	3.165287e+06	1.386000e+03	3.152931e+06	1.386000e+03	3.155914e+06	1.386000e+03	3.172195e+06	1.386000e+03	3.169921e+06	1.386000e+03	3.161637e+06	1.386000e+03	3.177538e+06	1.386000e+03	3.146159e+06	1.386000e+03	3.168366e+06	1.386000e+03	3.154872e+06	1.386000e+03	3.155880e+06	1.386000e+03	3.166493e+06	1.386000e+03	3.156098e+06	1.386000e+03	3.183575e+06	1.386000e+03	3.163453e+06	1.386000e+03	3.145566e+06	1.386000e+03	3.172035e+06	1.386000e+03	3.170052e+06	1.386000e+03	3.162098e+06	1.386000e+03	3.162036e+06	1.386000e+03	3.167245e+06	1.386000e+03	3.165424e+06	1.386000e+03	3.167353e+06	1.386000e+03	3.166611e+06	1.386000e+03	3.161156e+06	1.386000e+03	3.157509e+06	1.386000e+03	3.155614e+06	1.386000e+03	3.158489e+06	1.386000e+03	3.162555e+06	1.386000e+03	3.158674e+06	1.386000e+03	3.162874e+06	1.386000e+03	3.167938e+06	1.386000e+03	3.166333e+06	1.386000e+03	3.165163e+06	1.386000e+03	3.163048e+06	1.386000e+03	3.164446e+06	1.386000e+03	3.169755e+06	1.386000e+03	3.172181e+06	1.386000e+03	3.176154e+06	1.386000e+03	3.160962e+06	1.386000e+03	3.151678e+06	1.386000e+03	3.172956e+06	1.386000e+03	3.149757e+06	1.386000e+03	3.167738e+06	1.386000e+03	3.172059e+06	1.386000e+03	3.174735e+06	1.386000e+03	3.181031e+06	1.386000e+03	3.176044e+06	1.386000e+03	3.166588e+06	1.386000e+03	3.171515e+06	1.386000e+03	3.170275e+06	1.386000e+03	3.177039e+06	1.386000e+03	3.171251e+06	1.386000e+03	3.177905e+06	1.386000e+03	3.172677e+06	1.386000e+03	3.177626e+06	1.386000e+03	3.180812e+06	1.386000e+03	3.195905e+06	1.386000e+03	3.187689e+06	1.386000e+03	3.183745e+06	1.386000e+03	3.186034e+06	1.386000e+03	3.182513e+06	1.386000e+03	3.171907e+06	1.386000e+03	3.177919e+06	1.386000e+03	3.183522e+06	1.386000e+03	3.178613e+06	1.386000e+03	3.180130e+06	1.386000e+03	3.194056e+06	1.386000e+03	3.183642e+06	1.386000e+03	3.184419e+06	1.386000e+03	3.175130e+06	1.386000e+03	3.192975e+06	1.386000e+03	3.180730e+06	1.386000e+03	3.186224e+06	1.386000e+03	3.188059e+06	1.386000e+03	3.187997e+06	1.386000e+03	3.183956e+06	1.386000e+03	3.182778e+06	1.386000e+03	3.183378e+06	1.386000e+03	3.189621e+06	1.386000e+03	3.187067e+06	1.386000e+03	3.192078e+06	1.386000e+03	3.186264e+06	1.386000e+03	3.196056e+06	1.386000e+03	3.190166e+06	1.386000e+03	3.185095e+06	1.386000e+03	3.187793e+06	1.386000e+03	3.188578e+06	1.386000e+03	3.187106e+06	1.386000e+03	3.188769e+06	1.386000e+03	3.190807e+06	1.386000e+03	3.186588e+06	1.386000e+03	3.196642e+06	1.386000e+03	3.191933e+06	1.386000e+03	3.189177e+06	1.386000e+03	3.191859e+06	1.386000e+03	3.191270e+06	1.386000e+03	3.190698e+06	1.386000e+03	3.184028e+06	1.386000e+03	3.194714e+06	1.386000e+03	3.187424e+06	1.386000e+03	3.197989e+06	1.386000e+03	3.192134e+06	1.386000e+03	3.194807e+06	1.386000e+03	3.197110e+06	1.386000e+03	3.189914e+06	1.386000e+03	3.183832e+06	1.386000e+03	3.184125e+06	1.386000e+03	3.190664e+06	1.386000e+03	3.193365e+06	1.386000e+03	3.190997e+06	1.386000e+03	3.191339e+06	1.386000e+03	3.190814e+06	1.386000e+03	3.190089e+06	1.386000e+03	3.198046e+06	1.386000e+03	3.195269e+06	1.386000e+03	3.191011e+06	1.386000e+03	3.189170e+06	1.386000e+03	3.189386e+06	1.386000e+03	3.186718e+06	1.386000e+03	3.190567e+06	1.386000e+03	3.193711e+06	1.386000e+03	3.193198e+06	1.386000e+03	3.185317e+06	1.386000e+03	3.194498e+06	1.386000e+03	3.193189e+06	1.386000e+03	3.185814e+06	1.386000e+03	3.184059e+06	1.386000e+03	3.185307e+06	1.386000e+03	3.192989e+06	1.386000e+03	3.185175e+06	1.386000e+03	3.190780e+06	1.386000e+03	3.196994e+06	1.386000e+03	3.189913e+06	1.386000e+03	3.196699e+06	1.386000e+03	3.196355e+06	1.386000e+03	3.188228e+06	1.386000e+03	3.186244e+06	1.386000e+03	3.187726e+06	1.386000e+03	3.188336e+06	1.386000e+03	3.184586e+06	1.386000e+03	3.185693e+06	1.386000e+03	3.195043e+06	1.386000e+03	3.192203e+06	1.386000e+03	3.191818e+06	1.386000e+03	3.196362e+06	1.386000e+03	3.178766e+06	1.386000e+03	3.192655e+06	1.386000e+03	3.199049e+06	1.386000e+03	3.198560e+06	1.386000e+03	3.195941e+06	1.386000e+03	3.198568e+06	1.386000e+03	3.198466e+06	1.386000e+03	3.191503e+06	1.386000e+03	3.207474e+06	1.386000e+03	3.192989e+06	1.386000e+03	3.199823e+06	1.386000e+03	3.192665e+06	1.386000e+03	3.205519e+06	1.386000e+03	3.194548e+06	1.386000e+03	3.202330e+06	1.386000e+03	3.187649e+06	1.386000e+03	3.202881e+06	1.386000e+03	3.205552e+06	1.386000e+03	3.205648e+06	1.386000e+03	3.207373e+06	1.386000e+03	3.210073e+06	1.386000e+03	3.202139e+06	1.386000e+03	3.208318e+06	1.386000e+03	3.201602e+06	1.386000e+03	3.199719e+06	1.386000e+03	3.197290e+06	1.386000e+03	3.206101e+06	1.386000e+03	3.211265e+06	1.386000e+03	3.202042e+06	1.386000e+03	3.210369e+06	1.386000e+03	3.203994e+06	1.386000e+03	3.204419e+06	1.386000e+03	3.208837e+06	1.386000e+03	3.210953e+06	1.386000e+03	3.209876e+06	1.386000e+03	3.206149e+06	1.386000e+03	3.203989e+06	1.386000e+03	3.211933e+06	1.386000e+03	3.213758e+06	1.386000e+03	3.212940e+06	1.386000e+03	3.211888e+06	1.386000e+03	3.207226e+06	1.386000e+03	3.210190e+06
1.387000e+03	3.118944e+06	1.387000e+03	3.122724e+06	1.387000e+03	3.117236e+06	1.387000e+03	3.121703e+06	1.387000e+03	3.132394e+06	1.387000e+03	3.138266e+06	1.387000e+03	3.123922e+06	1.387000e+03	3.148351e+06	1.387000e+03	3.151570e+06	1.387000e+03	3.171380e+06	1.387000e+03	3.167484e+06	1.387000e+03	3.178625e+06	1.387000e+03	3.174191e+06	1.387000e+03	3.157626e+06	1.387000e+03	3.165029e+06	1.387000e+03	3.157614e+06	1.387000e+03	3.157052e+06	1.387000e+03	3.141660e+06	1.387000e+03	3.155522e+06	1.387000e+03	3.168976e+06	1.387000e+03	3.154949e+06	1.387000e+03	3.161014e+06	1.387000e+03	3.171473e+06	1.387000e+03	3.168793e+06	1.387000e+03	3.168529e+06	1.387000e+03	3.177059e+06	1.387000e+03	3.145535e+06	1.387000e+03	3.164140e+06	1.387000e+03	3.151704e+06	1.387000e+03	3.156384e+06	1.387000e+03	3.164726e+06	1.387000e+03	3.159761e+06	1.387000e+03	3.184315e+06	1.387000e+03	3.167412e+06	1.387000e+03	3.142947e+06	1.387000e+03	3.174870e+06	1.387000e+03	3.169009e+06	1.387000e+03	3.159448e+06	1.387000e+03	3.162117e+06	1.387000e+03	3.164455e+06	1.387000e+03	3.163438e+06	1.387000e+03	3.167869e+06	1.387000e+03	3.163993e+06	1.387000e+03	3.155850e+06	1.387000e+03	3.157248e+06	1.387000e+03	3.156514e+06	1.387000e+03	3.158258e+06	1.387000e+03	3.165049e+06	1.387000e+03	3.159203e+06	1.387000e+03	3.159875e+06	1.387000e+03	3.164038e+06	1.387000e+03	3.166573e+06	1.387000e+03	3.158430e+06	1.387000e+03	3.167162e+06	1.387000e+03	3.169829e+06	1.387000e+03	3.171710e+06	1.387000e+03	3.171648e+06	1.387000e+03	3.178869e+06	1.387000e+03	3.162639e+06	1.387000e+03	3.157000e+06	1.387000e+03	3.166422e+06	1.387000e+03	3.152309e+06	1.387000e+03	3.166347e+06	1.387000e+03	3.170326e+06	1.387000e+03	3.177343e+06	1.387000e+03	3.179393e+06	1.387000e+03	3.176766e+06	1.387000e+03	3.169147e+06	1.387000e+03	3.177858e+06	1.387000e+03	3.167292e+06	1.387000e+03	3.179329e+06	1.387000e+03	3.169194e+06	1.387000e+03	3.177081e+06	1.387000e+03	3.178013e+06	1.387000e+03	3.174813e+06	1.387000e+03	3.181699e+06	1.387000e+03	3.192275e+06	1.387000e+03	3.184612e+06	1.387000e+03	3.182388e+06	1.387000e+03	3.188076e+06	1.387000e+03	3.185842e+06	1.387000e+03	3.171787e+06	1.387000e+03	3.177999e+06	1.387000e+03	3.187796e+06	1.387000e+03	3.177090e+06	1.387000e+03	3.177876e+06	1.387000e+03	3.193493e+06	1.387000e+03	3.186857e+06	1.387000e+03	3.182591e+06	1.387000e+03	3.173897e+06	1.387000e+03	3.181564e+06	1.387000e+03	3.180178e+06	1.387000e+03	3.177800e+06	1.387000e+03	3.184529e+06	1.387000e+03	3.190639e+06	1.387000e+03	3.184904e+06	1.387000e+03	3.182106e+06	1.387000e+03	3.181514e+06	1.387000e+03	3.188389e+06	1.387000e+03	3.190844e+06	1.387000e+03	3.192122e+06	1.387000e+03	3.186686e+06	1.387000e+03	3.197240e+06	1.387000e+03	3.189831e+06	1.387000e+03	3.186557e+06	1.387000e+03	3.186686e+06	1.387000e+03	3.189431e+06	1.387000e+03	3.188556e+06	1.387000e+03	3.188565e+06	1.387000e+03	3.191406e+06	1.387000e+03	3.186385e+06	1.387000e+03	3.201929e+06	1.387000e+03	3.185972e+06	1.387000e+03	3.192129e+06	1.387000e+03	3.192428e+06	1.387000e+03	3.193593e+06	1.387000e+03	3.190787e+06	1.387000e+03	3.185143e+06	1.387000e+03	3.195814e+06	1.387000e+03	3.185673e+06	1.387000e+03	3.197343e+06	1.387000e+03	3.192726e+06	1.387000e+03	3.192692e+06	1.387000e+03	3.197668e+06	1.387000e+03	3.194213e+06	1.387000e+03	3.182894e+06	1.387000e+03	3.182598e+06	1.387000e+03	3.191838e+06	1.387000e+03	3.197049e+06	1.387000e+03	3.190525e+06	1.387000e+03	3.187302e+06	1.387000e+03	3.196600e+06	1.387000e+03	3.186818e+06	1.387000e+03	3.196025e+06	1.387000e+03	3.192826e+06	1.387000e+03	3.190296e+06	1.387000e+03	3.186099e+06	1.387000e+03	3.185856e+06	1.387000e+03	3.187639e+06	1.387000e+03	3.190534e+06	1.387000e+03	3.194472e+06	1.387000e+03	3.194355e+06	1.387000e+03	3.183790e+06	1.387000e+03	3.197404e+06	1.387000e+03	3.195397e+06	1.387000e+03	3.186636e+06	1.387000e+03	3.185328e+06	1.387000e+03	3.188181e+06	1.387000e+03	3.195159e+06	1.387000e+03	3.188865e+06	1.387000e+03	3.188638e+06	1.387000e+03	3.200430e+06	1.387000e+03	3.193591e+06	1.387000e+03	3.194209e+06	1.387000e+03	3.197227e+06	1.387000e+03	3.187669e+06	1.387000e+03	3.187294e+06	1.387000e+03	3.190560e+06	1.387000e+03	3.190890e+06	1.387000e+03	3.187817e+06	1.387000e+03	3.186197e+06	1.387000e+03	3.194641e+06	1.387000e+03	3.191815e+06	1.387000e+03	3.192452e+06	1.387000e+03	3.192381e+06	1.387000e+03	3.178605e+06	1.387000e+03	3.189658e+06	1.387000e+03	3.198555e+06	1.387000e+03	3.197731e+06	1.387000e+03	3.193551e+06	1.387000e+03	3.198230e+06	1.387000e+03	3.199060e+06	1.387000e+03	3.189617e+06	1.387000e+03	3.205162e+06	1.387000e+03	3.193370e+06	1.387000e+03	3.199706e+06	1.387000e+03	3.194052e+06	1.387000e+03	3.201130e+06	1.387000e+03	3.195227e+06	1.387000e+03	3.202273e+06	1.387000e+03	3.192453e+06	1.387000e+03	3.201946e+06	1.387000e+03	3.199380e+06	1.387000e+03	3.203349e+06	1.387000e+03	3.209210e+06	1.387000e+03	3.209428e+06	1.387000e+03	3.198186e+06	1.387000e+03	3.210653e+06	1.387000e+03	3.203453e+06	1.387000e+03	3.198367e+06	1.387000e+03	3.195202e+06	1.387000e+03	3.209598e+06	1.387000e+03	3.209160e+06	1.387000e+03	3.192319e+06	1.387000e+03	3.210449e+06	1.387000e+03	3.203332e+06	1.387000e+03	3.205909e+06	1.387000e+03	3.209814e+06	1.387000e+03	3.212090e+06	1.387000e+03	3.213723e+06	1.387000e+03	3.200495e+06	1.387000e+03	3.203363e+06	1.387000e+03	3.210417e+06	1.387000e+03	3.214640e+06	1.387000e+03	3.215393e+06	1.387000e+03	3.210606e+06	1.387000e+03	3.205829e+06	1.387000e+03	3.209709e+06
1.388000e+03	3.123277e+06	1.388000e+03	3.125703e+06	1.388000e+03	3.117536e+06	1.388000e+03	3.121504e+06	1.388000e+03	3.134762e+06	1.388000e+03	3.136740e+06	1.388000e+03	3.125340e+06	1.388000e+03	3.151016e+06	1.388000e+03	3.149706e+06	1.388000e+03	3.170531e+06	1.388000e+03	3.168864e+06	1.388000e+03	3.178535e+06	1.388000e+03	3.170916e+06	1.388000e+03	3.162976e+06	1.388000e+03	3.165391e+06	1.388000e+03	3.156260e+06	1.388000e+03	3.161484e+06	1.388000e+03	3.144059e+06	1.388000e+03	3.163394e+06	1.388000e+03	3.159189e+06	1.388000e+03	3.157023e+06	1.388000e+03	3.156714e+06	1.388000e+03	3.171943e+06	1.388000e+03	3.173570e+06	1.388000e+03	3.160759e+06	1.388000e+03	3.177548e+06	1.388000e+03	3.142754e+06	1.388000e+03	3.164321e+06	1.388000e+03	3.149398e+06	1.388000e+03	3.156506e+06	1.388000e+03	3.157615e+06	1.388000e+03	3.157559e+06	1.388000e+03	3.181115e+06	1.388000e+03	3.159966e+06	1.388000e+03	3.141134e+06	1.388000e+03	3.174292e+06	1.388000e+03	3.162557e+06	1.388000e+03	3.154891e+06	1.388000e+03	3.163950e+06	1.388000e+03	3.166192e+06	1.388000e+03	3.161074e+06	1.388000e+03	3.162965e+06	1.388000e+03	3.162199e+06	1.388000e+03	3.153731e+06	1.388000e+03	3.161215e+06	1.388000e+03	3.159038e+06	1.388000e+03	3.164099e+06	1.388000e+03	3.164729e+06	1.388000e+03	3.160687e+06	1.388000e+03	3.162102e+06	1.388000e+03	3.163703e+06	1.388000e+03	3.167020e+06	1.388000e+03	3.162510e+06	1.388000e+03	3.169208e+06	1.388000e+03	3.166830e+06	1.388000e+03	3.171825e+06	1.388000e+03	3.170189e+06	1.388000e+03	3.177007e+06	1.388000e+03	3.164332e+06	1.388000e+03	3.157562e+06	1.388000e+03	3.170522e+06	1.388000e+03	3.154180e+06	1.388000e+03	3.163104e+06	1.388000e+03	3.167319e+06	1.388000e+03	3.174776e+06	1.388000e+03	3.172069e+06	1.388000e+03	3.174533e+06	1.388000e+03	3.168798e+06	1.388000e+03	3.176296e+06	1.388000e+03	3.165455e+06	1.388000e+03	3.178855e+06	1.388000e+03	3.173565e+06	1.388000e+03	3.178708e+06	1.388000e+03	3.179299e+06	1.388000e+03	3.173310e+06	1.388000e+03	3.182071e+06	1.388000e+03	3.191903e+06	1.388000e+03	3.185869e+06	1.388000e+03	3.183874e+06	1.388000e+03	3.187176e+06	1.388000e+03	3.183805e+06	1.388000e+03	3.172665e+06	1.388000e+03	3.181637e+06	1.388000e+03	3.182171e+06	1.388000e+03	3.176296e+06	1.388000e+03	3.183303e+06	1.388000e+03	3.191159e+06	1.388000e+03	3.186284e+06	1.388000e+03	3.186449e+06	1.388000e+03	3.172626e+06	1.388000e+03	3.176535e+06	1.388000e+03	3.180158e+06	1.388000e+03	3.180551e+06	1.388000e+03	3.181745e+06	1.388000e+03	3.188800e+06	1.388000e+03	3.183406e+06	1.388000e+03	3.181424e+06	1.388000e+03	3.183415e+06	1.388000e+03	3.190267e+06	1.388000e+03	3.197189e+06	1.388000e+03	3.194607e+06	1.388000e+03	3.189101e+06	1.388000e+03	3.191295e+06	1.388000e+03	3.189412e+06	1.388000e+03	3.187256e+06	1.388000e+03	3.188023e+06	1.388000e+03	3.183553e+06	1.388000e+03	3.185335e+06	1.388000e+03	3.188424e+06	1.388000e+03	3.189445e+06	1.388000e+03	3.190386e+06	1.388000e+03	3.200339e+06	1.388000e+03	3.189544e+06	1.388000e+03	3.188268e+06	1.388000e+03	3.192832e+06	1.388000e+03	3.192945e+06	1.388000e+03	3.186784e+06	1.388000e+03	3.188047e+06	1.388000e+03	3.200024e+06	1.388000e+03	3.189443e+06	1.388000e+03	3.196407e+06	1.388000e+03	3.193819e+06	1.388000e+03	3.191424e+06	1.388000e+03	3.196548e+06	1.388000e+03	3.193041e+06	1.388000e+03	3.180332e+06	1.388000e+03	3.183371e+06	1.388000e+03	3.190636e+06	1.388000e+03	3.190222e+06	1.388000e+03	3.192001e+06	1.388000e+03	3.190861e+06	1.388000e+03	3.195542e+06	1.388000e+03	3.187862e+06	1.388000e+03	3.199258e+06	1.388000e+03	3.198636e+06	1.388000e+03	3.188270e+06	1.388000e+03	3.185161e+06	1.388000e+03	3.186079e+06	1.388000e+03	3.182627e+06	1.388000e+03	3.189778e+06	1.388000e+03	3.202478e+06	1.388000e+03	3.195273e+06	1.388000e+03	3.185638e+06	1.388000e+03	3.198698e+06	1.388000e+03	3.196900e+06	1.388000e+03	3.188917e+06	1.388000e+03	3.184646e+06	1.388000e+03	3.188946e+06	1.388000e+03	3.193749e+06	1.388000e+03	3.186270e+06	1.388000e+03	3.187942e+06	1.388000e+03	3.196119e+06	1.388000e+03	3.187380e+06	1.388000e+03	3.196073e+06	1.388000e+03	3.195208e+06	1.388000e+03	3.184438e+06	1.388000e+03	3.184395e+06	1.388000e+03	3.190923e+06	1.388000e+03	3.187929e+06	1.388000e+03	3.187766e+06	1.388000e+03	3.183516e+06	1.388000e+03	3.189702e+06	1.388000e+03	3.192916e+06	1.388000e+03	3.191945e+06	1.388000e+03	3.196650e+06	1.388000e+03	3.181530e+06	1.388000e+03	3.194247e+06	1.388000e+03	3.197678e+06	1.388000e+03	3.197788e+06	1.388000e+03	3.192263e+06	1.388000e+03	3.200981e+06	1.388000e+03	3.195419e+06	1.388000e+03	3.193671e+06	1.388000e+03	3.205569e+06	1.388000e+03	3.194528e+06	1.388000e+03	3.198901e+06	1.388000e+03	3.200189e+06	1.388000e+03	3.203815e+06	1.388000e+03	3.194460e+06	1.388000e+03	3.203638e+06	1.388000e+03	3.194870e+06	1.388000e+03	3.202647e+06	1.388000e+03	3.200599e+06	1.388000e+03	3.201417e+06	1.388000e+03	3.201932e+06	1.388000e+03	3.206442e+06	1.388000e+03	3.200510e+06	1.388000e+03	3.207261e+06	1.388000e+03	3.203979e+06	1.388000e+03	3.194832e+06	1.388000e+03	3.195937e+06	1.388000e+03	3.204476e+06	1.388000e+03	3.207456e+06	1.388000e+03	3.196094e+06	1.388000e+03	3.209629e+06	1.388000e+03	3.207344e+06	1.388000e+03	3.202122e+06	1.388000e+03	3.213222e+06	1.388000e+03	3.210613e+06	1.388000e+03	3.213055e+06	1.388000e+03	3.210022e+06	1.388000e+03	3.203969e+06	1.388000e+03	3.207796e+06	1.388000e+03	3.211612e+06	1.388000e+03	3.214229e+06	1.388000e+03	3.208547e+06	1.388000e+03	3.203665e+06	1.388000e+03	3.208490e+06
1.389000e+03	3.116852e+06	1.389000e+03	3.128150e+06	1.389000e+03	3.118848e+06	1.389000e+03	3.116198e+06	1.389000e+03	3.131923e+06	1.389000e+03	3.132781e+06	1.389000e+03	3.127905e+06	1.389000e+03	3.146868e+06	1.389000e+03	3.146194e+06	1.389000e+03	3.169618e+06	1.389000e+03	3.168070e+06	1.389000e+03	3.176734e+06	1.389000e+03	3.170985e+06	1.389000e+03	3.161838e+06	1.389000e+03	3.162250e+06	1.389000e+03	3.156533e+06	1.389000e+03	3.161222e+06	1.389000e+03	3.145812e+06	1.389000e+03	3.162015e+06	1.389000e+03	3.173476e+06	1.389000e+03	3.153521e+06	1.389000e+03	3.160348e+06	1.389000e+03	3.174332e+06	1.389000e+03	3.175533e+06	1.389000e+03	3.156455e+06	1.389000e+03	3.174673e+06	1.389000e+03	3.145104e+06	1.389000e+03	3.165777e+06	1.389000e+03	3.150841e+06	1.389000e+03	3.157622e+06	1.389000e+03	3.157544e+06	1.389000e+03	3.154135e+06	1.389000e+03	3.179708e+06	1.389000e+03	3.161285e+06	1.389000e+03	3.145708e+06	1.389000e+03	3.176490e+06	1.389000e+03	3.163223e+06	1.389000e+03	3.160462e+06	1.389000e+03	3.165166e+06	1.389000e+03	3.167997e+06	1.389000e+03	3.161003e+06	1.389000e+03	3.160392e+06	1.389000e+03	3.162716e+06	1.389000e+03	3.152207e+06	1.389000e+03	3.163206e+06	1.389000e+03	3.154300e+06	1.389000e+03	3.160795e+06	1.389000e+03	3.168266e+06	1.389000e+03	3.158610e+06	1.389000e+03	3.164029e+06	1.389000e+03	3.163699e+06	1.389000e+03	3.165947e+06	1.389000e+03	3.163465e+06	1.389000e+03	3.168183e+06	1.389000e+03	3.165423e+06	1.389000e+03	3.175883e+06	1.389000e+03	3.164369e+06	1.389000e+03	3.177571e+06	1.389000e+03	3.168690e+06	1.389000e+03	3.160741e+06	1.389000e+03	3.164242e+06	1.389000e+03	3.158056e+06	1.389000e+03	3.171348e+06	1.389000e+03	3.163504e+06	1.389000e+03	3.175250e+06	1.389000e+03	3.174586e+06	1.389000e+03	3.177023e+06	1.389000e+03	3.170010e+06	1.389000e+03	3.175697e+06	1.389000e+03	3.164513e+06	1.389000e+03	3.179560e+06	1.389000e+03	3.173619e+06	1.389000e+03	3.178152e+06	1.389000e+03	3.172118e+06	1.389000e+03	3.170317e+06	1.389000e+03	3.181314e+06	1.389000e+03	3.191273e+06	1.389000e+03	3.187917e+06	1.389000e+03	3.182732e+06	1.389000e+03	3.185784e+06	1.389000e+03	3.181129e+06	1.389000e+03	3.174433e+06	1.389000e+03	3.179316e+06	1.389000e+03	3.179989e+06	1.389000e+03	3.176709e+06	1.389000e+03	3.182736e+06	1.389000e+03	3.193168e+06	1.389000e+03	3.188349e+06	1.389000e+03	3.186077e+06	1.389000e+03	3.175919e+06	1.389000e+03	3.175774e+06	1.389000e+03	3.181273e+06	1.389000e+03	3.179161e+06	1.389000e+03	3.187123e+06	1.389000e+03	3.188765e+06	1.389000e+03	3.188542e+06	1.389000e+03	3.181948e+06	1.389000e+03	3.179420e+06	1.389000e+03	3.184013e+06	1.389000e+03	3.194729e+06	1.389000e+03	3.194538e+06	1.389000e+03	3.189873e+06	1.389000e+03	3.192056e+06	1.389000e+03	3.189116e+06	1.389000e+03	3.185872e+06	1.389000e+03	3.185626e+06	1.389000e+03	3.186000e+06	1.389000e+03	3.187502e+06	1.389000e+03	3.189149e+06	1.389000e+03	3.187674e+06	1.389000e+03	3.190618e+06	1.389000e+03	3.194474e+06	1.389000e+03	3.189239e+06	1.389000e+03	3.187770e+06	1.389000e+03	3.193179e+06	1.389000e+03	3.194061e+06	1.389000e+03	3.182206e+06	1.389000e+03	3.188136e+06	1.389000e+03	3.195461e+06	1.389000e+03	3.189495e+06	1.389000e+03	3.199331e+06	1.389000e+03	3.192083e+06	1.389000e+03	3.190577e+06	1.389000e+03	3.192509e+06	1.389000e+03	3.196530e+06	1.389000e+03	3.180897e+06	1.389000e+03	3.188842e+06	1.389000e+03	3.189008e+06	1.389000e+03	3.191507e+06	1.389000e+03	3.191882e+06	1.389000e+03	3.190628e+06	1.389000e+03	3.198787e+06	1.389000e+03	3.187462e+06	1.389000e+03	3.196392e+06	1.389000e+03	3.193035e+06	1.389000e+03	3.187126e+06	1.389000e+03	3.184021e+06	1.389000e+03	3.184290e+06	1.389000e+03	3.182716e+06	1.389000e+03	3.186807e+06	1.389000e+03	3.201909e+06	1.389000e+03	3.193564e+06	1.389000e+03	3.187944e+06	1.389000e+03	3.199009e+06	1.389000e+03	3.194988e+06	1.389000e+03	3.186675e+06	1.389000e+03	3.186574e+06	1.389000e+03	3.185598e+06	1.389000e+03	3.193125e+06	1.389000e+03	3.187100e+06	1.389000e+03	3.190064e+06	1.389000e+03	3.196211e+06	1.389000e+03	3.186309e+06	1.389000e+03	3.197414e+06	1.389000e+03	3.195013e+06	1.389000e+03	3.183560e+06	1.389000e+03	3.186905e+06	1.389000e+03	3.191070e+06	1.389000e+03	3.188018e+06	1.389000e+03	3.185936e+06	1.389000e+03	3.183744e+06	1.389000e+03	3.187771e+06	1.389000e+03	3.194393e+06	1.389000e+03	3.195185e+06	1.389000e+03	3.191012e+06	1.389000e+03	3.180521e+06	1.389000e+03	3.192683e+06	1.389000e+03	3.200632e+06	1.389000e+03	3.198810e+06	1.389000e+03	3.193664e+06	1.389000e+03	3.197309e+06	1.389000e+03	3.197341e+06	1.389000e+03	3.190136e+06	1.389000e+03	3.203850e+06	1.389000e+03	3.200307e+06	1.389000e+03	3.201399e+06	1.389000e+03	3.195950e+06	1.389000e+03	3.204402e+06	1.389000e+03	3.195243e+06	1.389000e+03	3.202222e+06	1.389000e+03	3.194748e+06	1.389000e+03	3.205943e+06	1.389000e+03	3.200844e+06	1.389000e+03	3.203596e+06	1.389000e+03	3.201889e+06	1.389000e+03	3.208010e+06	1.389000e+03	3.198983e+06	1.389000e+03	3.207902e+06	1.389000e+03	3.202096e+06	1.389000e+03	3.194241e+06	1.389000e+03	3.195728e+06	1.389000e+03	3.207195e+06	1.389000e+03	3.207148e+06	1.389000e+03	3.198509e+06	1.389000e+03	3.208476e+06	1.389000e+03	3.206495e+06	1.389000e+03	3.204220e+06	1.389000e+03	3.207611e+06	1.389000e+03	3.210955e+06	1.389000e+03	3.213928e+06	1.389000e+03	3.208760e+06	1.389000e+03	3.205697e+06	1.389000e+03	3.209052e+06	1.389000e+03	3.208809e+06	1.389000e+03	3.214780e+06	1.389000e+03	3.207773e+06	1.389000e+03	3.206673e+06	1.389000e+03	3.206993e+06
1.390000e+03	3.118674e+06	1.390000e+03	3.127900e+06	1.390000e+03	3.120212e+06	1.390000e+03	3.119529e+06	1.390000e+03	3.137046e+06	1.390000e+03	3.134884e+06	1.390000e+03	3.124539e+06	1.390000e+03	3.141259e+06	1.390000e+03	3.144819e+06	1.390000e+03	3.169872e+06	1.390000e+03	3.171587e+06	1.390000e+03	3.177238e+06	1.390000e+03	3.171178e+06	1.390000e+03	3.170716e+06	1.390000e+03	3.165014e+06	1.390000e+03	3.157236e+06	1.390000e+03	3.156382e+06	1.390000e+03	3.146502e+06	1.390000e+03	3.161449e+06	1.390000e+03	3.171417e+06	1.390000e+03	3.149514e+06	1.390000e+03	3.157128e+06	1.390000e+03	3.171935e+06	1.390000e+03	3.171263e+06	1.390000e+03	3.156137e+06	1.390000e+03	3.174536e+06	1.390000e+03	3.147902e+06	1.390000e+03	3.161043e+06	1.390000e+03	3.150395e+06	1.390000e+03	3.152474e+06	1.390000e+03	3.155373e+06	1.390000e+03	3.153880e+06	1.390000e+03	3.180299e+06	1.390000e+03	3.159594e+06	1.390000e+03	3.145349e+06	1.390000e+03	3.175245e+06	1.390000e+03	3.170520e+06	1.390000e+03	3.158060e+06	1.390000e+03	3.161899e+06	1.390000e+03	3.165503e+06	1.390000e+03	3.160475e+06	1.390000e+03	3.162007e+06	1.390000e+03	3.161852e+06	1.390000e+03	3.153177e+06	1.390000e+03	3.160782e+06	1.390000e+03	3.152115e+06	1.390000e+03	3.154683e+06	1.390000e+03	3.168539e+06	1.390000e+03	3.159603e+06	1.390000e+03	3.164609e+06	1.390000e+03	3.161857e+06	1.390000e+03	3.165039e+06	1.390000e+03	3.163099e+06	1.390000e+03	3.165942e+06	1.390000e+03	3.172232e+06	1.390000e+03	3.173057e+06	1.390000e+03	3.168971e+06	1.390000e+03	3.175259e+06	1.390000e+03	3.167609e+06	1.390000e+03	3.162627e+06	1.390000e+03	3.167890e+06	1.390000e+03	3.154888e+06	1.390000e+03	3.173997e+06	1.390000e+03	3.165288e+06	1.390000e+03	3.174594e+06	1.390000e+03	3.174895e+06	1.390000e+03	3.178683e+06	1.390000e+03	3.166138e+06	1.390000e+03	3.175156e+06	1.390000e+03	3.169826e+06	1.390000e+03	3.179487e+06	1.390000e+03	3.171244e+06	1.390000e+03	3.182899e+06	1.390000e+03	3.170755e+06	1.390000e+03	3.175978e+06	1.390000e+03	3.181367e+06	1.390000e+03	3.191991e+06	1.390000e+03	3.184809e+06	1.390000e+03	3.186381e+06	1.390000e+03	3.188071e+06	1.390000e+03	3.181100e+06	1.390000e+03	3.172727e+06	1.390000e+03	3.179941e+06	1.390000e+03	3.184335e+06	1.390000e+03	3.180839e+06	1.390000e+03	3.185100e+06	1.390000e+03	3.192504e+06	1.390000e+03	3.185029e+06	1.390000e+03	3.186380e+06	1.390000e+03	3.176684e+06	1.390000e+03	3.171771e+06	1.390000e+03	3.178786e+06	1.390000e+03	3.181016e+06	1.390000e+03	3.188549e+06	1.390000e+03	3.187137e+06	1.390000e+03	3.187916e+06	1.390000e+03	3.180598e+06	1.390000e+03	3.181188e+06	1.390000e+03	3.184399e+06	1.390000e+03	3.193867e+06	1.390000e+03	3.191352e+06	1.390000e+03	3.191346e+06	1.390000e+03	3.193556e+06	1.390000e+03	3.196646e+06	1.390000e+03	3.186960e+06	1.390000e+03	3.187863e+06	1.390000e+03	3.187681e+06	1.390000e+03	3.187158e+06	1.390000e+03	3.189538e+06	1.390000e+03	3.186772e+06	1.390000e+03	3.191199e+06	1.390000e+03	3.195649e+06	1.390000e+03	3.195783e+06	1.390000e+03	3.187510e+06	1.390000e+03	3.194871e+06	1.390000e+03	3.193848e+06	1.390000e+03	3.189407e+06	1.390000e+03	3.186833e+06	1.390000e+03	3.193993e+06	1.390000e+03	3.189999e+06	1.390000e+03	3.195243e+06	1.390000e+03	3.194419e+06	1.390000e+03	3.190877e+06	1.390000e+03	3.193904e+06	1.390000e+03	3.196095e+06	1.390000e+03	3.181529e+06	1.390000e+03	3.190218e+06	1.390000e+03	3.192260e+06	1.390000e+03	3.193209e+06	1.390000e+03	3.191129e+06	1.390000e+03	3.192049e+06	1.390000e+03	3.194322e+06	1.390000e+03	3.193022e+06	1.390000e+03	3.198262e+06	1.390000e+03	3.190391e+06	1.390000e+03	3.188093e+06	1.390000e+03	3.185600e+06	1.390000e+03	3.182179e+06	1.390000e+03	3.182452e+06	1.390000e+03	3.188952e+06	1.390000e+03	3.199744e+06	1.390000e+03	3.193693e+06	1.390000e+03	3.186348e+06	1.390000e+03	3.194600e+06	1.390000e+03	3.195490e+06	1.390000e+03	3.185136e+06	1.390000e+03	3.185338e+06	1.390000e+03	3.185155e+06	1.390000e+03	3.193232e+06	1.390000e+03	3.187970e+06	1.390000e+03	3.192136e+06	1.390000e+03	3.196656e+06	1.390000e+03	3.184017e+06	1.390000e+03	3.197023e+06	1.390000e+03	3.194742e+06	1.390000e+03	3.183130e+06	1.390000e+03	3.188408e+06	1.390000e+03	3.194794e+06	1.390000e+03	3.190813e+06	1.390000e+03	3.190158e+06	1.390000e+03	3.185968e+06	1.390000e+03	3.188392e+06	1.390000e+03	3.190875e+06	1.390000e+03	3.192443e+06	1.390000e+03	3.190393e+06	1.390000e+03	3.177156e+06	1.390000e+03	3.196569e+06	1.390000e+03	3.201031e+06	1.390000e+03	3.199518e+06	1.390000e+03	3.198331e+06	1.390000e+03	3.196848e+06	1.390000e+03	3.196657e+06	1.390000e+03	3.188946e+06	1.390000e+03	3.202727e+06	1.390000e+03	3.202846e+06	1.390000e+03	3.207682e+06	1.390000e+03	3.195179e+06	1.390000e+03	3.205121e+06	1.390000e+03	3.192643e+06	1.390000e+03	3.203328e+06	1.390000e+03	3.195484e+06	1.390000e+03	3.207124e+06	1.390000e+03	3.200462e+06	1.390000e+03	3.202223e+06	1.390000e+03	3.201141e+06	1.390000e+03	3.209826e+06	1.390000e+03	3.201037e+06	1.390000e+03	3.206729e+06	1.390000e+03	3.202184e+06	1.390000e+03	3.195468e+06	1.390000e+03	3.200160e+06	1.390000e+03	3.213113e+06	1.390000e+03	3.206387e+06	1.390000e+03	3.199315e+06	1.390000e+03	3.207474e+06	1.390000e+03	3.207994e+06	1.390000e+03	3.199658e+06	1.390000e+03	3.211439e+06	1.390000e+03	3.210389e+06	1.390000e+03	3.212010e+06	1.390000e+03	3.206923e+06	1.390000e+03	3.206387e+06	1.390000e+03	3.210197e+06	1.390000e+03	3.206456e+06	1.390000e+03	3.213490e+06	1.390000e+03	3.207991e+06	1.390000e+03	3.206568e+06	1.390000e+03	3.205464e+06
1.391000e+03	3.123339e+06	1.391000e+03	3.130340e+06	1.391000e+03	3.122806e+06	1.391000e+03	3.120695e+06	1.391000e+03	3.136896e+06	1.391000e+03	3.135228e+06	1.391000e+03	3.126041e+06	1.391000e+03	3.145187e+06	1.391000e+03	3.148631e+06	1.391000e+03	3.166868e+06	1.391000e+03	3.172795e+06	1.391000e+03	3.174797e+06	1.391000e+03	3.169382e+06	1.391000e+03	3.169235e+06	1.391000e+03	3.165242e+06	1.391000e+03	3.158039e+06	1.391000e+03	3.157422e+06	1.391000e+03	3.146903e+06	1.391000e+03	3.160994e+06	1.391000e+03	3.171886e+06	1.391000e+03	3.152593e+06	1.391000e+03	3.154081e+06	1.391000e+03	3.172032e+06	1.391000e+03	3.170509e+06	1.391000e+03	3.156028e+06	1.391000e+03	3.175862e+06	1.391000e+03	3.148191e+06	1.391000e+03	3.160655e+06	1.391000e+03	3.150788e+06	1.391000e+03	3.156143e+06	1.391000e+03	3.151447e+06	1.391000e+03	3.158434e+06	1.391000e+03	3.178870e+06	1.391000e+03	3.161999e+06	1.391000e+03	3.151218e+06	1.391000e+03	3.177528e+06	1.391000e+03	3.165742e+06	1.391000e+03	3.157606e+06	1.391000e+03	3.163693e+06	1.391000e+03	3.161452e+06	1.391000e+03	3.164012e+06	1.391000e+03	3.162034e+06	1.391000e+03	3.161532e+06	1.391000e+03	3.151290e+06	1.391000e+03	3.161345e+06	1.391000e+03	3.153995e+06	1.391000e+03	3.155949e+06	1.391000e+03	3.163099e+06	1.391000e+03	3.160691e+06	1.391000e+03	3.158139e+06	1.391000e+03	3.164529e+06	1.391000e+03	3.168044e+06	1.391000e+03	3.164805e+06	1.391000e+03	3.166987e+06	1.391000e+03	3.174213e+06	1.391000e+03	3.168544e+06	1.391000e+03	3.172466e+06	1.391000e+03	3.171396e+06	1.391000e+03	3.164958e+06	1.391000e+03	3.164233e+06	1.391000e+03	3.166843e+06	1.391000e+03	3.154521e+06	1.391000e+03	3.174212e+06	1.391000e+03	3.161093e+06	1.391000e+03	3.176817e+06	1.391000e+03	3.170665e+06	1.391000e+03	3.178553e+06	1.391000e+03	3.164705e+06	1.391000e+03	3.171982e+06	1.391000e+03	3.170169e+06	1.391000e+03	3.176096e+06	1.391000e+03	3.170687e+06	1.391000e+03	3.175770e+06	1.391000e+03	3.169140e+06	1.391000e+03	3.176156e+06	1.391000e+03	3.179876e+06	1.391000e+03	3.189507e+06	1.391000e+03	3.185698e+06	1.391000e+03	3.186126e+06	1.391000e+03	3.187971e+06	1.391000e+03	3.185665e+06	1.391000e+03	3.173662e+06	1.391000e+03	3.180207e+06	1.391000e+03	3.179865e+06	1.391000e+03	3.177082e+06	1.391000e+03	3.180703e+06	1.391000e+03	3.187805e+06	1.391000e+03	3.183052e+06	1.391000e+03	3.183782e+06	1.391000e+03	3.178218e+06	1.391000e+03	3.178242e+06	1.391000e+03	3.179929e+06	1.391000e+03	3.182450e+06	1.391000e+03	3.189486e+06	1.391000e+03	3.185043e+06	1.391000e+03	3.183313e+06	1.391000e+03	3.183403e+06	1.391000e+03	3.182950e+06	1.391000e+03	3.187460e+06	1.391000e+03	3.191041e+06	1.391000e+03	3.188357e+06	1.391000e+03	3.192294e+06	1.391000e+03	3.192166e+06	1.391000e+03	3.198288e+06	1.391000e+03	3.184255e+06	1.391000e+03	3.186504e+06	1.391000e+03	3.182839e+06	1.391000e+03	3.187961e+06	1.391000e+03	3.188111e+06	1.391000e+03	3.189089e+06	1.391000e+03	3.190476e+06	1.391000e+03	3.201028e+06	1.391000e+03	3.194066e+06	1.391000e+03	3.187660e+06	1.391000e+03	3.197287e+06	1.391000e+03	3.194043e+06	1.391000e+03	3.186314e+06	1.391000e+03	3.187855e+06	1.391000e+03	3.197458e+06	1.391000e+03	3.187874e+06	1.391000e+03	3.192283e+06	1.391000e+03	3.193248e+06	1.391000e+03	3.195613e+06	1.391000e+03	3.198983e+06	1.391000e+03	3.191808e+06	1.391000e+03	3.180363e+06	1.391000e+03	3.188677e+06	1.391000e+03	3.191311e+06	1.391000e+03	3.194262e+06	1.391000e+03	3.189280e+06	1.391000e+03	3.193562e+06	1.391000e+03	3.197359e+06	1.391000e+03	3.194367e+06	1.391000e+03	3.194098e+06	1.391000e+03	3.189540e+06	1.391000e+03	3.184965e+06	1.391000e+03	3.187997e+06	1.391000e+03	3.182884e+06	1.391000e+03	3.183184e+06	1.391000e+03	3.189339e+06	1.391000e+03	3.199770e+06	1.391000e+03	3.193487e+06	1.391000e+03	3.183803e+06	1.391000e+03	3.200409e+06	1.391000e+03	3.196747e+06	1.391000e+03	3.188654e+06	1.391000e+03	3.183684e+06	1.391000e+03	3.186599e+06	1.391000e+03	3.194602e+06	1.391000e+03	3.187811e+06	1.391000e+03	3.189571e+06	1.391000e+03	3.199063e+06	1.391000e+03	3.183484e+06	1.391000e+03	3.202217e+06	1.391000e+03	3.193852e+06	1.391000e+03	3.182123e+06	1.391000e+03	3.191895e+06	1.391000e+03	3.192270e+06	1.391000e+03	3.190402e+06	1.391000e+03	3.182608e+06	1.391000e+03	3.187775e+06	1.391000e+03	3.190518e+06	1.391000e+03	3.194111e+06	1.391000e+03	3.190734e+06	1.391000e+03	3.195085e+06	1.391000e+03	3.179482e+06	1.391000e+03	3.197645e+06	1.391000e+03	3.199439e+06	1.391000e+03	3.198386e+06	1.391000e+03	3.190772e+06	1.391000e+03	3.194266e+06	1.391000e+03	3.199499e+06	1.391000e+03	3.189780e+06	1.391000e+03	3.203480e+06	1.391000e+03	3.196325e+06	1.391000e+03	3.204659e+06	1.391000e+03	3.195565e+06	1.391000e+03	3.207310e+06	1.391000e+03	3.192734e+06	1.391000e+03	3.201822e+06	1.391000e+03	3.194137e+06	1.391000e+03	3.205656e+06	1.391000e+03	3.197826e+06	1.391000e+03	3.205271e+06	1.391000e+03	3.201804e+06	1.391000e+03	3.208635e+06	1.391000e+03	3.205079e+06	1.391000e+03	3.207705e+06	1.391000e+03	3.204697e+06	1.391000e+03	3.199028e+06	1.391000e+03	3.201946e+06	1.391000e+03	3.213434e+06	1.391000e+03	3.208405e+06	1.391000e+03	3.200477e+06	1.391000e+03	3.209590e+06	1.391000e+03	3.205504e+06	1.391000e+03	3.204972e+06	1.391000e+03	3.213651e+06	1.391000e+03	3.211026e+06	1.391000e+03	3.208603e+06	1.391000e+03	3.208761e+06	1.391000e+03	3.209035e+06	1.391000e+03	3.208654e+06	1.391000e+03	3.210944e+06	1.391000e+03	3.214703e+06	1.391000e+03	3.207121e+06	1.391000e+03	3.203300e+06	1.391000e+03	3.205942e+06
1.392000e+03	3.117274e+06	1.392000e+03	3.135257e+06	1.392000e+03	3.124621e+06	1.392000e+03	3.125571e+06	1.392000e+03	3.129516e+06	1.392000e+03	3.133645e+06	1.392000e+03	3.124547e+06	1.392000e+03	3.148350e+06	1.392000e+03	3.148290e+06	1.392000e+03	3.168240e+06	1.392000e+03	3.167944e+06	1.392000e+03	3.170543e+06	1.392000e+03	3.174338e+06	1.392000e+03	3.174052e+06	1.392000e+03	3.149473e+06	1.392000e+03	3.156730e+06	1.392000e+03	3.150829e+06	1.392000e+03	3.146036e+06	1.392000e+03	3.164159e+06	1.392000e+03	3.173724e+06	1.392000e+03	3.153245e+06	1.392000e+03	3.158136e+06	1.392000e+03	3.167718e+06	1.392000e+03	3.170797e+06	1.392000e+03	3.159061e+06	1.392000e+03	3.172710e+06	1.392000e+03	3.149339e+06	1.392000e+03	3.157927e+06	1.392000e+03	3.150823e+06	1.392000e+03	3.152728e+06	1.392000e+03	3.157300e+06	1.392000e+03	3.160219e+06	1.392000e+03	3.178869e+06	1.392000e+03	3.167600e+06	1.392000e+03	3.154565e+06	1.392000e+03	3.178961e+06	1.392000e+03	3.165471e+06	1.392000e+03	3.159509e+06	1.392000e+03	3.159109e+06	1.392000e+03	3.161992e+06	1.392000e+03	3.167164e+06	1.392000e+03	3.160735e+06	1.392000e+03	3.166042e+06	1.392000e+03	3.150807e+06	1.392000e+03	3.163242e+06	1.392000e+03	3.153613e+06	1.392000e+03	3.152897e+06	1.392000e+03	3.164125e+06	1.392000e+03	3.162611e+06	1.392000e+03	3.155762e+06	1.392000e+03	3.162296e+06	1.392000e+03	3.164612e+06	1.392000e+03	3.169163e+06	1.392000e+03	3.166650e+06	1.392000e+03	3.168841e+06	1.392000e+03	3.167519e+06	1.392000e+03	3.168621e+06	1.392000e+03	3.173864e+06	1.392000e+03	3.168262e+06	1.392000e+03	3.162148e+06	1.392000e+03	3.173805e+06	1.392000e+03	3.157492e+06	1.392000e+03	3.172324e+06	1.392000e+03	3.166098e+06	1.392000e+03	3.176947e+06	1.392000e+03	3.174769e+06	1.392000e+03	3.174595e+06	1.392000e+03	3.163762e+06	1.392000e+03	3.169875e+06	1.392000e+03	3.164709e+06	1.392000e+03	3.174609e+06	1.392000e+03	3.173066e+06	1.392000e+03	3.179065e+06	1.392000e+03	3.171490e+06	1.392000e+03	3.174140e+06	1.392000e+03	3.180843e+06	1.392000e+03	3.189407e+06	1.392000e+03	3.185676e+06	1.392000e+03	3.183669e+06	1.392000e+03	3.183199e+06	1.392000e+03	3.181152e+06	1.392000e+03	3.168735e+06	1.392000e+03	3.179754e+06	1.392000e+03	3.184432e+06	1.392000e+03	3.174250e+06	1.392000e+03	3.183814e+06	1.392000e+03	3.190463e+06	1.392000e+03	3.185972e+06	1.392000e+03	3.182425e+06	1.392000e+03	3.178896e+06	1.392000e+03	3.180238e+06	1.392000e+03	3.182107e+06	1.392000e+03	3.184132e+06	1.392000e+03	3.187293e+06	1.392000e+03	3.183936e+06	1.392000e+03	3.185662e+06	1.392000e+03	3.184546e+06	1.392000e+03	3.182938e+06	1.392000e+03	3.190529e+06	1.392000e+03	3.189925e+06	1.392000e+03	3.193178e+06	1.392000e+03	3.188195e+06	1.392000e+03	3.192516e+06	1.392000e+03	3.198262e+06	1.392000e+03	3.186022e+06	1.392000e+03	3.185641e+06	1.392000e+03	3.181942e+06	1.392000e+03	3.191310e+06	1.392000e+03	3.186851e+06	1.392000e+03	3.191311e+06	1.392000e+03	3.193031e+06	1.392000e+03	3.192920e+06	1.392000e+03	3.189940e+06	1.392000e+03	3.186418e+06	1.392000e+03	3.194490e+06	1.392000e+03	3.193114e+06	1.392000e+03	3.187687e+06	1.392000e+03	3.183969e+06	1.392000e+03	3.199703e+06	1.392000e+03	3.187031e+06	1.392000e+03	3.194396e+06	1.392000e+03	3.196675e+06	1.392000e+03	3.187255e+06	1.392000e+03	3.189404e+06	1.392000e+03	3.187851e+06	1.392000e+03	3.183309e+06	1.392000e+03	3.186969e+06	1.392000e+03	3.185941e+06	1.392000e+03	3.199641e+06	1.392000e+03	3.189953e+06	1.392000e+03	3.191535e+06	1.392000e+03	3.197729e+06	1.392000e+03	3.194029e+06	1.392000e+03	3.197503e+06	1.392000e+03	3.191057e+06	1.392000e+03	3.190628e+06	1.392000e+03	3.191423e+06	1.392000e+03	3.193476e+06	1.392000e+03	3.182843e+06	1.392000e+03	3.186248e+06	1.392000e+03	3.196365e+06	1.392000e+03	3.190360e+06	1.392000e+03	3.186490e+06	1.392000e+03	3.194748e+06	1.392000e+03	3.190932e+06	1.392000e+03	3.187037e+06	1.392000e+03	3.179762e+06	1.392000e+03	3.182107e+06	1.392000e+03	3.196752e+06	1.392000e+03	3.187884e+06	1.392000e+03	3.187067e+06	1.392000e+03	3.198527e+06	1.392000e+03	3.189666e+06	1.392000e+03	3.198798e+06	1.392000e+03	3.192043e+06	1.392000e+03	3.181716e+06	1.392000e+03	3.191506e+06	1.392000e+03	3.193842e+06	1.392000e+03	3.187492e+06	1.392000e+03	3.186016e+06	1.392000e+03	3.187612e+06	1.392000e+03	3.192236e+06	1.392000e+03	3.196588e+06	1.392000e+03	3.193250e+06	1.392000e+03	3.195284e+06	1.392000e+03	3.180757e+06	1.392000e+03	3.196331e+06	1.392000e+03	3.199428e+06	1.392000e+03	3.196979e+06	1.392000e+03	3.194480e+06	1.392000e+03	3.196566e+06	1.392000e+03	3.202580e+06	1.392000e+03	3.187609e+06	1.392000e+03	3.202311e+06	1.392000e+03	3.198288e+06	1.392000e+03	3.203463e+06	1.392000e+03	3.195861e+06	1.392000e+03	3.208423e+06	1.392000e+03	3.190043e+06	1.392000e+03	3.202495e+06	1.392000e+03	3.198350e+06	1.392000e+03	3.207456e+06	1.392000e+03	3.197203e+06	1.392000e+03	3.204772e+06	1.392000e+03	3.202265e+06	1.392000e+03	3.209623e+06	1.392000e+03	3.200214e+06	1.392000e+03	3.209652e+06	1.392000e+03	3.204387e+06	1.392000e+03	3.198959e+06	1.392000e+03	3.204681e+06	1.392000e+03	3.215060e+06	1.392000e+03	3.207407e+06	1.392000e+03	3.198043e+06	1.392000e+03	3.207876e+06	1.392000e+03	3.205715e+06	1.392000e+03	3.199842e+06	1.392000e+03	3.214653e+06	1.392000e+03	3.208763e+06	1.392000e+03	3.208132e+06	1.392000e+03	3.211423e+06	1.392000e+03	3.208577e+06	1.392000e+03	3.208041e+06	1.392000e+03	3.209827e+06	1.392000e+03	3.211180e+06	1.392000e+03	3.207942e+06	1.392000e+03	3.208147e+06	1.392000e+03	3.206413e+06
1.393000e+03	3.117092e+06	1.393000e+03	3.131329e+06	1.393000e+03	3.126719e+06	1.393000e+03	3.124754e+06	1.393000e+03	3.131932e+06	1.393000e+03	3.128687e+06	1.393000e+03	3.124289e+06	1.393000e+03	3.150206e+06	1.393000e+03	3.148466e+06	1.393000e+03	3.164595e+06	1.393000e+03	3.167174e+06	1.393000e+03	3.169273e+06	1.393000e+03	3.173843e+06	1.393000e+03	3.170872e+06	1.393000e+03	3.144168e+06	1.393000e+03	3.156049e+06	1.393000e+03	3.154008e+06	1.393000e+03	3.146655e+06	1.393000e+03	3.163583e+06	1.393000e+03	3.177560e+06	1.393000e+03	3.159266e+06	1.393000e+03	3.162043e+06	1.393000e+03	3.163220e+06	1.393000e+03	3.169028e+06	1.393000e+03	3.161780e+06	1.393000e+03	3.173792e+06	1.393000e+03	3.150765e+06	1.393000e+03	3.159397e+06	1.393000e+03	3.150295e+06	1.393000e+03	3.154133e+06	1.393000e+03	3.159321e+06	1.393000e+03	3.161592e+06	1.393000e+03	3.179174e+06	1.393000e+03	3.167148e+06	1.393000e+03	3.151940e+06	1.393000e+03	3.181621e+06	1.393000e+03	3.161649e+06	1.393000e+03	3.161985e+06	1.393000e+03	3.159947e+06	1.393000e+03	3.159902e+06	1.393000e+03	3.167963e+06	1.393000e+03	3.159873e+06	1.393000e+03	3.167514e+06	1.393000e+03	3.150706e+06	1.393000e+03	3.161142e+06	1.393000e+03	3.154916e+06	1.393000e+03	3.156939e+06	1.393000e+03	3.166002e+06	1.393000e+03	3.160738e+06	1.393000e+03	3.155442e+06	1.393000e+03	3.160997e+06	1.393000e+03	3.171202e+06	1.393000e+03	3.164539e+06	1.393000e+03	3.170738e+06	1.393000e+03	3.170304e+06	1.393000e+03	3.172719e+06	1.393000e+03	3.169168e+06	1.393000e+03	3.174361e+06	1.393000e+03	3.169675e+06	1.393000e+03	3.165268e+06	1.393000e+03	3.171546e+06	1.393000e+03	3.155393e+06	1.393000e+03	3.175195e+06	1.393000e+03	3.168076e+06	1.393000e+03	3.177940e+06	1.393000e+03	3.174668e+06	1.393000e+03	3.177605e+06	1.393000e+03	3.167374e+06	1.393000e+03	3.169129e+06	1.393000e+03	3.160906e+06	1.393000e+03	3.171537e+06	1.393000e+03	3.175150e+06	1.393000e+03	3.176327e+06	1.393000e+03	3.173811e+06	1.393000e+03	3.176816e+06	1.393000e+03	3.180559e+06	1.393000e+03	3.191902e+06	1.393000e+03	3.185395e+06	1.393000e+03	3.185132e+06	1.393000e+03	3.182931e+06	1.393000e+03	3.182060e+06	1.393000e+03	3.170533e+06	1.393000e+03	3.177963e+06	1.393000e+03	3.182239e+06	1.393000e+03	3.178749e+06	1.393000e+03	3.183629e+06	1.393000e+03	3.193428e+06	1.393000e+03	3.186990e+06	1.393000e+03	3.184645e+06	1.393000e+03	3.176870e+06	1.393000e+03	3.180630e+06	1.393000e+03	3.181658e+06	1.393000e+03	3.181280e+06	1.393000e+03	3.187377e+06	1.393000e+03	3.184185e+06	1.393000e+03	3.186881e+06	1.393000e+03	3.184346e+06	1.393000e+03	3.181295e+06	1.393000e+03	3.194030e+06	1.393000e+03	3.188163e+06	1.393000e+03	3.197167e+06	1.393000e+03	3.189738e+06	1.393000e+03	3.194646e+06	1.393000e+03	3.198461e+06	1.393000e+03	3.187992e+06	1.393000e+03	3.183452e+06	1.393000e+03	3.185841e+06	1.393000e+03	3.189979e+06	1.393000e+03	3.183307e+06	1.393000e+03	3.191867e+06	1.393000e+03	3.191629e+06	1.393000e+03	3.189410e+06	1.393000e+03	3.190264e+06	1.393000e+03	3.186339e+06	1.393000e+03	3.193326e+06	1.393000e+03	3.195330e+06	1.393000e+03	3.188842e+06	1.393000e+03	3.186208e+06	1.393000e+03	3.193315e+06	1.393000e+03	3.187232e+06	1.393000e+03	3.192460e+06	1.393000e+03	3.196476e+06	1.393000e+03	3.188528e+06	1.393000e+03	3.196685e+06	1.393000e+03	3.185493e+06	1.393000e+03	3.184869e+06	1.393000e+03	3.188780e+06	1.393000e+03	3.186000e+06	1.393000e+03	3.199276e+06	1.393000e+03	3.196380e+06	1.393000e+03	3.193743e+06	1.393000e+03	3.198449e+06	1.393000e+03	3.189086e+06	1.393000e+03	3.196603e+06	1.393000e+03	3.189762e+06	1.393000e+03	3.185804e+06	1.393000e+03	3.188110e+06	1.393000e+03	3.194342e+06	1.393000e+03	3.182314e+06	1.393000e+03	3.185955e+06	1.393000e+03	3.193966e+06	1.393000e+03	3.191850e+06	1.393000e+03	3.185789e+06	1.393000e+03	3.196331e+06	1.393000e+03	3.190554e+06	1.393000e+03	3.185280e+06	1.393000e+03	3.180013e+06	1.393000e+03	3.188180e+06	1.393000e+03	3.195498e+06	1.393000e+03	3.188331e+06	1.393000e+03	3.186145e+06	1.393000e+03	3.200020e+06	1.393000e+03	3.188385e+06	1.393000e+03	3.194753e+06	1.393000e+03	3.189696e+06	1.393000e+03	3.178216e+06	1.393000e+03	3.190202e+06	1.393000e+03	3.194877e+06	1.393000e+03	3.186091e+06	1.393000e+03	3.188340e+06	1.393000e+03	3.184327e+06	1.393000e+03	3.188921e+06	1.393000e+03	3.195197e+06	1.393000e+03	3.194114e+06	1.393000e+03	3.194634e+06	1.393000e+03	3.179190e+06	1.393000e+03	3.189985e+06	1.393000e+03	3.198002e+06	1.393000e+03	3.200181e+06	1.393000e+03	3.201936e+06	1.393000e+03	3.197085e+06	1.393000e+03	3.201202e+06	1.393000e+03	3.192375e+06	1.393000e+03	3.203916e+06	1.393000e+03	3.195025e+06	1.393000e+03	3.202446e+06	1.393000e+03	3.194580e+06	1.393000e+03	3.209750e+06	1.393000e+03	3.193984e+06	1.393000e+03	3.198001e+06	1.393000e+03	3.192965e+06	1.393000e+03	3.202847e+06	1.393000e+03	3.199309e+06	1.393000e+03	3.206232e+06	1.393000e+03	3.205482e+06	1.393000e+03	3.212438e+06	1.393000e+03	3.199448e+06	1.393000e+03	3.208795e+06	1.393000e+03	3.204576e+06	1.393000e+03	3.197097e+06	1.393000e+03	3.200563e+06	1.393000e+03	3.216440e+06	1.393000e+03	3.208051e+06	1.393000e+03	3.200410e+06	1.393000e+03	3.209677e+06	1.393000e+03	3.206666e+06	1.393000e+03	3.210525e+06	1.393000e+03	3.213747e+06	1.393000e+03	3.208883e+06	1.393000e+03	3.204288e+06	1.393000e+03	3.208222e+06	1.393000e+03	3.205056e+06	1.393000e+03	3.211859e+06	1.393000e+03	3.205908e+06	1.393000e+03	3.213732e+06	1.393000e+03	3.208665e+06	1.393000e+03	3.211385e+06	1.393000e+03	3.205081e+06
1.394000e+03	3.119286e+06	1.394000e+03	3.134133e+06	1.394000e+03	3.127080e+06	1.394000e+03	3.127797e+06	1.394000e+03	3.133544e+06	1.394000e+03	3.131556e+06	1.394000e+03	3.116980e+06	1.394000e+03	3.145773e+06	1.394000e+03	3.153889e+06	1.394000e+03	3.163720e+06	1.394000e+03	3.169700e+06	1.394000e+03	3.175452e+06	1.394000e+03	3.170691e+06	1.394000e+03	3.172547e+06	1.394000e+03	3.145821e+06	1.394000e+03	3.160580e+06	1.394000e+03	3.160233e+06	1.394000e+03	3.146561e+06	1.394000e+03	3.160617e+06	1.394000e+03	3.169399e+06	1.394000e+03	3.158915e+06	1.394000e+03	3.159816e+06	1.394000e+03	3.166473e+06	1.394000e+03	3.163525e+06	1.394000e+03	3.160393e+06	1.394000e+03	3.173151e+06	1.394000e+03	3.148126e+06	1.394000e+03	3.161648e+06	1.394000e+03	3.151347e+06	1.394000e+03	3.153364e+06	1.394000e+03	3.154568e+06	1.394000e+03	3.162132e+06	1.394000e+03	3.175504e+06	1.394000e+03	3.164865e+06	1.394000e+03	3.153133e+06	1.394000e+03	3.180057e+06	1.394000e+03	3.163752e+06	1.394000e+03	3.164762e+06	1.394000e+03	3.159689e+06	1.394000e+03	3.162115e+06	1.394000e+03	3.167570e+06	1.394000e+03	3.154501e+06	1.394000e+03	3.166111e+06	1.394000e+03	3.155537e+06	1.394000e+03	3.156260e+06	1.394000e+03	3.157193e+06	1.394000e+03	3.151444e+06	1.394000e+03	3.166587e+06	1.394000e+03	3.161174e+06	1.394000e+03	3.157543e+06	1.394000e+03	3.163034e+06	1.394000e+03	3.170660e+06	1.394000e+03	3.161959e+06	1.394000e+03	3.168296e+06	1.394000e+03	3.167334e+06	1.394000e+03	3.171425e+06	1.394000e+03	3.163468e+06	1.394000e+03	3.177382e+06	1.394000e+03	3.174835e+06	1.394000e+03	3.164002e+06	1.394000e+03	3.172251e+06	1.394000e+03	3.153816e+06	1.394000e+03	3.168040e+06	1.394000e+03	3.165810e+06	1.394000e+03	3.173443e+06	1.394000e+03	3.171246e+06	1.394000e+03	3.174798e+06	1.394000e+03	3.164340e+06	1.394000e+03	3.168582e+06	1.394000e+03	3.168897e+06	1.394000e+03	3.171286e+06	1.394000e+03	3.174332e+06	1.394000e+03	3.177259e+06	1.394000e+03	3.172349e+06	1.394000e+03	3.176679e+06	1.394000e+03	3.178455e+06	1.394000e+03	3.193706e+06	1.394000e+03	3.185217e+06	1.394000e+03	3.185290e+06	1.394000e+03	3.188112e+06	1.394000e+03	3.181890e+06	1.394000e+03	3.171485e+06	1.394000e+03	3.182117e+06	1.394000e+03	3.185419e+06	1.394000e+03	3.176947e+06	1.394000e+03	3.180441e+06	1.394000e+03	3.189304e+06	1.394000e+03	3.189563e+06	1.394000e+03	3.184554e+06	1.394000e+03	3.174822e+06	1.394000e+03	3.181133e+06	1.394000e+03	3.181808e+06	1.394000e+03	3.182672e+06	1.394000e+03	3.187181e+06	1.394000e+03	3.188087e+06	1.394000e+03	3.183042e+06	1.394000e+03	3.181777e+06	1.394000e+03	3.186858e+06	1.394000e+03	3.191855e+06	1.394000e+03	3.190077e+06	1.394000e+03	3.199424e+06	1.394000e+03	3.192395e+06	1.394000e+03	3.191458e+06	1.394000e+03	3.193645e+06	1.394000e+03	3.185987e+06	1.394000e+03	3.184837e+06	1.394000e+03	3.187584e+06	1.394000e+03	3.185772e+06	1.394000e+03	3.185798e+06	1.394000e+03	3.190461e+06	1.394000e+03	3.189624e+06	1.394000e+03	3.195536e+06	1.394000e+03	3.185162e+06	1.394000e+03	3.190116e+06	1.394000e+03	3.192890e+06	1.394000e+03	3.199209e+06	1.394000e+03	3.181962e+06	1.394000e+03	3.187151e+06	1.394000e+03	3.194478e+06	1.394000e+03	3.191671e+06	1.394000e+03	3.196153e+06	1.394000e+03	3.195036e+06	1.394000e+03	3.189368e+06	1.394000e+03	3.195568e+06	1.394000e+03	3.186851e+06	1.394000e+03	3.184717e+06	1.394000e+03	3.186820e+06	1.394000e+03	3.192745e+06	1.394000e+03	3.198720e+06	1.394000e+03	3.193874e+06	1.394000e+03	3.192585e+06	1.394000e+03	3.200221e+06	1.394000e+03	3.189829e+06	1.394000e+03	3.196660e+06	1.394000e+03	3.187927e+06	1.394000e+03	3.187912e+06	1.394000e+03	3.181745e+06	1.394000e+03	3.194759e+06	1.394000e+03	3.184187e+06	1.394000e+03	3.186699e+06	1.394000e+03	3.198076e+06	1.394000e+03	3.190134e+06	1.394000e+03	3.187251e+06	1.394000e+03	3.196446e+06	1.394000e+03	3.190412e+06	1.394000e+03	3.182714e+06	1.394000e+03	3.180056e+06	1.394000e+03	3.186525e+06	1.394000e+03	3.191615e+06	1.394000e+03	3.188955e+06	1.394000e+03	3.186972e+06	1.394000e+03	3.199169e+06	1.394000e+03	3.189321e+06	1.394000e+03	3.192617e+06	1.394000e+03	3.190814e+06	1.394000e+03	3.181293e+06	1.394000e+03	3.187485e+06	1.394000e+03	3.195309e+06	1.394000e+03	3.186306e+06	1.394000e+03	3.190431e+06	1.394000e+03	3.186671e+06	1.394000e+03	3.188378e+06	1.394000e+03	3.193898e+06	1.394000e+03	3.193325e+06	1.394000e+03	3.192746e+06	1.394000e+03	3.183259e+06	1.394000e+03	3.194427e+06	1.394000e+03	3.198079e+06	1.394000e+03	3.197506e+06	1.394000e+03	3.199959e+06	1.394000e+03	3.195822e+06	1.394000e+03	3.202733e+06	1.394000e+03	3.192430e+06	1.394000e+03	3.204275e+06	1.394000e+03	3.195854e+06	1.394000e+03	3.206563e+06	1.394000e+03	3.194206e+06	1.394000e+03	3.207733e+06	1.394000e+03	3.194590e+06	1.394000e+03	3.200869e+06	1.394000e+03	3.191813e+06	1.394000e+03	3.206602e+06	1.394000e+03	3.195473e+06	1.394000e+03	3.205374e+06	1.394000e+03	3.202260e+06	1.394000e+03	3.216562e+06	1.394000e+03	3.201003e+06	1.394000e+03	3.210414e+06	1.394000e+03	3.204782e+06	1.394000e+03	3.198540e+06	1.394000e+03	3.203561e+06	1.394000e+03	3.217671e+06	1.394000e+03	3.204203e+06	1.394000e+03	3.201334e+06	1.394000e+03	3.209188e+06	1.394000e+03	3.204015e+06	1.394000e+03	3.205129e+06	1.394000e+03	3.212645e+06	1.394000e+03	3.209936e+06	1.394000e+03	3.210691e+06	1.394000e+03	3.207746e+06	1.394000e+03	3.206773e+06	1.394000e+03	3.207411e+06	1.394000e+03	3.203527e+06	1.394000e+03	3.209081e+06	1.394000e+03	3.207846e+06	1.394000e+03	3.210772e+06	1.394000e+03	3.205917e+06
1.395000e+03	3.117728e+06	1.395000e+03	3.138939e+06	1.395000e+03	3.126229e+06	1.395000e+03	3.127877e+06	1.395000e+03	3.132265e+06	1.395000e+03	3.131760e+06	1.395000e+03	3.127180e+06	1.395000e+03	3.141732e+06	1.395000e+03	3.150804e+06	1.395000e+03	3.163815e+06	1.395000e+03	3.168693e+06	1.395000e+03	3.175273e+06	1.395000e+03	3.175096e+06	1.395000e+03	3.174439e+06	1.395000e+03	3.142698e+06	1.395000e+03	3.157775e+06	1.395000e+03	3.158936e+06	1.395000e+03	3.149963e+06	1.395000e+03	3.160830e+06	1.395000e+03	3.174477e+06	1.395000e+03	3.155779e+06	1.395000e+03	3.160372e+06	1.395000e+03	3.170470e+06	1.395000e+03	3.166247e+06	1.395000e+03	3.153807e+06	1.395000e+03	3.172841e+06	1.395000e+03	3.151121e+06	1.395000e+03	3.160137e+06	1.395000e+03	3.153593e+06	1.395000e+03	3.155131e+06	1.395000e+03	3.156160e+06	1.395000e+03	3.158576e+06	1.395000e+03	3.180191e+06	1.395000e+03	3.159079e+06	1.395000e+03	3.150545e+06	1.395000e+03	3.174421e+06	1.395000e+03	3.163659e+06	1.395000e+03	3.161310e+06	1.395000e+03	3.159508e+06	1.395000e+03	3.161411e+06	1.395000e+03	3.162412e+06	1.395000e+03	3.159531e+06	1.395000e+03	3.168342e+06	1.395000e+03	3.154658e+06	1.395000e+03	3.156089e+06	1.395000e+03	3.157256e+06	1.395000e+03	3.157733e+06	1.395000e+03	3.163846e+06	1.395000e+03	3.160484e+06	1.395000e+03	3.157198e+06	1.395000e+03	3.164605e+06	1.395000e+03	3.172822e+06	1.395000e+03	3.162203e+06	1.395000e+03	3.170877e+06	1.395000e+03	3.168842e+06	1.395000e+03	3.170348e+06	1.395000e+03	3.166783e+06	1.395000e+03	3.174617e+06	1.395000e+03	3.169055e+06	1.395000e+03	3.165182e+06	1.395000e+03	3.171023e+06	1.395000e+03	3.152497e+06	1.395000e+03	3.172668e+06	1.395000e+03	3.167725e+06	1.395000e+03	3.173786e+06	1.395000e+03	3.171590e+06	1.395000e+03	3.173976e+06	1.395000e+03	3.167514e+06	1.395000e+03	3.173069e+06	1.395000e+03	3.164722e+06	1.395000e+03	3.169803e+06	1.395000e+03	3.173806e+06	1.395000e+03	3.178297e+06	1.395000e+03	3.168962e+06	1.395000e+03	3.174832e+06	1.395000e+03	3.177825e+06	1.395000e+03	3.188470e+06	1.395000e+03	3.186417e+06	1.395000e+03	3.186143e+06	1.395000e+03	3.188972e+06	1.395000e+03	3.185897e+06	1.395000e+03	3.169713e+06	1.395000e+03	3.179900e+06	1.395000e+03	3.184172e+06	1.395000e+03	3.174741e+06	1.395000e+03	3.182585e+06	1.395000e+03	3.190017e+06	1.395000e+03	3.189247e+06	1.395000e+03	3.182561e+06	1.395000e+03	3.175716e+06	1.395000e+03	3.181566e+06	1.395000e+03	3.176938e+06	1.395000e+03	3.180355e+06	1.395000e+03	3.185408e+06	1.395000e+03	3.187517e+06	1.395000e+03	3.183496e+06	1.395000e+03	3.186080e+06	1.395000e+03	3.184185e+06	1.395000e+03	3.188607e+06	1.395000e+03	3.191153e+06	1.395000e+03	3.193045e+06	1.395000e+03	3.193924e+06	1.395000e+03	3.191910e+06	1.395000e+03	3.192800e+06	1.395000e+03	3.185198e+06	1.395000e+03	3.184543e+06	1.395000e+03	3.188836e+06	1.395000e+03	3.185482e+06	1.395000e+03	3.180964e+06	1.395000e+03	3.192491e+06	1.395000e+03	3.188064e+06	1.395000e+03	3.188547e+06	1.395000e+03	3.181449e+06	1.395000e+03	3.189644e+06	1.395000e+03	3.188168e+06	1.395000e+03	3.200238e+06	1.395000e+03	3.185074e+06	1.395000e+03	3.185133e+06	1.395000e+03	3.190847e+06	1.395000e+03	3.189807e+06	1.395000e+03	3.192832e+06	1.395000e+03	3.200878e+06	1.395000e+03	3.194184e+06	1.395000e+03	3.194440e+06	1.395000e+03	3.187029e+06	1.395000e+03	3.187743e+06	1.395000e+03	3.191108e+06	1.395000e+03	3.188565e+06	1.395000e+03	3.194770e+06	1.395000e+03	3.191242e+06	1.395000e+03	3.192550e+06	1.395000e+03	3.195132e+06	1.395000e+03	3.188792e+06	1.395000e+03	3.196530e+06	1.395000e+03	3.188720e+06	1.395000e+03	3.190172e+06	1.395000e+03	3.183760e+06	1.395000e+03	3.191662e+06	1.395000e+03	3.184770e+06	1.395000e+03	3.187609e+06	1.395000e+03	3.200224e+06	1.395000e+03	3.189680e+06	1.395000e+03	3.185500e+06	1.395000e+03	3.195514e+06	1.395000e+03	3.189376e+06	1.395000e+03	3.186209e+06	1.395000e+03	3.176608e+06	1.395000e+03	3.188839e+06	1.395000e+03	3.190284e+06	1.395000e+03	3.189886e+06	1.395000e+03	3.190494e+06	1.395000e+03	3.199305e+06	1.395000e+03	3.191178e+06	1.395000e+03	3.191553e+06	1.395000e+03	3.192383e+06	1.395000e+03	3.182110e+06	1.395000e+03	3.186268e+06	1.395000e+03	3.191485e+06	1.395000e+03	3.188348e+06	1.395000e+03	3.190298e+06	1.395000e+03	3.187166e+06	1.395000e+03	3.194778e+06	1.395000e+03	3.196424e+06	1.395000e+03	3.192564e+06	1.395000e+03	3.192451e+06	1.395000e+03	3.181607e+06	1.395000e+03	3.194673e+06	1.395000e+03	3.196190e+06	1.395000e+03	3.195441e+06	1.395000e+03	3.193944e+06	1.395000e+03	3.198061e+06	1.395000e+03	3.201450e+06	1.395000e+03	3.187789e+06	1.395000e+03	3.201413e+06	1.395000e+03	3.203307e+06	1.395000e+03	3.207169e+06	1.395000e+03	3.195659e+06	1.395000e+03	3.206062e+06	1.395000e+03	3.196286e+06	1.395000e+03	3.201426e+06	1.395000e+03	3.195127e+06	1.395000e+03	3.209941e+06	1.395000e+03	3.195588e+06	1.395000e+03	3.207932e+06	1.395000e+03	3.203961e+06	1.395000e+03	3.208389e+06	1.395000e+03	3.199806e+06	1.395000e+03	3.207865e+06	1.395000e+03	3.205603e+06	1.395000e+03	3.198998e+06	1.395000e+03	3.204432e+06	1.395000e+03	3.213369e+06	1.395000e+03	3.203449e+06	1.395000e+03	3.200272e+06	1.395000e+03	3.210161e+06	1.395000e+03	3.206290e+06	1.395000e+03	3.207237e+06	1.395000e+03	3.209333e+06	1.395000e+03	3.210215e+06	1.395000e+03	3.203419e+06	1.395000e+03	3.206858e+06	1.395000e+03	3.203813e+06	1.395000e+03	3.210682e+06	1.395000e+03	3.209334e+06	1.395000e+03	3.208602e+06	1.395000e+03	3.206315e+06	1.395000e+03	3.208560e+06	1.395000e+03	3.206593e+06
1.396000e+03	3.117806e+06	1.396000e+03	3.139675e+06	1.396000e+03	3.121566e+06	1.396000e+03	3.125585e+06	1.396000e+03	3.131461e+06	1.396000e+03	3.131366e+06	1.396000e+03	3.126734e+06	1.396000e+03	3.145662e+06	1.396000e+03	3.152252e+06	1.396000e+03	3.161365e+06	1.396000e+03	3.168112e+06	1.396000e+03	3.173927e+06	1.396000e+03	3.172503e+06	1.396000e+03	3.175659e+06	1.396000e+03	3.145437e+06	1.396000e+03	3.154464e+06	1.396000e+03	3.165685e+06	1.396000e+03	3.147173e+06	1.396000e+03	3.161186e+06	1.396000e+03	3.167052e+06	1.396000e+03	3.151134e+06	1.396000e+03	3.160248e+06	1.396000e+03	3.167870e+06	1.396000e+03	3.165054e+06	1.396000e+03	3.156582e+06	1.396000e+03	3.171478e+06	1.396000e+03	3.149278e+06	1.396000e+03	3.158357e+06	1.396000e+03	3.156325e+06	1.396000e+03	3.152875e+06	1.396000e+03	3.158290e+06	1.396000e+03	3.164478e+06	1.396000e+03	3.183947e+06	1.396000e+03	3.157811e+06	1.396000e+03	3.158910e+06	1.396000e+03	3.177729e+06	1.396000e+03	3.162841e+06	1.396000e+03	3.159039e+06	1.396000e+03	3.160057e+06	1.396000e+03	3.164398e+06	1.396000e+03	3.161576e+06	1.396000e+03	3.160247e+06	1.396000e+03	3.165325e+06	1.396000e+03	3.153935e+06	1.396000e+03	3.158684e+06	1.396000e+03	3.151927e+06	1.396000e+03	3.156683e+06	1.396000e+03	3.164852e+06	1.396000e+03	3.165552e+06	1.396000e+03	3.158598e+06	1.396000e+03	3.167530e+06	1.396000e+03	3.170108e+06	1.396000e+03	3.164695e+06	1.396000e+03	3.170572e+06	1.396000e+03	3.171704e+06	1.396000e+03	3.168993e+06	1.396000e+03	3.167234e+06	1.396000e+03	3.174374e+06	1.396000e+03	3.171072e+06	1.396000e+03	3.165991e+06	1.396000e+03	3.174103e+06	1.396000e+03	3.154802e+06	1.396000e+03	3.173957e+06	1.396000e+03	3.163966e+06	1.396000e+03	3.172937e+06	1.396000e+03	3.170158e+06	1.396000e+03	3.172438e+06	1.396000e+03	3.166279e+06	1.396000e+03	3.172453e+06	1.396000e+03	3.169185e+06	1.396000e+03	3.173864e+06	1.396000e+03	3.173495e+06	1.396000e+03	3.176449e+06	1.396000e+03	3.173200e+06	1.396000e+03	3.178267e+06	1.396000e+03	3.177195e+06	1.396000e+03	3.190041e+06	1.396000e+03	3.189129e+06	1.396000e+03	3.182696e+06	1.396000e+03	3.187462e+06	1.396000e+03	3.182205e+06	1.396000e+03	3.168036e+06	1.396000e+03	3.181400e+06	1.396000e+03	3.189723e+06	1.396000e+03	3.177356e+06	1.396000e+03	3.178974e+06	1.396000e+03	3.187035e+06	1.396000e+03	3.189322e+06	1.396000e+03	3.186489e+06	1.396000e+03	3.178436e+06	1.396000e+03	3.182005e+06	1.396000e+03	3.182584e+06	1.396000e+03	3.179782e+06	1.396000e+03	3.188329e+06	1.396000e+03	3.189485e+06	1.396000e+03	3.185574e+06	1.396000e+03	3.185426e+06	1.396000e+03	3.185773e+06	1.396000e+03	3.188892e+06	1.396000e+03	3.189288e+06	1.396000e+03	3.200166e+06	1.396000e+03	3.188882e+06	1.396000e+03	3.194587e+06	1.396000e+03	3.193868e+06	1.396000e+03	3.184578e+06	1.396000e+03	3.183771e+06	1.396000e+03	3.187754e+06	1.396000e+03	3.187770e+06	1.396000e+03	3.184106e+06	1.396000e+03	3.191495e+06	1.396000e+03	3.190179e+06	1.396000e+03	3.186937e+06	1.396000e+03	3.183312e+06	1.396000e+03	3.186951e+06	1.396000e+03	3.186741e+06	1.396000e+03	3.195418e+06	1.396000e+03	3.183274e+06	1.396000e+03	3.186551e+06	1.396000e+03	3.194968e+06	1.396000e+03	3.193618e+06	1.396000e+03	3.190310e+06	1.396000e+03	3.195424e+06	1.396000e+03	3.188962e+06	1.396000e+03	3.194093e+06	1.396000e+03	3.189758e+06	1.396000e+03	3.186517e+06	1.396000e+03	3.185030e+06	1.396000e+03	3.191906e+06	1.396000e+03	3.197935e+06	1.396000e+03	3.190142e+06	1.396000e+03	3.193408e+06	1.396000e+03	3.191613e+06	1.396000e+03	3.186184e+06	1.396000e+03	3.195378e+06	1.396000e+03	3.190563e+06	1.396000e+03	3.185755e+06	1.396000e+03	3.183967e+06	1.396000e+03	3.192805e+06	1.396000e+03	3.192178e+06	1.396000e+03	3.187265e+06	1.396000e+03	3.196632e+06	1.396000e+03	3.189361e+06	1.396000e+03	3.187370e+06	1.396000e+03	3.193646e+06	1.396000e+03	3.190345e+06	1.396000e+03	3.183088e+06	1.396000e+03	3.180100e+06	1.396000e+03	3.189978e+06	1.396000e+03	3.191453e+06	1.396000e+03	3.188249e+06	1.396000e+03	3.188541e+06	1.396000e+03	3.202467e+06	1.396000e+03	3.188006e+06	1.396000e+03	3.190112e+06	1.396000e+03	3.193560e+06	1.396000e+03	3.184899e+06	1.396000e+03	3.181620e+06	1.396000e+03	3.193439e+06	1.396000e+03	3.184338e+06	1.396000e+03	3.184812e+06	1.396000e+03	3.185173e+06	1.396000e+03	3.194546e+06	1.396000e+03	3.196560e+06	1.396000e+03	3.194603e+06	1.396000e+03	3.192630e+06	1.396000e+03	3.184441e+06	1.396000e+03	3.194888e+06	1.396000e+03	3.201001e+06	1.396000e+03	3.198733e+06	1.396000e+03	3.190077e+06	1.396000e+03	3.197296e+06	1.396000e+03	3.198923e+06	1.396000e+03	3.190554e+06	1.396000e+03	3.202766e+06	1.396000e+03	3.206761e+06	1.396000e+03	3.203980e+06	1.396000e+03	3.195767e+06	1.396000e+03	3.206297e+06	1.396000e+03	3.191346e+06	1.396000e+03	3.198623e+06	1.396000e+03	3.193206e+06	1.396000e+03	3.206620e+06	1.396000e+03	3.199105e+06	1.396000e+03	3.201567e+06	1.396000e+03	3.203013e+06	1.396000e+03	3.213050e+06	1.396000e+03	3.200179e+06	1.396000e+03	3.209794e+06	1.396000e+03	3.202031e+06	1.396000e+03	3.196653e+06	1.396000e+03	3.207350e+06	1.396000e+03	3.214302e+06	1.396000e+03	3.205973e+06	1.396000e+03	3.197888e+06	1.396000e+03	3.209167e+06	1.396000e+03	3.204687e+06	1.396000e+03	3.206327e+06	1.396000e+03	3.205743e+06	1.396000e+03	3.205374e+06	1.396000e+03	3.209632e+06	1.396000e+03	3.209631e+06	1.396000e+03	3.203669e+06	1.396000e+03	3.207947e+06	1.396000e+03	3.210199e+06	1.396000e+03	3.207777e+06	1.396000e+03	3.207442e+06	1.396000e+03	3.206466e+06	1.396000e+03	3.210091e+06
1.397000e+03	3.121924e+06	1.397000e+03	3.142078e+06	1.397000e+03	3.120241e+06	1.397000e+03	3.125160e+06	1.397000e+03	3.132980e+06	1.397000e+03	3.127873e+06	1.397000e+03	3.130848e+06	1.397000e+03	3.148076e+06	1.397000e+03	3.152029e+06	1.397000e+03	3.160653e+06	1.397000e+03	3.165251e+06	1.397000e+03	3.177055e+06	1.397000e+03	3.173284e+06	1.397000e+03	3.174917e+06	1.397000e+03	3.147287e+06	1.397000e+03	3.152350e+06	1.397000e+03	3.164992e+06	1.397000e+03	3.150997e+06	1.397000e+03	3.159267e+06	1.397000e+03	3.169776e+06	1.397000e+03	3.157091e+06	1.397000e+03	3.155169e+06	1.397000e+03	3.167919e+06	1.397000e+03	3.159925e+06	1.397000e+03	3.156095e+06	1.397000e+03	3.172366e+06	1.397000e+03	3.147916e+06	1.397000e+03	3.158384e+06	1.397000e+03	3.153195e+06	1.397000e+03	3.149294e+06	1.397000e+03	3.164395e+06	1.397000e+03	3.161860e+06	1.397000e+03	3.179452e+06	1.397000e+03	3.158761e+06	1.397000e+03	3.157964e+06	1.397000e+03	3.176186e+06	1.397000e+03	3.167252e+06	1.397000e+03	3.163263e+06	1.397000e+03	3.162423e+06	1.397000e+03	3.163397e+06	1.397000e+03	3.160892e+06	1.397000e+03	3.164198e+06	1.397000e+03	3.162545e+06	1.397000e+03	3.155377e+06	1.397000e+03	3.157768e+06	1.397000e+03	3.153613e+06	1.397000e+03	3.158728e+06	1.397000e+03	3.161539e+06	1.397000e+03	3.167117e+06	1.397000e+03	3.158086e+06	1.397000e+03	3.168011e+06	1.397000e+03	3.171517e+06	1.397000e+03	3.166193e+06	1.397000e+03	3.167047e+06	1.397000e+03	3.166682e+06	1.397000e+03	3.168274e+06	1.397000e+03	3.169696e+06	1.397000e+03	3.174292e+06	1.397000e+03	3.166395e+06	1.397000e+03	3.165919e+06	1.397000e+03	3.172546e+06	1.397000e+03	3.157019e+06	1.397000e+03	3.172754e+06	1.397000e+03	3.169440e+06	1.397000e+03	3.167824e+06	1.397000e+03	3.173513e+06	1.397000e+03	3.174103e+06	1.397000e+03	3.164680e+06	1.397000e+03	3.171692e+06	1.397000e+03	3.164951e+06	1.397000e+03	3.175759e+06	1.397000e+03	3.171243e+06	1.397000e+03	3.179953e+06	1.397000e+03	3.172581e+06	1.397000e+03	3.178301e+06	1.397000e+03	3.179715e+06	1.397000e+03	3.191367e+06	1.397000e+03	3.191138e+06	1.397000e+03	3.184846e+06	1.397000e+03	3.185392e+06	1.397000e+03	3.178612e+06	1.397000e+03	3.174272e+06	1.397000e+03	3.180515e+06	1.397000e+03	3.190452e+06	1.397000e+03	3.181290e+06	1.397000e+03	3.178305e+06	1.397000e+03	3.187691e+06	1.397000e+03	3.188814e+06	1.397000e+03	3.189110e+06	1.397000e+03	3.181076e+06	1.397000e+03	3.183299e+06	1.397000e+03	3.182194e+06	1.397000e+03	3.179809e+06	1.397000e+03	3.192262e+06	1.397000e+03	3.187410e+06	1.397000e+03	3.185676e+06	1.397000e+03	3.180886e+06	1.397000e+03	3.185347e+06	1.397000e+03	3.189591e+06	1.397000e+03	3.188442e+06	1.397000e+03	3.194523e+06	1.397000e+03	3.196248e+06	1.397000e+03	3.191369e+06	1.397000e+03	3.189116e+06	1.397000e+03	3.183662e+06	1.397000e+03	3.181914e+06	1.397000e+03	3.189355e+06	1.397000e+03	3.185240e+06	1.397000e+03	3.183831e+06	1.397000e+03	3.189846e+06	1.397000e+03	3.188023e+06	1.397000e+03	3.187983e+06	1.397000e+03	3.185499e+06	1.397000e+03	3.182866e+06	1.397000e+03	3.189084e+06	1.397000e+03	3.196188e+06	1.397000e+03	3.182417e+06	1.397000e+03	3.180299e+06	1.397000e+03	3.191695e+06	1.397000e+03	3.189695e+06	1.397000e+03	3.192217e+06	1.397000e+03	3.197282e+06	1.397000e+03	3.190267e+06	1.397000e+03	3.191760e+06	1.397000e+03	3.191243e+06	1.397000e+03	3.184139e+06	1.397000e+03	3.183261e+06	1.397000e+03	3.195243e+06	1.397000e+03	3.197670e+06	1.397000e+03	3.187799e+06	1.397000e+03	3.188447e+06	1.397000e+03	3.189611e+06	1.397000e+03	3.191993e+06	1.397000e+03	3.196750e+06	1.397000e+03	3.194848e+06	1.397000e+03	3.187141e+06	1.397000e+03	3.184815e+06	1.397000e+03	3.191641e+06	1.397000e+03	3.190828e+06	1.397000e+03	3.184425e+06	1.397000e+03	3.197289e+06	1.397000e+03	3.187372e+06	1.397000e+03	3.186390e+06	1.397000e+03	3.193129e+06	1.397000e+03	3.191267e+06	1.397000e+03	3.181797e+06	1.397000e+03	3.180284e+06	1.397000e+03	3.190572e+06	1.397000e+03	3.188425e+06	1.397000e+03	3.190158e+06	1.397000e+03	3.187800e+06	1.397000e+03	3.208033e+06	1.397000e+03	3.187408e+06	1.397000e+03	3.191093e+06	1.397000e+03	3.191018e+06	1.397000e+03	3.182518e+06	1.397000e+03	3.180572e+06	1.397000e+03	3.192318e+06	1.397000e+03	3.187665e+06	1.397000e+03	3.184095e+06	1.397000e+03	3.182092e+06	1.397000e+03	3.191028e+06	1.397000e+03	3.198060e+06	1.397000e+03	3.197477e+06	1.397000e+03	3.188835e+06	1.397000e+03	3.183654e+06	1.397000e+03	3.193586e+06	1.397000e+03	3.197042e+06	1.397000e+03	3.199229e+06	1.397000e+03	3.189916e+06	1.397000e+03	3.199726e+06	1.397000e+03	3.196354e+06	1.397000e+03	3.190588e+06	1.397000e+03	3.202121e+06	1.397000e+03	3.204937e+06	1.397000e+03	3.201167e+06	1.397000e+03	3.190704e+06	1.397000e+03	3.207899e+06	1.397000e+03	3.196104e+06	1.397000e+03	3.198167e+06	1.397000e+03	3.194699e+06	1.397000e+03	3.205973e+06	1.397000e+03	3.199555e+06	1.397000e+03	3.201678e+06	1.397000e+03	3.200546e+06	1.397000e+03	3.207730e+06	1.397000e+03	3.201002e+06	1.397000e+03	3.216759e+06	1.397000e+03	3.206194e+06	1.397000e+03	3.197175e+06	1.397000e+03	3.207146e+06	1.397000e+03	3.211696e+06	1.397000e+03	3.206541e+06	1.397000e+03	3.195740e+06	1.397000e+03	3.215048e+06	1.397000e+03	3.207047e+06	1.397000e+03	3.203208e+06	1.397000e+03	3.204882e+06	1.397000e+03	3.209296e+06	1.397000e+03	3.209563e+06	1.397000e+03	3.210971e+06	1.397000e+03	3.206226e+06	1.397000e+03	3.209974e+06	1.397000e+03	3.210323e+06	1.397000e+03	3.209481e+06	1.397000e+03	3.203412e+06	1.397000e+03	3.210463e+06	1.397000e+03	3.212161e+06
1.398000e+03	3.118666e+06	1.398000e+03	3.139683e+06	1.398000e+03	3.121313e+06	1.398000e+03	3.126531e+06	1.398000e+03	3.142962e+06	1.398000e+03	3.131991e+06	1.398000e+03	3.135016e+06	1.398000e+03	3.148902e+06	1.398000e+03	3.153570e+06	1.398000e+03	3.162855e+06	1.398000e+03	3.165778e+06	1.398000e+03	3.174043e+06	1.398000e+03	3.171934e+06	1.398000e+03	3.173719e+06	1.398000e+03	3.144817e+06	1.398000e+03	3.154996e+06	1.398000e+03	3.165359e+06	1.398000e+03	3.152503e+06	1.398000e+03	3.162867e+06	1.398000e+03	3.165676e+06	1.398000e+03	3.152227e+06	1.398000e+03	3.163622e+06	1.398000e+03	3.169281e+06	1.398000e+03	3.161271e+06	1.398000e+03	3.157522e+06	1.398000e+03	3.170608e+06	1.398000e+03	3.152310e+06	1.398000e+03	3.160662e+06	1.398000e+03	3.155318e+06	1.398000e+03	3.155271e+06	1.398000e+03	3.167921e+06	1.398000e+03	3.165259e+06	1.398000e+03	3.176174e+06	1.398000e+03	3.163775e+06	1.398000e+03	3.159995e+06	1.398000e+03	3.174055e+06	1.398000e+03	3.166348e+06	1.398000e+03	3.164922e+06	1.398000e+03	3.162976e+06	1.398000e+03	3.163534e+06	1.398000e+03	3.164900e+06	1.398000e+03	3.161205e+06	1.398000e+03	3.163473e+06	1.398000e+03	3.159091e+06	1.398000e+03	3.157367e+06	1.398000e+03	3.157366e+06	1.398000e+03	3.155242e+06	1.398000e+03	3.161965e+06	1.398000e+03	3.160397e+06	1.398000e+03	3.155163e+06	1.398000e+03	3.170836e+06	1.398000e+03	3.171083e+06	1.398000e+03	3.171761e+06	1.398000e+03	3.172164e+06	1.398000e+03	3.169113e+06	1.398000e+03	3.172013e+06	1.398000e+03	3.175848e+06	1.398000e+03	3.176326e+06	1.398000e+03	3.166026e+06	1.398000e+03	3.162350e+06	1.398000e+03	3.174784e+06	1.398000e+03	3.155543e+06	1.398000e+03	3.170397e+06	1.398000e+03	3.174346e+06	1.398000e+03	3.173775e+06	1.398000e+03	3.171533e+06	1.398000e+03	3.167928e+06	1.398000e+03	3.167657e+06	1.398000e+03	3.167468e+06	1.398000e+03	3.167597e+06	1.398000e+03	3.170552e+06	1.398000e+03	3.170988e+06	1.398000e+03	3.172253e+06	1.398000e+03	3.170264e+06	1.398000e+03	3.178624e+06	1.398000e+03	3.181073e+06	1.398000e+03	3.188923e+06	1.398000e+03	3.187193e+06	1.398000e+03	3.184418e+06	1.398000e+03	3.188124e+06	1.398000e+03	3.181699e+06	1.398000e+03	3.174061e+06	1.398000e+03	3.190938e+06	1.398000e+03	3.185122e+06	1.398000e+03	3.174785e+06	1.398000e+03	3.183111e+06	1.398000e+03	3.185132e+06	1.398000e+03	3.183074e+06	1.398000e+03	3.191196e+06	1.398000e+03	3.181657e+06	1.398000e+03	3.179765e+06	1.398000e+03	3.182088e+06	1.398000e+03	3.182225e+06	1.398000e+03	3.193830e+06	1.398000e+03	3.191846e+06	1.398000e+03	3.184234e+06	1.398000e+03	3.179791e+06	1.398000e+03	3.182998e+06	1.398000e+03	3.192584e+06	1.398000e+03	3.192034e+06	1.398000e+03	3.198693e+06	1.398000e+03	3.193091e+06	1.398000e+03	3.191622e+06	1.398000e+03	3.189830e+06	1.398000e+03	3.186553e+06	1.398000e+03	3.184528e+06	1.398000e+03	3.187022e+06	1.398000e+03	3.183602e+06	1.398000e+03	3.184530e+06	1.398000e+03	3.185614e+06	1.398000e+03	3.192069e+06	1.398000e+03	3.185413e+06	1.398000e+03	3.182876e+06	1.398000e+03	3.187081e+06	1.398000e+03	3.190192e+06	1.398000e+03	3.194450e+06	1.398000e+03	3.182912e+06	1.398000e+03	3.182986e+06	1.398000e+03	3.189917e+06	1.398000e+03	3.190978e+06	1.398000e+03	3.190288e+06	1.398000e+03	3.198387e+06	1.398000e+03	3.192362e+06	1.398000e+03	3.192765e+06	1.398000e+03	3.191347e+06	1.398000e+03	3.185938e+06	1.398000e+03	3.189629e+06	1.398000e+03	3.196776e+06	1.398000e+03	3.192374e+06	1.398000e+03	3.192660e+06	1.398000e+03	3.191329e+06	1.398000e+03	3.191032e+06	1.398000e+03	3.189137e+06	1.398000e+03	3.199710e+06	1.398000e+03	3.189655e+06	1.398000e+03	3.185637e+06	1.398000e+03	3.189406e+06	1.398000e+03	3.190084e+06	1.398000e+03	3.191279e+06	1.398000e+03	3.189631e+06	1.398000e+03	3.194694e+06	1.398000e+03	3.186448e+06	1.398000e+03	3.188323e+06	1.398000e+03	3.197689e+06	1.398000e+03	3.186370e+06	1.398000e+03	3.180229e+06	1.398000e+03	3.179491e+06	1.398000e+03	3.191091e+06	1.398000e+03	3.190617e+06	1.398000e+03	3.191490e+06	1.398000e+03	3.189328e+06	1.398000e+03	3.209438e+06	1.398000e+03	3.182168e+06	1.398000e+03	3.193549e+06	1.398000e+03	3.189250e+06	1.398000e+03	3.182078e+06	1.398000e+03	3.184066e+06	1.398000e+03	3.191476e+06	1.398000e+03	3.184126e+06	1.398000e+03	3.186802e+06	1.398000e+03	3.182040e+06	1.398000e+03	3.188557e+06	1.398000e+03	3.198256e+06	1.398000e+03	3.193954e+06	1.398000e+03	3.190517e+06	1.398000e+03	3.186039e+06	1.398000e+03	3.191479e+06	1.398000e+03	3.197094e+06	1.398000e+03	3.202715e+06	1.398000e+03	3.191505e+06	1.398000e+03	3.195136e+06	1.398000e+03	3.198154e+06	1.398000e+03	3.187541e+06	1.398000e+03	3.201085e+06	1.398000e+03	3.196236e+06	1.398000e+03	3.201173e+06	1.398000e+03	3.195902e+06	1.398000e+03	3.204612e+06	1.398000e+03	3.191409e+06	1.398000e+03	3.200745e+06	1.398000e+03	3.195103e+06	1.398000e+03	3.204038e+06	1.398000e+03	3.201832e+06	1.398000e+03	3.207105e+06	1.398000e+03	3.202432e+06	1.398000e+03	3.208560e+06	1.398000e+03	3.202174e+06	1.398000e+03	3.217976e+06	1.398000e+03	3.205884e+06	1.398000e+03	3.193531e+06	1.398000e+03	3.210665e+06	1.398000e+03	3.208832e+06	1.398000e+03	3.203003e+06	1.398000e+03	3.197923e+06	1.398000e+03	3.217655e+06	1.398000e+03	3.208066e+06	1.398000e+03	3.203802e+06	1.398000e+03	3.206142e+06	1.398000e+03	3.211006e+06	1.398000e+03	3.207295e+06	1.398000e+03	3.209958e+06	1.398000e+03	3.201305e+06	1.398000e+03	3.209276e+06	1.398000e+03	3.215305e+06	1.398000e+03	3.207018e+06	1.398000e+03	3.202181e+06	1.398000e+03	3.214029e+06	1.398000e+03	3.209274e+06
1.399000e+03	3.122864e+06	1.399000e+03	3.135974e+06	1.399000e+03	3.119648e+06	1.399000e+03	3.122542e+06	1.399000e+03	3.138832e+06	1.399000e+03	3.132847e+06	1.399000e+03	3.132094e+06	1.399000e+03	3.151833e+06	1.399000e+03	3.153155e+06	1.399000e+03	3.160022e+06	1.399000e+03	3.169747e+06	1.399000e+03	3.178401e+06	1.399000e+03	3.176263e+06	1.399000e+03	3.174941e+06	1.399000e+03	3.145574e+06	1.399000e+03	3.156583e+06	1.399000e+03	3.168027e+06	1.399000e+03	3.153963e+06	1.399000e+03	3.162602e+06	1.399000e+03	3.169713e+06	1.399000e+03	3.150431e+06	1.399000e+03	3.166636e+06	1.399000e+03	3.170507e+06	1.399000e+03	3.161510e+06	1.399000e+03	3.160482e+06	1.399000e+03	3.172567e+06	1.399000e+03	3.153803e+06	1.399000e+03	3.157961e+06	1.399000e+03	3.146754e+06	1.399000e+03	3.156857e+06	1.399000e+03	3.176011e+06	1.399000e+03	3.165974e+06	1.399000e+03	3.176211e+06	1.399000e+03	3.164329e+06	1.399000e+03	3.160806e+06	1.399000e+03	3.174108e+06	1.399000e+03	3.163956e+06	1.399000e+03	3.164803e+06	1.399000e+03	3.165463e+06	1.399000e+03	3.163154e+06	1.399000e+03	3.165839e+06	1.399000e+03	3.162581e+06	1.399000e+03	3.159951e+06	1.399000e+03	3.157762e+06	1.399000e+03	3.154865e+06	1.399000e+03	3.152078e+06	1.399000e+03	3.154416e+06	1.399000e+03	3.163390e+06	1.399000e+03	3.163227e+06	1.399000e+03	3.160955e+06	1.399000e+03	3.166736e+06	1.399000e+03	3.170303e+06	1.399000e+03	3.169660e+06	1.399000e+03	3.168927e+06	1.399000e+03	3.166504e+06	1.399000e+03	3.166883e+06	1.399000e+03	3.172513e+06	1.399000e+03	3.172283e+06	1.399000e+03	3.167616e+06	1.399000e+03	3.160449e+06	1.399000e+03	3.172262e+06	1.399000e+03	3.156450e+06	1.399000e+03	3.174583e+06	1.399000e+03	3.165483e+06	1.399000e+03	3.172892e+06	1.399000e+03	3.169563e+06	1.399000e+03	3.181688e+06	1.399000e+03	3.168327e+06	1.399000e+03	3.166400e+06	1.399000e+03	3.166583e+06	1.399000e+03	3.173549e+06	1.399000e+03	3.173500e+06	1.399000e+03	3.176559e+06	1.399000e+03	3.172552e+06	1.399000e+03	3.178628e+06	1.399000e+03	3.173992e+06	1.399000e+03	3.190648e+06	1.399000e+03	3.188008e+06	1.399000e+03	3.189731e+06	1.399000e+03	3.180648e+06	1.399000e+03	3.185417e+06	1.399000e+03	3.173352e+06	1.399000e+03	3.186901e+06	1.399000e+03	3.183046e+06	1.399000e+03	3.175506e+06	1.399000e+03	3.184873e+06	1.399000e+03	3.187241e+06	1.399000e+03	3.184709e+06	1.399000e+03	3.184764e+06	1.399000e+03	3.180916e+06	1.399000e+03	3.182962e+06	1.399000e+03	3.184231e+06	1.399000e+03	3.178153e+06	1.399000e+03	3.191367e+06	1.399000e+03	3.191238e+06	1.399000e+03	3.182657e+06	1.399000e+03	3.183074e+06	1.399000e+03	3.182613e+06	1.399000e+03	3.191010e+06	1.399000e+03	3.193814e+06	1.399000e+03	3.194059e+06	1.399000e+03	3.188963e+06	1.399000e+03	3.191083e+06	1.399000e+03	3.194322e+06	1.399000e+03	3.187861e+06	1.399000e+03	3.189692e+06	1.399000e+03	3.187765e+06	1.399000e+03	3.185271e+06	1.399000e+03	3.182324e+06	1.399000e+03	3.187577e+06	1.399000e+03	3.193940e+06	1.399000e+03	3.184484e+06	1.399000e+03	3.186453e+06	1.399000e+03	3.188303e+06	1.399000e+03	3.196693e+06	1.399000e+03	3.193852e+06	1.399000e+03	3.184008e+06	1.399000e+03	3.187265e+06	1.399000e+03	3.192502e+06	1.399000e+03	3.189875e+06	1.399000e+03	3.190659e+06	1.399000e+03	3.197279e+06	1.399000e+03	3.188306e+06	1.399000e+03	3.199865e+06	1.399000e+03	3.188705e+06	1.399000e+03	3.182673e+06	1.399000e+03	3.189842e+06	1.399000e+03	3.195998e+06	1.399000e+03	3.193839e+06	1.399000e+03	3.188148e+06	1.399000e+03	3.190204e+06	1.399000e+03	3.190299e+06	1.399000e+03	3.189039e+06	1.399000e+03	3.201235e+06	1.399000e+03	3.191813e+06	1.399000e+03	3.185027e+06	1.399000e+03	3.188577e+06	1.399000e+03	3.192443e+06	1.399000e+03	3.183335e+06	1.399000e+03	3.191185e+06	1.399000e+03	3.197012e+06	1.399000e+03	3.186172e+06	1.399000e+03	3.192293e+06	1.399000e+03	3.196991e+06	1.399000e+03	3.187459e+06	1.399000e+03	3.180729e+06	1.399000e+03	3.180589e+06	1.399000e+03	3.187032e+06	1.399000e+03	3.192597e+06	1.399000e+03	3.187632e+06	1.399000e+03	3.190444e+06	1.399000e+03	3.201219e+06	1.399000e+03	3.184851e+06	1.399000e+03	3.193755e+06	1.399000e+03	3.189099e+06	1.399000e+03	3.180565e+06	1.399000e+03	3.188786e+06	1.399000e+03	3.190115e+06	1.399000e+03	3.182158e+06	1.399000e+03	3.185422e+06	1.399000e+03	3.180220e+06	1.399000e+03	3.190845e+06	1.399000e+03	3.195588e+06	1.399000e+03	3.192658e+06	1.399000e+03	3.191308e+06	1.399000e+03	3.185388e+06	1.399000e+03	3.193270e+06	1.399000e+03	3.196773e+06	1.399000e+03	3.203790e+06	1.399000e+03	3.192119e+06	1.399000e+03	3.199552e+06	1.399000e+03	3.196094e+06	1.399000e+03	3.192626e+06	1.399000e+03	3.199871e+06	1.399000e+03	3.192299e+06	1.399000e+03	3.199248e+06	1.399000e+03	3.196616e+06	1.399000e+03	3.204450e+06	1.399000e+03	3.196882e+06	1.399000e+03	3.201415e+06	1.399000e+03	3.193174e+06	1.399000e+03	3.207999e+06	1.399000e+03	3.201239e+06	1.399000e+03	3.206373e+06	1.399000e+03	3.207352e+06	1.399000e+03	3.208238e+06	1.399000e+03	3.198774e+06	1.399000e+03	3.213488e+06	1.399000e+03	3.204423e+06	1.399000e+03	3.194773e+06	1.399000e+03	3.207892e+06	1.399000e+03	3.215203e+06	1.399000e+03	3.204454e+06	1.399000e+03	3.197994e+06	1.399000e+03	3.219312e+06	1.399000e+03	3.210008e+06	1.399000e+03	3.201207e+06	1.399000e+03	3.206383e+06	1.399000e+03	3.210911e+06	1.399000e+03	3.208612e+06	1.399000e+03	3.209229e+06	1.399000e+03	3.203672e+06	1.399000e+03	3.217517e+06	1.399000e+03	3.216762e+06	1.399000e+03	3.211516e+06	1.399000e+03	3.203394e+06	1.399000e+03	3.217015e+06	1.399000e+03	3.212245e+06
1.400000e+03	3.120258e+06	1.400000e+03	3.130930e+06	1.400000e+03	3.120479e+06	1.400000e+03	3.122388e+06	1.400000e+03	3.146823e+06	1.400000e+03	3.133840e+06	1.400000e+03	3.127167e+06	1.400000e+03	3.148465e+06	1.400000e+03	3.149679e+06	1.400000e+03	3.160512e+06	1.400000e+03	3.173588e+06	1.400000e+03	3.175754e+06	1.400000e+03	3.172598e+06	1.400000e+03	3.173297e+06	1.400000e+03	3.144563e+06	1.400000e+03	3.157474e+06	1.400000e+03	3.170855e+06	1.400000e+03	3.153227e+06	1.400000e+03	3.157539e+06	1.400000e+03	3.169493e+06	1.400000e+03	3.153465e+06	1.400000e+03	3.162329e+06	1.400000e+03	3.170339e+06	1.400000e+03	3.163268e+06	1.400000e+03	3.162345e+06	1.400000e+03	3.168138e+06	1.400000e+03	3.154537e+06	1.400000e+03	3.157231e+06	1.400000e+03	3.149669e+06	1.400000e+03	3.152287e+06	1.400000e+03	3.174272e+06	1.400000e+03	3.165265e+06	1.400000e+03	3.174930e+06	1.400000e+03	3.165385e+06	1.400000e+03	3.158379e+06	1.400000e+03	3.172479e+06	1.400000e+03	3.168867e+06	1.400000e+03	3.167524e+06	1.400000e+03	3.163471e+06	1.400000e+03	3.164499e+06	1.400000e+03	3.165894e+06	1.400000e+03	3.160921e+06	1.400000e+03	3.164042e+06	1.400000e+03	3.158265e+06	1.400000e+03	3.153432e+06	1.400000e+03	3.150356e+06	1.400000e+03	3.154418e+06	1.400000e+03	3.165096e+06	1.400000e+03	3.163054e+06	1.400000e+03	3.161181e+06	1.400000e+03	3.166049e+06	1.400000e+03	3.169010e+06	1.400000e+03	3.165608e+06	1.400000e+03	3.170144e+06	1.400000e+03	3.166963e+06	1.400000e+03	3.170960e+06	1.400000e+03	3.173644e+06	1.400000e+03	3.173463e+06	1.400000e+03	3.172177e+06	1.400000e+03	3.163226e+06	1.400000e+03	3.174637e+06	1.400000e+03	3.160069e+06	1.400000e+03	3.178547e+06	1.400000e+03	3.166913e+06	1.400000e+03	3.174452e+06	1.400000e+03	3.171749e+06	1.400000e+03	3.169582e+06	1.400000e+03	3.166786e+06	1.400000e+03	3.164002e+06	1.400000e+03	3.164284e+06	1.400000e+03	3.172517e+06	1.400000e+03	3.176792e+06	1.400000e+03	3.178725e+06	1.400000e+03	3.174910e+06	1.400000e+03	3.176561e+06	1.400000e+03	3.179161e+06	1.400000e+03	3.187146e+06	1.400000e+03	3.189457e+06	1.400000e+03	3.188604e+06	1.400000e+03	3.183265e+06	1.400000e+03	3.185411e+06	1.400000e+03	3.171269e+06	1.400000e+03	3.187362e+06	1.400000e+03	3.180056e+06	1.400000e+03	3.177101e+06	1.400000e+03	3.180781e+06	1.400000e+03	3.185029e+06	1.400000e+03	3.186020e+06	1.400000e+03	3.186671e+06	1.400000e+03	3.182499e+06	1.400000e+03	3.178109e+06	1.400000e+03	3.186350e+06	1.400000e+03	3.177811e+06	1.400000e+03	3.184714e+06	1.400000e+03	3.185207e+06	1.400000e+03	3.182402e+06	1.400000e+03	3.179014e+06	1.400000e+03	3.181510e+06	1.400000e+03	3.191373e+06	1.400000e+03	3.191948e+06	1.400000e+03	3.194457e+06	1.400000e+03	3.187782e+06	1.400000e+03	3.192669e+06	1.400000e+03	3.197450e+06	1.400000e+03	3.186837e+06	1.400000e+03	3.188528e+06	1.400000e+03	3.187249e+06	1.400000e+03	3.185367e+06	1.400000e+03	3.183424e+06	1.400000e+03	3.187617e+06	1.400000e+03	3.194173e+06	1.400000e+03	3.185745e+06	1.400000e+03	3.183845e+06	1.400000e+03	3.184025e+06	1.400000e+03	3.194028e+06	1.400000e+03	3.194352e+06	1.400000e+03	3.185539e+06	1.400000e+03	3.187115e+06	1.400000e+03	3.190135e+06	1.400000e+03	3.193370e+06	1.400000e+03	3.191319e+06	1.400000e+03	3.198145e+06	1.400000e+03	3.187146e+06	1.400000e+03	3.204965e+06	1.400000e+03	3.185779e+06	1.400000e+03	3.184075e+06	1.400000e+03	3.188925e+06	1.400000e+03	3.196518e+06	1.400000e+03	3.191917e+06	1.400000e+03	3.187067e+06	1.400000e+03	3.190811e+06	1.400000e+03	3.191265e+06	1.400000e+03	3.188422e+06	1.400000e+03	3.195830e+06	1.400000e+03	3.187644e+06	1.400000e+03	3.185773e+06	1.400000e+03	3.183610e+06	1.400000e+03	3.191219e+06	1.400000e+03	3.186108e+06	1.400000e+03	3.190245e+06	1.400000e+03	3.195710e+06	1.400000e+03	3.191215e+06	1.400000e+03	3.191335e+06	1.400000e+03	3.193221e+06	1.400000e+03	3.185793e+06	1.400000e+03	3.179241e+06	1.400000e+03	3.178380e+06	1.400000e+03	3.181382e+06	1.400000e+03	3.192231e+06	1.400000e+03	3.187829e+06	1.400000e+03	3.188664e+06	1.400000e+03	3.201619e+06	1.400000e+03	3.185430e+06	1.400000e+03	3.194167e+06	1.400000e+03	3.190059e+06	1.400000e+03	3.177731e+06	1.400000e+03	3.184830e+06	1.400000e+03	3.194786e+06	1.400000e+03	3.181082e+06	1.400000e+03	3.184574e+06	1.400000e+03	3.183181e+06	1.400000e+03	3.193063e+06	1.400000e+03	3.195514e+06	1.400000e+03	3.189944e+06	1.400000e+03	3.189337e+06	1.400000e+03	3.182728e+06	1.400000e+03	3.194558e+06	1.400000e+03	3.197667e+06	1.400000e+03	3.200226e+06	1.400000e+03	3.193482e+06	1.400000e+03	3.197808e+06	1.400000e+03	3.196343e+06	1.400000e+03	3.191602e+06	1.400000e+03	3.198988e+06	1.400000e+03	3.202451e+06	1.400000e+03	3.205391e+06	1.400000e+03	3.194140e+06	1.400000e+03	3.206377e+06	1.400000e+03	3.192646e+06	1.400000e+03	3.198514e+06	1.400000e+03	3.192466e+06	1.400000e+03	3.208355e+06	1.400000e+03	3.197032e+06	1.400000e+03	3.205210e+06	1.400000e+03	3.206991e+06	1.400000e+03	3.207953e+06	1.400000e+03	3.197882e+06	1.400000e+03	3.210488e+06	1.400000e+03	3.205274e+06	1.400000e+03	3.195729e+06	1.400000e+03	3.209392e+06	1.400000e+03	3.215636e+06	1.400000e+03	3.204967e+06	1.400000e+03	3.198286e+06	1.400000e+03	3.210986e+06	1.400000e+03	3.206299e+06	1.400000e+03	3.204746e+06	1.400000e+03	3.205803e+06	1.400000e+03	3.212338e+06	1.400000e+03	3.204164e+06	1.400000e+03	3.211555e+06	1.400000e+03	3.206305e+06	1.400000e+03	3.219236e+06	1.400000e+03	3.209693e+06	1.400000e+03	3.209669e+06	1.400000e+03	3.203502e+06	1.400000e+03	3.216477e+06	1.400000e+03	3.209195e+06
